id,year,table_type,item,value_raw,source_file,extracted_at
1,2014,balance_sheet,자 산,"["""", """", """", """", """"]",/Users/june_kim/samsung_audit_nlp/data/raw/감사보고서_2014.htm,2026-03-31T07:17:31.789725+00:00
2,2014,balance_sheet,Ⅰ. 유 동 자 산,"["""", """", ""62,054,773"", """", ""60,603,694""]",/Users/june_kim/samsung_audit_nlp/data/raw/감사보고서_2014.htm,2026-03-31T07:17:31.789725+00:00
3,2014,balance_sheet,1. 현금및현금성자산,"[""4, 6, 7"", ""1,643,318"", """", ""2,030,307"", """"]",/Users/june_kim/samsung_audit_nlp/data/raw/감사보고서_2014.htm,2026-03-31T07:17:31.789725+00:00
4,2014,balance_sheet,2. 단기금융상품,"[""5, 6, 7"", ""26,454,093"", """", ""27,463,345"", """"]",/Users/june_kim/samsung_audit_nlp/data/raw/감사보고서_2014.htm,2026-03-31T07:17:31.789725+00:00
5,2014,balance_sheet,3. 단기매도가능금융자산,"[""6, 9"", ""2,137,533"", """", ""1,488,527"", """"]",/Users/june_kim/samsung_audit_nlp/data/raw/감사보고서_2014.htm,2026-03-31T07:17:31.789725+00:00
6,2014,balance_sheet,4. 매출채권,"[""6, 7, 10"", ""18,940,786"", """", ""17,748,978"", """"]",/Users/june_kim/samsung_audit_nlp/data/raw/감사보고서_2014.htm,2026-03-31T07:17:31.789725+00:00
7,2014,balance_sheet,5. 미수금,"[""10"", ""3,218,973"", """", ""2,734,572"", """"]",/Users/june_kim/samsung_audit_nlp/data/raw/감사보고서_2014.htm,2026-03-31T07:17:31.789725+00:00
8,2014,balance_sheet,6. 선급금,"["""", ""977,114"", """", ""1,007,685"", """"]",/Users/june_kim/samsung_audit_nlp/data/raw/감사보고서_2014.htm,2026-03-31T07:17:31.789725+00:00
9,2014,balance_sheet,7. 선급비용,"["""", ""1,846,360"", """", ""1,373,140"", """"]",/Users/june_kim/samsung_audit_nlp/data/raw/감사보고서_2014.htm,2026-03-31T07:17:31.789725+00:00
10,2014,balance_sheet,8. 재고자산,"[""11"", ""5,553,834"", """", ""5,880,463"", """"]",/Users/june_kim/samsung_audit_nlp/data/raw/감사보고서_2014.htm,2026-03-31T07:17:31.789725+00:00
11,2014,balance_sheet,9. 기타유동자산,"["""", ""821,079"", """", ""876,677"", """"]",/Users/june_kim/samsung_audit_nlp/data/raw/감사보고서_2014.htm,2026-03-31T07:17:31.789725+00:00
12,2014,balance_sheet,10. 매각예정분류자산,"[""12, 34"", ""461,683"", """", ""-"", """"]",/Users/june_kim/samsung_audit_nlp/data/raw/감사보고서_2014.htm,2026-03-31T07:17:31.789725+00:00
13,2014,balance_sheet,Ⅱ. 비 유 동 자 산,"["""", """", ""102,005,810"", """", ""94,222,263""]",/Users/june_kim/samsung_audit_nlp/data/raw/감사보고서_2014.htm,2026-03-31T07:17:31.789725+00:00
14,2014,balance_sheet,1. 장기매도가능금융자산,"[""6, 9"", ""7,106,234"", """", ""3,956,952"", """"]",/Users/june_kim/samsung_audit_nlp/data/raw/감사보고서_2014.htm,2026-03-31T07:17:31.789725+00:00
15,2014,balance_sheet,"2. 종속기업, 관계기업 및 공동기업 투자","[""12"", ""41,857,431"", """", ""42,258,049"", """"]",/Users/june_kim/samsung_audit_nlp/data/raw/감사보고서_2014.htm,2026-03-31T07:17:31.789725+00:00
16,2014,balance_sheet,3. 유형자산,"[""13"", ""43,744,259"", """", ""41,439,372"", """"]",/Users/june_kim/samsung_audit_nlp/data/raw/감사보고서_2014.htm,2026-03-31T07:17:31.789725+00:00
17,2014,balance_sheet,4. 무형자산,"[""14"", ""3,051,564"", """", ""2,495,302"", """"]",/Users/june_kim/samsung_audit_nlp/data/raw/감사보고서_2014.htm,2026-03-31T07:17:31.789725+00:00
18,2014,balance_sheet,5. 장기선급비용,"["""", ""4,415,935"", """", ""2,951,813"", """"]",/Users/june_kim/samsung_audit_nlp/data/raw/감사보고서_2014.htm,2026-03-31T07:17:31.789725+00:00
19,2014,balance_sheet,6. 순확정급여자산,"[""17"", ""135,951"", """", ""-"", """"]",/Users/june_kim/samsung_audit_nlp/data/raw/감사보고서_2014.htm,2026-03-31T07:17:31.789725+00:00
20,2014,balance_sheet,7. 기타비유동자산,"["""", ""1,694,436"", """", ""1,120,775"", """"]",/Users/june_kim/samsung_audit_nlp/data/raw/감사보고서_2014.htm,2026-03-31T07:17:31.789725+00:00
21,2014,balance_sheet,자 산 총 계,"["""", """", ""164,060,583"", """", ""154,825,957""]",/Users/june_kim/samsung_audit_nlp/data/raw/감사보고서_2014.htm,2026-03-31T07:17:31.789725+00:00
22,2014,balance_sheet,부 채,"["""", """", """", """", """"]",/Users/june_kim/samsung_audit_nlp/data/raw/감사보고서_2014.htm,2026-03-31T07:17:31.789725+00:00
23,2014,balance_sheet,Ⅰ. 유 동 부 채,"["""", """", ""28,208,638"", """", ""27,597,944""]",/Users/june_kim/samsung_audit_nlp/data/raw/감사보고서_2014.htm,2026-03-31T07:17:31.789725+00:00
24,2014,balance_sheet,1. 매입채무,"[""6"", ""4,677,527"", """", ""5,742,116"", """"]",/Users/june_kim/samsung_audit_nlp/data/raw/감사보고서_2014.htm,2026-03-31T07:17:31.789725+00:00
25,2014,balance_sheet,2. 단기차입금,"[""6, 8, 15"", ""2,928,182"", """", ""2,811,565"", """"]",/Users/june_kim/samsung_audit_nlp/data/raw/감사보고서_2014.htm,2026-03-31T07:17:31.789725+00:00
26,2014,balance_sheet,3. 미지급금,"[""6"", ""6,460,166"", """", ""5,404,573"", """"]",/Users/june_kim/samsung_audit_nlp/data/raw/감사보고서_2014.htm,2026-03-31T07:17:31.789725+00:00
27,2014,balance_sheet,4. 선수금,"["""", ""139,803"", """", ""141,582"", """"]",/Users/june_kim/samsung_audit_nlp/data/raw/감사보고서_2014.htm,2026-03-31T07:17:31.789725+00:00
28,2014,balance_sheet,5. 예수금,"["""", ""596,164"", """", ""514,235"", """"]",/Users/june_kim/samsung_audit_nlp/data/raw/감사보고서_2014.htm,2026-03-31T07:17:31.789725+00:00
29,2014,balance_sheet,6. 미지급비용,"["""", ""7,413,148"", """", ""5,952,745"", """"]",/Users/june_kim/samsung_audit_nlp/data/raw/감사보고서_2014.htm,2026-03-31T07:17:31.789725+00:00
30,2014,balance_sheet,7. 미지급법인세,"["""", ""1,707,176"", """", ""2,207,118"", """"]",/Users/june_kim/samsung_audit_nlp/data/raw/감사보고서_2014.htm,2026-03-31T07:17:31.789725+00:00
31,2014,balance_sheet,8. 유동성사채,"[""6, 16"", ""5,304"", """", ""5,083"", """"]",/Users/june_kim/samsung_audit_nlp/data/raw/감사보고서_2014.htm,2026-03-31T07:17:31.789725+00:00
32,2014,balance_sheet,9. 충당부채,"[""18"", ""4,246,054"", """", ""4,805,193"", """"]",/Users/june_kim/samsung_audit_nlp/data/raw/감사보고서_2014.htm,2026-03-31T07:17:31.789725+00:00
33,2014,balance_sheet,10. 기타유동부채,"["""", ""14,855"", """", ""13,734"", """"]",/Users/june_kim/samsung_audit_nlp/data/raw/감사보고서_2014.htm,2026-03-31T07:17:31.789725+00:00
34,2014,balance_sheet,11. 매각예정분류부채,"[""34"", ""20,259"", """", ""-"", """"]",/Users/june_kim/samsung_audit_nlp/data/raw/감사보고서_2014.htm,2026-03-31T07:17:31.789725+00:00
35,2014,balance_sheet,Ⅱ. 비 유 동 부 채,"["""", """", ""3,174,870"", """", ""4,857,246""]",/Users/june_kim/samsung_audit_nlp/data/raw/감사보고서_2014.htm,2026-03-31T07:17:31.789725+00:00
36,2014,balance_sheet,1. 사채,"[""6, 16"", ""63,648"", """", ""66,079"", """"]",/Users/june_kim/samsung_audit_nlp/data/raw/감사보고서_2014.htm,2026-03-31T07:17:31.789725+00:00
37,2014,balance_sheet,2. 장기미지급금,"[""6"", ""2,305,055"", """", ""769,002"", """"]",/Users/june_kim/samsung_audit_nlp/data/raw/감사보고서_2014.htm,2026-03-31T07:17:31.789725+00:00
38,2014,balance_sheet,3. 순확정급여부채,"[""17"", ""-"", """", ""1,500,222"", """"]",/Users/june_kim/samsung_audit_nlp/data/raw/감사보고서_2014.htm,2026-03-31T07:17:31.789725+00:00
39,2014,balance_sheet,4. 이연법인세부채,"[""29"", ""364,366"", """", ""1,954,171"", """"]",/Users/june_kim/samsung_audit_nlp/data/raw/감사보고서_2014.htm,2026-03-31T07:17:31.789725+00:00
40,2014,balance_sheet,5. 장기충당부채,"[""18"", ""437,974"", """", ""415,718"", """"]",/Users/june_kim/samsung_audit_nlp/data/raw/감사보고서_2014.htm,2026-03-31T07:17:31.789725+00:00
41,2014,balance_sheet,6. 기타비유동부채,"["""", ""3,827"", """", ""152,054"", """"]",/Users/june_kim/samsung_audit_nlp/data/raw/감사보고서_2014.htm,2026-03-31T07:17:31.789725+00:00
42,2014,balance_sheet,부 채 총 계,"["""", """", ""31,383,508"", """", ""32,455,190""]",/Users/june_kim/samsung_audit_nlp/data/raw/감사보고서_2014.htm,2026-03-31T07:17:31.789725+00:00
43,2014,balance_sheet,자 본,"["""", """", """", """", """"]",/Users/june_kim/samsung_audit_nlp/data/raw/감사보고서_2014.htm,2026-03-31T07:17:31.789725+00:00
44,2014,balance_sheet,Ⅰ. 자본금,"[""20"", """", ""897,514"", """", ""897,514""]",/Users/june_kim/samsung_audit_nlp/data/raw/감사보고서_2014.htm,2026-03-31T07:17:31.789725+00:00
45,2014,balance_sheet,1. 우선주자본금,"["""", ""119,467"", """", ""119,467"", """"]",/Users/june_kim/samsung_audit_nlp/data/raw/감사보고서_2014.htm,2026-03-31T07:17:31.789725+00:00
46,2014,balance_sheet,2. 보통주자본금,"["""", ""778,047"", """", ""778,047"", """"]",/Users/june_kim/samsung_audit_nlp/data/raw/감사보고서_2014.htm,2026-03-31T07:17:31.789725+00:00
47,2014,balance_sheet,Ⅱ. 주식발행초과금,"["""", """", ""4,403,893"", """", ""4,403,893""]",/Users/june_kim/samsung_audit_nlp/data/raw/감사보고서_2014.htm,2026-03-31T07:17:31.789725+00:00
48,2014,balance_sheet,Ⅲ. 이익잉여금,"[""21"", """", ""134,464,189"", """", ""122,029,419""]",/Users/june_kim/samsung_audit_nlp/data/raw/감사보고서_2014.htm,2026-03-31T07:17:31.789725+00:00
49,2014,balance_sheet,Ⅳ. 기타자본항목,"[""23"", """", ""(7,113,271)"", """", ""(4,960,059)""]",/Users/june_kim/samsung_audit_nlp/data/raw/감사보고서_2014.htm,2026-03-31T07:17:31.789725+00:00
50,2014,balance_sheet,Ⅴ. 매각예정분류기타자본항목,"[""34"", """", ""24,750"", """", ""-""]",/Users/june_kim/samsung_audit_nlp/data/raw/감사보고서_2014.htm,2026-03-31T07:17:31.789725+00:00
51,2014,balance_sheet,자 본 총 계,"["""", """", ""132,677,075"", """", ""122,370,767""]",/Users/june_kim/samsung_audit_nlp/data/raw/감사보고서_2014.htm,2026-03-31T07:17:31.789725+00:00
52,2014,balance_sheet,부채와자본총계,"["""", """", ""164,060,583"", """", ""154,825,957""]",/Users/june_kim/samsung_audit_nlp/data/raw/감사보고서_2014.htm,2026-03-31T07:17:31.789725+00:00
53,2014,income_statement,1. 당기법인세,"["""", """"]",/Users/june_kim/samsung_audit_nlp/data/raw/감사보고서_2014.htm,2026-03-31T07:17:31.789725+00:00
54,2014,income_statement,기간손익에 대한 당기법인세,"[""3,940,377"", ""4,163,214""]",/Users/june_kim/samsung_audit_nlp/data/raw/감사보고서_2014.htm,2026-03-31T07:17:31.789725+00:00
55,2014,income_statement,당기에 인식한 조정사항,"[""14,830"", ""(53,530)""]",/Users/june_kim/samsung_audit_nlp/data/raw/감사보고서_2014.htm,2026-03-31T07:17:31.789725+00:00
56,2014,income_statement,2. 이연법인세,"["""", """"]",/Users/june_kim/samsung_audit_nlp/data/raw/감사보고서_2014.htm,2026-03-31T07:17:31.789725+00:00
57,2014,income_statement,세액공제의 이월로 인한 이연법인세변동액,"[""634,775"", ""28,490""]",/Users/june_kim/samsung_audit_nlp/data/raw/감사보고서_2014.htm,2026-03-31T07:17:31.789725+00:00
58,2014,income_statement,일시적차이로 인한 이연법인세변동액,"[""(1,896,868)"", ""2,154,137""]",/Users/june_kim/samsung_audit_nlp/data/raw/감사보고서_2014.htm,2026-03-31T07:17:31.789725+00:00
59,2014,income_statement,3. 자본에 직접 부가되는 법인세부담액,"[""(4,254)"", ""(4,572)""]",/Users/june_kim/samsung_audit_nlp/data/raw/감사보고서_2014.htm,2026-03-31T07:17:31.789725+00:00
60,2014,income_statement,법인세비용,"[""2,688,860"", ""6,287,739""]",/Users/june_kim/samsung_audit_nlp/data/raw/감사보고서_2014.htm,2026-03-31T07:17:31.789725+00:00
61,2014,cash_flow,Ⅰ. 영업활동 현금흐름,"["""", """", ""18,653,817"", """", ""28,443,058""]",/Users/june_kim/samsung_audit_nlp/data/raw/감사보고서_2014.htm,2026-03-31T07:17:31.789725+00:00
62,2014,cash_flow,1. 영업에서 창출된 현금흐름,"["""", ""20,854,601"", """", ""31,520,938"", """"]",/Users/june_kim/samsung_audit_nlp/data/raw/감사보고서_2014.htm,2026-03-31T07:17:31.789725+00:00
63,2014,cash_flow,가. 당기순이익,"["""", ""14,591,781"", """", ""17,929,520"", """"]",/Users/june_kim/samsung_audit_nlp/data/raw/감사보고서_2014.htm,2026-03-31T07:17:31.789725+00:00
64,2014,cash_flow,나. 조정,"[""31"", ""10,894,724"", """", ""13,302,395"", """"]",/Users/june_kim/samsung_audit_nlp/data/raw/감사보고서_2014.htm,2026-03-31T07:17:31.789725+00:00
65,2014,cash_flow,다. 영업활동으로 인한 자산부채의 변동,"[""31"", ""(4,631,904)"", """", ""289,023"", """"]",/Users/june_kim/samsung_audit_nlp/data/raw/감사보고서_2014.htm,2026-03-31T07:17:31.789725+00:00
66,2014,cash_flow,2. 이자의 수취,"["""", ""854,946"", """", ""441,659"", """"]",/Users/june_kim/samsung_audit_nlp/data/raw/감사보고서_2014.htm,2026-03-31T07:17:31.789725+00:00
67,2014,cash_flow,3. 이자의 지급,"["""", ""(91,827)"", """", ""(65,476)"", """"]",/Users/june_kim/samsung_audit_nlp/data/raw/감사보고서_2014.htm,2026-03-31T07:17:31.789725+00:00
68,2014,cash_flow,4. 배당금 수입,"["""", ""1,505,107"", """", ""711,925"", """"]",/Users/june_kim/samsung_audit_nlp/data/raw/감사보고서_2014.htm,2026-03-31T07:17:31.789725+00:00
69,2014,cash_flow,5. 법인세 납부액,"["""", ""(4,469,010)"", """", ""(4,165,988)"", """"]",/Users/june_kim/samsung_audit_nlp/data/raw/감사보고서_2014.htm,2026-03-31T07:17:31.789725+00:00
70,2014,cash_flow,Ⅱ. 투자활동 현금흐름,"["""", """", ""(15,951,220)"", """", ""(27,325,848)""]",/Users/june_kim/samsung_audit_nlp/data/raw/감사보고서_2014.htm,2026-03-31T07:17:31.789725+00:00
71,2014,cash_flow,1. 단기금융상품의 순감소(증가),"["""", ""2,709,251"", """", ""(14,062,772)"", """"]",/Users/june_kim/samsung_audit_nlp/data/raw/감사보고서_2014.htm,2026-03-31T07:17:31.789725+00:00
72,2014,cash_flow,2. 단기매도가능금융자산의 순감소,"["""", ""435,813"", """", ""33,633"", """"]",/Users/june_kim/samsung_audit_nlp/data/raw/감사보고서_2014.htm,2026-03-31T07:17:31.789725+00:00
73,2014,cash_flow,3. 장기매도가능금융자산의 처분,"["""", ""18,729"", """", ""1,606,436"", """"]",/Users/june_kim/samsung_audit_nlp/data/raw/감사보고서_2014.htm,2026-03-31T07:17:31.789725+00:00
74,2014,cash_flow,4. 장기매도가능금융자산의 취득,"["""", ""(3,673,800)"", """", ""(1,253,174)"", """"]",/Users/june_kim/samsung_audit_nlp/data/raw/감사보고서_2014.htm,2026-03-31T07:17:31.789725+00:00
75,2014,cash_flow,"5. 종속기업, 관계기업 및 공동기업 투자의 처분","["""", ""21,411"", """", ""57,779"", """"]",/Users/june_kim/samsung_audit_nlp/data/raw/감사보고서_2014.htm,2026-03-31T07:17:31.789725+00:00
76,2014,cash_flow,"6. 종속기업, 관계기업 및 공동기업 투자의 취득","["""", ""(1,236,303)"", """", ""(2,882,883)"", """"]",/Users/june_kim/samsung_audit_nlp/data/raw/감사보고서_2014.htm,2026-03-31T07:17:31.789725+00:00
77,2014,cash_flow,7. 유형자산의 처분,"["""", ""195,588"", """", ""224,663"", """"]",/Users/june_kim/samsung_audit_nlp/data/raw/감사보고서_2014.htm,2026-03-31T07:17:31.789725+00:00
78,2014,cash_flow,8. 유형자산의 취득,"["""", ""(10,867,797)"", """", ""(10,283,821)"", """"]",/Users/june_kim/samsung_audit_nlp/data/raw/감사보고서_2014.htm,2026-03-31T07:17:31.789725+00:00
79,2014,cash_flow,9. 무형자산의 처분,"["""", ""5,176"", """", ""917"", """"]",/Users/june_kim/samsung_audit_nlp/data/raw/감사보고서_2014.htm,2026-03-31T07:17:31.789725+00:00
80,2014,cash_flow,10. 무형자산의 취득,"["""", ""(1,254,109)"", """", ""(748,080)"", """"]",/Users/june_kim/samsung_audit_nlp/data/raw/감사보고서_2014.htm,2026-03-31T07:17:31.789725+00:00
81,2014,cash_flow,11. 기타 투자활동으로 인한 현금유출액,"["""", ""(2,305,179)"", """", ""(18,546)"", """"]",/Users/june_kim/samsung_audit_nlp/data/raw/감사보고서_2014.htm,2026-03-31T07:17:31.789725+00:00
82,2014,cash_flow,Ⅲ. 재무활동 현금흐름,"["""", """", ""(3,089,586)"", """", ""(1,356,325)""]",/Users/june_kim/samsung_audit_nlp/data/raw/감사보고서_2014.htm,2026-03-31T07:17:31.789725+00:00
83,2014,cash_flow,1. 단기차입금의 순차입(상환),"["""", ""170,576"", """", ""(178,713)"", """"]",/Users/june_kim/samsung_audit_nlp/data/raw/감사보고서_2014.htm,2026-03-31T07:17:31.789725+00:00
84,2014,cash_flow,2. 자기주식의 취득,"["""", ""(1,125,322)"", """", ""-"", """"]",/Users/june_kim/samsung_audit_nlp/data/raw/감사보고서_2014.htm,2026-03-31T07:17:31.789725+00:00
85,2014,cash_flow,3. 주식선택권의 행사로 인한 자기주식의 처분,"["""", ""27,582"", """", ""34,390"", """"]",/Users/june_kim/samsung_audit_nlp/data/raw/감사보고서_2014.htm,2026-03-31T07:17:31.789725+00:00
86,2014,cash_flow,4. 사채의 상환,"["""", ""(5,274)"", """", ""(5,356)"", """"]",/Users/june_kim/samsung_audit_nlp/data/raw/감사보고서_2014.htm,2026-03-31T07:17:31.789725+00:00
87,2014,cash_flow,5. 배당금의 지급,"["""", ""(2,157,148)"", """", ""(1,206,646)"", """"]",/Users/june_kim/samsung_audit_nlp/data/raw/감사보고서_2014.htm,2026-03-31T07:17:31.789725+00:00
88,2014,cash_flow,Ⅳ. 현금및현금성자산의 감소(Ⅰ+Ⅱ+Ⅲ),"["""", """", ""(386,989)"", """", ""(239,115)""]",/Users/june_kim/samsung_audit_nlp/data/raw/감사보고서_2014.htm,2026-03-31T07:17:31.789725+00:00
89,2014,cash_flow,Ⅴ. 기초의 현금및현금성자산,"["""", """", ""2,030,307"", """", ""2,269,422""]",/Users/june_kim/samsung_audit_nlp/data/raw/감사보고서_2014.htm,2026-03-31T07:17:31.789725+00:00
90,2014,cash_flow,Ⅵ. 기말의 현금및현금성자산,"["""", """", ""1,643,318"", """", ""2,030,307""]",/Users/june_kim/samsung_audit_nlp/data/raw/감사보고서_2014.htm,2026-03-31T07:17:31.789725+00:00
91,2015,balance_sheet,자 산,"["""", """", """", """", """"]",/Users/june_kim/samsung_audit_nlp/data/raw/감사보고서_2015.htm,2026-03-31T07:17:32.016402+00:00
92,2015,balance_sheet,Ⅰ. 유 동 자 산,"["""", """", ""67,002,055"", """", ""62,054,773""]",/Users/june_kim/samsung_audit_nlp/data/raw/감사보고서_2015.htm,2026-03-31T07:17:32.016402+00:00
93,2015,balance_sheet,1. 현금및현금성자산,"[""4, 6, 7"", ""3,062,960"", """", ""1,643,318"", """"]",/Users/june_kim/samsung_audit_nlp/data/raw/감사보고서_2015.htm,2026-03-31T07:17:32.016402+00:00
94,2015,balance_sheet,2. 단기금융상품,"[""5, 6, 7"", ""27,763,589"", """", ""26,454,093"", """"]",/Users/june_kim/samsung_audit_nlp/data/raw/감사보고서_2015.htm,2026-03-31T07:17:32.016402+00:00
95,2015,balance_sheet,3. 단기매도가능금융자산,"[""6, 9"", ""3,021,210"", """", ""2,137,533"", """"]",/Users/june_kim/samsung_audit_nlp/data/raw/감사보고서_2015.htm,2026-03-31T07:17:32.016402+00:00
96,2015,balance_sheet,4. 매출채권,"[""6, 7, 10"", ""20,251,464"", """", ""18,940,786"", """"]",/Users/june_kim/samsung_audit_nlp/data/raw/감사보고서_2015.htm,2026-03-31T07:17:32.016402+00:00
97,2015,balance_sheet,5. 미수금,"[""6, 10"", ""2,314,823"", """", ""3,218,973"", """"]",/Users/june_kim/samsung_audit_nlp/data/raw/감사보고서_2015.htm,2026-03-31T07:17:32.016402+00:00
98,2015,balance_sheet,6. 선급금,"["""", ""1,105,216"", """", ""977,114"", """"]",/Users/june_kim/samsung_audit_nlp/data/raw/감사보고서_2015.htm,2026-03-31T07:17:32.016402+00:00
99,2015,balance_sheet,7. 선급비용,"["""", ""1,980,305"", """", ""1,846,360"", """"]",/Users/june_kim/samsung_audit_nlp/data/raw/감사보고서_2015.htm,2026-03-31T07:17:32.016402+00:00
100,2015,balance_sheet,8. 재고자산,"[""11"", ""6,578,112"", """", ""5,553,834"", """"]",/Users/june_kim/samsung_audit_nlp/data/raw/감사보고서_2015.htm,2026-03-31T07:17:32.016402+00:00
101,2015,balance_sheet,9. 기타유동자산,"["""", ""847,303"", """", ""821,079"", """"]",/Users/june_kim/samsung_audit_nlp/data/raw/감사보고서_2015.htm,2026-03-31T07:17:32.016402+00:00
102,2015,balance_sheet,10. 매각예정분류자산,"[""34"", ""77,073"", """", ""461,683"", """"]",/Users/june_kim/samsung_audit_nlp/data/raw/감사보고서_2015.htm,2026-03-31T07:17:32.016402+00:00
103,2015,balance_sheet,Ⅱ. 비 유 동 자 산,"["""", """", ""101,967,575"", """", ""102,005,810""]",/Users/june_kim/samsung_audit_nlp/data/raw/감사보고서_2015.htm,2026-03-31T07:17:32.016402+00:00
104,2015,balance_sheet,1. 장기매도가능금융자산,"[""6, 9"", ""3,205,283"", """", ""7,106,234"", """"]",/Users/june_kim/samsung_audit_nlp/data/raw/감사보고서_2015.htm,2026-03-31T07:17:32.016402+00:00
105,2015,balance_sheet,"2. 종속기업, 관계기업 및 공동기업 투자","[""12"", ""44,107,398"", """", ""41,857,431"", """"]",/Users/june_kim/samsung_audit_nlp/data/raw/감사보고서_2015.htm,2026-03-31T07:17:32.016402+00:00
106,2015,balance_sheet,3. 유형자산,"[""13"", ""45,148,629"", """", ""43,744,259"", """"]",/Users/june_kim/samsung_audit_nlp/data/raw/감사보고서_2015.htm,2026-03-31T07:17:32.016402+00:00
107,2015,balance_sheet,4. 무형자산,"[""14"", ""3,407,229"", """", ""3,051,564"", """"]",/Users/june_kim/samsung_audit_nlp/data/raw/감사보고서_2015.htm,2026-03-31T07:17:32.016402+00:00
108,2015,balance_sheet,5. 장기선급비용,"["""", ""3,845,119"", """", ""4,415,935"", """"]",/Users/june_kim/samsung_audit_nlp/data/raw/감사보고서_2015.htm,2026-03-31T07:17:32.016402+00:00
109,2015,balance_sheet,6. 순확정급여자산,"[""17"", ""56,174"", """", ""135,951"", """"]",/Users/june_kim/samsung_audit_nlp/data/raw/감사보고서_2015.htm,2026-03-31T07:17:32.016402+00:00
110,2015,balance_sheet,7. 이연법인세자산,"[""29"", ""865,903"", """", ""-"", """"]",/Users/june_kim/samsung_audit_nlp/data/raw/감사보고서_2015.htm,2026-03-31T07:17:32.016402+00:00
111,2015,balance_sheet,8. 기타비유동자산,"["""", ""1,331,840"", """", ""1,694,436"", """"]",/Users/june_kim/samsung_audit_nlp/data/raw/감사보고서_2015.htm,2026-03-31T07:17:32.016402+00:00
112,2015,balance_sheet,자 산 총 계,"["""", """", ""168,969,630"", """", ""164,060,583""]",/Users/june_kim/samsung_audit_nlp/data/raw/감사보고서_2015.htm,2026-03-31T07:17:32.016402+00:00
113,2015,balance_sheet,부 채,"["""", """", """", """", """"]",/Users/june_kim/samsung_audit_nlp/data/raw/감사보고서_2015.htm,2026-03-31T07:17:32.016402+00:00
114,2015,balance_sheet,Ⅰ. 유 동 부 채,"["""", """", ""29,630,488"", """", ""28,208,638""]",/Users/june_kim/samsung_audit_nlp/data/raw/감사보고서_2015.htm,2026-03-31T07:17:32.016402+00:00
115,2015,balance_sheet,1. 매입채무,"[""6"", ""3,887,983"", """", ""4,677,527"", """"]",/Users/june_kim/samsung_audit_nlp/data/raw/감사보고서_2015.htm,2026-03-31T07:17:32.016402+00:00
116,2015,balance_sheet,2. 단기차입금,"[""6, 8, 15"", ""7,127,527"", """", ""2,928,182"", """"]",/Users/june_kim/samsung_audit_nlp/data/raw/감사보고서_2015.htm,2026-03-31T07:17:32.016402+00:00
117,2015,balance_sheet,3. 미지급금,"[""6"", ""5,952,236"", """", ""6,460,166"", """"]",/Users/june_kim/samsung_audit_nlp/data/raw/감사보고서_2015.htm,2026-03-31T07:17:32.016402+00:00
118,2015,balance_sheet,4. 선수금,"["""", ""160,990"", """", ""139,803"", """"]",/Users/june_kim/samsung_audit_nlp/data/raw/감사보고서_2015.htm,2026-03-31T07:17:32.016402+00:00
119,2015,balance_sheet,5. 예수금,"["""", ""341,806"", """", ""596,164"", """"]",/Users/june_kim/samsung_audit_nlp/data/raw/감사보고서_2015.htm,2026-03-31T07:17:32.016402+00:00
120,2015,balance_sheet,6. 미지급비용,"["""", ""6,126,350"", """", ""7,413,148"", """"]",/Users/june_kim/samsung_audit_nlp/data/raw/감사보고서_2015.htm,2026-03-31T07:17:32.016402+00:00
121,2015,balance_sheet,7. 미지급법인세,"["""", ""1,802,344"", """", ""1,707,176"", """"]",/Users/june_kim/samsung_audit_nlp/data/raw/감사보고서_2015.htm,2026-03-31T07:17:32.016402+00:00
122,2015,balance_sheet,8. 유동성장기부채,"[""6, 16"", ""5,666"", """", ""5,304"", """"]",/Users/june_kim/samsung_audit_nlp/data/raw/감사보고서_2015.htm,2026-03-31T07:17:32.016402+00:00
123,2015,balance_sheet,9. 충당부채,"[""18"", ""4,207,745"", """", ""4,246,054"", """"]",/Users/june_kim/samsung_audit_nlp/data/raw/감사보고서_2015.htm,2026-03-31T07:17:32.016402+00:00
124,2015,balance_sheet,10. 기타유동부채,"["""", ""17,841"", """", ""14,855"", """"]",/Users/june_kim/samsung_audit_nlp/data/raw/감사보고서_2015.htm,2026-03-31T07:17:32.016402+00:00
125,2015,balance_sheet,11. 매각예정분류부채,"[""34"", ""-"", """", ""20,259"", """"]",/Users/june_kim/samsung_audit_nlp/data/raw/감사보고서_2015.htm,2026-03-31T07:17:32.016402+00:00
126,2015,balance_sheet,Ⅱ. 비 유 동 부 채,"["""", """", ""2,910,887"", """", ""3,174,870""]",/Users/june_kim/samsung_audit_nlp/data/raw/감사보고서_2015.htm,2026-03-31T07:17:32.016402+00:00
127,2015,balance_sheet,1. 사채,"[""6, 16"", ""62,326"", """", ""63,648"", """"]",/Users/june_kim/samsung_audit_nlp/data/raw/감사보고서_2015.htm,2026-03-31T07:17:32.016402+00:00
128,2015,balance_sheet,2. 장기미지급금,"[""6"", ""2,387,934"", """", ""2,305,055"", """"]",/Users/june_kim/samsung_audit_nlp/data/raw/감사보고서_2015.htm,2026-03-31T07:17:32.016402+00:00
129,2015,balance_sheet,3. 이연법인세부채,"[""29"", ""-"", """", ""364,366"", """"]",/Users/june_kim/samsung_audit_nlp/data/raw/감사보고서_2015.htm,2026-03-31T07:17:32.016402+00:00
130,2015,balance_sheet,4. 장기충당부채,"[""18"", ""457,290"", """", ""437,974"", """"]",/Users/june_kim/samsung_audit_nlp/data/raw/감사보고서_2015.htm,2026-03-31T07:17:32.016402+00:00
131,2015,balance_sheet,5. 기타비유동부채,"["""", ""3,337"", """", ""3,827"", """"]",/Users/june_kim/samsung_audit_nlp/data/raw/감사보고서_2015.htm,2026-03-31T07:17:32.016402+00:00
132,2015,balance_sheet,부 채 총 계,"["""", """", ""32,541,375"", """", ""31,383,508""]",/Users/june_kim/samsung_audit_nlp/data/raw/감사보고서_2015.htm,2026-03-31T07:17:32.016402+00:00
133,2015,balance_sheet,자 본,"["""", """", """", """", """"]",/Users/june_kim/samsung_audit_nlp/data/raw/감사보고서_2015.htm,2026-03-31T07:17:32.016402+00:00
134,2015,balance_sheet,Ⅰ. 자본금,"[""20"", """", ""897,514"", """", ""897,514""]",/Users/june_kim/samsung_audit_nlp/data/raw/감사보고서_2015.htm,2026-03-31T07:17:32.016402+00:00
135,2015,balance_sheet,1. 우선주자본금,"["""", ""119,467"", """", ""119,467"", """"]",/Users/june_kim/samsung_audit_nlp/data/raw/감사보고서_2015.htm,2026-03-31T07:17:32.016402+00:00
136,2015,balance_sheet,2. 보통주자본금,"["""", ""778,047"", """", ""778,047"", """"]",/Users/june_kim/samsung_audit_nlp/data/raw/감사보고서_2015.htm,2026-03-31T07:17:32.016402+00:00
137,2015,balance_sheet,Ⅱ. 주식발행초과금,"["""", """", ""4,403,893"", """", ""4,403,893""]",/Users/june_kim/samsung_audit_nlp/data/raw/감사보고서_2015.htm,2026-03-31T07:17:32.016402+00:00
138,2015,balance_sheet,Ⅲ. 이익잉여금,"[""21"", """", ""143,629,177"", """", ""134,464,189""]",/Users/june_kim/samsung_audit_nlp/data/raw/감사보고서_2015.htm,2026-03-31T07:17:32.016402+00:00
139,2015,balance_sheet,Ⅳ. 기타자본항목,"[""23"", """", ""(12,526,126)"", """", ""(7,113,271)""]",/Users/june_kim/samsung_audit_nlp/data/raw/감사보고서_2015.htm,2026-03-31T07:17:32.016402+00:00
140,2015,balance_sheet,Ⅴ. 매각예정분류기타자본항목,"[""34"", """", ""23,797"", """", ""24,750""]",/Users/june_kim/samsung_audit_nlp/data/raw/감사보고서_2015.htm,2026-03-31T07:17:32.016402+00:00
141,2015,balance_sheet,자 본 총 계,"["""", """", ""136,428,255"", """", ""132,677,075""]",/Users/june_kim/samsung_audit_nlp/data/raw/감사보고서_2015.htm,2026-03-31T07:17:32.016402+00:00
142,2015,balance_sheet,부채와자본총계,"["""", """", ""168,969,630"", """", ""164,060,583""]",/Users/june_kim/samsung_audit_nlp/data/raw/감사보고서_2015.htm,2026-03-31T07:17:32.016402+00:00
143,2015,income_statement,1. 당기법인세,"["""", """"]",/Users/june_kim/samsung_audit_nlp/data/raw/감사보고서_2015.htm,2026-03-31T07:17:32.016402+00:00
144,2015,income_statement,기간손익에 대한 당기법인세,"[""3,209,758"", ""3,940,377""]",/Users/june_kim/samsung_audit_nlp/data/raw/감사보고서_2015.htm,2026-03-31T07:17:32.016402+00:00
145,2015,income_statement,당기에 인식한 조정사항,"[""6,975"", ""14,830""]",/Users/june_kim/samsung_audit_nlp/data/raw/감사보고서_2015.htm,2026-03-31T07:17:32.016402+00:00
146,2015,income_statement,2. 이연법인세,"["""", """"]",/Users/june_kim/samsung_audit_nlp/data/raw/감사보고서_2015.htm,2026-03-31T07:17:32.016402+00:00
147,2015,income_statement,세액공제의 이월로 인한 이연법인세변동액,"[""220,393"", ""634,775""]",/Users/june_kim/samsung_audit_nlp/data/raw/감사보고서_2015.htm,2026-03-31T07:17:32.016402+00:00
148,2015,income_statement,일시적차이로 인한 이연법인세변동액,"[""(1,322,544)"", ""(1,896,868)""]",/Users/june_kim/samsung_audit_nlp/data/raw/감사보고서_2015.htm,2026-03-31T07:17:32.016402+00:00
149,2015,income_statement,3. 자본에 직접 부가되는 법인세부담액,"[""(434)"", ""(4,254)""]",/Users/june_kim/samsung_audit_nlp/data/raw/감사보고서_2015.htm,2026-03-31T07:17:32.016402+00:00
150,2015,income_statement,법인세비용,"[""2,114,148"", ""2,688,860""]",/Users/june_kim/samsung_audit_nlp/data/raw/감사보고서_2015.htm,2026-03-31T07:17:32.016402+00:00
151,2015,cash_flow,Ⅰ. 영업활동 현금흐름,"["""", """", ""19,287,521"", """", ""18,653,817""]",/Users/june_kim/samsung_audit_nlp/data/raw/감사보고서_2015.htm,2026-03-31T07:17:32.016402+00:00
152,2015,cash_flow,1. 영업에서 창출된 현금흐름,"["""", ""19,756,969"", """", ""20,854,601"", """"]",/Users/june_kim/samsung_audit_nlp/data/raw/감사보고서_2015.htm,2026-03-31T07:17:32.016402+00:00
153,2015,cash_flow,가. 당기순이익,"["""", ""12,238,469"", """", ""14,591,781"", """"]",/Users/june_kim/samsung_audit_nlp/data/raw/감사보고서_2015.htm,2026-03-31T07:17:32.016402+00:00
154,2015,cash_flow,나. 조정,"[""31"", ""13,087,462"", """", ""10,894,724"", """"]",/Users/june_kim/samsung_audit_nlp/data/raw/감사보고서_2015.htm,2026-03-31T07:17:32.016402+00:00
155,2015,cash_flow,다. 영업활동으로 인한 자산부채의 변동,"[""31"", ""(5,568,962)"", """", ""(4,631,904)"", """"]",/Users/june_kim/samsung_audit_nlp/data/raw/감사보고서_2015.htm,2026-03-31T07:17:32.016402+00:00
156,2015,cash_flow,2. 이자의 수취,"["""", ""890,456"", """", ""854,946"", """"]",/Users/june_kim/samsung_audit_nlp/data/raw/감사보고서_2015.htm,2026-03-31T07:17:32.016402+00:00
157,2015,cash_flow,3. 이자의 지급,"["""", ""(153,195)"", """", ""(91,827)"", """"]",/Users/june_kim/samsung_audit_nlp/data/raw/감사보고서_2015.htm,2026-03-31T07:17:32.016402+00:00
158,2015,cash_flow,4. 배당금 수입,"["""", ""1,914,856"", """", ""1,505,107"", """"]",/Users/june_kim/samsung_audit_nlp/data/raw/감사보고서_2015.htm,2026-03-31T07:17:32.016402+00:00
159,2015,cash_flow,5. 법인세 납부액,"["""", ""(3,121,565)"", """", ""(4,469,010)"", """"]",/Users/june_kim/samsung_audit_nlp/data/raw/감사보고서_2015.htm,2026-03-31T07:17:32.016402+00:00
160,2015,cash_flow,Ⅱ. 투자활동 현금흐름,"["""", """", ""(14,003,962)"", """", ""(15,951,220)""]",/Users/june_kim/samsung_audit_nlp/data/raw/감사보고서_2015.htm,2026-03-31T07:17:32.016402+00:00
161,2015,cash_flow,1. 단기금융상품의 순(증가)감소,"["""", ""(2,309,495)"", """", ""2,709,251"", """"]",/Users/june_kim/samsung_audit_nlp/data/raw/감사보고서_2015.htm,2026-03-31T07:17:32.016402+00:00
162,2015,cash_flow,2. 단기매도가능금융자산의 처분,"["""", ""2,143,384"", """", ""1,954,156"", """"]",/Users/june_kim/samsung_audit_nlp/data/raw/감사보고서_2015.htm,2026-03-31T07:17:32.016402+00:00
163,2015,cash_flow,3. 단기매도가능금융자산의 취득,"["""", ""-"", """", ""(1,518,343)"", """"]",/Users/june_kim/samsung_audit_nlp/data/raw/감사보고서_2015.htm,2026-03-31T07:17:32.016402+00:00
164,2015,cash_flow,4. 장기금융상품의 처분,"["""", ""1,700,000"", """", ""-"", """"]",/Users/june_kim/samsung_audit_nlp/data/raw/감사보고서_2015.htm,2026-03-31T07:17:32.016402+00:00
165,2015,cash_flow,5. 장기금융상품의 취득,"["""", ""-"", """", ""(2,400,000)"", """"]",/Users/june_kim/samsung_audit_nlp/data/raw/감사보고서_2015.htm,2026-03-31T07:17:32.016402+00:00
166,2015,cash_flow,6. 장기매도가능금융자산의 처분,"["""", ""78,885"", """", ""18,729"", """"]",/Users/june_kim/samsung_audit_nlp/data/raw/감사보고서_2015.htm,2026-03-31T07:17:32.016402+00:00
167,2015,cash_flow,7. 장기매도가능금융자산의 취득,"["""", ""(17,303)"", """", ""(3,673,800)"", """"]",/Users/june_kim/samsung_audit_nlp/data/raw/감사보고서_2015.htm,2026-03-31T07:17:32.016402+00:00
168,2015,cash_flow,"8. 종속기업, 관계기업 및 공동기업 투자의 처분","["""", ""311,310"", """", ""21,411"", """"]",/Users/june_kim/samsung_audit_nlp/data/raw/감사보고서_2015.htm,2026-03-31T07:17:32.016402+00:00
169,2015,cash_flow,"9. 종속기업, 관계기업 및 공동기업 투자의 취득","["""", ""(2,334,935)"", """", ""(1,236,303)"", """"]",/Users/june_kim/samsung_audit_nlp/data/raw/감사보고서_2015.htm,2026-03-31T07:17:32.016402+00:00
170,2015,cash_flow,10. 유형자산의 처분,"["""", ""473,836"", """", ""195,588"", """"]",/Users/june_kim/samsung_audit_nlp/data/raw/감사보고서_2015.htm,2026-03-31T07:17:32.016402+00:00
171,2015,cash_flow,11. 유형자산의 취득,"["""", ""(12,887,965)"", """", ""(10,867,797)"", """"]",/Users/june_kim/samsung_audit_nlp/data/raw/감사보고서_2015.htm,2026-03-31T07:17:32.016402+00:00
172,2015,cash_flow,12. 무형자산의 처분,"["""", ""990"", """", ""5,176"", """"]",/Users/june_kim/samsung_audit_nlp/data/raw/감사보고서_2015.htm,2026-03-31T07:17:32.016402+00:00
173,2015,cash_flow,13. 무형자산의 취득,"["""", ""(1,365,674)"", """", ""(1,254,109)"", """"]",/Users/june_kim/samsung_audit_nlp/data/raw/감사보고서_2015.htm,2026-03-31T07:17:32.016402+00:00
174,2015,cash_flow,14. 현금의 기타유입,"["""", ""203,005"", """", ""94,821"", """"]",/Users/june_kim/samsung_audit_nlp/data/raw/감사보고서_2015.htm,2026-03-31T07:17:32.016402+00:00
175,2015,cash_flow,Ⅲ. 재무활동 현금흐름,"["""", """", ""(3,854,887)"", """", ""(3,089,586)""]",/Users/june_kim/samsung_audit_nlp/data/raw/감사보고서_2015.htm,2026-03-31T07:17:32.016402+00:00
176,2015,cash_flow,1. 단기차입금의 순증가,"["""", ""4,236,095"", """", ""170,576"", """"]",/Users/june_kim/samsung_audit_nlp/data/raw/감사보고서_2015.htm,2026-03-31T07:17:32.016402+00:00
177,2015,cash_flow,2. 자기주식의 취득,"["""", ""(5,015,112)"", """", ""(1,125,322)"", """"]",/Users/june_kim/samsung_audit_nlp/data/raw/감사보고서_2015.htm,2026-03-31T07:17:32.016402+00:00
178,2015,cash_flow,3. 자기주식의 처분,"["""", ""3,034"", """", ""27,582"", """"]",/Users/june_kim/samsung_audit_nlp/data/raw/감사보고서_2015.htm,2026-03-31T07:17:32.016402+00:00
179,2015,cash_flow,4. 사채의 상환,"["""", ""(5,496)"", """", ""(5,274)"", """"]",/Users/june_kim/samsung_audit_nlp/data/raw/감사보고서_2015.htm,2026-03-31T07:17:32.016402+00:00
180,2015,cash_flow,5. 배당금의 지급,"["""", ""(3,073,408)"", """", ""(2,157,148)"", """"]",/Users/june_kim/samsung_audit_nlp/data/raw/감사보고서_2015.htm,2026-03-31T07:17:32.016402+00:00
181,2015,cash_flow,Ⅳ. 외화환산으로 인한 현금의 변동,"["""", """", ""(9,030)"", """", ""-""]",/Users/june_kim/samsung_audit_nlp/data/raw/감사보고서_2015.htm,2026-03-31T07:17:32.016402+00:00
182,2015,cash_flow,Ⅴ. 현금및현금성자산의 증가(감소) (Ⅰ+Ⅱ+Ⅲ),"["""", """", ""1,419,642"", """", ""(386,989)""]",/Users/june_kim/samsung_audit_nlp/data/raw/감사보고서_2015.htm,2026-03-31T07:17:32.016402+00:00
183,2015,cash_flow,Ⅵ. 기초의 현금및현금성자산,"["""", """", ""1,643,318"", """", ""2,030,307""]",/Users/june_kim/samsung_audit_nlp/data/raw/감사보고서_2015.htm,2026-03-31T07:17:32.016402+00:00
184,2015,cash_flow,Ⅶ. 기말의 현금및현금성자산,"["""", """", ""3,062,960"", """", ""1,643,318""]",/Users/june_kim/samsung_audit_nlp/data/raw/감사보고서_2015.htm,2026-03-31T07:17:32.016402+00:00
185,2016,balance_sheet,자 산,"["""", """", """", """", """"]",/Users/june_kim/samsung_audit_nlp/data/raw/감사보고서_2016.htm,2026-03-31T07:17:32.223296+00:00
186,2016,balance_sheet,Ⅰ. 유 동 자 산,"["""", """", ""69,981,128"", """", ""67,002,055""]",/Users/june_kim/samsung_audit_nlp/data/raw/감사보고서_2016.htm,2026-03-31T07:17:32.223296+00:00
187,2016,balance_sheet,1. 현금및현금성자산,"[""4, 6, 7, 31"", ""3,778,371"", """", ""3,062,960"", """"]",/Users/june_kim/samsung_audit_nlp/data/raw/감사보고서_2016.htm,2026-03-31T07:17:32.223296+00:00
188,2016,balance_sheet,2. 단기금융상품,"[""5, 6, 7, 31"", ""30,170,656"", """", ""27,763,589"", """"]",/Users/june_kim/samsung_audit_nlp/data/raw/감사보고서_2016.htm,2026-03-31T07:17:32.223296+00:00
189,2016,balance_sheet,3. 단기매도가능금융자산,"[""6, 9, 31"", ""-"", """", ""3,021,210"", """"]",/Users/june_kim/samsung_audit_nlp/data/raw/감사보고서_2016.htm,2026-03-31T07:17:32.223296+00:00
190,2016,balance_sheet,4. 매출채권,"[""6, 7, 10, 31"", ""23,514,012"", """", ""20,251,464"", """"]",/Users/june_kim/samsung_audit_nlp/data/raw/감사보고서_2016.htm,2026-03-31T07:17:32.223296+00:00
191,2016,balance_sheet,5. 미수금,"[""10"", ""2,319,782"", """", ""2,314,823"", """"]",/Users/june_kim/samsung_audit_nlp/data/raw/감사보고서_2016.htm,2026-03-31T07:17:32.223296+00:00
192,2016,balance_sheet,6. 선급금,"["""", ""814,300"", """", ""1,105,216"", """"]",/Users/june_kim/samsung_audit_nlp/data/raw/감사보고서_2016.htm,2026-03-31T07:17:32.223296+00:00
193,2016,balance_sheet,7. 선급비용,"["""", ""2,375,520"", """", ""1,980,305"", """"]",/Users/june_kim/samsung_audit_nlp/data/raw/감사보고서_2016.htm,2026-03-31T07:17:32.223296+00:00
194,2016,balance_sheet,8. 재고자산,"[""11"", ""5,981,634"", """", ""6,578,112"", """"]",/Users/june_kim/samsung_audit_nlp/data/raw/감사보고서_2016.htm,2026-03-31T07:17:32.223296+00:00
195,2016,balance_sheet,9. 기타유동자산,"["""", ""743,163"", """", ""847,303"", """"]",/Users/june_kim/samsung_audit_nlp/data/raw/감사보고서_2016.htm,2026-03-31T07:17:32.223296+00:00
196,2016,balance_sheet,10. 매각예정분류자산,"[""33"", ""283,690"", """", ""77,073"", """"]",/Users/june_kim/samsung_audit_nlp/data/raw/감사보고서_2016.htm,2026-03-31T07:17:32.223296+00:00
197,2016,balance_sheet,Ⅱ. 비 유 동 자 산,"["""", """", ""104,821,831"", """", ""101,967,575""]",/Users/june_kim/samsung_audit_nlp/data/raw/감사보고서_2016.htm,2026-03-31T07:17:32.223296+00:00
198,2016,balance_sheet,1. 장기매도가능금융자산,"[""6, 9, 31"", ""913,989"", """", ""3,205,283"", """"]",/Users/june_kim/samsung_audit_nlp/data/raw/감사보고서_2016.htm,2026-03-31T07:17:32.223296+00:00
199,2016,balance_sheet,"2. 종속기업, 관계기업 및 공동기업 투자","[""12"", ""48,743,079"", """", ""44,107,398"", """"]",/Users/june_kim/samsung_audit_nlp/data/raw/감사보고서_2016.htm,2026-03-31T07:17:32.223296+00:00
200,2016,balance_sheet,3. 유형자산,"[""13"", ""47,228,830"", """", ""45,148,629"", """"]",/Users/june_kim/samsung_audit_nlp/data/raw/감사보고서_2016.htm,2026-03-31T07:17:32.223296+00:00
201,2016,balance_sheet,4. 무형자산,"[""14"", ""2,891,844"", """", ""3,407,229"", """"]",/Users/june_kim/samsung_audit_nlp/data/raw/감사보고서_2016.htm,2026-03-31T07:17:32.223296+00:00
202,2016,balance_sheet,5. 장기선급비용,"["""", ""3,507,399"", """", ""3,845,119"", """"]",/Users/june_kim/samsung_audit_nlp/data/raw/감사보고서_2016.htm,2026-03-31T07:17:32.223296+00:00
203,2016,balance_sheet,6. 순확정급여자산,"[""17"", ""557,091"", """", ""56,174"", """"]",/Users/june_kim/samsung_audit_nlp/data/raw/감사보고서_2016.htm,2026-03-31T07:17:32.223296+00:00
204,2016,balance_sheet,7. 이연법인세자산,"[""28"", ""110,239"", """", ""865,903"", """"]",/Users/june_kim/samsung_audit_nlp/data/raw/감사보고서_2016.htm,2026-03-31T07:17:32.223296+00:00
205,2016,balance_sheet,8. 기타비유동자산,"["""", ""869,360"", """", ""1,331,840"", """"]",/Users/june_kim/samsung_audit_nlp/data/raw/감사보고서_2016.htm,2026-03-31T07:17:32.223296+00:00
206,2016,balance_sheet,자 산 총 계,"["""", """", ""174,802,959"", """", ""168,969,630""]",/Users/june_kim/samsung_audit_nlp/data/raw/감사보고서_2016.htm,2026-03-31T07:17:32.223296+00:00
207,2016,balance_sheet,부 채,"["""", """", """", """", """"]",/Users/june_kim/samsung_audit_nlp/data/raw/감사보고서_2016.htm,2026-03-31T07:17:32.223296+00:00
208,2016,balance_sheet,Ⅰ. 유 동 부 채,"["""", """", ""34,076,122"", """", ""29,630,488""]",/Users/june_kim/samsung_audit_nlp/data/raw/감사보고서_2016.htm,2026-03-31T07:17:32.223296+00:00
209,2016,balance_sheet,1. 매입채무,"[""6, 31"", ""6,162,650"", """", ""3,887,983"", """"]",/Users/june_kim/samsung_audit_nlp/data/raw/감사보고서_2016.htm,2026-03-31T07:17:32.223296+00:00
210,2016,balance_sheet,2. 단기차입금,"[""6, 8, 15, 31"", ""9,061,167"", """", ""7,127,527"", """"]",/Users/june_kim/samsung_audit_nlp/data/raw/감사보고서_2016.htm,2026-03-31T07:17:32.223296+00:00
211,2016,balance_sheet,3. 미지급금,"[""6, 31"", ""7,635,740"", """", ""5,952,236"", """"]",/Users/june_kim/samsung_audit_nlp/data/raw/감사보고서_2016.htm,2026-03-31T07:17:32.223296+00:00
212,2016,balance_sheet,4. 선수금,"["""", ""200,445"", """", ""160,990"", """"]",/Users/june_kim/samsung_audit_nlp/data/raw/감사보고서_2016.htm,2026-03-31T07:17:32.223296+00:00
213,2016,balance_sheet,5. 예수금,"["""", ""389,528"", """", ""341,806"", """"]",/Users/june_kim/samsung_audit_nlp/data/raw/감사보고서_2016.htm,2026-03-31T07:17:32.223296+00:00
214,2016,balance_sheet,6. 미지급비용,"["""", ""6,284,646"", """", ""6,126,350"", """"]",/Users/june_kim/samsung_audit_nlp/data/raw/감사보고서_2016.htm,2026-03-31T07:17:32.223296+00:00
215,2016,balance_sheet,7. 미지급법인세,"["""", ""2,055,829"", """", ""1,802,344"", """"]",/Users/june_kim/samsung_audit_nlp/data/raw/감사보고서_2016.htm,2026-03-31T07:17:32.223296+00:00
216,2016,balance_sheet,8. 유동성장기부채,"[""6, 16, 31"", ""5,854"", """", ""5,666"", """"]",/Users/june_kim/samsung_audit_nlp/data/raw/감사보고서_2016.htm,2026-03-31T07:17:32.223296+00:00
217,2016,balance_sheet,9. 충당부채,"[""18"", ""2,221,717"", """", ""4,207,745"", """"]",/Users/june_kim/samsung_audit_nlp/data/raw/감사보고서_2016.htm,2026-03-31T07:17:32.223296+00:00
218,2016,balance_sheet,10. 기타유동부채,"["""", ""58,546"", """", ""17,841"", """"]",/Users/june_kim/samsung_audit_nlp/data/raw/감사보고서_2016.htm,2026-03-31T07:17:32.223296+00:00
219,2016,balance_sheet,Ⅱ. 비 유 동 부 채,"["""", """", ""3,180,075"", """", ""2,910,887""]",/Users/june_kim/samsung_audit_nlp/data/raw/감사보고서_2016.htm,2026-03-31T07:17:32.223296+00:00
220,2016,balance_sheet,1. 사채,"[""6, 16, 31"", ""58,542"", """", ""62,326"", """"]",/Users/june_kim/samsung_audit_nlp/data/raw/감사보고서_2016.htm,2026-03-31T07:17:32.223296+00:00
221,2016,balance_sheet,2. 장기미지급금,"[""6, 31"", ""2,808,460"", """", ""2,387,934"", """"]",/Users/june_kim/samsung_audit_nlp/data/raw/감사보고서_2016.htm,2026-03-31T07:17:32.223296+00:00
222,2016,balance_sheet,3. 장기충당부채,"[""18"", ""312,467"", """", ""457,290"", """"]",/Users/june_kim/samsung_audit_nlp/data/raw/감사보고서_2016.htm,2026-03-31T07:17:32.223296+00:00
223,2016,balance_sheet,4. 기타비유동부채,"["""", ""606"", """", ""3,337"", """"]",/Users/june_kim/samsung_audit_nlp/data/raw/감사보고서_2016.htm,2026-03-31T07:17:32.223296+00:00
224,2016,balance_sheet,부 채 총 계,"["""", """", ""37,256,197"", """", ""32,541,375""]",/Users/june_kim/samsung_audit_nlp/data/raw/감사보고서_2016.htm,2026-03-31T07:17:32.223296+00:00
225,2016,balance_sheet,자 본,"["""", """", """", """", """"]",/Users/june_kim/samsung_audit_nlp/data/raw/감사보고서_2016.htm,2026-03-31T07:17:32.223296+00:00
226,2016,balance_sheet,Ⅰ. 자본금,"[""20"", """", ""897,514"", """", ""897,514""]",/Users/june_kim/samsung_audit_nlp/data/raw/감사보고서_2016.htm,2026-03-31T07:17:32.223296+00:00
227,2016,balance_sheet,1. 우선주자본금,"["""", ""119,467"", """", ""119,467"", """"]",/Users/june_kim/samsung_audit_nlp/data/raw/감사보고서_2016.htm,2026-03-31T07:17:32.223296+00:00
228,2016,balance_sheet,2. 보통주자본금,"["""", ""778,047"", """", ""778,047"", """"]",/Users/june_kim/samsung_audit_nlp/data/raw/감사보고서_2016.htm,2026-03-31T07:17:32.223296+00:00
229,2016,balance_sheet,Ⅱ. 주식발행초과금,"["""", """", ""4,403,893"", """", ""4,403,893""]",/Users/june_kim/samsung_audit_nlp/data/raw/감사보고서_2016.htm,2026-03-31T07:17:32.223296+00:00
230,2016,balance_sheet,Ⅲ. 이익잉여금,"[""21"", """", ""140,747,574"", """", ""143,629,177""]",/Users/june_kim/samsung_audit_nlp/data/raw/감사보고서_2016.htm,2026-03-31T07:17:32.223296+00:00
231,2016,balance_sheet,Ⅳ. 기타자본항목,"[""23"", """", ""(8,502,219)"", """", ""(12,526,126)""]",/Users/june_kim/samsung_audit_nlp/data/raw/감사보고서_2016.htm,2026-03-31T07:17:32.223296+00:00
232,2016,balance_sheet,Ⅴ. 매각예정분류기타자본항목,"[""33"", """", ""-"", """", ""23,797""]",/Users/june_kim/samsung_audit_nlp/data/raw/감사보고서_2016.htm,2026-03-31T07:17:32.223296+00:00
233,2016,balance_sheet,자 본 총 계,"["""", """", ""137,546,762"", """", ""136,428,255""]",/Users/june_kim/samsung_audit_nlp/data/raw/감사보고서_2016.htm,2026-03-31T07:17:32.223296+00:00
234,2016,balance_sheet,부채와자본총계,"["""", """", ""174,802,959"", """", ""168,969,630""]",/Users/june_kim/samsung_audit_nlp/data/raw/감사보고서_2016.htm,2026-03-31T07:17:32.223296+00:00
235,2016,income_statement,1. 당기법인세,"["""", """"]",/Users/june_kim/samsung_audit_nlp/data/raw/감사보고서_2016.htm,2026-03-31T07:17:32.223296+00:00
236,2016,income_statement,기간손익에 대한 당기법인세,"[""2,730,152"", ""3,209,758""]",/Users/june_kim/samsung_audit_nlp/data/raw/감사보고서_2016.htm,2026-03-31T07:17:32.223296+00:00
237,2016,income_statement,당기에 인식한 조정사항,"[""(242,141)"", ""6,975""]",/Users/june_kim/samsung_audit_nlp/data/raw/감사보고서_2016.htm,2026-03-31T07:17:32.223296+00:00
238,2016,income_statement,2. 이연법인세,"["""", """"]",/Users/june_kim/samsung_audit_nlp/data/raw/감사보고서_2016.htm,2026-03-31T07:17:32.223296+00:00
239,2016,income_statement,세액공제의 이월로 인한 이연법인세변동액,"[""6,064"", ""220,393""]",/Users/june_kim/samsung_audit_nlp/data/raw/감사보고서_2016.htm,2026-03-31T07:17:32.223296+00:00
240,2016,income_statement,일시적차이로 인한 이연법인세변동액,"[""651,250"", ""(1,322,544)""]",/Users/june_kim/samsung_audit_nlp/data/raw/감사보고서_2016.htm,2026-03-31T07:17:32.223296+00:00
241,2016,income_statement,3. 자본에 직접 부가되는 법인세부담액,"[""-"", ""(434)""]",/Users/june_kim/samsung_audit_nlp/data/raw/감사보고서_2016.htm,2026-03-31T07:17:32.223296+00:00
242,2016,income_statement,법인세비용,"[""3,145,325"", ""2,114,148""]",/Users/june_kim/samsung_audit_nlp/data/raw/감사보고서_2016.htm,2026-03-31T07:17:32.223296+00:00
243,2016,cash_flow,Ⅰ. 영업활동 현금흐름,"["""", """", ""23,984,804"", """", ""19,287,521""]",/Users/june_kim/samsung_audit_nlp/data/raw/감사보고서_2016.htm,2026-03-31T07:17:32.223296+00:00
244,2016,cash_flow,1. 영업에서 창출된 현금흐름,"["""", ""24,901,464"", """", ""19,756,969"", """"]",/Users/june_kim/samsung_audit_nlp/data/raw/감사보고서_2016.htm,2026-03-31T07:17:32.223296+00:00
245,2016,cash_flow,가. 당기순이익,"["""", ""11,579,749"", """", ""12,238,469"", """"]",/Users/june_kim/samsung_audit_nlp/data/raw/감사보고서_2016.htm,2026-03-31T07:17:32.223296+00:00
246,2016,cash_flow,나. 조정,"[""30"", ""14,910,093"", """", ""13,087,462"", """"]",/Users/june_kim/samsung_audit_nlp/data/raw/감사보고서_2016.htm,2026-03-31T07:17:32.223296+00:00
247,2016,cash_flow,다. 영업활동으로 인한 자산부채의 변동,"[""30"", ""(1,588,378)"", """", ""(5,568,962)"", """"]",/Users/june_kim/samsung_audit_nlp/data/raw/감사보고서_2016.htm,2026-03-31T07:17:32.223296+00:00
248,2016,cash_flow,2. 이자의 수취,"["""", ""622,118"", """", ""890,456"", """"]",/Users/june_kim/samsung_audit_nlp/data/raw/감사보고서_2016.htm,2026-03-31T07:17:32.223296+00:00
249,2016,cash_flow,3. 이자의 지급,"["""", ""(208,010)"", """", ""(153,195)"", """"]",/Users/june_kim/samsung_audit_nlp/data/raw/감사보고서_2016.htm,2026-03-31T07:17:32.223296+00:00
250,2016,cash_flow,4. 배당금 수입,"["""", ""903,758"", """", ""1,914,856"", """"]",/Users/june_kim/samsung_audit_nlp/data/raw/감사보고서_2016.htm,2026-03-31T07:17:32.223296+00:00
251,2016,cash_flow,5. 법인세 납부액,"["""", ""(2,234,526)"", """", ""(3,121,565)"", """"]",/Users/june_kim/samsung_audit_nlp/data/raw/감사보고서_2016.htm,2026-03-31T07:17:32.223296+00:00
252,2016,cash_flow,Ⅱ. 투자활동 현금흐름,"["""", """", ""(14,240,450)"", """", ""(14,003,962)""]",/Users/june_kim/samsung_audit_nlp/data/raw/감사보고서_2016.htm,2026-03-31T07:17:32.223296+00:00
253,2016,cash_flow,1. 단기금융상품의 순증가,"["""", ""(1,407,068)"", """", ""(2,309,495)"", """"]",/Users/june_kim/samsung_audit_nlp/data/raw/감사보고서_2016.htm,2026-03-31T07:17:32.223296+00:00
254,2016,cash_flow,2. 단기매도가능금융자산의 처분,"["""", ""3,010,003"", """", ""2,143,384"", """"]",/Users/june_kim/samsung_audit_nlp/data/raw/감사보고서_2016.htm,2026-03-31T07:17:32.223296+00:00
255,2016,cash_flow,3. 장기금융상품의 처분,"["""", ""700,000"", """", ""1,700,000"", """"]",/Users/june_kim/samsung_audit_nlp/data/raw/감사보고서_2016.htm,2026-03-31T07:17:32.223296+00:00
256,2016,cash_flow,4. 장기금융상품의 취득,"["""", ""(1,700,000)"", """", ""-"", """"]",/Users/june_kim/samsung_audit_nlp/data/raw/감사보고서_2016.htm,2026-03-31T07:17:32.223296+00:00
257,2016,cash_flow,5. 장기매도가능금융자산의 처분,"["""", ""692,547"", """", ""78,885"", """"]",/Users/june_kim/samsung_audit_nlp/data/raw/감사보고서_2016.htm,2026-03-31T07:17:32.223296+00:00
258,2016,cash_flow,6. 장기매도가능금융자산의 취득,"["""", ""(477,744)"", """", ""(17,303)"", """"]",/Users/june_kim/samsung_audit_nlp/data/raw/감사보고서_2016.htm,2026-03-31T07:17:32.223296+00:00
259,2016,cash_flow,"7. 종속기업, 관계기업 및 공동기업 투자의 처분","["""", ""2,416,678"", """", ""311,310"", """"]",/Users/june_kim/samsung_audit_nlp/data/raw/감사보고서_2016.htm,2026-03-31T07:17:32.223296+00:00
260,2016,cash_flow,"8. 종속기업, 관계기업 및 공동기업 투자의 취득","["""", ""(4,648,008)"", """", ""(2,334,935)"", """"]",/Users/june_kim/samsung_audit_nlp/data/raw/감사보고서_2016.htm,2026-03-31T07:17:32.223296+00:00
261,2016,cash_flow,9. 유형자산의 처분,"["""", ""335,288"", """", ""473,836"", """"]",/Users/june_kim/samsung_audit_nlp/data/raw/감사보고서_2016.htm,2026-03-31T07:17:32.223296+00:00
262,2016,cash_flow,10. 유형자산의 취득,"["""", ""(12,161,084)"", """", ""(12,887,965)"", """"]",/Users/june_kim/samsung_audit_nlp/data/raw/감사보고서_2016.htm,2026-03-31T07:17:32.223296+00:00
263,2016,cash_flow,11. 무형자산의 처분,"["""", ""6,357"", """", ""990"", """"]",/Users/june_kim/samsung_audit_nlp/data/raw/감사보고서_2016.htm,2026-03-31T07:17:32.223296+00:00
264,2016,cash_flow,12. 무형자산의 취득,"["""", ""(1,046,676)"", """", ""(1,365,674)"", """"]",/Users/june_kim/samsung_audit_nlp/data/raw/감사보고서_2016.htm,2026-03-31T07:17:32.223296+00:00
265,2016,cash_flow,13. 현금의 기타유입,"["""", ""39,257"", """", ""203,005"", """"]",/Users/june_kim/samsung_audit_nlp/data/raw/감사보고서_2016.htm,2026-03-31T07:17:32.223296+00:00
266,2016,cash_flow,Ⅲ. 재무활동 현금흐름,"["""", """", ""(9,037,006)"", """", ""(3,854,887)""]",/Users/june_kim/samsung_audit_nlp/data/raw/감사보고서_2016.htm,2026-03-31T07:17:32.223296+00:00
267,2016,cash_flow,1. 단기차입금의 순증가,"["""", ""1,737,871"", """", ""4,236,095"", """"]",/Users/june_kim/samsung_audit_nlp/data/raw/감사보고서_2016.htm,2026-03-31T07:17:32.223296+00:00
268,2016,cash_flow,2. 자기주식의 취득,"["""", ""(7,707,938)"", """", ""(5,015,112)"", """"]",/Users/june_kim/samsung_audit_nlp/data/raw/감사보고서_2016.htm,2026-03-31T07:17:32.223296+00:00
269,2016,cash_flow,3. 자기주식의 처분,"["""", ""-"", """", ""3,034"", """"]",/Users/june_kim/samsung_audit_nlp/data/raw/감사보고서_2016.htm,2026-03-31T07:17:32.223296+00:00
270,2016,cash_flow,4. 사채의 상환,"["""", ""(5,860)"", """", ""(5,496)"", """"]",/Users/june_kim/samsung_audit_nlp/data/raw/감사보고서_2016.htm,2026-03-31T07:17:32.223296+00:00
271,2016,cash_flow,5. 배당금의 지급,"["""", ""(3,061,079)"", """", ""(3,073,408)"", """"]",/Users/june_kim/samsung_audit_nlp/data/raw/감사보고서_2016.htm,2026-03-31T07:17:32.223296+00:00
272,2016,cash_flow,Ⅳ. 외화환산으로 인한 현금의 변동,"["""", """", ""8,063"", """", ""(9,030)""]",/Users/june_kim/samsung_audit_nlp/data/raw/감사보고서_2016.htm,2026-03-31T07:17:32.223296+00:00
273,2016,cash_flow,Ⅴ. 현금및현금성자산의 증가 (Ⅰ+Ⅱ+Ⅲ),"["""", """", ""715,411"", """", ""1,419,642""]",/Users/june_kim/samsung_audit_nlp/data/raw/감사보고서_2016.htm,2026-03-31T07:17:32.223296+00:00
274,2016,cash_flow,Ⅵ. 기초의 현금및현금성자산,"["""", """", ""3,062,960"", """", ""1,643,318""]",/Users/june_kim/samsung_audit_nlp/data/raw/감사보고서_2016.htm,2026-03-31T07:17:32.223296+00:00
275,2016,cash_flow,Ⅶ. 기말의 현금및현금성자산,"["""", """", ""3,778,371"", """", ""3,062,960""]",/Users/june_kim/samsung_audit_nlp/data/raw/감사보고서_2016.htm,2026-03-31T07:17:32.223296+00:00
276,2017,balance_sheet,자 산,"["""", """", """", """", """"]",/Users/june_kim/samsung_audit_nlp/data/raw/감사보고서_2017.htm,2026-03-31T07:17:32.440029+00:00
277,2017,balance_sheet,Ⅰ. 유 동 자 산,"["""", """", ""70,155,189"", """", ""69,981,128""]",/Users/june_kim/samsung_audit_nlp/data/raw/감사보고서_2017.htm,2026-03-31T07:17:32.440029+00:00
278,2017,balance_sheet,1. 현금및현금성자산,"[""4, 6, 7, 31"", ""2,763,768"", """", ""3,778,371"", """"]",/Users/june_kim/samsung_audit_nlp/data/raw/감사보고서_2017.htm,2026-03-31T07:17:32.440029+00:00
279,2017,balance_sheet,2. 단기금융상품,"[""5, 6, 7, 31"", ""25,510,064"", """", ""30,170,656"", """"]",/Users/june_kim/samsung_audit_nlp/data/raw/감사보고서_2017.htm,2026-03-31T07:17:32.440029+00:00
280,2017,balance_sheet,3. 매출채권,"[""6, 7, 10, 31"", ""27,881,777"", """", ""23,514,012"", """"]",/Users/june_kim/samsung_audit_nlp/data/raw/감사보고서_2017.htm,2026-03-31T07:17:32.440029+00:00
281,2017,balance_sheet,4. 미수금,"[""6, 10"", ""2,201,402"", """", ""2,319,782"", """"]",/Users/june_kim/samsung_audit_nlp/data/raw/감사보고서_2017.htm,2026-03-31T07:17:32.440029+00:00
282,2017,balance_sheet,5. 선급금,"["""", ""1,097,598"", """", ""814,300"", """"]",/Users/june_kim/samsung_audit_nlp/data/raw/감사보고서_2017.htm,2026-03-31T07:17:32.440029+00:00
283,2017,balance_sheet,6. 선급비용,"["""", ""2,281,179"", """", ""2,375,520"", """"]",/Users/june_kim/samsung_audit_nlp/data/raw/감사보고서_2017.htm,2026-03-31T07:17:32.440029+00:00
284,2017,balance_sheet,7. 재고자산,"[""11"", ""7,837,144"", """", ""5,981,634"", """"]",/Users/june_kim/samsung_audit_nlp/data/raw/감사보고서_2017.htm,2026-03-31T07:17:32.440029+00:00
285,2017,balance_sheet,8. 기타유동자산,"[""6"", ""582,257"", """", ""743,163"", """"]",/Users/june_kim/samsung_audit_nlp/data/raw/감사보고서_2017.htm,2026-03-31T07:17:32.440029+00:00
286,2017,balance_sheet,9. 매각예정분류자산,"["""", ""-"", """", ""283,690"", """"]",/Users/june_kim/samsung_audit_nlp/data/raw/감사보고서_2017.htm,2026-03-31T07:17:32.440029+00:00
287,2017,balance_sheet,Ⅱ. 비 유 동 자 산,"["""", """", ""128,086,171"", """", ""104,821,831""]",/Users/june_kim/samsung_audit_nlp/data/raw/감사보고서_2017.htm,2026-03-31T07:17:32.440029+00:00
288,2017,balance_sheet,1. 장기매도가능금융자산,"[""6, 9, 31"", ""973,353"", """", ""913,989"", """"]",/Users/june_kim/samsung_audit_nlp/data/raw/감사보고서_2017.htm,2026-03-31T07:17:32.440029+00:00
289,2017,balance_sheet,"2. 종속기업, 관계기업 및 공동기업 투자","[""12"", ""55,671,759"", """", ""48,743,079"", """"]",/Users/june_kim/samsung_audit_nlp/data/raw/감사보고서_2017.htm,2026-03-31T07:17:32.440029+00:00
290,2017,balance_sheet,3. 유형자산,"[""13"", ""62,816,961"", """", ""47,228,830"", """"]",/Users/june_kim/samsung_audit_nlp/data/raw/감사보고서_2017.htm,2026-03-31T07:17:32.440029+00:00
291,2017,balance_sheet,4. 무형자산,"[""14"", ""2,827,035"", """", ""2,891,844"", """"]",/Users/june_kim/samsung_audit_nlp/data/raw/감사보고서_2017.htm,2026-03-31T07:17:32.440029+00:00
292,2017,balance_sheet,5. 장기선급비용,"["""", ""3,031,327"", """", ""3,507,399"", """"]",/Users/june_kim/samsung_audit_nlp/data/raw/감사보고서_2017.htm,2026-03-31T07:17:32.440029+00:00
293,2017,balance_sheet,6. 순확정급여자산,"[""17"", ""811,210"", """", ""557,091"", """"]",/Users/june_kim/samsung_audit_nlp/data/raw/감사보고서_2017.htm,2026-03-31T07:17:32.440029+00:00
294,2017,balance_sheet,7. 이연법인세자산,"[""28"", ""586,161"", """", ""110,239"", """"]",/Users/june_kim/samsung_audit_nlp/data/raw/감사보고서_2017.htm,2026-03-31T07:17:32.440029+00:00
295,2017,balance_sheet,8. 기타비유동자산,"[""6"", ""1,368,365"", """", ""869,360"", """"]",/Users/june_kim/samsung_audit_nlp/data/raw/감사보고서_2017.htm,2026-03-31T07:17:32.440029+00:00
296,2017,balance_sheet,자 산 총 계,"["""", """", ""198,241,360"", """", ""174,802,959""]",/Users/june_kim/samsung_audit_nlp/data/raw/감사보고서_2017.htm,2026-03-31T07:17:32.440029+00:00
297,2017,balance_sheet,부 채,"["""", """", """", """", """"]",/Users/june_kim/samsung_audit_nlp/data/raw/감사보고서_2017.htm,2026-03-31T07:17:32.440029+00:00
298,2017,balance_sheet,Ⅰ. 유 동 부 채,"["""", """", ""44,495,084"", """", ""34,076,122""]",/Users/june_kim/samsung_audit_nlp/data/raw/감사보고서_2017.htm,2026-03-31T07:17:32.440029+00:00
299,2017,balance_sheet,1. 매입채무,"[""6, 31"", ""6,398,629"", """", ""6,162,650"", """"]",/Users/june_kim/samsung_audit_nlp/data/raw/감사보고서_2017.htm,2026-03-31T07:17:32.440029+00:00
300,2017,balance_sheet,2. 단기차입금,"[""6, 8, 15, 31"", ""12,229,701"", """", ""9,061,167"", """"]",/Users/june_kim/samsung_audit_nlp/data/raw/감사보고서_2017.htm,2026-03-31T07:17:32.440029+00:00
301,2017,balance_sheet,3. 미지급금,"[""6, 31"", ""9,598,654"", """", ""7,635,740"", """"]",/Users/june_kim/samsung_audit_nlp/data/raw/감사보고서_2017.htm,2026-03-31T07:17:32.440029+00:00
302,2017,balance_sheet,4. 선수금,"["""", ""214,007"", """", ""200,445"", """"]",/Users/june_kim/samsung_audit_nlp/data/raw/감사보고서_2017.htm,2026-03-31T07:17:32.440029+00:00
303,2017,balance_sheet,5. 예수금,"[""6"", ""500,740"", """", ""389,528"", """"]",/Users/june_kim/samsung_audit_nlp/data/raw/감사보고서_2017.htm,2026-03-31T07:17:32.440029+00:00
304,2017,balance_sheet,6. 미지급비용,"[""6"", ""6,657,674"", """", ""6,284,646"", """"]",/Users/june_kim/samsung_audit_nlp/data/raw/감사보고서_2017.htm,2026-03-31T07:17:32.440029+00:00
305,2017,balance_sheet,7. 미지급법인세,"["""", ""6,565,781"", """", ""2,055,829"", """"]",/Users/june_kim/samsung_audit_nlp/data/raw/감사보고서_2017.htm,2026-03-31T07:17:32.440029+00:00
306,2017,balance_sheet,8. 유동성장기부채,"[""6, 16, 31"", ""5,201"", """", ""5,854"", """"]",/Users/june_kim/samsung_audit_nlp/data/raw/감사보고서_2017.htm,2026-03-31T07:17:32.440029+00:00
307,2017,balance_sheet,9. 충당부채,"[""18"", ""2,273,688"", """", ""2,221,717"", """"]",/Users/june_kim/samsung_audit_nlp/data/raw/감사보고서_2017.htm,2026-03-31T07:17:32.440029+00:00
308,2017,balance_sheet,10. 기타유동부채,"["""", ""51,009"", """", ""58,546"", """"]",/Users/june_kim/samsung_audit_nlp/data/raw/감사보고서_2017.htm,2026-03-31T07:17:32.440029+00:00
309,2017,balance_sheet,Ⅱ. 비 유 동 부 채,"["""", """", ""2,176,501"", """", ""3,180,075""]",/Users/june_kim/samsung_audit_nlp/data/raw/감사보고서_2017.htm,2026-03-31T07:17:32.440029+00:00
310,2017,balance_sheet,1. 사채,"[""6, 16, 31"", ""46,808"", """", ""58,542"", """"]",/Users/june_kim/samsung_audit_nlp/data/raw/감사보고서_2017.htm,2026-03-31T07:17:32.440029+00:00
311,2017,balance_sheet,2. 장기미지급금,"[""6, 31"", ""1,750,379"", """", ""2,808,460"", """"]",/Users/june_kim/samsung_audit_nlp/data/raw/감사보고서_2017.htm,2026-03-31T07:17:32.440029+00:00
312,2017,balance_sheet,3. 장기충당부채,"[""18"", ""379,201"", """", ""312,467"", """"]",/Users/june_kim/samsung_audit_nlp/data/raw/감사보고서_2017.htm,2026-03-31T07:17:32.440029+00:00
313,2017,balance_sheet,4. 기타비유동부채,"["""", ""113"", """", ""606"", """"]",/Users/june_kim/samsung_audit_nlp/data/raw/감사보고서_2017.htm,2026-03-31T07:17:32.440029+00:00
314,2017,balance_sheet,부 채 총 계,"["""", """", ""46,671,585"", """", ""37,256,197""]",/Users/june_kim/samsung_audit_nlp/data/raw/감사보고서_2017.htm,2026-03-31T07:17:32.440029+00:00
315,2017,balance_sheet,자 본,"["""", """", """", """", """"]",/Users/june_kim/samsung_audit_nlp/data/raw/감사보고서_2017.htm,2026-03-31T07:17:32.440029+00:00
316,2017,balance_sheet,Ⅰ. 자본금,"[""20"", """", ""897,514"", """", ""897,514""]",/Users/june_kim/samsung_audit_nlp/data/raw/감사보고서_2017.htm,2026-03-31T07:17:32.440029+00:00
317,2017,balance_sheet,1. 우선주자본금,"["""", ""119,467"", """", ""119,467"", """"]",/Users/june_kim/samsung_audit_nlp/data/raw/감사보고서_2017.htm,2026-03-31T07:17:32.440029+00:00
318,2017,balance_sheet,2. 보통주자본금,"["""", ""778,047"", """", ""778,047"", """"]",/Users/june_kim/samsung_audit_nlp/data/raw/감사보고서_2017.htm,2026-03-31T07:17:32.440029+00:00
319,2017,balance_sheet,Ⅱ. 주식발행초과금,"["""", """", ""4,403,893"", """", ""4,403,893""]",/Users/june_kim/samsung_audit_nlp/data/raw/감사보고서_2017.htm,2026-03-31T07:17:32.440029+00:00
320,2017,balance_sheet,Ⅲ. 이익잉여금,"[""21"", """", ""150,928,724"", """", ""140,747,574""]",/Users/june_kim/samsung_audit_nlp/data/raw/감사보고서_2017.htm,2026-03-31T07:17:32.440029+00:00
321,2017,balance_sheet,Ⅳ. 기타자본항목,"[""23"", """", ""(4,660,356)"", """", ""(8,502,219)""]",/Users/june_kim/samsung_audit_nlp/data/raw/감사보고서_2017.htm,2026-03-31T07:17:32.440029+00:00
322,2017,balance_sheet,자 본 총 계,"["""", """", ""151,569,775"", """", ""137,546,762""]",/Users/june_kim/samsung_audit_nlp/data/raw/감사보고서_2017.htm,2026-03-31T07:17:32.440029+00:00
323,2017,balance_sheet,부채와자본총계,"["""", """", ""198,241,360"", """", ""174,802,959""]",/Users/june_kim/samsung_audit_nlp/data/raw/감사보고서_2017.htm,2026-03-31T07:17:32.440029+00:00
324,2017,income_statement,1. 당기법인세,"["""", """"]",/Users/june_kim/samsung_audit_nlp/data/raw/감사보고서_2017.htm,2026-03-31T07:17:32.440029+00:00
325,2017,income_statement,기간손익에 대한 당기법인세,"[""8,017,777"", ""2,730,152""]",/Users/june_kim/samsung_audit_nlp/data/raw/감사보고서_2017.htm,2026-03-31T07:17:32.440029+00:00
326,2017,income_statement,당기에 인식한 조정사항,"[""281,372"", ""(242,141)""]",/Users/june_kim/samsung_audit_nlp/data/raw/감사보고서_2017.htm,2026-03-31T07:17:32.440029+00:00
327,2017,income_statement,2. 이연법인세,"["""", """"]",/Users/june_kim/samsung_audit_nlp/data/raw/감사보고서_2017.htm,2026-03-31T07:17:32.440029+00:00
328,2017,income_statement,세액공제의 이월로 인한 이연법인세변동액,"[""27,302"", ""6,064""]",/Users/june_kim/samsung_audit_nlp/data/raw/감사보고서_2017.htm,2026-03-31T07:17:32.440029+00:00
329,2017,income_statement,일시적차이로 인한 이연법인세변동액,"[""(593,736)"", ""651,250""]",/Users/june_kim/samsung_audit_nlp/data/raw/감사보고서_2017.htm,2026-03-31T07:17:32.440029+00:00
330,2017,income_statement,3. 자본에 직접 부가되는 법인세부담액,"[""-"", ""-""]",/Users/june_kim/samsung_audit_nlp/data/raw/감사보고서_2017.htm,2026-03-31T07:17:32.440029+00:00
331,2017,income_statement,법인세비용,"[""7,732,715"", ""3,145,325""]",/Users/june_kim/samsung_audit_nlp/data/raw/감사보고서_2017.htm,2026-03-31T07:17:32.440029+00:00
332,2017,cash_flow,Ⅰ. 영업활동 현금흐름,"["""", """", ""38,906,190"", """", ""23,984,804""]",/Users/june_kim/samsung_audit_nlp/data/raw/감사보고서_2017.htm,2026-03-31T07:17:32.440029+00:00
333,2017,cash_flow,1. 영업에서 창출된 현금흐름,"["""", ""41,350,471"", """", ""24,901,464"", """"]",/Users/june_kim/samsung_audit_nlp/data/raw/감사보고서_2017.htm,2026-03-31T07:17:32.440029+00:00
334,2017,cash_flow,가. 당기순이익,"["""", ""28,800,837"", """", ""11,579,749"", """"]",/Users/june_kim/samsung_audit_nlp/data/raw/감사보고서_2017.htm,2026-03-31T07:17:32.440029+00:00
335,2017,cash_flow,나. 조정,"[""30"", ""18,012,976"", """", ""14,910,093"", """"]",/Users/june_kim/samsung_audit_nlp/data/raw/감사보고서_2017.htm,2026-03-31T07:17:32.440029+00:00
336,2017,cash_flow,다. 영업활동으로 인한 자산부채의 변동,"[""30"", ""(5,463,342)"", """", ""(1,588,378)"", """"]",/Users/june_kim/samsung_audit_nlp/data/raw/감사보고서_2017.htm,2026-03-31T07:17:32.440029+00:00
337,2017,cash_flow,2. 이자의 수취,"["""", ""491,501"", """", ""622,118"", """"]",/Users/june_kim/samsung_audit_nlp/data/raw/감사보고서_2017.htm,2026-03-31T07:17:32.440029+00:00
338,2017,cash_flow,3. 이자의 지급,"["""", ""(265,364)"", """", ""(208,010)"", """"]",/Users/june_kim/samsung_audit_nlp/data/raw/감사보고서_2017.htm,2026-03-31T07:17:32.440029+00:00
339,2017,cash_flow,4. 배당금 수입,"["""", ""1,118,779"", """", ""903,758"", """"]",/Users/june_kim/samsung_audit_nlp/data/raw/감사보고서_2017.htm,2026-03-31T07:17:32.440029+00:00
340,2017,cash_flow,5. 법인세 납부액,"["""", ""(3,789,197)"", """", ""(2,234,526)"", """"]",/Users/june_kim/samsung_audit_nlp/data/raw/감사보고서_2017.htm,2026-03-31T07:17:32.440029+00:00
341,2017,cash_flow,Ⅱ. 투자활동 현금흐름,"["""", """", ""(28,118,806)"", """", ""(14,240,450)""]",/Users/june_kim/samsung_audit_nlp/data/raw/감사보고서_2017.htm,2026-03-31T07:17:32.440029+00:00
342,2017,cash_flow,1. 단기금융상품의 순감소(증가),"["""", ""2,960,592"", """", ""(1,407,068)"", """"]",/Users/june_kim/samsung_audit_nlp/data/raw/감사보고서_2017.htm,2026-03-31T07:17:32.440029+00:00
343,2017,cash_flow,2. 단기매도가능금융자산의 처분,"["""", ""-"", """", ""3,010,003"", """"]",/Users/june_kim/samsung_audit_nlp/data/raw/감사보고서_2017.htm,2026-03-31T07:17:32.440029+00:00
344,2017,cash_flow,3. 장기금융상품의 처분,"["""", ""1,700,000"", """", ""700,000"", """"]",/Users/june_kim/samsung_audit_nlp/data/raw/감사보고서_2017.htm,2026-03-31T07:17:32.440029+00:00
345,2017,cash_flow,4. 장기금융상품의 취득,"["""", ""(500,000)"", """", ""(1,700,000)"", """"]",/Users/june_kim/samsung_audit_nlp/data/raw/감사보고서_2017.htm,2026-03-31T07:17:32.440029+00:00
346,2017,cash_flow,5. 장기매도가능금융자산의 처분,"["""", ""98,265"", """", ""692,547"", """"]",/Users/june_kim/samsung_audit_nlp/data/raw/감사보고서_2017.htm,2026-03-31T07:17:32.440029+00:00
347,2017,cash_flow,6. 장기매도가능금융자산의 취득,"["""", ""(163,765)"", """", ""(477,744)"", """"]",/Users/june_kim/samsung_audit_nlp/data/raw/감사보고서_2017.htm,2026-03-31T07:17:32.440029+00:00
348,2017,cash_flow,"7. 종속기업, 관계기업 및 공동기업 투자의 처분","["""", ""1,438,362"", """", ""2,416,678"", """"]",/Users/june_kim/samsung_audit_nlp/data/raw/감사보고서_2017.htm,2026-03-31T07:17:32.440029+00:00
349,2017,cash_flow,"8. 종속기업, 관계기업 및 공동기업 투자의 취득","["""", ""(7,492,843)"", """", ""(4,648,008)"", """"]",/Users/june_kim/samsung_audit_nlp/data/raw/감사보고서_2017.htm,2026-03-31T07:17:32.440029+00:00
350,2017,cash_flow,9. 유형자산의 처분,"["""", ""244,033"", """", ""335,288"", """"]",/Users/june_kim/samsung_audit_nlp/data/raw/감사보고서_2017.htm,2026-03-31T07:17:32.440029+00:00
351,2017,cash_flow,10. 유형자산의 취득,"["""", ""(25,641,229)"", """", ""(12,161,084)"", """"]",/Users/june_kim/samsung_audit_nlp/data/raw/감사보고서_2017.htm,2026-03-31T07:17:32.440029+00:00
352,2017,cash_flow,11. 무형자산의 처분,"["""", ""456"", """", ""6,357"", """"]",/Users/june_kim/samsung_audit_nlp/data/raw/감사보고서_2017.htm,2026-03-31T07:17:32.440029+00:00
353,2017,cash_flow,12. 무형자산의 취득,"["""", ""(843,096)"", """", ""(1,046,676)"", """"]",/Users/june_kim/samsung_audit_nlp/data/raw/감사보고서_2017.htm,2026-03-31T07:17:32.440029+00:00
354,2017,cash_flow,13. 현금의 기타유입,"["""", ""80,419"", """", ""39,257"", """"]",/Users/june_kim/samsung_audit_nlp/data/raw/감사보고서_2017.htm,2026-03-31T07:17:32.440029+00:00
355,2017,cash_flow,Ⅲ. 재무활동 현금흐름,"["""", """", ""(11,801,987)"", """", ""(9,037,006)""]",/Users/june_kim/samsung_audit_nlp/data/raw/감사보고서_2017.htm,2026-03-31T07:17:32.440029+00:00
356,2017,cash_flow,1. 단기차입금의 순증가,"["""", ""3,300,611"", """", ""1,737,871"", """"]",/Users/june_kim/samsung_audit_nlp/data/raw/감사보고서_2017.htm,2026-03-31T07:17:32.440029+00:00
357,2017,cash_flow,2. 자기주식의 취득,"["""", ""(8,350,424)"", """", ""(7,707,938)"", """"]",/Users/june_kim/samsung_audit_nlp/data/raw/감사보고서_2017.htm,2026-03-31T07:17:32.440029+00:00
358,2017,cash_flow,3. 사채의 상환,"["""", ""(6,043)"", """", ""(5,860)"", """"]",/Users/june_kim/samsung_audit_nlp/data/raw/감사보고서_2017.htm,2026-03-31T07:17:32.440029+00:00
359,2017,cash_flow,4. 배당금의 지급,"["""", ""(6,746,131)"", """", ""(3,061,079)"", """"]",/Users/june_kim/samsung_audit_nlp/data/raw/감사보고서_2017.htm,2026-03-31T07:17:32.440029+00:00
360,2017,cash_flow,Ⅳ. 외화환산으로 인한 현금의 변동,"["""", """", ""-"", """", ""8,063""]",/Users/june_kim/samsung_audit_nlp/data/raw/감사보고서_2017.htm,2026-03-31T07:17:32.440029+00:00
361,2017,cash_flow,Ⅴ. 현금및현금성자산의 (감소)증가 (Ⅰ+Ⅱ+Ⅲ+Ⅳ),"["""", """", ""(1,014,603)"", """", ""715,411""]",/Users/june_kim/samsung_audit_nlp/data/raw/감사보고서_2017.htm,2026-03-31T07:17:32.440029+00:00
362,2017,cash_flow,Ⅵ. 기초의 현금및현금성자산,"["""", """", ""3,778,371"", """", ""3,062,960""]",/Users/june_kim/samsung_audit_nlp/data/raw/감사보고서_2017.htm,2026-03-31T07:17:32.440029+00:00
363,2017,cash_flow,Ⅶ. 기말의 현금및현금성자산,"["""", """", ""2,763,768"", """", ""3,778,371""]",/Users/june_kim/samsung_audit_nlp/data/raw/감사보고서_2017.htm,2026-03-31T07:17:32.440029+00:00
364,2018,balance_sheet,자 산,"["""", """", """", """", """"]",/Users/june_kim/samsung_audit_nlp/data/raw/감사보고서_2018.htm,2026-03-31T07:17:32.706926+00:00
365,2018,balance_sheet,Ⅰ. 유 동 자 산,"["""", """", ""80,039,455"", """", ""70,155,189""]",/Users/june_kim/samsung_audit_nlp/data/raw/감사보고서_2018.htm,2026-03-31T07:17:32.706926+00:00
366,2018,balance_sheet,1. 현금및현금성자산,"[""4, 6, 31"", ""2,607,957"", """", ""2,763,768"", """"]",/Users/june_kim/samsung_audit_nlp/data/raw/감사보고서_2018.htm,2026-03-31T07:17:32.706926+00:00
367,2018,balance_sheet,2. 단기금융상품,"[""5, 6, 31"", ""34,113,871"", """", ""25,510,064"", """"]",/Users/june_kim/samsung_audit_nlp/data/raw/감사보고서_2018.htm,2026-03-31T07:17:32.706926+00:00
368,2018,balance_sheet,3. 매출채권,"[""6, 7, 10, 31"", ""24,933,267"", """", ""27,881,777"", """"]",/Users/june_kim/samsung_audit_nlp/data/raw/감사보고서_2018.htm,2026-03-31T07:17:32.706926+00:00
369,2018,balance_sheet,4. 미수금,"[""6, 10"", ""1,515,079"", """", ""2,201,402"", """"]",/Users/june_kim/samsung_audit_nlp/data/raw/감사보고서_2018.htm,2026-03-31T07:17:32.706926+00:00
370,2018,balance_sheet,5. 선급금,"["""", ""807,262"", """", ""1,097,598"", """"]",/Users/june_kim/samsung_audit_nlp/data/raw/감사보고서_2018.htm,2026-03-31T07:17:32.706926+00:00
371,2018,balance_sheet,6. 선급비용,"["""", ""2,230,628"", """", ""2,281,179"", """"]",/Users/june_kim/samsung_audit_nlp/data/raw/감사보고서_2018.htm,2026-03-31T07:17:32.706926+00:00
372,2018,balance_sheet,7. 재고자산,"[""11"", ""12,440,951"", """", ""7,837,144"", """"]",/Users/june_kim/samsung_audit_nlp/data/raw/감사보고서_2018.htm,2026-03-31T07:17:32.706926+00:00
373,2018,balance_sheet,8. 기타유동자산,"[""6"", ""1,390,440"", """", ""582,257"", """"]",/Users/june_kim/samsung_audit_nlp/data/raw/감사보고서_2018.htm,2026-03-31T07:17:32.706926+00:00
374,2018,balance_sheet,Ⅱ. 비 유 동 자 산,"["""", """", ""138,981,902"", """", ""128,086,171""]",/Users/june_kim/samsung_audit_nlp/data/raw/감사보고서_2018.htm,2026-03-31T07:17:32.706926+00:00
375,2018,balance_sheet,1. 장기매도가능금융자산,"[""6, 9, 31"", ""-"", """", ""973,353"", """"]",/Users/june_kim/samsung_audit_nlp/data/raw/감사보고서_2018.htm,2026-03-31T07:17:32.706926+00:00
376,2018,balance_sheet,2 . 기타포괄손익-공정가치금융자산,"[""6, 8, 31"", ""1,098,565"", """", ""-"", """"]",/Users/june_kim/samsung_audit_nlp/data/raw/감사보고서_2018.htm,2026-03-31T07:17:32.706926+00:00
377,2018,balance_sheet,3. 당기손익-공정가치금융자산,"[""6, 8, 31"", ""7,413"", """", ""-"", """"]",/Users/june_kim/samsung_audit_nlp/data/raw/감사보고서_2018.htm,2026-03-31T07:17:32.706926+00:00
378,2018,balance_sheet,"4. 종속기업, 관계기업 및 공동기업 투자","[""12"", ""55,959,745"", """", ""55,671,759"", """"]",/Users/june_kim/samsung_audit_nlp/data/raw/감사보고서_2018.htm,2026-03-31T07:17:32.706926+00:00
379,2018,balance_sheet,5. 유형자산,"[""13"", ""70,602,493"", """", ""62,816,961"", """"]",/Users/june_kim/samsung_audit_nlp/data/raw/감사보고서_2018.htm,2026-03-31T07:17:32.706926+00:00
380,2018,balance_sheet,6. 무형자산,"[""14"", ""2,901,476"", """", ""2,827,035"", """"]",/Users/june_kim/samsung_audit_nlp/data/raw/감사보고서_2018.htm,2026-03-31T07:17:32.706926+00:00
381,2018,balance_sheet,7. 장기선급비용,"["""", ""4,108,410"", """", ""3,031,327"", """"]",/Users/june_kim/samsung_audit_nlp/data/raw/감사보고서_2018.htm,2026-03-31T07:17:32.706926+00:00
382,2018,balance_sheet,8. 순확정급여자산,"[""17"", ""562,356"", """", ""811,210"", """"]",/Users/june_kim/samsung_audit_nlp/data/raw/감사보고서_2018.htm,2026-03-31T07:17:32.706926+00:00
383,2018,balance_sheet,9. 이연법인세자산,"[""28"", ""654,456"", """", ""586,161"", """"]",/Users/june_kim/samsung_audit_nlp/data/raw/감사보고서_2018.htm,2026-03-31T07:17:32.706926+00:00
384,2018,balance_sheet,10. 기타비유동자산,"[""6"", ""3,086,988"", """", ""1,368,365"", """"]",/Users/june_kim/samsung_audit_nlp/data/raw/감사보고서_2018.htm,2026-03-31T07:17:32.706926+00:00
385,2018,balance_sheet,자 산 총 계,"["""", """", ""219,021,357"", """", ""198,241,360""]",/Users/june_kim/samsung_audit_nlp/data/raw/감사보고서_2018.htm,2026-03-31T07:17:32.706926+00:00
386,2018,balance_sheet,부 채,"["""", """", """", """", """"]",/Users/june_kim/samsung_audit_nlp/data/raw/감사보고서_2018.htm,2026-03-31T07:17:32.706926+00:00
387,2018,balance_sheet,Ⅰ. 유 동 부 채,"["""", """", ""43,145,053"", """", ""44,495,084""]",/Users/june_kim/samsung_audit_nlp/data/raw/감사보고서_2018.htm,2026-03-31T07:17:32.706926+00:00
388,2018,balance_sheet,1. 매입채무,"[""6, 31"", ""7,315,631"", """", ""6,398,629"", """"]",/Users/june_kim/samsung_audit_nlp/data/raw/감사보고서_2018.htm,2026-03-31T07:17:32.706926+00:00
389,2018,balance_sheet,2. 단기차입금,"[""6, 7, 15, 31"", ""10,353,873"", """", ""12,229,701"", """"]",/Users/june_kim/samsung_audit_nlp/data/raw/감사보고서_2018.htm,2026-03-31T07:17:32.706926+00:00
390,2018,balance_sheet,3. 미지급금,"[""6, 31"", ""8,385,752"", """", ""9,598,654"", """"]",/Users/june_kim/samsung_audit_nlp/data/raw/감사보고서_2018.htm,2026-03-31T07:17:32.706926+00:00
391,2018,balance_sheet,4. 선수금,"[""20"", ""214,615"", """", ""214,007"", """"]",/Users/june_kim/samsung_audit_nlp/data/raw/감사보고서_2018.htm,2026-03-31T07:17:32.706926+00:00
392,2018,balance_sheet,5. 예수금,"[""6"", ""572,702"", """", ""500,740"", """"]",/Users/june_kim/samsung_audit_nlp/data/raw/감사보고서_2018.htm,2026-03-31T07:17:32.706926+00:00
393,2018,balance_sheet,6. 미지급비용,"[""6, 20"", ""6,129,837"", """", ""6,657,674"", """"]",/Users/june_kim/samsung_audit_nlp/data/raw/감사보고서_2018.htm,2026-03-31T07:17:32.706926+00:00
394,2018,balance_sheet,7. 미지급법인세,"["""", ""7,925,887"", """", ""6,565,781"", """"]",/Users/june_kim/samsung_audit_nlp/data/raw/감사보고서_2018.htm,2026-03-31T07:17:32.706926+00:00
395,2018,balance_sheet,8. 유동성장기부채,"[""6, 16, 31"", ""5,440"", """", ""5,201"", """"]",/Users/june_kim/samsung_audit_nlp/data/raw/감사보고서_2018.htm,2026-03-31T07:17:32.706926+00:00
396,2018,balance_sheet,9. 충당부채,"[""18"", ""2,135,314"", """", ""2,273,688"", """"]",/Users/june_kim/samsung_audit_nlp/data/raw/감사보고서_2018.htm,2026-03-31T07:17:32.706926+00:00
397,2018,balance_sheet,10. 기타유동부채,"[""20"", ""106,002"", """", ""51,009"", """"]",/Users/june_kim/samsung_audit_nlp/data/raw/감사보고서_2018.htm,2026-03-31T07:17:32.706926+00:00
398,2018,balance_sheet,Ⅱ. 비 유 동 부 채,"["""", """", ""2,888,179"", """", ""2,176,501""]",/Users/june_kim/samsung_audit_nlp/data/raw/감사보고서_2018.htm,2026-03-31T07:17:32.706926+00:00
399,2018,balance_sheet,1. 사채,"[""6, 16, 31"", ""43,516"", """", ""46,808"", """"]",/Users/june_kim/samsung_audit_nlp/data/raw/감사보고서_2018.htm,2026-03-31T07:17:32.706926+00:00
400,2018,balance_sheet,2. 장기미지급금,"[""6, 31"", ""2,472,416"", """", ""1,750,379"", """"]",/Users/june_kim/samsung_audit_nlp/data/raw/감사보고서_2018.htm,2026-03-31T07:17:32.706926+00:00
401,2018,balance_sheet,3. 장기충당부채,"[""18"", ""372,217"", """", ""379,201"", """"]",/Users/june_kim/samsung_audit_nlp/data/raw/감사보고서_2018.htm,2026-03-31T07:17:32.706926+00:00
402,2018,balance_sheet,4. 기타비유동부채,"[""20"", ""30"", """", ""113"", """"]",/Users/june_kim/samsung_audit_nlp/data/raw/감사보고서_2018.htm,2026-03-31T07:17:32.706926+00:00
403,2018,balance_sheet,부 채 총 계,"["""", """", ""46,033,232"", """", ""46,671,585""]",/Users/june_kim/samsung_audit_nlp/data/raw/감사보고서_2018.htm,2026-03-31T07:17:32.706926+00:00
404,2018,balance_sheet,자 본,"["""", """", """", """", """"]",/Users/june_kim/samsung_audit_nlp/data/raw/감사보고서_2018.htm,2026-03-31T07:17:32.706926+00:00
405,2018,balance_sheet,Ⅰ. 자본금,"[""21"", """", ""897,514"", """", ""897,514""]",/Users/june_kim/samsung_audit_nlp/data/raw/감사보고서_2018.htm,2026-03-31T07:17:32.706926+00:00
406,2018,balance_sheet,1. 우선주자본금,"["""", ""119,467"", """", ""119,467"", """"]",/Users/june_kim/samsung_audit_nlp/data/raw/감사보고서_2018.htm,2026-03-31T07:17:32.706926+00:00
407,2018,balance_sheet,2. 보통주자본금,"["""", ""778,047"", """", ""778,047"", """"]",/Users/june_kim/samsung_audit_nlp/data/raw/감사보고서_2018.htm,2026-03-31T07:17:32.706926+00:00
408,2018,balance_sheet,Ⅱ. 주식발행초과금,"["""", """", ""4,403,893"", """", ""4,403,893""]",/Users/june_kim/samsung_audit_nlp/data/raw/감사보고서_2018.htm,2026-03-31T07:17:32.706926+00:00
409,2018,balance_sheet,Ⅲ. 이익잉여금,"[""22"", """", ""166,555,532"", """", ""150,928,724""]",/Users/june_kim/samsung_audit_nlp/data/raw/감사보고서_2018.htm,2026-03-31T07:17:32.706926+00:00
410,2018,balance_sheet,Ⅳ. 기타자본항목,"[""23"", """", ""1,131,186"", """", ""(4,660,356)""]",/Users/june_kim/samsung_audit_nlp/data/raw/감사보고서_2018.htm,2026-03-31T07:17:32.706926+00:00
411,2018,balance_sheet,자 본 총 계,"["""", """", ""172,988,125"", """", ""151,569,775""]",/Users/june_kim/samsung_audit_nlp/data/raw/감사보고서_2018.htm,2026-03-31T07:17:32.706926+00:00
412,2018,balance_sheet,부채와자본총계,"["""", """", ""219,021,357"", """", ""198,241,360""]",/Users/june_kim/samsung_audit_nlp/data/raw/감사보고서_2018.htm,2026-03-31T07:17:32.706926+00:00
413,2018,income_statement,1. 당기법인세,"["""", """"]",/Users/june_kim/samsung_audit_nlp/data/raw/감사보고서_2018.htm,2026-03-31T07:17:32.706926+00:00
414,2018,income_statement,기간손익에 대한 당기법인세,"[""11,618,350"", ""8,017,777""]",/Users/june_kim/samsung_audit_nlp/data/raw/감사보고서_2018.htm,2026-03-31T07:17:32.706926+00:00
415,2018,income_statement,당기에 인식한 조정사항,"[""(108,805)"", ""281,372""]",/Users/june_kim/samsung_audit_nlp/data/raw/감사보고서_2018.htm,2026-03-31T07:17:32.706926+00:00
416,2018,income_statement,2. 이연법인세,"["""", """"]",/Users/june_kim/samsung_audit_nlp/data/raw/감사보고서_2018.htm,2026-03-31T07:17:32.706926+00:00
417,2018,income_statement,세액공제의 이월로 인한 이연법인세변동액,"[""(44,968)"", ""27,302""]",/Users/june_kim/samsung_audit_nlp/data/raw/감사보고서_2018.htm,2026-03-31T07:17:32.706926+00:00
418,2018,income_statement,일시적차이로 인한 이연법인세변동액,"[""119,151"", ""(593,736)""]",/Users/june_kim/samsung_audit_nlp/data/raw/감사보고서_2018.htm,2026-03-31T07:17:32.706926+00:00
419,2018,income_statement,3. 자본에 직접 부가되는 법인세부담액,"[""-"", ""-""]",/Users/june_kim/samsung_audit_nlp/data/raw/감사보고서_2018.htm,2026-03-31T07:17:32.706926+00:00
420,2018,income_statement,법인세비용,"[""11,583,728"", ""7,732,715""]",/Users/june_kim/samsung_audit_nlp/data/raw/감사보고서_2018.htm,2026-03-31T07:17:32.706926+00:00
421,2018,cash_flow,Ⅰ. 영업활동 현금흐름,"["""", """", ""44,341,217"", """", ""38,906,190""]",/Users/june_kim/samsung_audit_nlp/data/raw/감사보고서_2018.htm,2026-03-31T07:17:32.706926+00:00
422,2018,cash_flow,1. 영업에서 창출된 현금흐름,"["""", ""53,596,311"", """", ""41,350,471"", """"]",/Users/june_kim/samsung_audit_nlp/data/raw/감사보고서_2018.htm,2026-03-31T07:17:32.706926+00:00
423,2018,cash_flow,가. 당기순이익,"["""", ""32,815,127"", """", ""28,800,837"", """"]",/Users/june_kim/samsung_audit_nlp/data/raw/감사보고서_2018.htm,2026-03-31T07:17:32.706926+00:00
424,2018,cash_flow,나. 조정,"[""30"", ""27,095,149"", """", ""18,012,976"", """"]",/Users/june_kim/samsung_audit_nlp/data/raw/감사보고서_2018.htm,2026-03-31T07:17:32.706926+00:00
425,2018,cash_flow,다. 영업활동으로 인한 자산부채의 변동,"[""30"", ""(6,313,965)"", """", ""(5,463,342)"", """"]",/Users/june_kim/samsung_audit_nlp/data/raw/감사보고서_2018.htm,2026-03-31T07:17:32.706926+00:00
426,2018,cash_flow,2. 이자의 수취,"["""", ""459,074"", """", ""491,501"", """"]",/Users/june_kim/samsung_audit_nlp/data/raw/감사보고서_2018.htm,2026-03-31T07:17:32.706926+00:00
427,2018,cash_flow,3. 이자의 지급,"["""", ""(343,270)"", """", ""(265,364)"", """"]",/Users/june_kim/samsung_audit_nlp/data/raw/감사보고서_2018.htm,2026-03-31T07:17:32.706926+00:00
428,2018,cash_flow,4. 배당금 수입,"["""", ""779,567"", """", ""1,118,779"", """"]",/Users/june_kim/samsung_audit_nlp/data/raw/감사보고서_2018.htm,2026-03-31T07:17:32.706926+00:00
429,2018,cash_flow,5. 법인세 납부액,"["""", ""(10,150,465)"", """", ""(3,789,197)"", """"]",/Users/june_kim/samsung_audit_nlp/data/raw/감사보고서_2018.htm,2026-03-31T07:17:32.706926+00:00
430,2018,cash_flow,Ⅱ. 투자활동 현금흐름,"["""", """", ""(31,678,548)"", """", ""(28,118,806)""]",/Users/june_kim/samsung_audit_nlp/data/raw/감사보고서_2018.htm,2026-03-31T07:17:32.706926+00:00
431,2018,cash_flow,1. 단기금융상품의 순(증가)감소,"["""", ""(7,203,807)"", """", ""2,960,592"", """"]",/Users/june_kim/samsung_audit_nlp/data/raw/감사보고서_2018.htm,2026-03-31T07:17:32.706926+00:00
432,2018,cash_flow,2. 장기금융상품의 처분,"["""", ""-"", """", ""1,700,000"", """"]",/Users/june_kim/samsung_audit_nlp/data/raw/감사보고서_2018.htm,2026-03-31T07:17:32.706926+00:00
433,2018,cash_flow,3. 장기금융상품의 취득,"["""", ""(1,860,000)"", """", ""(500,000)"", """"]",/Users/june_kim/samsung_audit_nlp/data/raw/감사보고서_2018.htm,2026-03-31T07:17:32.706926+00:00
434,2018,cash_flow,4. 장기매도가능금융자산의 처분,"["""", ""-"", """", ""98,265"", """"]",/Users/june_kim/samsung_audit_nlp/data/raw/감사보고서_2018.htm,2026-03-31T07:17:32.706926+00:00
435,2018,cash_flow,5. 장기매도가능금융자산의 취득,"["""", ""-"", """", ""(163,765)"", """"]",/Users/june_kim/samsung_audit_nlp/data/raw/감사보고서_2018.htm,2026-03-31T07:17:32.706926+00:00
436,2018,cash_flow,6. 기타포괄손익-공정가치금융자산의 처분,"["""", ""7,345"", """", ""-"", """"]",/Users/june_kim/samsung_audit_nlp/data/raw/감사보고서_2018.htm,2026-03-31T07:17:32.706926+00:00
437,2018,cash_flow,7. 기타포괄손익-공정가치금융자산의 취득,"["""", ""(204,055)"", """", ""-"", """"]",/Users/june_kim/samsung_audit_nlp/data/raw/감사보고서_2018.htm,2026-03-31T07:17:32.706926+00:00
438,2018,cash_flow,8. 당기손익-공정가치금융자산의 처분,"["""", ""7,421"", """", ""-"", """"]",/Users/june_kim/samsung_audit_nlp/data/raw/감사보고서_2018.htm,2026-03-31T07:17:32.706926+00:00
439,2018,cash_flow,9. 당기손익-공정가치금융자산의 취득,"["""", ""(1,776)"", """", ""-"", """"]",/Users/june_kim/samsung_audit_nlp/data/raw/감사보고서_2018.htm,2026-03-31T07:17:32.706926+00:00
440,2018,cash_flow,"10. 종속기업, 관계기업 및 공동기업 투자의 처분","["""", ""25,846"", """", ""1,438,362"", """"]",/Users/june_kim/samsung_audit_nlp/data/raw/감사보고서_2018.htm,2026-03-31T07:17:32.706926+00:00
441,2018,cash_flow,"11. 종속기업, 관계기업 및 공동기업 투자의 취득","["""", ""(520,660)"", """", ""(7,492,843)"", """"]",/Users/june_kim/samsung_audit_nlp/data/raw/감사보고서_2018.htm,2026-03-31T07:17:32.706926+00:00
442,2018,cash_flow,12. 유형자산의 처분,"["""", ""340,558"", """", ""244,033"", """"]",/Users/june_kim/samsung_audit_nlp/data/raw/감사보고서_2018.htm,2026-03-31T07:17:32.706926+00:00
443,2018,cash_flow,13. 유형자산의 취득,"["""", ""(21,387,378)"", """", ""(25,641,229)"", """"]",/Users/june_kim/samsung_audit_nlp/data/raw/감사보고서_2018.htm,2026-03-31T07:17:32.706926+00:00
444,2018,cash_flow,14. 무형자산의 처분,"["""", ""706"", """", ""456"", """"]",/Users/june_kim/samsung_audit_nlp/data/raw/감사보고서_2018.htm,2026-03-31T07:17:32.706926+00:00
445,2018,cash_flow,15. 무형자산의 취득,"["""", ""(880,032)"", """", ""(843,096)"", """"]",/Users/june_kim/samsung_audit_nlp/data/raw/감사보고서_2018.htm,2026-03-31T07:17:32.706926+00:00
446,2018,cash_flow,16. 현금의 기타유출입,"["""", ""(2,716)"", """", ""80,419"", """"]",/Users/june_kim/samsung_audit_nlp/data/raw/감사보고서_2018.htm,2026-03-31T07:17:32.706926+00:00
447,2018,cash_flow,Ⅲ. 재무활동 현금흐름,"["""", """", ""(12,818,480)"", """", ""(11,801,987)""]",/Users/june_kim/samsung_audit_nlp/data/raw/감사보고서_2018.htm,2026-03-31T07:17:32.706926+00:00
448,2018,cash_flow,1. 단기차입금의 순(감소)증가,"[""30"", ""(1,796,186)"", """", ""3,300,611"", """"]",/Users/june_kim/samsung_audit_nlp/data/raw/감사보고서_2018.htm,2026-03-31T07:17:32.706926+00:00
449,2018,cash_flow,2. 자기주식의 취득,"["""", ""(875,111)"", """", ""(8,350,424)"", """"]",/Users/june_kim/samsung_audit_nlp/data/raw/감사보고서_2018.htm,2026-03-31T07:17:32.706926+00:00
450,2018,cash_flow,3. 사채의 상환,"[""30"", ""(5,357)"", """", ""(6,043)"", """"]",/Users/june_kim/samsung_audit_nlp/data/raw/감사보고서_2018.htm,2026-03-31T07:17:32.706926+00:00
451,2018,cash_flow,4. 배당금의 지급,"["""", ""(10,141,826)"", """", ""(6,746,131)"", """"]",/Users/june_kim/samsung_audit_nlp/data/raw/감사보고서_2018.htm,2026-03-31T07:17:32.706926+00:00
452,2018,cash_flow,Ⅳ. 외화환산으로 인한 현금의 변동,"["""", """", ""-"", """", ""-""]",/Users/june_kim/samsung_audit_nlp/data/raw/감사보고서_2018.htm,2026-03-31T07:17:32.706926+00:00
453,2018,cash_flow,Ⅴ. 현금및현금성자산의 감소 (Ⅰ+Ⅱ+Ⅲ+Ⅳ),"["""", """", ""(155,811)"", """", ""(1,014,603)""]",/Users/june_kim/samsung_audit_nlp/data/raw/감사보고서_2018.htm,2026-03-31T07:17:32.706926+00:00
454,2018,cash_flow,Ⅵ. 기초의 현금및현금성자산,"["""", """", ""2,763,768"", """", ""3,778,371""]",/Users/june_kim/samsung_audit_nlp/data/raw/감사보고서_2018.htm,2026-03-31T07:17:32.706926+00:00
455,2018,cash_flow,Ⅶ. 기말의 현금및현금성자산,"["""", """", ""2,607,957"", """", ""2,763,768""]",/Users/june_kim/samsung_audit_nlp/data/raw/감사보고서_2018.htm,2026-03-31T07:17:32.706926+00:00
456,2019,balance_sheet,자 산,"["""", """", """", """", """"]",/Users/june_kim/samsung_audit_nlp/data/raw/감사보고서_2019.htm,2026-03-31T07:17:32.927244+00:00
457,2019,balance_sheet,Ⅰ. 유 동 자 산,"["""", """", ""72,659,080"", """", ""80,039,455""]",/Users/june_kim/samsung_audit_nlp/data/raw/감사보고서_2019.htm,2026-03-31T07:17:32.927244+00:00
458,2019,balance_sheet,1. 현금및현금성자산,"[""4, 6, 30"", ""2,081,917"", """", ""2,607,957"", """"]",/Users/june_kim/samsung_audit_nlp/data/raw/감사보고서_2019.htm,2026-03-31T07:17:32.927244+00:00
459,2019,balance_sheet,2. 단기금융상품,"[""5, 6, 30"", ""26,501,392"", """", ""34,113,871"", """"]",/Users/june_kim/samsung_audit_nlp/data/raw/감사보고서_2019.htm,2026-03-31T07:17:32.927244+00:00
460,2019,balance_sheet,3. 매출채권,"[""6, 7, 9, 30"", ""26,255,438"", """", ""24,933,267"", """"]",/Users/june_kim/samsung_audit_nlp/data/raw/감사보고서_2019.htm,2026-03-31T07:17:32.927244+00:00
461,2019,balance_sheet,4. 미수금,"[""6, 9"", ""2,406,795"", """", ""1,515,079"", """"]",/Users/june_kim/samsung_audit_nlp/data/raw/감사보고서_2019.htm,2026-03-31T07:17:32.927244+00:00
462,2019,balance_sheet,5. 선급금,"["""", ""908,288"", """", ""807,262"", """"]",/Users/june_kim/samsung_audit_nlp/data/raw/감사보고서_2019.htm,2026-03-31T07:17:32.927244+00:00
463,2019,balance_sheet,6. 선급비용,"["""", ""813,651"", """", ""2,230,628"", """"]",/Users/june_kim/samsung_audit_nlp/data/raw/감사보고서_2019.htm,2026-03-31T07:17:32.927244+00:00
464,2019,balance_sheet,7. 재고자산,"[""10"", ""12,201,712"", """", ""12,440,951"", """"]",/Users/june_kim/samsung_audit_nlp/data/raw/감사보고서_2019.htm,2026-03-31T07:17:32.927244+00:00
465,2019,balance_sheet,8. 기타유동자산,"[""6"", ""1,489,887"", """", ""1,390,440"", """"]",/Users/june_kim/samsung_audit_nlp/data/raw/감사보고서_2019.htm,2026-03-31T07:17:32.927244+00:00
466,2019,balance_sheet,Ⅱ. 비 유 동 자 산,"["""", """", ""143,521,840"", """", ""138,981,902""]",/Users/june_kim/samsung_audit_nlp/data/raw/감사보고서_2019.htm,2026-03-31T07:17:32.927244+00:00
467,2019,balance_sheet,1 . 기타포괄손익-공정가치금융자산,"[""6, 8, 30"", ""1,206,080"", """", ""1,098,565"", """"]",/Users/june_kim/samsung_audit_nlp/data/raw/감사보고서_2019.htm,2026-03-31T07:17:32.927244+00:00
468,2019,balance_sheet,2. 당기손익-공정가치금융자산,"[""6, 8, 30"", ""3,181"", """", ""7,413"", """"]",/Users/june_kim/samsung_audit_nlp/data/raw/감사보고서_2019.htm,2026-03-31T07:17:32.927244+00:00
469,2019,balance_sheet,"3. 종속기업, 관계기업 및 공동기업 투자","[""11"", ""56,571,252"", """", ""55,959,745"", """"]",/Users/june_kim/samsung_audit_nlp/data/raw/감사보고서_2019.htm,2026-03-31T07:17:32.927244+00:00
470,2019,balance_sheet,4. 유형자산,"[""12"", ""74,090,275"", """", ""70,602,493"", """"]",/Users/june_kim/samsung_audit_nlp/data/raw/감사보고서_2019.htm,2026-03-31T07:17:32.927244+00:00
471,2019,balance_sheet,5. 무형자산,"[""13"", ""8,008,653"", """", ""2,901,476"", """"]",/Users/june_kim/samsung_audit_nlp/data/raw/감사보고서_2019.htm,2026-03-31T07:17:32.927244+00:00
472,2019,balance_sheet,6. 순확정급여자산,"[""16"", ""486,855"", """", ""562,356"", """"]",/Users/june_kim/samsung_audit_nlp/data/raw/감사보고서_2019.htm,2026-03-31T07:17:32.927244+00:00
473,2019,balance_sheet,7. 이연법인세자산,"[""27"", ""547,176"", """", ""654,456"", """"]",/Users/june_kim/samsung_audit_nlp/data/raw/감사보고서_2019.htm,2026-03-31T07:17:32.927244+00:00
474,2019,balance_sheet,8. 기타비유동자산,"[""6"", ""2,608,368"", """", ""7,195,398"", """"]",/Users/june_kim/samsung_audit_nlp/data/raw/감사보고서_2019.htm,2026-03-31T07:17:32.927244+00:00
475,2019,balance_sheet,자 산 총 계,"["""", """", ""216,180,920"", """", ""219,021,357""]",/Users/june_kim/samsung_audit_nlp/data/raw/감사보고서_2019.htm,2026-03-31T07:17:32.927244+00:00
476,2019,balance_sheet,부 채,"["""", """", """", """", """"]",/Users/june_kim/samsung_audit_nlp/data/raw/감사보고서_2019.htm,2026-03-31T07:17:32.927244+00:00
477,2019,balance_sheet,Ⅰ. 유 동 부 채,"["""", """", ""36,237,164"", """", ""43,145,053""]",/Users/june_kim/samsung_audit_nlp/data/raw/감사보고서_2019.htm,2026-03-31T07:17:32.927244+00:00
478,2019,balance_sheet,1. 매입채무,"[""6, 30"", ""7,547,273"", """", ""7,315,631"", """"]",/Users/june_kim/samsung_audit_nlp/data/raw/감사보고서_2019.htm,2026-03-31T07:17:32.927244+00:00
479,2019,balance_sheet,2. 단기차입금,"[""6, 7, 14, 30"", ""10,228,216"", """", ""10,353,873"", """"]",/Users/june_kim/samsung_audit_nlp/data/raw/감사보고서_2019.htm,2026-03-31T07:17:32.927244+00:00
480,2019,balance_sheet,3. 미지급금,"[""6, 30"", ""9,142,890"", """", ""8,385,752"", """"]",/Users/june_kim/samsung_audit_nlp/data/raw/감사보고서_2019.htm,2026-03-31T07:17:32.927244+00:00
481,2019,balance_sheet,4. 선수금,"[""19"", ""355,562"", """", ""214,615"", """"]",/Users/june_kim/samsung_audit_nlp/data/raw/감사보고서_2019.htm,2026-03-31T07:17:32.927244+00:00
482,2019,balance_sheet,5. 예수금,"[""6"", ""383,450"", """", ""572,702"", """"]",/Users/june_kim/samsung_audit_nlp/data/raw/감사보고서_2019.htm,2026-03-31T07:17:32.927244+00:00
483,2019,balance_sheet,6. 미지급비용,"[""6, 19"", ""5,359,291"", """", ""6,129,837"", """"]",/Users/june_kim/samsung_audit_nlp/data/raw/감사보고서_2019.htm,2026-03-31T07:17:32.927244+00:00
484,2019,balance_sheet,7. 당기법인세부채,"["""", ""788,846"", """", ""7,925,887"", """"]",/Users/june_kim/samsung_audit_nlp/data/raw/감사보고서_2019.htm,2026-03-31T07:17:32.927244+00:00
485,2019,balance_sheet,8. 유동성장기부채,"[""6, 14, 15, 30"", ""153,942"", """", ""5,440"", """"]",/Users/june_kim/samsung_audit_nlp/data/raw/감사보고서_2019.htm,2026-03-31T07:17:32.927244+00:00
486,2019,balance_sheet,9. 충당부채,"[""17"", ""2,042,039"", """", ""2,135,314"", """"]",/Users/june_kim/samsung_audit_nlp/data/raw/감사보고서_2019.htm,2026-03-31T07:17:32.927244+00:00
487,2019,balance_sheet,10. 기타유동부채,"[""19"", ""235,655"", """", ""106,002"", """"]",/Users/june_kim/samsung_audit_nlp/data/raw/감사보고서_2019.htm,2026-03-31T07:17:32.927244+00:00
488,2019,balance_sheet,Ⅱ. 비 유 동 부 채,"["""", """", ""2,073,509"", """", ""2,888,179""]",/Users/june_kim/samsung_audit_nlp/data/raw/감사보고서_2019.htm,2026-03-31T07:17:32.927244+00:00
489,2019,balance_sheet,1. 사채,"[""6, 15, 30"", ""39,520"", """", ""43,516"", """"]",/Users/june_kim/samsung_audit_nlp/data/raw/감사보고서_2019.htm,2026-03-31T07:17:32.927244+00:00
490,2019,balance_sheet,2. 장기차입금,"[""6, 14, 30"", ""174,651"", """", ""-"", """"]",/Users/june_kim/samsung_audit_nlp/data/raw/감사보고서_2019.htm,2026-03-31T07:17:32.927244+00:00
491,2019,balance_sheet,3. 장기미지급금,"[""6, 30"", ""1,574,535"", """", ""2,472,416"", """"]",/Users/june_kim/samsung_audit_nlp/data/raw/감사보고서_2019.htm,2026-03-31T07:17:32.927244+00:00
492,2019,balance_sheet,4. 장기충당부채,"[""17"", ""283,508"", """", ""372,217"", """"]",/Users/june_kim/samsung_audit_nlp/data/raw/감사보고서_2019.htm,2026-03-31T07:17:32.927244+00:00
493,2019,balance_sheet,5. 기타비유동부채,"[""19"", ""1,295"", """", ""30"", """"]",/Users/june_kim/samsung_audit_nlp/data/raw/감사보고서_2019.htm,2026-03-31T07:17:32.927244+00:00
494,2019,balance_sheet,부 채 총 계,"["""", """", ""38,310,673"", """", ""46,033,232""]",/Users/june_kim/samsung_audit_nlp/data/raw/감사보고서_2019.htm,2026-03-31T07:17:32.927244+00:00
495,2019,balance_sheet,자 본,"["""", """", """", """", """"]",/Users/june_kim/samsung_audit_nlp/data/raw/감사보고서_2019.htm,2026-03-31T07:17:32.927244+00:00
496,2019,balance_sheet,Ⅰ. 자본금,"[""20"", """", ""897,514"", """", ""897,514""]",/Users/june_kim/samsung_audit_nlp/data/raw/감사보고서_2019.htm,2026-03-31T07:17:32.927244+00:00
497,2019,balance_sheet,1. 우선주자본금,"["""", ""119,467"", """", ""119,467"", """"]",/Users/june_kim/samsung_audit_nlp/data/raw/감사보고서_2019.htm,2026-03-31T07:17:32.927244+00:00
498,2019,balance_sheet,2. 보통주자본금,"["""", ""778,047"", """", ""778,047"", """"]",/Users/june_kim/samsung_audit_nlp/data/raw/감사보고서_2019.htm,2026-03-31T07:17:32.927244+00:00
499,2019,balance_sheet,Ⅱ. 주식발행초과금,"["""", """", ""4,403,893"", """", ""4,403,893""]",/Users/june_kim/samsung_audit_nlp/data/raw/감사보고서_2019.htm,2026-03-31T07:17:32.927244+00:00
500,2019,balance_sheet,Ⅲ. 이익잉여금,"[""21"", """", ""172,288,326"", """", ""166,555,532""]",/Users/june_kim/samsung_audit_nlp/data/raw/감사보고서_2019.htm,2026-03-31T07:17:32.927244+00:00
501,2019,balance_sheet,Ⅳ. 기타자본항목,"[""22"", """", ""280,514"", """", ""1,131,186""]",/Users/june_kim/samsung_audit_nlp/data/raw/감사보고서_2019.htm,2026-03-31T07:17:32.927244+00:00
502,2019,balance_sheet,자 본 총 계,"["""", """", ""177,870,247"", """", ""172,988,125""]",/Users/june_kim/samsung_audit_nlp/data/raw/감사보고서_2019.htm,2026-03-31T07:17:32.927244+00:00
503,2019,balance_sheet,부 채 와 자 본 총 계,"["""", """", ""216,180,920"", """", ""219,021,357""]",/Users/june_kim/samsung_audit_nlp/data/raw/감사보고서_2019.htm,2026-03-31T07:17:32.927244+00:00
504,2019,income_statement,1. 당기법인세,"["""", """"]",/Users/june_kim/samsung_audit_nlp/data/raw/감사보고서_2019.htm,2026-03-31T07:17:32.927244+00:00
505,2019,income_statement,기간손익에 대한 당기법인세,"[""3,530,390"", ""11,618,350""]",/Users/june_kim/samsung_audit_nlp/data/raw/감사보고서_2019.htm,2026-03-31T07:17:32.927244+00:00
506,2019,income_statement,당기에 인식한 조정사항,"[""(281,193)"", ""(108,805)""]",/Users/june_kim/samsung_audit_nlp/data/raw/감사보고서_2019.htm,2026-03-31T07:17:32.927244+00:00
507,2019,income_statement,소 계,"[""3,249,197"", ""11,509,545""]",/Users/june_kim/samsung_audit_nlp/data/raw/감사보고서_2019.htm,2026-03-31T07:17:32.927244+00:00
508,2019,income_statement,2. 이연법인세,"["""", """"]",/Users/june_kim/samsung_audit_nlp/data/raw/감사보고서_2019.htm,2026-03-31T07:17:32.927244+00:00
509,2019,income_statement,세액공제의 이월로 인한 이연법인세변동액,"[""(170,267)"", ""(44,968)""]",/Users/june_kim/samsung_audit_nlp/data/raw/감사보고서_2019.htm,2026-03-31T07:17:32.927244+00:00
510,2019,income_statement,일시적차이로 인한 이연법인세변동액,"[""600,216"", ""119,151""]",/Users/june_kim/samsung_audit_nlp/data/raw/감사보고서_2019.htm,2026-03-31T07:17:32.927244+00:00
511,2019,income_statement,소 계,"[""429,949"", ""74,183""]",/Users/june_kim/samsung_audit_nlp/data/raw/감사보고서_2019.htm,2026-03-31T07:17:32.927244+00:00
512,2019,income_statement,3. 자본에 직접 부가되는 법인세부담액,"[""-"", ""-""]",/Users/june_kim/samsung_audit_nlp/data/raw/감사보고서_2019.htm,2026-03-31T07:17:32.927244+00:00
513,2019,income_statement,법인세비용 계,"[""3,679,146"", ""11,583,728""]",/Users/june_kim/samsung_audit_nlp/data/raw/감사보고서_2019.htm,2026-03-31T07:17:32.927244+00:00
514,2019,cash_flow,Ⅰ. 영업활동 현금흐름,"["""", """", ""22,796,257"", """", ""44,341,217""]",/Users/june_kim/samsung_audit_nlp/data/raw/감사보고서_2019.htm,2026-03-31T07:17:32.927244+00:00
515,2019,cash_flow,1. 영업에서 창출된 현금흐름,"["""", ""28,344,706"", """", ""53,596,311"", """"]",/Users/june_kim/samsung_audit_nlp/data/raw/감사보고서_2019.htm,2026-03-31T07:17:32.927244+00:00
516,2019,cash_flow,가. 당기순이익,"["""", ""15,353,323"", """", ""32,815,127"", """"]",/Users/june_kim/samsung_audit_nlp/data/raw/감사보고서_2019.htm,2026-03-31T07:17:32.927244+00:00
517,2019,cash_flow,나. 조정,"[""29"", ""16,911,222"", """", ""27,095,149"", """"]",/Users/june_kim/samsung_audit_nlp/data/raw/감사보고서_2019.htm,2026-03-31T07:17:32.927244+00:00
518,2019,cash_flow,다. 영업활동으로 인한 자산부채의 변동,"[""29"", ""(3,919,839)"", """", ""(6,313,965)"", """"]",/Users/june_kim/samsung_audit_nlp/data/raw/감사보고서_2019.htm,2026-03-31T07:17:32.927244+00:00
519,2019,cash_flow,2. 이자의 수취,"["""", ""673,363"", """", ""459,074"", """"]",/Users/june_kim/samsung_audit_nlp/data/raw/감사보고서_2019.htm,2026-03-31T07:17:32.927244+00:00
520,2019,cash_flow,3. 이자의 지급,"["""", ""(306,633)"", """", ""(343,270)"", """"]",/Users/june_kim/samsung_audit_nlp/data/raw/감사보고서_2019.htm,2026-03-31T07:17:32.927244+00:00
521,2019,cash_flow,4. 배당금 수입,"["""", ""4,625,181"", """", ""779,567"", """"]",/Users/june_kim/samsung_audit_nlp/data/raw/감사보고서_2019.htm,2026-03-31T07:17:32.927244+00:00
522,2019,cash_flow,5. 법인세 납부액,"["""", ""(10,540,360)"", """", ""(10,150,465)"", """"]",/Users/june_kim/samsung_audit_nlp/data/raw/감사보고서_2019.htm,2026-03-31T07:17:32.927244+00:00
523,2019,cash_flow,Ⅱ. 투자활동 현금흐름,"["""", """", ""(13,537,171)"", """", ""(31,678,548)""]",/Users/june_kim/samsung_audit_nlp/data/raw/감사보고서_2019.htm,2026-03-31T07:17:32.927244+00:00
524,2019,cash_flow,1. 단기금융상품의 순감소(증가),"["""", ""6,212,479"", """", ""(7,203,807)"", """"]",/Users/june_kim/samsung_audit_nlp/data/raw/감사보고서_2019.htm,2026-03-31T07:17:32.927244+00:00
525,2019,cash_flow,2. 장기금융상품의 처분,"["""", ""1,400,000"", """", ""-"", """"]",/Users/june_kim/samsung_audit_nlp/data/raw/감사보고서_2019.htm,2026-03-31T07:17:32.927244+00:00
526,2019,cash_flow,3. 장기금융상품의 취득,"["""", ""-"", """", ""(1,860,000)"", """"]",/Users/june_kim/samsung_audit_nlp/data/raw/감사보고서_2019.htm,2026-03-31T07:17:32.927244+00:00
527,2019,cash_flow,4. 기타포괄손익-공정가치금융자산의 처분,"["""", ""1,239"", """", ""7,345"", """"]",/Users/june_kim/samsung_audit_nlp/data/raw/감사보고서_2019.htm,2026-03-31T07:17:32.927244+00:00
528,2019,cash_flow,5. 기타포괄손익-공정가치금융자산의 취득,"["""", ""(6,701)"", """", ""(204,055)"", """"]",/Users/june_kim/samsung_audit_nlp/data/raw/감사보고서_2019.htm,2026-03-31T07:17:32.927244+00:00
529,2019,cash_flow,6. 당기손익-공정가치금융자산의 처분,"["""", ""7,334"", """", ""7,421"", """"]",/Users/june_kim/samsung_audit_nlp/data/raw/감사보고서_2019.htm,2026-03-31T07:17:32.927244+00:00
530,2019,cash_flow,7. 당기손익-공정가치금융자산의 취득,"["""", ""-"", """", ""(1,776)"", """"]",/Users/june_kim/samsung_audit_nlp/data/raw/감사보고서_2019.htm,2026-03-31T07:17:32.927244+00:00
531,2019,cash_flow,"8. 종속기업, 관계기업 및 공동기업 투자의 처분","["""", ""58,677"", """", ""25,846"", """"]",/Users/june_kim/samsung_audit_nlp/data/raw/감사보고서_2019.htm,2026-03-31T07:17:32.927244+00:00
532,2019,cash_flow,"9. 종속기업, 관계기업 및 공동기업 투자의 취득","["""", ""(925,139)"", """", ""(520,660)"", """"]",/Users/june_kim/samsung_audit_nlp/data/raw/감사보고서_2019.htm,2026-03-31T07:17:32.927244+00:00
533,2019,cash_flow,10. 유형자산의 처분,"["""", ""600,901"", """", ""340,558"", """"]",/Users/june_kim/samsung_audit_nlp/data/raw/감사보고서_2019.htm,2026-03-31T07:17:32.927244+00:00
534,2019,cash_flow,11. 유형자산의 취득,"["""", ""(17,240,242)"", """", ""(21,387,378)"", """"]",/Users/june_kim/samsung_audit_nlp/data/raw/감사보고서_2019.htm,2026-03-31T07:17:32.927244+00:00
535,2019,cash_flow,12. 무형자산의 처분,"["""", ""1,965"", """", ""706"", """"]",/Users/june_kim/samsung_audit_nlp/data/raw/감사보고서_2019.htm,2026-03-31T07:17:32.927244+00:00
536,2019,cash_flow,13. 무형자산의 취득,"["""", ""(2,855,959)"", """", ""(880,032)"", """"]",/Users/june_kim/samsung_audit_nlp/data/raw/감사보고서_2019.htm,2026-03-31T07:17:32.927244+00:00
537,2019,cash_flow,14. 사업결합으로 인한 현금유출액,"["""", ""(785,000)"", """", ""-"", """"]",/Users/june_kim/samsung_audit_nlp/data/raw/감사보고서_2019.htm,2026-03-31T07:17:32.927244+00:00
538,2019,cash_flow,15. 기타투자활동으로 인한 현금유출입액,"["""", ""(6,725)"", """", ""(2,716)"", """"]",/Users/june_kim/samsung_audit_nlp/data/raw/감사보고서_2019.htm,2026-03-31T07:17:32.927244+00:00
539,2019,cash_flow,Ⅲ. 재무활동 현금흐름,"["""", """", ""(9,787,719)"", """", ""(12,818,480)""]",/Users/june_kim/samsung_audit_nlp/data/raw/감사보고서_2019.htm,2026-03-31T07:17:32.927244+00:00
540,2019,cash_flow,1. 단기차입금의 순증가(감소),"[""29"", ""(41,078)"", """", ""(1,796,186)"", """"]",/Users/june_kim/samsung_audit_nlp/data/raw/감사보고서_2019.htm,2026-03-31T07:17:32.927244+00:00
541,2019,cash_flow,2. 자기주식의 취득,"["""", ""-"", """", ""(875,111)"", """"]",/Users/june_kim/samsung_audit_nlp/data/raw/감사보고서_2019.htm,2026-03-31T07:17:32.927244+00:00
542,2019,cash_flow,3. 사채 및 장기차입금의 상환,"[""29"", ""(128,431)"", """", ""(5,357)"", """"]",/Users/june_kim/samsung_audit_nlp/data/raw/감사보고서_2019.htm,2026-03-31T07:17:32.927244+00:00
543,2019,cash_flow,4. 배당금의 지급,"["""", ""(9,618,210)"", """", ""(10,141,826)"", """"]",/Users/june_kim/samsung_audit_nlp/data/raw/감사보고서_2019.htm,2026-03-31T07:17:32.927244+00:00
544,2019,cash_flow,Ⅳ. 외화환산으로 인한 현금의 변동,"["""", """", ""2,593"", """", ""-""]",/Users/june_kim/samsung_audit_nlp/data/raw/감사보고서_2019.htm,2026-03-31T07:17:32.927244+00:00
545,2019,cash_flow,Ⅴ. 현금및현금성자산의 증가(감소)(Ⅰ+Ⅱ+Ⅲ+Ⅳ),"["""", """", ""(526,040)"", """", ""(155,811)""]",/Users/june_kim/samsung_audit_nlp/data/raw/감사보고서_2019.htm,2026-03-31T07:17:32.927244+00:00
546,2019,cash_flow,Ⅵ. 기초의 현금및현금성자산,"["""", """", ""2,607,957"", """", ""2,763,768""]",/Users/june_kim/samsung_audit_nlp/data/raw/감사보고서_2019.htm,2026-03-31T07:17:32.927244+00:00
547,2019,cash_flow,Ⅶ. 기말의 현금및현금성자산,"["""", """", ""2,081,917"", """", ""2,607,957""]",/Users/june_kim/samsung_audit_nlp/data/raw/감사보고서_2019.htm,2026-03-31T07:17:32.927244+00:00
548,2020,balance_sheet,자 산,"["""", """", """", """", """"]",/Users/june_kim/samsung_audit_nlp/data/raw/감사보고서_2020.htm,2026-03-31T07:17:33.185891+00:00
549,2020,balance_sheet,Ⅰ. 유 동 자 산,"["""", """", ""73,798,549"", """", ""72,659,080""]",/Users/june_kim/samsung_audit_nlp/data/raw/감사보고서_2020.htm,2026-03-31T07:17:33.185891+00:00
550,2020,balance_sheet,1. 현금및현금성자산,"[""4, 28"", ""989,045"", """", ""2,081,917"", """"]",/Users/june_kim/samsung_audit_nlp/data/raw/감사보고서_2020.htm,2026-03-31T07:17:33.185891+00:00
551,2020,balance_sheet,2. 단기금융상품,"[""4, 28"", ""29,101,284"", """", ""26,501,392"", """"]",/Users/june_kim/samsung_audit_nlp/data/raw/감사보고서_2020.htm,2026-03-31T07:17:33.185891+00:00
552,2020,balance_sheet,3. 매출채권,"[""4, 5, 7, 28"", ""24,736,740"", """", ""26,255,438"", """"]",/Users/june_kim/samsung_audit_nlp/data/raw/감사보고서_2020.htm,2026-03-31T07:17:33.185891+00:00
553,2020,balance_sheet,4. 미수금,"[""4, 7, 28"", ""1,898,583"", """", ""2,406,795"", """"]",/Users/june_kim/samsung_audit_nlp/data/raw/감사보고서_2020.htm,2026-03-31T07:17:33.185891+00:00
554,2020,balance_sheet,5. 선급비용,"["""", ""890,680"", """", ""813,651"", """"]",/Users/june_kim/samsung_audit_nlp/data/raw/감사보고서_2020.htm,2026-03-31T07:17:33.185891+00:00
555,2020,balance_sheet,6. 재고자산,"[""8"", ""13,831,372"", """", ""12,201,712"", """"]",/Users/june_kim/samsung_audit_nlp/data/raw/감사보고서_2020.htm,2026-03-31T07:17:33.185891+00:00
556,2020,balance_sheet,7. 기타유동자산,"[""4, 28"", ""2,350,845"", """", ""2,398,175"", """"]",/Users/june_kim/samsung_audit_nlp/data/raw/감사보고서_2020.htm,2026-03-31T07:17:33.185891+00:00
557,2020,balance_sheet,Ⅱ. 비 유 동 자 산,"["""", """", ""155,865,878"", """", ""143,521,840""]",/Users/june_kim/samsung_audit_nlp/data/raw/감사보고서_2020.htm,2026-03-31T07:17:33.185891+00:00
558,2020,balance_sheet,1. 기타포괄손익-공정가치금융자산,"[""4, 6, 28"", ""1,539,659"", """", ""1,206,080"", """"]",/Users/june_kim/samsung_audit_nlp/data/raw/감사보고서_2020.htm,2026-03-31T07:17:33.185891+00:00
559,2020,balance_sheet,2. 당기손익-공정가치금융자산,"[""4, 6, 28"", ""3,107"", """", ""3,181"", """"]",/Users/june_kim/samsung_audit_nlp/data/raw/감사보고서_2020.htm,2026-03-31T07:17:33.185891+00:00
560,2020,balance_sheet,"3. 종속기업, 관계기업 및 공동기업 투자","[""9"", ""56,587,548"", """", ""56,571,252"", """"]",/Users/june_kim/samsung_audit_nlp/data/raw/감사보고서_2020.htm,2026-03-31T07:17:33.185891+00:00
561,2020,balance_sheet,4. 유형자산,"[""10"", ""86,166,924"", """", ""74,090,275"", """"]",/Users/june_kim/samsung_audit_nlp/data/raw/감사보고서_2020.htm,2026-03-31T07:17:33.185891+00:00
562,2020,balance_sheet,5. 무형자산,"[""11"", ""7,002,648"", """", ""8,008,653"", """"]",/Users/june_kim/samsung_audit_nlp/data/raw/감사보고서_2020.htm,2026-03-31T07:17:33.185891+00:00
563,2020,balance_sheet,6. 순확정급여자산,"[""14"", ""1,162,456"", """", ""486,855"", """"]",/Users/june_kim/samsung_audit_nlp/data/raw/감사보고서_2020.htm,2026-03-31T07:17:33.185891+00:00
564,2020,balance_sheet,7. 이연법인세자산,"[""25"", ""992,385"", """", ""547,176"", """"]",/Users/june_kim/samsung_audit_nlp/data/raw/감사보고서_2020.htm,2026-03-31T07:17:33.185891+00:00
565,2020,balance_sheet,8. 기타비유동자산,"[""4, 7, 28"", ""2,411,151"", """", ""2,608,368"", """"]",/Users/june_kim/samsung_audit_nlp/data/raw/감사보고서_2020.htm,2026-03-31T07:17:33.185891+00:00
566,2020,balance_sheet,자 산 총 계,"["""", """", ""229,664,427"", """", ""216,180,920""]",/Users/june_kim/samsung_audit_nlp/data/raw/감사보고서_2020.htm,2026-03-31T07:17:33.185891+00:00
567,2020,balance_sheet,부 채,"["""", """", """", """", """"]",/Users/june_kim/samsung_audit_nlp/data/raw/감사보고서_2020.htm,2026-03-31T07:17:33.185891+00:00
568,2020,balance_sheet,Ⅰ. 유 동 부 채,"["""", """", ""44,412,904"", """", ""36,237,164""]",/Users/june_kim/samsung_audit_nlp/data/raw/감사보고서_2020.htm,2026-03-31T07:17:33.185891+00:00
569,2020,balance_sheet,1. 매입채무,"[""4, 28"", ""6,599,025"", """", ""7,547,273"", """"]",/Users/june_kim/samsung_audit_nlp/data/raw/감사보고서_2020.htm,2026-03-31T07:17:33.185891+00:00
570,2020,balance_sheet,2. 단기차입금,"[""4, 5, 12, 28"", ""12,520,367"", """", ""10,228,216"", """"]",/Users/june_kim/samsung_audit_nlp/data/raw/감사보고서_2020.htm,2026-03-31T07:17:33.185891+00:00
571,2020,balance_sheet,3. 미지급금,"[""4, 28"", ""9,829,541"", """", ""9,142,890"", """"]",/Users/june_kim/samsung_audit_nlp/data/raw/감사보고서_2020.htm,2026-03-31T07:17:33.185891+00:00
572,2020,balance_sheet,4. 선수금,"[""17"", ""424,368"", """", ""355,562"", """"]",/Users/june_kim/samsung_audit_nlp/data/raw/감사보고서_2020.htm,2026-03-31T07:17:33.185891+00:00
573,2020,balance_sheet,5. 예수금,"[""4, 28"", ""432,714"", """", ""383,450"", """"]",/Users/june_kim/samsung_audit_nlp/data/raw/감사보고서_2020.htm,2026-03-31T07:17:33.185891+00:00
574,2020,balance_sheet,6. 미지급비용,"[""4, 17, 28"", ""7,927,017"", """", ""5,359,291"", """"]",/Users/june_kim/samsung_audit_nlp/data/raw/감사보고서_2020.htm,2026-03-31T07:17:33.185891+00:00
575,2020,balance_sheet,7. 당기법인세부채,"["""", ""3,556,146"", """", ""788,846"", """"]",/Users/june_kim/samsung_audit_nlp/data/raw/감사보고서_2020.htm,2026-03-31T07:17:33.185891+00:00
576,2020,balance_sheet,8. 유동성장기부채,"[""4, 12, 13, 28"", ""87,571"", """", ""153,942"", """"]",/Users/june_kim/samsung_audit_nlp/data/raw/감사보고서_2020.htm,2026-03-31T07:17:33.185891+00:00
577,2020,balance_sheet,9. 충당부채,"[""15"", ""2,932,468"", """", ""2,042,039"", """"]",/Users/june_kim/samsung_audit_nlp/data/raw/감사보고서_2020.htm,2026-03-31T07:17:33.185891+00:00
578,2020,balance_sheet,10. 기타유동부채,"[""17"", ""103,687"", """", ""235,655"", """"]",/Users/june_kim/samsung_audit_nlp/data/raw/감사보고서_2020.htm,2026-03-31T07:17:33.185891+00:00
579,2020,balance_sheet,Ⅱ. 비 유 동 부 채,"["""", """", ""1,934,799"", """", ""2,073,509""]",/Users/june_kim/samsung_audit_nlp/data/raw/감사보고서_2020.htm,2026-03-31T07:17:33.185891+00:00
580,2020,balance_sheet,1. 사채,"[""4, 13, 28"", ""31,909"", """", ""39,520"", """"]",/Users/june_kim/samsung_audit_nlp/data/raw/감사보고서_2020.htm,2026-03-31T07:17:33.185891+00:00
581,2020,balance_sheet,2. 장기차입금,"[""4, 12, 28"", ""150,397"", """", ""174,651"", """"]",/Users/june_kim/samsung_audit_nlp/data/raw/감사보고서_2020.htm,2026-03-31T07:17:33.185891+00:00
582,2020,balance_sheet,3. 장기미지급금,"[""4, 28"", ""1,247,752"", """", ""1,574,535"", """"]",/Users/june_kim/samsung_audit_nlp/data/raw/감사보고서_2020.htm,2026-03-31T07:17:33.185891+00:00
583,2020,balance_sheet,4. 장기충당부채,"[""15"", ""503,035"", """", ""283,508"", """"]",/Users/june_kim/samsung_audit_nlp/data/raw/감사보고서_2020.htm,2026-03-31T07:17:33.185891+00:00
584,2020,balance_sheet,5. 기타비유동부채,"["""", ""1,706"", """", ""1,295"", """"]",/Users/june_kim/samsung_audit_nlp/data/raw/감사보고서_2020.htm,2026-03-31T07:17:33.185891+00:00
585,2020,balance_sheet,부 채 총 계,"["""", """", ""46,347,703"", """", ""38,310,673""]",/Users/june_kim/samsung_audit_nlp/data/raw/감사보고서_2020.htm,2026-03-31T07:17:33.185891+00:00
586,2020,balance_sheet,자 본,"["""", """", """", """", """"]",/Users/june_kim/samsung_audit_nlp/data/raw/감사보고서_2020.htm,2026-03-31T07:17:33.185891+00:00
587,2020,balance_sheet,Ⅰ. 자본금,"[""18"", """", ""897,514"", """", ""897,514""]",/Users/june_kim/samsung_audit_nlp/data/raw/감사보고서_2020.htm,2026-03-31T07:17:33.185891+00:00
588,2020,balance_sheet,1. 우선주자본금,"["""", ""119,467"", """", ""119,467"", """"]",/Users/june_kim/samsung_audit_nlp/data/raw/감사보고서_2020.htm,2026-03-31T07:17:33.185891+00:00
589,2020,balance_sheet,2. 보통주자본금,"["""", ""778,047"", """", ""778,047"", """"]",/Users/june_kim/samsung_audit_nlp/data/raw/감사보고서_2020.htm,2026-03-31T07:17:33.185891+00:00
590,2020,balance_sheet,Ⅱ. 주식발행초과금,"["""", """", ""4,403,893"", """", ""4,403,893""]",/Users/june_kim/samsung_audit_nlp/data/raw/감사보고서_2020.htm,2026-03-31T07:17:33.185891+00:00
591,2020,balance_sheet,Ⅲ. 이익잉여금,"[""19"", """", ""178,284,102"", """", ""172,288,326""]",/Users/june_kim/samsung_audit_nlp/data/raw/감사보고서_2020.htm,2026-03-31T07:17:33.185891+00:00
592,2020,balance_sheet,Ⅳ. 기타자본항목,"[""20"", """", ""(268,785)"", """", ""280,514""]",/Users/june_kim/samsung_audit_nlp/data/raw/감사보고서_2020.htm,2026-03-31T07:17:33.185891+00:00
593,2020,balance_sheet,자 본 총 계,"["""", """", ""183,316,724"", """", ""177,870,247""]",/Users/june_kim/samsung_audit_nlp/data/raw/감사보고서_2020.htm,2026-03-31T07:17:33.185891+00:00
594,2020,balance_sheet,부 채 와 자 본 총 계,"["""", """", ""229,664,427"", """", ""216,180,920""]",/Users/june_kim/samsung_audit_nlp/data/raw/감사보고서_2020.htm,2026-03-31T07:17:33.185891+00:00
595,2020,income_statement,(1) 당기법인세:,"["""", """"]",/Users/june_kim/samsung_audit_nlp/data/raw/감사보고서_2020.htm,2026-03-31T07:17:33.185891+00:00
596,2020,income_statement,기간손익에 대한 당기법인세,"[""4,823,845"", ""3,530,390""]",/Users/june_kim/samsung_audit_nlp/data/raw/감사보고서_2020.htm,2026-03-31T07:17:33.185891+00:00
597,2020,income_statement,당기에 인식한 조정사항,"[""249,914"", ""(281,193)""]",/Users/june_kim/samsung_audit_nlp/data/raw/감사보고서_2020.htm,2026-03-31T07:17:33.185891+00:00
598,2020,income_statement,소 계,"[""5,073,759"", ""3,249,197""]",/Users/june_kim/samsung_audit_nlp/data/raw/감사보고서_2020.htm,2026-03-31T07:17:33.185891+00:00
599,2020,income_statement,(2) 이연법인세:,"["""", """"]",/Users/june_kim/samsung_audit_nlp/data/raw/감사보고서_2020.htm,2026-03-31T07:17:33.185891+00:00
600,2020,income_statement,세액공제의 이월로 인한 이연법인세변동액,"[""(34,673)"", ""(170,267)""]",/Users/june_kim/samsung_audit_nlp/data/raw/감사보고서_2020.htm,2026-03-31T07:17:33.185891+00:00
601,2020,income_statement,일시적차이로 인한 이연법인세변동액,"[""(202,181)"", ""600,216""]",/Users/june_kim/samsung_audit_nlp/data/raw/감사보고서_2020.htm,2026-03-31T07:17:33.185891+00:00
602,2020,income_statement,소 계,"[""(236,854)"", ""429,949""]",/Users/june_kim/samsung_audit_nlp/data/raw/감사보고서_2020.htm,2026-03-31T07:17:33.185891+00:00
603,2020,income_statement,(3) 자본에 직접 부가되는 법인세부담액,"[""-"", ""-""]",/Users/june_kim/samsung_audit_nlp/data/raw/감사보고서_2020.htm,2026-03-31T07:17:33.185891+00:00
604,2020,income_statement,법인세비용 계,"[""4,836,905"", ""3,679,146""]",/Users/june_kim/samsung_audit_nlp/data/raw/감사보고서_2020.htm,2026-03-31T07:17:33.185891+00:00
605,2020,cash_flow,Ⅰ. 영업활동 현금흐름,"["""", """", ""37,509,025"", """", ""22,796,257""]",/Users/june_kim/samsung_audit_nlp/data/raw/감사보고서_2020.htm,2026-03-31T07:17:33.185891+00:00
606,2020,cash_flow,1. 영업에서 창출된 현금흐름,"["""", ""39,541,654"", """", ""28,344,706"", """"]",/Users/june_kim/samsung_audit_nlp/data/raw/감사보고서_2020.htm,2026-03-31T07:17:33.185891+00:00
607,2020,cash_flow,가. 당기순이익,"["""", ""15,615,018"", """", ""15,353,323"", """"]",/Users/june_kim/samsung_audit_nlp/data/raw/감사보고서_2020.htm,2026-03-31T07:17:33.185891+00:00
608,2020,cash_flow,나. 조정,"[""27"", ""24,319,842"", """", ""16,911,222"", """"]",/Users/june_kim/samsung_audit_nlp/data/raw/감사보고서_2020.htm,2026-03-31T07:17:33.185891+00:00
609,2020,cash_flow,다. 영업활동으로 인한 자산부채의 변동,"[""27"", ""(393,206)"", """", ""(3,919,839)"", """"]",/Users/june_kim/samsung_audit_nlp/data/raw/감사보고서_2020.htm,2026-03-31T07:17:33.185891+00:00
610,2020,cash_flow,2. 이자의 수취,"["""", ""448,323"", """", ""673,363"", """"]",/Users/june_kim/samsung_audit_nlp/data/raw/감사보고서_2020.htm,2026-03-31T07:17:33.185891+00:00
611,2020,cash_flow,3. 이자의 지급,"["""", ""(148,262)"", """", ""(306,633)"", """"]",/Users/june_kim/samsung_audit_nlp/data/raw/감사보고서_2020.htm,2026-03-31T07:17:33.185891+00:00
612,2020,cash_flow,4. 배당금 수입,"["""", ""129,569"", """", ""4,625,181"", """"]",/Users/june_kim/samsung_audit_nlp/data/raw/감사보고서_2020.htm,2026-03-31T07:17:33.185891+00:00
613,2020,cash_flow,5. 법인세 납부액,"["""", ""(2,462,259)"", """", ""(10,540,360)"", """"]",/Users/june_kim/samsung_audit_nlp/data/raw/감사보고서_2020.htm,2026-03-31T07:17:33.185891+00:00
614,2020,cash_flow,Ⅱ. 투자활동 현금흐름,"["""", """", ""(31,175,575)"", """", ""(13,537,171)""]",/Users/june_kim/samsung_audit_nlp/data/raw/감사보고서_2020.htm,2026-03-31T07:17:33.185891+00:00
615,2020,cash_flow,1. 단기금융상품의 순감소(증가),"["""", ""(2,099,892)"", """", ""6,212,479"", """"]",/Users/june_kim/samsung_audit_nlp/data/raw/감사보고서_2020.htm,2026-03-31T07:17:33.185891+00:00
616,2020,cash_flow,2. 장기금융상품의 처분,"["""", ""-"", """", ""1,400,000"", """"]",/Users/june_kim/samsung_audit_nlp/data/raw/감사보고서_2020.htm,2026-03-31T07:17:33.185891+00:00
617,2020,cash_flow,3. 기타포괄손익-공정가치금융자산의 처분,"["""", ""503"", """", ""1,239"", """"]",/Users/june_kim/samsung_audit_nlp/data/raw/감사보고서_2020.htm,2026-03-31T07:17:33.185891+00:00
618,2020,cash_flow,4. 기타포괄손익-공정가치금융자산의 취득,"["""", ""(204,957)"", """", ""(6,701)"", """"]",/Users/june_kim/samsung_audit_nlp/data/raw/감사보고서_2020.htm,2026-03-31T07:17:33.185891+00:00
619,2020,cash_flow,5. 당기손익-공정가치금융자산의 처분,"["""", ""74"", """", ""7,334"", """"]",/Users/june_kim/samsung_audit_nlp/data/raw/감사보고서_2020.htm,2026-03-31T07:17:33.185891+00:00
620,2020,cash_flow,"6. 종속기업, 관계기업 및 공동기업 투자의 처분","["""", ""22,057"", """", ""58,677"", """"]",/Users/june_kim/samsung_audit_nlp/data/raw/감사보고서_2020.htm,2026-03-31T07:17:33.185891+00:00
621,2020,cash_flow,"7. 종속기업, 관계기업 및 공동기업 투자의 취득","["""", ""(163,456)"", """", ""(925,139)"", """"]",/Users/june_kim/samsung_audit_nlp/data/raw/감사보고서_2020.htm,2026-03-31T07:17:33.185891+00:00
622,2020,cash_flow,8. 유형자산의 처분,"["""", ""431,142"", """", ""600,901"", """"]",/Users/june_kim/samsung_audit_nlp/data/raw/감사보고서_2020.htm,2026-03-31T07:17:33.185891+00:00
623,2020,cash_flow,9. 유형자산의 취득,"["""", ""(26,962,042)"", """", ""(17,240,242)"", """"]",/Users/june_kim/samsung_audit_nlp/data/raw/감사보고서_2020.htm,2026-03-31T07:17:33.185891+00:00
624,2020,cash_flow,10. 무형자산의 처분,"["""", ""1,082"", """", ""1,965"", """"]",/Users/june_kim/samsung_audit_nlp/data/raw/감사보고서_2020.htm,2026-03-31T07:17:33.185891+00:00
625,2020,cash_flow,11. 무형자산의 취득,"["""", ""(2,239,834)"", """", ""(2,855,959)"", """"]",/Users/june_kim/samsung_audit_nlp/data/raw/감사보고서_2020.htm,2026-03-31T07:17:33.185891+00:00
626,2020,cash_flow,12. 사업결합으로 인한 현금유출액,"["""", ""-"", """", ""(785,000)"", """"]",/Users/june_kim/samsung_audit_nlp/data/raw/감사보고서_2020.htm,2026-03-31T07:17:33.185891+00:00
627,2020,cash_flow,13. 기타투자활동으로 인한 현금유출입액,"["""", ""39,748"", """", ""(6,725)"", """"]",/Users/june_kim/samsung_audit_nlp/data/raw/감사보고서_2020.htm,2026-03-31T07:17:33.185891+00:00
628,2020,cash_flow,Ⅲ. 재무활동 현금흐름,"["""", """", ""(7,426,376)"", """", ""(9,787,719)""]",/Users/june_kim/samsung_audit_nlp/data/raw/감사보고서_2020.htm,2026-03-31T07:17:33.185891+00:00
629,2020,cash_flow,1. 단기차입금의 순증가(감소),"[""27"", ""2,326,350"", """", ""(41,078)"", """"]",/Users/june_kim/samsung_audit_nlp/data/raw/감사보고서_2020.htm,2026-03-31T07:17:33.185891+00:00
630,2020,cash_flow,2. 사채 및 장기차입금의 상환,"[""27"", ""(134,443)"", """", ""(128,431)"", """"]",/Users/june_kim/samsung_audit_nlp/data/raw/감사보고서_2020.htm,2026-03-31T07:17:33.185891+00:00
631,2020,cash_flow,3. 배당금의 지급,"["""", ""(9,618,283)"", """", ""(9,618,210)"", """"]",/Users/june_kim/samsung_audit_nlp/data/raw/감사보고서_2020.htm,2026-03-31T07:17:33.185891+00:00
632,2020,cash_flow,Ⅳ. 외화환산으로 인한 현금의 변동,"["""", """", ""54"", """", ""2,593""]",/Users/june_kim/samsung_audit_nlp/data/raw/감사보고서_2020.htm,2026-03-31T07:17:33.185891+00:00
633,2020,cash_flow,Ⅴ. 현금및현금성자산의 증가(감소)(Ⅰ+Ⅱ+Ⅲ+Ⅳ),"["""", """", ""(1,092,872)"", """", ""(526,040)""]",/Users/june_kim/samsung_audit_nlp/data/raw/감사보고서_2020.htm,2026-03-31T07:17:33.185891+00:00
634,2020,cash_flow,Ⅵ. 기초의 현금및현금성자산,"["""", """", ""2,081,917"", """", ""2,607,957""]",/Users/june_kim/samsung_audit_nlp/data/raw/감사보고서_2020.htm,2026-03-31T07:17:33.185891+00:00
635,2020,cash_flow,Ⅶ. 기말의 현금및현금성자산,"["""", """", ""989,045"", """", ""2,081,917""]",/Users/june_kim/samsung_audit_nlp/data/raw/감사보고서_2020.htm,2026-03-31T07:17:33.185891+00:00
636,2021,balance_sheet,자 산,"["""", """", """", """", """"]",/Users/june_kim/samsung_audit_nlp/data/raw/감사보고서_2021.htm,2026-03-31T07:17:33.403716+00:00
637,2021,balance_sheet,Ⅰ. 유 동 자 산,"["""", """", ""73,553,416"", """", ""73,798,549""]",/Users/june_kim/samsung_audit_nlp/data/raw/감사보고서_2021.htm,2026-03-31T07:17:33.403716+00:00
638,2021,balance_sheet,1. 현금및현금성자산,"[""4, 28"", ""3,918,872"", """", ""989,045"", """"]",/Users/june_kim/samsung_audit_nlp/data/raw/감사보고서_2021.htm,2026-03-31T07:17:33.403716+00:00
639,2021,balance_sheet,2. 단기금융상품,"[""4, 28"", ""15,000,576"", """", ""29,101,284"", """"]",/Users/june_kim/samsung_audit_nlp/data/raw/감사보고서_2021.htm,2026-03-31T07:17:33.403716+00:00
640,2021,balance_sheet,3. 매출채권,"[""4, 5, 7, 28"", ""33,088,247"", """", ""24,736,740"", """"]",/Users/june_kim/samsung_audit_nlp/data/raw/감사보고서_2021.htm,2026-03-31T07:17:33.403716+00:00
641,2021,balance_sheet,4. 미수금,"[""4, 7, 28"", ""1,832,488"", """", ""1,898,583"", """"]",/Users/june_kim/samsung_audit_nlp/data/raw/감사보고서_2021.htm,2026-03-31T07:17:33.403716+00:00
642,2021,balance_sheet,5. 선급비용,"["""", ""817,689"", """", ""890,680"", """"]",/Users/june_kim/samsung_audit_nlp/data/raw/감사보고서_2021.htm,2026-03-31T07:17:33.403716+00:00
643,2021,balance_sheet,6. 재고자산,"[""8"", ""15,973,053"", """", ""13,831,372"", """"]",/Users/june_kim/samsung_audit_nlp/data/raw/감사보고서_2021.htm,2026-03-31T07:17:33.403716+00:00
644,2021,balance_sheet,7. 기타유동자산,"[""4, 28"", ""2,922,491"", """", ""2,350,845"", """"]",/Users/june_kim/samsung_audit_nlp/data/raw/감사보고서_2021.htm,2026-03-31T07:17:33.403716+00:00
645,2021,balance_sheet,Ⅱ. 비 유 동 자 산,"["""", """", ""177,558,768"", """", ""155,865,878""]",/Users/june_kim/samsung_audit_nlp/data/raw/감사보고서_2021.htm,2026-03-31T07:17:33.403716+00:00
646,2021,balance_sheet,1. 기타포괄손익-공정가치금융자산,"[""4, 6, 28"", ""1,662,532"", """", ""1,539,659"", """"]",/Users/june_kim/samsung_audit_nlp/data/raw/감사보고서_2021.htm,2026-03-31T07:17:33.403716+00:00
647,2021,balance_sheet,2. 당기손익-공정가치금융자산,"[""4, 6, 28"", ""2,135"", """", ""3,107"", """"]",/Users/june_kim/samsung_audit_nlp/data/raw/감사보고서_2021.htm,2026-03-31T07:17:33.403716+00:00
648,2021,balance_sheet,"3. 종속기업, 관계기업 및 공동기업 투자","[""9"", ""56,225,599"", """", ""56,587,548"", """"]",/Users/june_kim/samsung_audit_nlp/data/raw/감사보고서_2021.htm,2026-03-31T07:17:33.403716+00:00
649,2021,balance_sheet,4. 유형자산,"[""10"", ""103,667,025"", """", ""86,166,924"", """"]",/Users/june_kim/samsung_audit_nlp/data/raw/감사보고서_2021.htm,2026-03-31T07:17:33.403716+00:00
650,2021,balance_sheet,5. 무형자산,"[""11"", ""8,657,456"", """", ""7,002,648"", """"]",/Users/june_kim/samsung_audit_nlp/data/raw/감사보고서_2021.htm,2026-03-31T07:17:33.403716+00:00
651,2021,balance_sheet,6. 순확정급여자산,"[""14"", ""2,324,291"", """", ""1,162,456"", """"]",/Users/june_kim/samsung_audit_nlp/data/raw/감사보고서_2021.htm,2026-03-31T07:17:33.403716+00:00
652,2021,balance_sheet,7. 이연법인세자산,"[""25"", ""1,211,100"", """", ""992,385"", """"]",/Users/june_kim/samsung_audit_nlp/data/raw/감사보고서_2021.htm,2026-03-31T07:17:33.403716+00:00
653,2021,balance_sheet,8. 기타비유동자산,"[""4, 7, 28"", ""3,808,630"", """", ""2,411,151"", """"]",/Users/june_kim/samsung_audit_nlp/data/raw/감사보고서_2021.htm,2026-03-31T07:17:33.403716+00:00
654,2021,balance_sheet,자 산 총 계,"["""", """", ""251,112,184"", """", ""229,664,427""]",/Users/june_kim/samsung_audit_nlp/data/raw/감사보고서_2021.htm,2026-03-31T07:17:33.403716+00:00
655,2021,balance_sheet,부 채,"["""", """", """", """", """"]",/Users/june_kim/samsung_audit_nlp/data/raw/감사보고서_2021.htm,2026-03-31T07:17:33.403716+00:00
656,2021,balance_sheet,Ⅰ. 유 동 부 채,"["""", """", ""53,067,303"", """", ""44,412,904""]",/Users/june_kim/samsung_audit_nlp/data/raw/감사보고서_2021.htm,2026-03-31T07:17:33.403716+00:00
657,2021,balance_sheet,1. 매입채무,"[""4, 28"", ""11,557,441"", """", ""6,599,025"", """"]",/Users/june_kim/samsung_audit_nlp/data/raw/감사보고서_2021.htm,2026-03-31T07:17:33.403716+00:00
658,2021,balance_sheet,2. 단기차입금,"[""4, 5, 12, 28"", ""9,204,268"", """", ""12,520,367"", """"]",/Users/june_kim/samsung_audit_nlp/data/raw/감사보고서_2021.htm,2026-03-31T07:17:33.403716+00:00
659,2021,balance_sheet,3. 미지급금,"[""4, 28"", ""13,206,753"", """", ""9,829,541"", """"]",/Users/june_kim/samsung_audit_nlp/data/raw/감사보고서_2021.htm,2026-03-31T07:17:33.403716+00:00
660,2021,balance_sheet,4. 선수금,"[""17"", ""474,731"", """", ""424,368"", """"]",/Users/june_kim/samsung_audit_nlp/data/raw/감사보고서_2021.htm,2026-03-31T07:17:33.403716+00:00
661,2021,balance_sheet,5. 예수금,"[""4, 28"", ""624,585"", """", ""432,714"", """"]",/Users/june_kim/samsung_audit_nlp/data/raw/감사보고서_2021.htm,2026-03-31T07:17:33.403716+00:00
662,2021,balance_sheet,6. 미지급비용,"[""4, 17, 28"", ""8,275,410"", """", ""7,927,017"", """"]",/Users/june_kim/samsung_audit_nlp/data/raw/감사보고서_2021.htm,2026-03-31T07:17:33.403716+00:00
663,2021,balance_sheet,7. 당기법인세부채,"["""", ""5,599,896"", """", ""3,556,146"", """"]",/Users/june_kim/samsung_audit_nlp/data/raw/감사보고서_2021.htm,2026-03-31T07:17:33.403716+00:00
664,2021,balance_sheet,8. 유동성장기부채,"[""4, 12, 13, 28"", ""139,328"", """", ""87,571"", """"]",/Users/june_kim/samsung_audit_nlp/data/raw/감사보고서_2021.htm,2026-03-31T07:17:33.403716+00:00
665,2021,balance_sheet,9. 충당부채,"[""15"", ""3,643,853"", """", ""2,932,468"", """"]",/Users/june_kim/samsung_audit_nlp/data/raw/감사보고서_2021.htm,2026-03-31T07:17:33.403716+00:00
666,2021,balance_sheet,10. 기타유동부채,"[""17"", ""341,038"", """", ""103,687"", """"]",/Users/june_kim/samsung_audit_nlp/data/raw/감사보고서_2021.htm,2026-03-31T07:17:33.403716+00:00
667,2021,balance_sheet,Ⅱ. 비 유 동 부 채,"["""", """", ""4,851,149"", """", ""1,934,799""]",/Users/june_kim/samsung_audit_nlp/data/raw/감사보고서_2021.htm,2026-03-31T07:17:33.403716+00:00
668,2021,balance_sheet,1. 사채,"[""4, 13, 28"", ""29,048"", """", ""31,909"", """"]",/Users/june_kim/samsung_audit_nlp/data/raw/감사보고서_2021.htm,2026-03-31T07:17:33.403716+00:00
669,2021,balance_sheet,2. 장기차입금,"[""4, 12, 28"", ""431,915"", """", ""150,397"", """"]",/Users/june_kim/samsung_audit_nlp/data/raw/감사보고서_2021.htm,2026-03-31T07:17:33.403716+00:00
670,2021,balance_sheet,3. 장기미지급금,"[""4, 28"", ""2,653,715"", """", ""1,247,752"", """"]",/Users/june_kim/samsung_audit_nlp/data/raw/감사보고서_2021.htm,2026-03-31T07:17:33.403716+00:00
671,2021,balance_sheet,4. 장기충당부채,"[""15"", ""1,659,774"", """", ""503,035"", """"]",/Users/june_kim/samsung_audit_nlp/data/raw/감사보고서_2021.htm,2026-03-31T07:17:33.403716+00:00
672,2021,balance_sheet,5. 기타비유동부채,"["""", ""76,697"", """", ""1,706"", """"]",/Users/june_kim/samsung_audit_nlp/data/raw/감사보고서_2021.htm,2026-03-31T07:17:33.403716+00:00
673,2021,balance_sheet,부 채 총 계,"["""", """", ""57,918,452"", """", ""46,347,703""]",/Users/june_kim/samsung_audit_nlp/data/raw/감사보고서_2021.htm,2026-03-31T07:17:33.403716+00:00
674,2021,balance_sheet,자 본,"["""", """", """", """", """"]",/Users/june_kim/samsung_audit_nlp/data/raw/감사보고서_2021.htm,2026-03-31T07:17:33.403716+00:00
675,2021,balance_sheet,Ⅰ. 자본금,"[""18"", """", ""897,514"", """", ""897,514""]",/Users/june_kim/samsung_audit_nlp/data/raw/감사보고서_2021.htm,2026-03-31T07:17:33.403716+00:00
676,2021,balance_sheet,1. 우선주자본금,"["""", ""119,467"", """", ""119,467"", """"]",/Users/june_kim/samsung_audit_nlp/data/raw/감사보고서_2021.htm,2026-03-31T07:17:33.403716+00:00
677,2021,balance_sheet,2. 보통주자본금,"["""", ""778,047"", """", ""778,047"", """"]",/Users/june_kim/samsung_audit_nlp/data/raw/감사보고서_2021.htm,2026-03-31T07:17:33.403716+00:00
678,2021,balance_sheet,Ⅱ. 주식발행초과금,"["""", """", ""4,403,893"", """", ""4,403,893""]",/Users/june_kim/samsung_audit_nlp/data/raw/감사보고서_2021.htm,2026-03-31T07:17:33.403716+00:00
679,2021,balance_sheet,Ⅲ. 이익잉여금,"[""19"", """", ""188,774,335"", """", ""178,284,102""]",/Users/june_kim/samsung_audit_nlp/data/raw/감사보고서_2021.htm,2026-03-31T07:17:33.403716+00:00
680,2021,balance_sheet,Ⅳ. 기타자본항목,"[""20"", """", ""(882,010)"", """", ""(268,785)""]",/Users/june_kim/samsung_audit_nlp/data/raw/감사보고서_2021.htm,2026-03-31T07:17:33.403716+00:00
681,2021,balance_sheet,자 본 총 계,"["""", """", ""193,193,732"", """", ""183,316,724""]",/Users/june_kim/samsung_audit_nlp/data/raw/감사보고서_2021.htm,2026-03-31T07:17:33.403716+00:00
682,2021,balance_sheet,부 채 와 자 본 총 계,"["""", """", ""251,112,184"", """", ""229,664,427""]",/Users/june_kim/samsung_audit_nlp/data/raw/감사보고서_2021.htm,2026-03-31T07:17:33.403716+00:00
683,2021,income_statement,(1) 당기법인세:,"["""", """"]",/Users/june_kim/samsung_audit_nlp/data/raw/감사보고서_2021.htm,2026-03-31T07:17:33.403716+00:00
684,2021,income_statement,기간손익에 대한 당기법인세,"[""8,041,604"", ""4,823,845""]",/Users/june_kim/samsung_audit_nlp/data/raw/감사보고서_2021.htm,2026-03-31T07:17:33.403716+00:00
685,2021,income_statement,당기에 인식한 조정사항,"[""(321,952)"", ""249,914""]",/Users/june_kim/samsung_audit_nlp/data/raw/감사보고서_2021.htm,2026-03-31T07:17:33.403716+00:00
686,2021,income_statement,소 계,"[""7,719,652"", ""5,073,759""]",/Users/june_kim/samsung_audit_nlp/data/raw/감사보고서_2021.htm,2026-03-31T07:17:33.403716+00:00
687,2021,income_statement,(2) 이연법인세:,"["""", """"]",/Users/june_kim/samsung_audit_nlp/data/raw/감사보고서_2021.htm,2026-03-31T07:17:33.403716+00:00
688,2021,income_statement,세액공제의 이월로 인한 이연법인세변동액,"[""(332,351)"", ""(34,673)""]",/Users/june_kim/samsung_audit_nlp/data/raw/감사보고서_2021.htm,2026-03-31T07:17:33.403716+00:00
689,2021,income_statement,일시적차이로 인한 이연법인세변동액,"[""346,237"", ""(202,181)""]",/Users/june_kim/samsung_audit_nlp/data/raw/감사보고서_2021.htm,2026-03-31T07:17:33.403716+00:00
690,2021,income_statement,소 계,"[""13,886"", ""(236,854)""]",/Users/june_kim/samsung_audit_nlp/data/raw/감사보고서_2021.htm,2026-03-31T07:17:33.403716+00:00
691,2021,income_statement,(3) 자본에 직접 부가되는 법인세부담액,"[""-"", ""-""]",/Users/june_kim/samsung_audit_nlp/data/raw/감사보고서_2021.htm,2026-03-31T07:17:33.403716+00:00
692,2021,income_statement,법인세비용 계,"[""7,733,538"", ""4,836,905""]",/Users/june_kim/samsung_audit_nlp/data/raw/감사보고서_2021.htm,2026-03-31T07:17:33.403716+00:00
693,2021,cash_flow,Ⅰ. 영업활동 현금흐름,"["""", """", ""51,250,069"", """", ""37,509,025""]",/Users/june_kim/samsung_audit_nlp/data/raw/감사보고서_2021.htm,2026-03-31T07:17:33.403716+00:00
694,2021,cash_flow,1. 영업에서 창출된 현금흐름,"["""", ""50,357,361"", """", ""39,541,654"", """"]",/Users/june_kim/samsung_audit_nlp/data/raw/감사보고서_2021.htm,2026-03-31T07:17:33.403716+00:00
695,2021,cash_flow,가. 당기순이익,"["""", ""30,970,954"", """", ""15,615,018"", """"]",/Users/june_kim/samsung_audit_nlp/data/raw/감사보고서_2021.htm,2026-03-31T07:17:33.403716+00:00
696,2021,cash_flow,나. 조정,"[""27"", ""25,168,062"", """", ""24,319,842"", """"]",/Users/june_kim/samsung_audit_nlp/data/raw/감사보고서_2021.htm,2026-03-31T07:17:33.403716+00:00
697,2021,cash_flow,다. 영업활동으로 인한 자산부채의 변동,"[""27"", ""(5,781,655)"", """", ""(393,206)"", """"]",/Users/june_kim/samsung_audit_nlp/data/raw/감사보고서_2021.htm,2026-03-31T07:17:33.403716+00:00
698,2021,cash_flow,2. 이자의 수취,"["""", ""282,918"", """", ""448,323"", """"]",/Users/june_kim/samsung_audit_nlp/data/raw/감사보고서_2021.htm,2026-03-31T07:17:33.403716+00:00
699,2021,cash_flow,3. 이자의 지급,"["""", ""(125,036)"", """", ""(148,262)"", """"]",/Users/june_kim/samsung_audit_nlp/data/raw/감사보고서_2021.htm,2026-03-31T07:17:33.403716+00:00
700,2021,cash_flow,4. 배당금 수입,"["""", ""6,560,011"", """", ""129,569"", """"]",/Users/june_kim/samsung_audit_nlp/data/raw/감사보고서_2021.htm,2026-03-31T07:17:33.403716+00:00
701,2021,cash_flow,5. 법인세 납부액,"["""", ""(5,825,185)"", """", ""(2,462,259)"", """"]",/Users/june_kim/samsung_audit_nlp/data/raw/감사보고서_2021.htm,2026-03-31T07:17:33.403716+00:00
702,2021,cash_flow,Ⅱ. 투자활동 현금흐름,"["""", """", ""(24,435,207)"", """", ""(31,175,575)""]",/Users/june_kim/samsung_audit_nlp/data/raw/감사보고서_2021.htm,2026-03-31T07:17:33.403716+00:00
703,2021,cash_flow,1. 단기금융상품의 순감소(증가),"["""", ""13,600,708"", """", ""(2,099,892)"", """"]",/Users/june_kim/samsung_audit_nlp/data/raw/감사보고서_2021.htm,2026-03-31T07:17:33.403716+00:00
704,2021,cash_flow,2. 기타포괄손익-공정가치금융자산의 처분,"["""", ""-"", """", ""503"", """"]",/Users/june_kim/samsung_audit_nlp/data/raw/감사보고서_2021.htm,2026-03-31T07:17:33.403716+00:00
705,2021,cash_flow,3. 기타포괄손익-공정가치금융자산의 취득,"["""", ""(234,975)"", """", ""(204,957)"", """"]",/Users/june_kim/samsung_audit_nlp/data/raw/감사보고서_2021.htm,2026-03-31T07:17:33.403716+00:00
706,2021,cash_flow,4. 당기손익-공정가치금융자산의 처분,"["""", ""912"", """", ""74"", """"]",/Users/june_kim/samsung_audit_nlp/data/raw/감사보고서_2021.htm,2026-03-31T07:17:33.403716+00:00
707,2021,cash_flow,"5. 종속기업, 관계기업 및 공동기업 투자의 처분","["""", ""605,607"", """", ""22,057"", """"]",/Users/june_kim/samsung_audit_nlp/data/raw/감사보고서_2021.htm,2026-03-31T07:17:33.403716+00:00
708,2021,cash_flow,"6. 종속기업, 관계기업 및 공동기업 투자의 취득","["""", ""(138,858)"", """", ""(163,456)"", """"]",/Users/june_kim/samsung_audit_nlp/data/raw/감사보고서_2021.htm,2026-03-31T07:17:33.403716+00:00
709,2021,cash_flow,7. 유형자산의 처분,"["""", ""408,560"", """", ""431,142"", """"]",/Users/june_kim/samsung_audit_nlp/data/raw/감사보고서_2021.htm,2026-03-31T07:17:33.403716+00:00
710,2021,cash_flow,8. 유형자산의 취득,"["""", ""(36,021,504)"", """", ""(26,962,042)"", """"]",/Users/june_kim/samsung_audit_nlp/data/raw/감사보고서_2021.htm,2026-03-31T07:17:33.403716+00:00
711,2021,cash_flow,9. 무형자산의 처분,"["""", ""5,809"", """", ""1,082"", """"]",/Users/june_kim/samsung_audit_nlp/data/raw/감사보고서_2021.htm,2026-03-31T07:17:33.403716+00:00
712,2021,cash_flow,10. 무형자산의 취득,"["""", ""(2,459,929)"", """", ""(2,239,834)"", """"]",/Users/june_kim/samsung_audit_nlp/data/raw/감사보고서_2021.htm,2026-03-31T07:17:33.403716+00:00
713,2021,cash_flow,11. 기타투자활동으로 인한 현금유출입액,"["""", ""(201,537)"", """", ""39,748"", """"]",/Users/june_kim/samsung_audit_nlp/data/raw/감사보고서_2021.htm,2026-03-31T07:17:33.403716+00:00
714,2021,cash_flow,Ⅲ. 재무활동 현금흐름,"["""", """", ""(23,885,054)"", """", ""(7,426,376)""]",/Users/june_kim/samsung_audit_nlp/data/raw/감사보고서_2021.htm,2026-03-31T07:17:33.403716+00:00
715,2021,cash_flow,1. 단기차입금의 순증가(감소),"[""27"", ""(3,288,858)"", """", ""2,326,350"", """"]",/Users/june_kim/samsung_audit_nlp/data/raw/감사보고서_2021.htm,2026-03-31T07:17:33.403716+00:00
716,2021,cash_flow,2. 사채 및 장기차입금의 상환,"[""27"", ""(117,963)"", """", ""(134,443)"", """"]",/Users/june_kim/samsung_audit_nlp/data/raw/감사보고서_2021.htm,2026-03-31T07:17:33.403716+00:00
717,2021,cash_flow,3. 배당금의 지급,"["""", ""(20,478,233)"", """", ""(9,618,283)"", """"]",/Users/june_kim/samsung_audit_nlp/data/raw/감사보고서_2021.htm,2026-03-31T07:17:33.403716+00:00
718,2021,cash_flow,Ⅳ. 외화환산으로 인한 현금의 변동,"["""", """", ""19"", """", ""54""]",/Users/june_kim/samsung_audit_nlp/data/raw/감사보고서_2021.htm,2026-03-31T07:17:33.403716+00:00
719,2021,cash_flow,Ⅴ. 현금및현금성자산의 증가(감소)(Ⅰ+Ⅱ+Ⅲ+Ⅳ),"["""", """", ""2,929,827"", """", ""(1,092,872)""]",/Users/june_kim/samsung_audit_nlp/data/raw/감사보고서_2021.htm,2026-03-31T07:17:33.403716+00:00
720,2021,cash_flow,Ⅵ. 기초의 현금및현금성자산,"["""", """", ""989,045"", """", ""2,081,917""]",/Users/june_kim/samsung_audit_nlp/data/raw/감사보고서_2021.htm,2026-03-31T07:17:33.403716+00:00
721,2021,cash_flow,Ⅶ. 기말의 현금및현금성자산,"["""", """", ""3,918,872"", """", ""989,045""]",/Users/june_kim/samsung_audit_nlp/data/raw/감사보고서_2021.htm,2026-03-31T07:17:33.403716+00:00
722,2022,balance_sheet,자 산,"["""", """", """", """", """"]",/Users/june_kim/samsung_audit_nlp/data/raw/감사보고서_2022.htm,2026-03-31T07:17:33.586229+00:00
723,2022,balance_sheet,Ⅰ. 유 동 자 산,"["""", """", ""59,062,658"", """", ""73,553,416""]",/Users/june_kim/samsung_audit_nlp/data/raw/감사보고서_2022.htm,2026-03-31T07:17:33.586229+00:00
724,2022,balance_sheet,1. 현금및현금성자산,"[""4, 28"", ""3,921,593"", """", ""3,918,872"", """"]",/Users/june_kim/samsung_audit_nlp/data/raw/감사보고서_2022.htm,2026-03-31T07:17:33.586229+00:00
725,2022,balance_sheet,2. 단기금융상품,"[""4, 28"", ""137"", """", ""15,000,576"", """"]",/Users/june_kim/samsung_audit_nlp/data/raw/감사보고서_2022.htm,2026-03-31T07:17:33.586229+00:00
726,2022,balance_sheet,3. 매출채권,"[""4, 5, 7, 28"", ""20,503,223"", """", ""33,088,247"", """"]",/Users/june_kim/samsung_audit_nlp/data/raw/감사보고서_2022.htm,2026-03-31T07:17:33.586229+00:00
727,2022,balance_sheet,4. 미수금,"[""4, 7, 28"", ""2,925,006"", """", ""1,832,488"", """"]",/Users/june_kim/samsung_audit_nlp/data/raw/감사보고서_2022.htm,2026-03-31T07:17:33.586229+00:00
728,2022,balance_sheet,5. 선급비용,"["""", ""1,047,900"", """", ""817,689"", """"]",/Users/june_kim/samsung_audit_nlp/data/raw/감사보고서_2022.htm,2026-03-31T07:17:33.586229+00:00
729,2022,balance_sheet,6. 재고자산,"[""8"", ""27,990,007"", """", ""15,973,053"", """"]",/Users/june_kim/samsung_audit_nlp/data/raw/감사보고서_2022.htm,2026-03-31T07:17:33.586229+00:00
730,2022,balance_sheet,7. 기타유동자산,"[""4, 28"", ""2,674,792"", """", ""2,922,491"", """"]",/Users/june_kim/samsung_audit_nlp/data/raw/감사보고서_2022.htm,2026-03-31T07:17:33.586229+00:00
731,2022,balance_sheet,Ⅱ. 비 유 동 자 산,"["""", """", ""201,021,092"", """", ""177,558,768""]",/Users/june_kim/samsung_audit_nlp/data/raw/감사보고서_2022.htm,2026-03-31T07:17:33.586229+00:00
732,2022,balance_sheet,1. 기타포괄손익-공정가치금융자산,"[""4, 6, 28"", ""1,364,325"", """", ""1,662,532"", """"]",/Users/june_kim/samsung_audit_nlp/data/raw/감사보고서_2022.htm,2026-03-31T07:17:33.586229+00:00
733,2022,balance_sheet,2. 당기손익-공정가치금융자산,"[""4, 6, 28"", ""283"", """", ""2,135"", """"]",/Users/june_kim/samsung_audit_nlp/data/raw/감사보고서_2022.htm,2026-03-31T07:17:33.586229+00:00
734,2022,balance_sheet,"3. 종속기업, 관계기업 및 공동기업 투자","[""9"", ""57,397,249"", """", ""56,225,599"", """"]",/Users/june_kim/samsung_audit_nlp/data/raw/감사보고서_2022.htm,2026-03-31T07:17:33.586229+00:00
735,2022,balance_sheet,4. 유형자산,"[""10"", ""123,266,986"", """", ""103,667,025"", """"]",/Users/june_kim/samsung_audit_nlp/data/raw/감사보고서_2022.htm,2026-03-31T07:17:33.586229+00:00
736,2022,balance_sheet,5. 무형자산,"[""11"", ""8,561,424"", """", ""8,657,456"", """"]",/Users/june_kim/samsung_audit_nlp/data/raw/감사보고서_2022.htm,2026-03-31T07:17:33.586229+00:00
737,2022,balance_sheet,6. 순확정급여자산,"[""14"", ""4,410,223"", """", ""2,324,291"", """"]",/Users/june_kim/samsung_audit_nlp/data/raw/감사보고서_2022.htm,2026-03-31T07:17:33.586229+00:00
738,2022,balance_sheet,7. 이연법인세자산,"[""25"", ""2,142,512"", """", ""1,211,100"", """"]",/Users/june_kim/samsung_audit_nlp/data/raw/감사보고서_2022.htm,2026-03-31T07:17:33.586229+00:00
739,2022,balance_sheet,8. 기타비유동자산,"[""4, 7, 28"", ""3,878,090"", """", ""3,808,630"", """"]",/Users/june_kim/samsung_audit_nlp/data/raw/감사보고서_2022.htm,2026-03-31T07:17:33.586229+00:00
740,2022,balance_sheet,자 산 총 계,"["""", """", ""260,083,750"", """", ""251,112,184""]",/Users/june_kim/samsung_audit_nlp/data/raw/감사보고서_2022.htm,2026-03-31T07:17:33.586229+00:00
741,2022,balance_sheet,부 채,"["""", """", """", """", """"]",/Users/june_kim/samsung_audit_nlp/data/raw/감사보고서_2022.htm,2026-03-31T07:17:33.586229+00:00
742,2022,balance_sheet,Ⅰ. 유 동 부 채,"["""", """", ""46,086,047"", """", ""53,067,303""]",/Users/june_kim/samsung_audit_nlp/data/raw/감사보고서_2022.htm,2026-03-31T07:17:33.586229+00:00
743,2022,balance_sheet,1. 매입채무,"[""4, 28"", ""8,729,315"", """", ""11,557,441"", """"]",/Users/june_kim/samsung_audit_nlp/data/raw/감사보고서_2022.htm,2026-03-31T07:17:33.586229+00:00
744,2022,balance_sheet,2. 단기차입금,"[""4, 5, 12, 28"", ""2,381,512"", """", ""9,204,268"", """"]",/Users/june_kim/samsung_audit_nlp/data/raw/감사보고서_2022.htm,2026-03-31T07:17:33.586229+00:00
745,2022,balance_sheet,3. 미지급금,"[""4, 28"", ""18,554,543"", """", ""13,206,753"", """"]",/Users/june_kim/samsung_audit_nlp/data/raw/감사보고서_2022.htm,2026-03-31T07:17:33.586229+00:00
746,2022,balance_sheet,4. 선수금,"[""17"", ""320,689"", """", ""474,731"", """"]",/Users/june_kim/samsung_audit_nlp/data/raw/감사보고서_2022.htm,2026-03-31T07:17:33.586229+00:00
747,2022,balance_sheet,5. 예수금,"[""4, 28"", ""523,354"", """", ""624,585"", """"]",/Users/june_kim/samsung_audit_nlp/data/raw/감사보고서_2022.htm,2026-03-31T07:17:33.586229+00:00
748,2022,balance_sheet,6. 미지급비용,"[""4, 17, 28"", ""8,359,296"", """", ""8,275,410"", """"]",/Users/june_kim/samsung_audit_nlp/data/raw/감사보고서_2022.htm,2026-03-31T07:17:33.586229+00:00
749,2022,balance_sheet,7. 당기법인세부채,"["""", ""2,533,481"", """", ""5,599,896"", """"]",/Users/june_kim/samsung_audit_nlp/data/raw/감사보고서_2022.htm,2026-03-31T07:17:33.586229+00:00
750,2022,balance_sheet,8. 유동성장기부채,"[""4, 12, 13, 28"", ""135,753"", """", ""139,328"", """"]",/Users/june_kim/samsung_audit_nlp/data/raw/감사보고서_2022.htm,2026-03-31T07:17:33.586229+00:00
751,2022,balance_sheet,9. 충당부채,"[""15"", ""4,059,491"", """", ""3,643,853"", """"]",/Users/june_kim/samsung_audit_nlp/data/raw/감사보고서_2022.htm,2026-03-31T07:17:33.586229+00:00
752,2022,balance_sheet,10. 기타유동부채,"[""17"", ""488,613"", """", ""341,038"", """"]",/Users/june_kim/samsung_audit_nlp/data/raw/감사보고서_2022.htm,2026-03-31T07:17:33.586229+00:00
753,2022,balance_sheet,Ⅱ. 비 유 동 부 채,"["""", """", ""4,581,512"", """", ""4,851,149""]",/Users/june_kim/samsung_audit_nlp/data/raw/감사보고서_2022.htm,2026-03-31T07:17:33.586229+00:00
754,2022,balance_sheet,1. 사채,"[""4, 13, 28"", ""24,912"", """", ""29,048"", """"]",/Users/june_kim/samsung_audit_nlp/data/raw/감사보고서_2022.htm,2026-03-31T07:17:33.586229+00:00
755,2022,balance_sheet,2. 장기차입금,"[""4, 12, 28"", ""654,979"", """", ""431,915"", """"]",/Users/june_kim/samsung_audit_nlp/data/raw/감사보고서_2022.htm,2026-03-31T07:17:33.586229+00:00
756,2022,balance_sheet,3. 장기미지급금,"[""4, 28"", ""2,439,232"", """", ""2,653,715"", """"]",/Users/june_kim/samsung_audit_nlp/data/raw/감사보고서_2022.htm,2026-03-31T07:17:33.586229+00:00
757,2022,balance_sheet,4. 장기충당부채,"[""15"", ""1,423,165"", """", ""1,659,774"", """"]",/Users/june_kim/samsung_audit_nlp/data/raw/감사보고서_2022.htm,2026-03-31T07:17:33.586229+00:00
758,2022,balance_sheet,5. 기타비유동부채,"["""", ""39,224"", """", ""76,697"", """"]",/Users/june_kim/samsung_audit_nlp/data/raw/감사보고서_2022.htm,2026-03-31T07:17:33.586229+00:00
759,2022,balance_sheet,부 채 총 계,"["""", """", ""50,667,559"", """", ""57,918,452""]",/Users/june_kim/samsung_audit_nlp/data/raw/감사보고서_2022.htm,2026-03-31T07:17:33.586229+00:00
760,2022,balance_sheet,자 본,"["""", """", """", """", """"]",/Users/june_kim/samsung_audit_nlp/data/raw/감사보고서_2022.htm,2026-03-31T07:17:33.586229+00:00
761,2022,balance_sheet,Ⅰ. 자본금,"[""18"", """", ""897,514"", """", ""897,514""]",/Users/june_kim/samsung_audit_nlp/data/raw/감사보고서_2022.htm,2026-03-31T07:17:33.586229+00:00
762,2022,balance_sheet,1. 우선주자본금,"["""", ""119,467"", """", ""119,467"", """"]",/Users/june_kim/samsung_audit_nlp/data/raw/감사보고서_2022.htm,2026-03-31T07:17:33.586229+00:00
763,2022,balance_sheet,2. 보통주자본금,"["""", ""778,047"", """", ""778,047"", """"]",/Users/june_kim/samsung_audit_nlp/data/raw/감사보고서_2022.htm,2026-03-31T07:17:33.586229+00:00
764,2022,balance_sheet,Ⅱ. 주식발행초과금,"["""", """", ""4,403,893"", """", ""4,403,893""]",/Users/june_kim/samsung_audit_nlp/data/raw/감사보고서_2022.htm,2026-03-31T07:17:33.586229+00:00
765,2022,balance_sheet,Ⅲ. 이익잉여금,"[""19"", """", ""204,388,016"", """", ""188,774,335""]",/Users/june_kim/samsung_audit_nlp/data/raw/감사보고서_2022.htm,2026-03-31T07:17:33.586229+00:00
766,2022,balance_sheet,Ⅳ. 기타자본항목,"[""20"", """", ""(273,232)"", """", ""(882,010)""]",/Users/june_kim/samsung_audit_nlp/data/raw/감사보고서_2022.htm,2026-03-31T07:17:33.586229+00:00
767,2022,balance_sheet,자 본 총 계,"["""", """", ""209,416,191"", """", ""193,193,732""]",/Users/june_kim/samsung_audit_nlp/data/raw/감사보고서_2022.htm,2026-03-31T07:17:33.586229+00:00
768,2022,balance_sheet,부 채 와 자 본 총 계,"["""", """", ""260,083,750"", """", ""251,112,184""]",/Users/june_kim/samsung_audit_nlp/data/raw/감사보고서_2022.htm,2026-03-31T07:17:33.586229+00:00
769,2022,income_statement,(1) 당기법인세:,"["""", """"]",/Users/june_kim/samsung_audit_nlp/data/raw/감사보고서_2022.htm,2026-03-31T07:17:33.586229+00:00
770,2022,income_statement,기간손익에 대한 당기법인세,"[""5,926,928"", ""8,041,604""]",/Users/june_kim/samsung_audit_nlp/data/raw/감사보고서_2022.htm,2026-03-31T07:17:33.586229+00:00
771,2022,income_statement,당기에 인식한 조정사항,"[""(449,536)"", ""(321,952)""]",/Users/june_kim/samsung_audit_nlp/data/raw/감사보고서_2022.htm,2026-03-31T07:17:33.586229+00:00
772,2022,income_statement,소 계,"[""5,477,392"", ""7,719,652""]",/Users/june_kim/samsung_audit_nlp/data/raw/감사보고서_2022.htm,2026-03-31T07:17:33.586229+00:00
773,2022,income_statement,(2) 이연법인세:,"["""", """"]",/Users/june_kim/samsung_audit_nlp/data/raw/감사보고서_2022.htm,2026-03-31T07:17:33.586229+00:00
774,2022,income_statement,세액공제의 이월로 인한 이연법인세변동액,"[""(1,010,632)"", ""(332,351)""]",/Users/june_kim/samsung_audit_nlp/data/raw/감사보고서_2022.htm,2026-03-31T07:17:33.586229+00:00
775,2022,income_statement,일시적차이로 인한 이연법인세변동액,"[""(193,618)"", ""346,237""]",/Users/june_kim/samsung_audit_nlp/data/raw/감사보고서_2022.htm,2026-03-31T07:17:33.586229+00:00
776,2022,income_statement,소 계,"[""(1,204,250)"", ""13,886""]",/Users/june_kim/samsung_audit_nlp/data/raw/감사보고서_2022.htm,2026-03-31T07:17:33.586229+00:00
777,2022,income_statement,(3) 자본에 직접 부가되는 법인세부담액,"[""-"", ""-""]",/Users/june_kim/samsung_audit_nlp/data/raw/감사보고서_2022.htm,2026-03-31T07:17:33.586229+00:00
778,2022,income_statement,법인세비용 계,"[""4,273,142"", ""7,733,538""]",/Users/june_kim/samsung_audit_nlp/data/raw/감사보고서_2022.htm,2026-03-31T07:17:33.586229+00:00
779,2022,cash_flow,Ⅰ. 영업활동 현금흐름,"["""", """", ""44,788,749"", """", ""51,250,069""]",/Users/june_kim/samsung_audit_nlp/data/raw/감사보고서_2022.htm,2026-03-31T07:17:33.586229+00:00
780,2022,cash_flow,1. 영업에서 창출된 현금흐름,"["""", ""49,589,897"", """", ""50,357,361"", """"]",/Users/june_kim/samsung_audit_nlp/data/raw/감사보고서_2022.htm,2026-03-31T07:17:33.586229+00:00
781,2022,cash_flow,가. 당기순이익,"["""", ""25,418,778"", """", ""30,970,954"", """"]",/Users/june_kim/samsung_audit_nlp/data/raw/감사보고서_2022.htm,2026-03-31T07:17:33.586229+00:00
782,2022,cash_flow,나. 조정,"[""27"", ""31,039,388"", """", ""25,168,062"", """"]",/Users/june_kim/samsung_audit_nlp/data/raw/감사보고서_2022.htm,2026-03-31T07:17:33.586229+00:00
783,2022,cash_flow,다. 영업활동으로 인한 자산부채의 변동,"[""27"", ""(6,868,269)"", """", ""(5,781,655)"", """"]",/Users/june_kim/samsung_audit_nlp/data/raw/감사보고서_2022.htm,2026-03-31T07:17:33.586229+00:00
784,2022,cash_flow,2. 이자의 수취,"["""", ""339,560"", """", ""282,918"", """"]",/Users/june_kim/samsung_audit_nlp/data/raw/감사보고서_2022.htm,2026-03-31T07:17:33.586229+00:00
785,2022,cash_flow,3. 이자의 지급,"["""", ""(287,488)"", """", ""(125,036)"", """"]",/Users/june_kim/samsung_audit_nlp/data/raw/감사보고서_2022.htm,2026-03-31T07:17:33.586229+00:00
786,2022,cash_flow,4. 배당금 수입,"["""", ""3,551,435"", """", ""6,560,011"", """"]",/Users/june_kim/samsung_audit_nlp/data/raw/감사보고서_2022.htm,2026-03-31T07:17:33.586229+00:00
787,2022,cash_flow,5. 법인세 납부액,"["""", ""(8,404,655)"", """", ""(5,825,185)"", """"]",/Users/june_kim/samsung_audit_nlp/data/raw/감사보고서_2022.htm,2026-03-31T07:17:33.586229+00:00
788,2022,cash_flow,Ⅱ. 투자활동 현금흐름,"["""", """", ""(28,123,886)"", """", ""(24,435,207)""]",/Users/june_kim/samsung_audit_nlp/data/raw/감사보고서_2022.htm,2026-03-31T07:17:33.586229+00:00
789,2022,cash_flow,1. 단기금융상품의 순감소(증가),"["""", ""15,000,439"", """", ""13,600,708"", """"]",/Users/june_kim/samsung_audit_nlp/data/raw/감사보고서_2022.htm,2026-03-31T07:17:33.586229+00:00
790,2022,cash_flow,2. 기타포괄손익-공정가치금융자산의 처분,"["""", ""10,976"", """", ""-"", """"]",/Users/june_kim/samsung_audit_nlp/data/raw/감사보고서_2022.htm,2026-03-31T07:17:33.586229+00:00
791,2022,cash_flow,3. 기타포괄손익-공정가치금융자산의 취득,"["""", ""-"", """", ""(234,975)"", """"]",/Users/june_kim/samsung_audit_nlp/data/raw/감사보고서_2022.htm,2026-03-31T07:17:33.586229+00:00
792,2022,cash_flow,4. 당기손익-공정가치금융자산의 처분,"["""", ""1,744"", """", ""912"", """"]",/Users/june_kim/samsung_audit_nlp/data/raw/감사보고서_2022.htm,2026-03-31T07:17:33.586229+00:00
793,2022,cash_flow,"5. 종속기업, 관계기업 및 공동기업 투자의 처분","["""", ""165,089"", """", ""605,607"", """"]",/Users/june_kim/samsung_audit_nlp/data/raw/감사보고서_2022.htm,2026-03-31T07:17:33.586229+00:00
794,2022,cash_flow,"6. 종속기업, 관계기업 및 공동기업 투자의 취득","["""", ""(1,001,723)"", """", ""(138,858)"", """"]",/Users/june_kim/samsung_audit_nlp/data/raw/감사보고서_2022.htm,2026-03-31T07:17:33.586229+00:00
795,2022,cash_flow,7. 유형자산의 처분,"["""", ""288,684"", """", ""408,560"", """"]",/Users/june_kim/samsung_audit_nlp/data/raw/감사보고서_2022.htm,2026-03-31T07:17:33.586229+00:00
796,2022,cash_flow,8. 유형자산의 취득,"["""", ""(39,160,176)"", """", ""(36,021,504)"", """"]",/Users/june_kim/samsung_audit_nlp/data/raw/감사보고서_2022.htm,2026-03-31T07:17:33.586229+00:00
797,2022,cash_flow,9. 무형자산의 처분,"["""", ""6,242"", """", ""5,809"", """"]",/Users/june_kim/samsung_audit_nlp/data/raw/감사보고서_2022.htm,2026-03-31T07:17:33.586229+00:00
798,2022,cash_flow,10. 무형자산의 취득,"["""", ""(3,298,378)"", """", ""(2,459,929)"", """"]",/Users/june_kim/samsung_audit_nlp/data/raw/감사보고서_2022.htm,2026-03-31T07:17:33.586229+00:00
799,2022,cash_flow,11. 기타투자활동으로 인한 현금유출입액,"["""", ""(136,783)"", """", ""(201,537)"", """"]",/Users/june_kim/samsung_audit_nlp/data/raw/감사보고서_2022.htm,2026-03-31T07:17:33.586229+00:00
800,2022,cash_flow,Ⅲ. 재무활동 현금흐름,"["""", """", ""(16,665,064)"", """", ""(23,885,054)""]",/Users/june_kim/samsung_audit_nlp/data/raw/감사보고서_2022.htm,2026-03-31T07:17:33.586229+00:00
801,2022,cash_flow,1. 단기차입금의 순증가(감소),"[""27"", ""(6,700,826)"", """", ""(3,288,858)"", """"]",/Users/june_kim/samsung_audit_nlp/data/raw/감사보고서_2022.htm,2026-03-31T07:17:33.586229+00:00
802,2022,cash_flow,2. 사채 및 장기차입금의 상환,"[""27"", ""(155,264)"", """", ""(117,963)"", """"]",/Users/june_kim/samsung_audit_nlp/data/raw/감사보고서_2022.htm,2026-03-31T07:17:33.586229+00:00
803,2022,cash_flow,3. 배당금의 지급,"["""", ""(9,808,974)"", """", ""(20,478,233)"", """"]",/Users/june_kim/samsung_audit_nlp/data/raw/감사보고서_2022.htm,2026-03-31T07:17:33.586229+00:00
804,2022,cash_flow,Ⅳ. 외화환산으로 인한 현금의 변동,"["""", """", ""2,922"", """", ""19""]",/Users/june_kim/samsung_audit_nlp/data/raw/감사보고서_2022.htm,2026-03-31T07:17:33.586229+00:00
805,2022,cash_flow,Ⅴ. 현금및현금성자산의 증가(감소)(Ⅰ+Ⅱ+Ⅲ+Ⅳ),"["""", """", ""2,721"", """", ""2,929,827""]",/Users/june_kim/samsung_audit_nlp/data/raw/감사보고서_2022.htm,2026-03-31T07:17:33.586229+00:00
806,2022,cash_flow,Ⅵ. 기초의 현금및현금성자산,"["""", """", ""3,918,872"", """", ""989,045""]",/Users/june_kim/samsung_audit_nlp/data/raw/감사보고서_2022.htm,2026-03-31T07:17:33.586229+00:00
807,2022,cash_flow,Ⅶ. 기말의 현금및현금성자산,"["""", """", ""3,921,593"", """", ""3,918,872""]",/Users/june_kim/samsung_audit_nlp/data/raw/감사보고서_2022.htm,2026-03-31T07:17:33.586229+00:00
808,2023,balance_sheet,자 산,"["""", """", """", """", """"]",/Users/june_kim/samsung_audit_nlp/data/raw/감사보고서_2023.htm,2026-03-31T07:17:33.809670+00:00
809,2023,balance_sheet,Ⅰ. 유 동 자 산,"["""", """", ""68,548,442"", """", ""59,062,658""]",/Users/june_kim/samsung_audit_nlp/data/raw/감사보고서_2023.htm,2026-03-31T07:17:33.809670+00:00
810,2023,balance_sheet,1. 현금및현금성자산,"[""4, 28"", ""6,061,451"", """", ""3,921,593"", """"]",/Users/june_kim/samsung_audit_nlp/data/raw/감사보고서_2023.htm,2026-03-31T07:17:33.809670+00:00
811,2023,balance_sheet,2. 단기금융상품,"[""4, 28"", ""50,071"", """", ""137"", """"]",/Users/june_kim/samsung_audit_nlp/data/raw/감사보고서_2023.htm,2026-03-31T07:17:33.809670+00:00
812,2023,balance_sheet,3. 매출채권,"[""4, 5, 7, 28"", ""27,363,016"", """", ""20,503,223"", """"]",/Users/june_kim/samsung_audit_nlp/data/raw/감사보고서_2023.htm,2026-03-31T07:17:33.809670+00:00
813,2023,balance_sheet,4. 미수금,"[""4, 7, 28"", ""1,910,054"", """", ""2,925,006"", """"]",/Users/june_kim/samsung_audit_nlp/data/raw/감사보고서_2023.htm,2026-03-31T07:17:33.809670+00:00
814,2023,balance_sheet,5. 선급비용,"["""", ""1,349,755"", """", ""1,047,900"", """"]",/Users/june_kim/samsung_audit_nlp/data/raw/감사보고서_2023.htm,2026-03-31T07:17:33.809670+00:00
815,2023,balance_sheet,6. 재고자산,"[""8"", ""29,338,151"", """", ""27,990,007"", """"]",/Users/june_kim/samsung_audit_nlp/data/raw/감사보고서_2023.htm,2026-03-31T07:17:33.809670+00:00
816,2023,balance_sheet,7. 기타유동자산,"[""4, 28"", ""2,475,944"", """", ""2,674,792"", """"]",/Users/june_kim/samsung_audit_nlp/data/raw/감사보고서_2023.htm,2026-03-31T07:17:33.809670+00:00
817,2023,balance_sheet,Ⅱ. 비 유 동 자 산,"["""", """", ""228,308,847"", """", ""201,021,092""]",/Users/june_kim/samsung_audit_nlp/data/raw/감사보고서_2023.htm,2026-03-31T07:17:33.809670+00:00
818,2023,balance_sheet,1. 기타포괄손익-공정가치금융자산,"[""4, 6, 28"", ""1,854,503"", """", ""1,364,325"", """"]",/Users/june_kim/samsung_audit_nlp/data/raw/감사보고서_2023.htm,2026-03-31T07:17:33.809670+00:00
819,2023,balance_sheet,2. 당기손익-공정가치금융자산,"[""4, 6, 28"", ""1"", """", ""283"", """"]",/Users/june_kim/samsung_audit_nlp/data/raw/감사보고서_2023.htm,2026-03-31T07:17:33.809670+00:00
820,2023,balance_sheet,"3. 종속기업, 관계기업 및 공동기업 투자","[""9"", ""57,392,438"", """", ""57,397,249"", """"]",/Users/june_kim/samsung_audit_nlp/data/raw/감사보고서_2023.htm,2026-03-31T07:17:33.809670+00:00
821,2023,balance_sheet,4. 유형자산,"[""10"", ""140,579,161"", """", ""123,266,986"", """"]",/Users/june_kim/samsung_audit_nlp/data/raw/감사보고서_2023.htm,2026-03-31T07:17:33.809670+00:00
822,2023,balance_sheet,5. 무형자산,"[""11"", ""10,440,211"", """", ""8,561,424"", """"]",/Users/june_kim/samsung_audit_nlp/data/raw/감사보고서_2023.htm,2026-03-31T07:17:33.809670+00:00
823,2023,balance_sheet,6. 순확정급여자산,"[""14"", ""3,745,697"", """", ""4,410,223"", """"]",/Users/june_kim/samsung_audit_nlp/data/raw/감사보고서_2023.htm,2026-03-31T07:17:33.809670+00:00
824,2023,balance_sheet,7. 이연법인세자산,"[""25"", ""9,931,358"", """", ""2,142,512"", """"]",/Users/june_kim/samsung_audit_nlp/data/raw/감사보고서_2023.htm,2026-03-31T07:17:33.809670+00:00
825,2023,balance_sheet,8. 기타비유동자산,"[""4, 7, 28"", ""4,365,478"", """", ""3,878,090"", """"]",/Users/june_kim/samsung_audit_nlp/data/raw/감사보고서_2023.htm,2026-03-31T07:17:33.809670+00:00
826,2023,balance_sheet,자 산 총 계,"["""", """", ""296,857,289"", """", ""260,083,750""]",/Users/june_kim/samsung_audit_nlp/data/raw/감사보고서_2023.htm,2026-03-31T07:17:33.809670+00:00
827,2023,balance_sheet,부 채,"["""", """", """", """", """"]",/Users/june_kim/samsung_audit_nlp/data/raw/감사보고서_2023.htm,2026-03-31T07:17:33.809670+00:00
828,2023,balance_sheet,Ⅰ. 유 동 부 채,"["""", """", ""41,775,101"", """", ""46,086,047""]",/Users/june_kim/samsung_audit_nlp/data/raw/감사보고서_2023.htm,2026-03-31T07:17:33.809670+00:00
829,2023,balance_sheet,1. 매입채무,"[""4, 28"", ""7,943,834"", """", ""8,729,315"", """"]",/Users/june_kim/samsung_audit_nlp/data/raw/감사보고서_2023.htm,2026-03-31T07:17:33.809670+00:00
830,2023,balance_sheet,2. 단기차입금,"[""4, 5, 12, 28"", ""5,625,163"", """", ""2,381,512"", """"]",/Users/june_kim/samsung_audit_nlp/data/raw/감사보고서_2023.htm,2026-03-31T07:17:33.809670+00:00
831,2023,balance_sheet,3. 미지급금,"[""4, 28"", ""15,256,046"", """", ""18,554,543"", """"]",/Users/june_kim/samsung_audit_nlp/data/raw/감사보고서_2023.htm,2026-03-31T07:17:33.809670+00:00
832,2023,balance_sheet,4. 선수금,"[""17"", ""302,589"", """", ""320,689"", """"]",/Users/june_kim/samsung_audit_nlp/data/raw/감사보고서_2023.htm,2026-03-31T07:17:33.809670+00:00
833,2023,balance_sheet,5. 예수금,"[""4, 28"", ""445,470"", """", ""523,354"", """"]",/Users/june_kim/samsung_audit_nlp/data/raw/감사보고서_2023.htm,2026-03-31T07:17:33.809670+00:00
834,2023,balance_sheet,6. 미지급비용,"[""4, 17, 28"", ""6,931,991"", """", ""8,359,296"", """"]",/Users/june_kim/samsung_audit_nlp/data/raw/감사보고서_2023.htm,2026-03-31T07:17:33.809670+00:00
835,2023,balance_sheet,7. 당기법인세부채,"["""", ""-"", """", ""2,533,481"", """"]",/Users/june_kim/samsung_audit_nlp/data/raw/감사보고서_2023.htm,2026-03-31T07:17:33.809670+00:00
836,2023,balance_sheet,8. 유동성장기부채,"[""4, 12, 13, 28"", ""228,491"", """", ""135,753"", """"]",/Users/june_kim/samsung_audit_nlp/data/raw/감사보고서_2023.htm,2026-03-31T07:17:33.809670+00:00
837,2023,balance_sheet,9. 충당부채,"[""15"", ""4,540,702"", """", ""4,059,491"", """"]",/Users/june_kim/samsung_audit_nlp/data/raw/감사보고서_2023.htm,2026-03-31T07:17:33.809670+00:00
838,2023,balance_sheet,10. 기타유동부채,"[""17"", ""500,815"", """", ""488,613"", """"]",/Users/june_kim/samsung_audit_nlp/data/raw/감사보고서_2023.htm,2026-03-31T07:17:33.809670+00:00
839,2023,balance_sheet,Ⅱ. 비 유 동 부 채,"["""", """", ""30,294,414"", """", ""4,581,512""]",/Users/june_kim/samsung_audit_nlp/data/raw/감사보고서_2023.htm,2026-03-31T07:17:33.809670+00:00
840,2023,balance_sheet,1. 사채,"[""4, 13, 28"", ""19,064"", """", ""24,912"", """"]",/Users/june_kim/samsung_audit_nlp/data/raw/감사보고서_2023.htm,2026-03-31T07:17:33.809670+00:00
841,2023,balance_sheet,2. 장기차입금,"[""4, 12, 28"", ""22,902,035"", """", ""654,979"", """"]",/Users/june_kim/samsung_audit_nlp/data/raw/감사보고서_2023.htm,2026-03-31T07:17:33.809670+00:00
842,2023,balance_sheet,3. 장기미지급금,"[""4, 28"", ""4,942,826"", """", ""2,439,232"", """"]",/Users/june_kim/samsung_audit_nlp/data/raw/감사보고서_2023.htm,2026-03-31T07:17:33.809670+00:00
843,2023,balance_sheet,4. 장기충당부채,"[""15"", ""2,413,133"", """", ""1,423,165"", """"]",/Users/june_kim/samsung_audit_nlp/data/raw/감사보고서_2023.htm,2026-03-31T07:17:33.809670+00:00
844,2023,balance_sheet,5. 기타비유동부채,"["""", ""17,356"", """", ""39,224"", """"]",/Users/june_kim/samsung_audit_nlp/data/raw/감사보고서_2023.htm,2026-03-31T07:17:33.809670+00:00
845,2023,balance_sheet,부 채 총 계,"["""", """", ""72,069,515"", """", ""50,667,559""]",/Users/june_kim/samsung_audit_nlp/data/raw/감사보고서_2023.htm,2026-03-31T07:17:33.809670+00:00
846,2023,balance_sheet,자 본,"["""", """", """", """", """"]",/Users/june_kim/samsung_audit_nlp/data/raw/감사보고서_2023.htm,2026-03-31T07:17:33.809670+00:00
847,2023,balance_sheet,Ⅰ. 자본금,"[""18"", """", ""897,514"", """", ""897,514""]",/Users/june_kim/samsung_audit_nlp/data/raw/감사보고서_2023.htm,2026-03-31T07:17:33.809670+00:00
848,2023,balance_sheet,1. 우선주자본금,"["""", ""119,467"", """", ""119,467"", """"]",/Users/june_kim/samsung_audit_nlp/data/raw/감사보고서_2023.htm,2026-03-31T07:17:33.809670+00:00
849,2023,balance_sheet,2. 보통주자본금,"["""", ""778,047"", """", ""778,047"", """"]",/Users/june_kim/samsung_audit_nlp/data/raw/감사보고서_2023.htm,2026-03-31T07:17:33.809670+00:00
850,2023,balance_sheet,Ⅱ. 주식발행초과금,"["""", """", ""4,403,893"", """", ""4,403,893""]",/Users/june_kim/samsung_audit_nlp/data/raw/감사보고서_2023.htm,2026-03-31T07:17:33.809670+00:00
851,2023,balance_sheet,Ⅲ. 이익잉여금,"[""19"", """", ""219,963,351"", """", ""204,388,016""]",/Users/june_kim/samsung_audit_nlp/data/raw/감사보고서_2023.htm,2026-03-31T07:17:33.809670+00:00
852,2023,balance_sheet,Ⅳ. 기타자본항목,"[""20"", """", ""(476,984)"", """", ""(273,232)""]",/Users/june_kim/samsung_audit_nlp/data/raw/감사보고서_2023.htm,2026-03-31T07:17:33.809670+00:00
853,2023,balance_sheet,자 본 총 계,"["""", """", ""224,787,774"", """", ""209,416,191""]",/Users/june_kim/samsung_audit_nlp/data/raw/감사보고서_2023.htm,2026-03-31T07:17:33.809670+00:00
854,2023,balance_sheet,부 채 와 자 본 총 계,"["""", """", ""296,857,289"", """", ""260,083,750""]",/Users/june_kim/samsung_audit_nlp/data/raw/감사보고서_2023.htm,2026-03-31T07:17:33.809670+00:00
855,2023,income_statement,(1) 당기법인세:,"["""", """"]",/Users/june_kim/samsung_audit_nlp/data/raw/감사보고서_2023.htm,2026-03-31T07:17:33.809670+00:00
856,2023,income_statement,기간손익에 대한 당기법인세,"[""337,983"", ""5,926,928""]",/Users/june_kim/samsung_audit_nlp/data/raw/감사보고서_2023.htm,2026-03-31T07:17:33.809670+00:00
857,2023,income_statement,당기에 인식한 조정사항,"[""(487,822)"", ""(449,536)""]",/Users/june_kim/samsung_audit_nlp/data/raw/감사보고서_2023.htm,2026-03-31T07:17:33.809670+00:00
858,2023,income_statement,소 계,"[""(149,839)"", ""5,477,392""]",/Users/june_kim/samsung_audit_nlp/data/raw/감사보고서_2023.htm,2026-03-31T07:17:33.809670+00:00
859,2023,income_statement,(2) 이연법인세:,"["""", """"]",/Users/june_kim/samsung_audit_nlp/data/raw/감사보고서_2023.htm,2026-03-31T07:17:33.809670+00:00
860,2023,income_statement,세액공제의 이월로 인한 이연법인세변동액,"[""(4,713,725)"", ""(1,010,632)""]",/Users/june_kim/samsung_audit_nlp/data/raw/감사보고서_2023.htm,2026-03-31T07:17:33.809670+00:00
861,2023,income_statement,일시적차이로 인한 이연법인세변동액,"[""(2,073,330)"", ""(193,618)""]",/Users/june_kim/samsung_audit_nlp/data/raw/감사보고서_2023.htm,2026-03-31T07:17:33.809670+00:00
862,2023,income_statement,이월결손금으로 인한 이연법인세변동액,"[""(928,705)"", ""-""]",/Users/june_kim/samsung_audit_nlp/data/raw/감사보고서_2023.htm,2026-03-31T07:17:33.809670+00:00
863,2023,income_statement,소 계,"[""(7,715,760)"", ""(1,204,250)""]",/Users/june_kim/samsung_audit_nlp/data/raw/감사보고서_2023.htm,2026-03-31T07:17:33.809670+00:00
864,2023,income_statement,법인세비용 계,"[""(7,865,599)"", ""4,273,142""]",/Users/june_kim/samsung_audit_nlp/data/raw/감사보고서_2023.htm,2026-03-31T07:17:33.809670+00:00
865,2023,cash_flow,Ⅰ. 영업활동 현금흐름,"["""", """", ""34,455,084"", """", ""44,788,749""]",/Users/june_kim/samsung_audit_nlp/data/raw/감사보고서_2023.htm,2026-03-31T07:17:33.809670+00:00
866,2023,cash_flow,1. 영업에서 창출된 현금흐름,"["""", ""8,088,628"", """", ""49,589,897"", """"]",/Users/june_kim/samsung_audit_nlp/data/raw/감사보고서_2023.htm,2026-03-31T07:17:33.809670+00:00
867,2023,cash_flow,가. 당기순이익,"["""", ""25,397,099"", """", ""25,418,778"", """"]",/Users/june_kim/samsung_audit_nlp/data/raw/감사보고서_2023.htm,2026-03-31T07:17:33.809670+00:00
868,2023,cash_flow,나. 조정,"[""27"", ""(4,092,924)"", """", ""31,039,388"", """"]",/Users/june_kim/samsung_audit_nlp/data/raw/감사보고서_2023.htm,2026-03-31T07:17:33.809670+00:00
869,2023,cash_flow,다. 영업활동으로 인한 자산부채의 변동,"[""27"", ""(13,215,547)"", """", ""(6,868,269)"", """"]",/Users/june_kim/samsung_audit_nlp/data/raw/감사보고서_2023.htm,2026-03-31T07:17:33.809670+00:00
870,2023,cash_flow,2. 이자의 수취,"["""", ""332,111"", """", ""339,560"", """"]",/Users/june_kim/samsung_audit_nlp/data/raw/감사보고서_2023.htm,2026-03-31T07:17:33.809670+00:00
871,2023,cash_flow,3. 이자의 지급,"["""", ""(798,649)"", """", ""(287,488)"", """"]",/Users/june_kim/samsung_audit_nlp/data/raw/감사보고서_2023.htm,2026-03-31T07:17:33.809670+00:00
872,2023,cash_flow,4. 배당금 수입,"["""", ""29,497,803"", """", ""3,551,435"", """"]",/Users/june_kim/samsung_audit_nlp/data/raw/감사보고서_2023.htm,2026-03-31T07:17:33.809670+00:00
873,2023,cash_flow,5. 법인세 납부액,"["""", ""(2,664,809)"", """", ""(8,404,655)"", """"]",/Users/june_kim/samsung_audit_nlp/data/raw/감사보고서_2023.htm,2026-03-31T07:17:33.809670+00:00
874,2023,cash_flow,Ⅱ. 투자활동 현금흐름,"["""", """", ""(47,571,537)"", """", ""(28,123,886)""]",/Users/june_kim/samsung_audit_nlp/data/raw/감사보고서_2023.htm,2026-03-31T07:17:33.809670+00:00
875,2023,cash_flow,1. 단기금융상품의 순감소(증가),"["""", ""(49,934)"", """", ""15,000,439"", """"]",/Users/june_kim/samsung_audit_nlp/data/raw/감사보고서_2023.htm,2026-03-31T07:17:33.809670+00:00
876,2023,cash_flow,2. 기타포괄손익-공정가치금융자산의 처분,"["""", ""15,538"", """", ""10,976"", """"]",/Users/june_kim/samsung_audit_nlp/data/raw/감사보고서_2023.htm,2026-03-31T07:17:33.809670+00:00
877,2023,cash_flow,3. 기타포괄손익-공정가치금융자산의 취득,"["""", ""(15,515)"", """", ""-"", """"]",/Users/june_kim/samsung_audit_nlp/data/raw/감사보고서_2023.htm,2026-03-31T07:17:33.809670+00:00
878,2023,cash_flow,4. 당기손익-공정가치금융자산의 처분,"["""", ""243"", """", ""1,744"", """"]",/Users/june_kim/samsung_audit_nlp/data/raw/감사보고서_2023.htm,2026-03-31T07:17:33.809670+00:00
879,2023,cash_flow,"5. 종속기업, 관계기업 및 공동기업 투자의 처분","["""", ""144,292"", """", ""165,089"", """"]",/Users/june_kim/samsung_audit_nlp/data/raw/감사보고서_2023.htm,2026-03-31T07:17:33.809670+00:00
880,2023,cash_flow,"6. 종속기업, 관계기업 및 공동기업 투자의 취득","["""", ""(108,300)"", """", ""(1,001,723)"", """"]",/Users/june_kim/samsung_audit_nlp/data/raw/감사보고서_2023.htm,2026-03-31T07:17:33.809670+00:00
881,2023,cash_flow,7. 유형자산의 처분,"["""", ""164,415"", """", ""288,684"", """"]",/Users/june_kim/samsung_audit_nlp/data/raw/감사보고서_2023.htm,2026-03-31T07:17:33.809670+00:00
882,2023,cash_flow,8. 유형자산의 취득,"["""", ""(45,026,206)"", """", ""(39,160,176)"", """"]",/Users/june_kim/samsung_audit_nlp/data/raw/감사보고서_2023.htm,2026-03-31T07:17:33.809670+00:00
883,2023,cash_flow,9. 무형자산의 처분,"["""", ""12,002"", """", ""6,242"", """"]",/Users/june_kim/samsung_audit_nlp/data/raw/감사보고서_2023.htm,2026-03-31T07:17:33.809670+00:00
884,2023,cash_flow,10. 무형자산의 취득,"["""", ""(2,639,614)"", """", ""(3,298,378)"", """"]",/Users/june_kim/samsung_audit_nlp/data/raw/감사보고서_2023.htm,2026-03-31T07:17:33.809670+00:00
885,2023,cash_flow,11. 기타 투자활동으로 인한 현금유출입액,"["""", ""(68,458)"", """", ""(136,783)"", """"]",/Users/june_kim/samsung_audit_nlp/data/raw/감사보고서_2023.htm,2026-03-31T07:17:33.809670+00:00
886,2023,cash_flow,Ⅲ. 재무활동 현금흐름,"["""", """", ""15,268,902"", """", ""(16,665,064)""]",/Users/june_kim/samsung_audit_nlp/data/raw/감사보고서_2023.htm,2026-03-31T07:17:33.809670+00:00
887,2023,cash_flow,1. 단기차입금의 순증가(감소),"[""27"", ""3,274,337"", """", ""(6,700,826)"", """"]",/Users/june_kim/samsung_audit_nlp/data/raw/감사보고서_2023.htm,2026-03-31T07:17:33.809670+00:00
888,2023,cash_flow,2. 장기차입금의 차입,"[""27"", ""21,990,000"", """", ""-"", """"]",/Users/june_kim/samsung_audit_nlp/data/raw/감사보고서_2023.htm,2026-03-31T07:17:33.809670+00:00
889,2023,cash_flow,3. 사채 및 장기차입금의 상환,"[""27"", ""(185,316)"", """", ""(155,264)"", """"]",/Users/june_kim/samsung_audit_nlp/data/raw/감사보고서_2023.htm,2026-03-31T07:17:33.809670+00:00
890,2023,cash_flow,4. 배당금의 지급,"["""", ""(9,810,119)"", """", ""(9,808,974)"", """"]",/Users/june_kim/samsung_audit_nlp/data/raw/감사보고서_2023.htm,2026-03-31T07:17:33.809670+00:00
891,2023,cash_flow,Ⅳ. 외화환산으로 인한 현금의 변동,"["""", """", ""(12,591)"", """", ""2,922""]",/Users/june_kim/samsung_audit_nlp/data/raw/감사보고서_2023.htm,2026-03-31T07:17:33.809670+00:00
892,2023,cash_flow,Ⅴ. 현금및현금성자산의 증가(감소)(Ⅰ+Ⅱ+Ⅲ+Ⅳ),"["""", """", ""2,139,858"", """", ""2,721""]",/Users/june_kim/samsung_audit_nlp/data/raw/감사보고서_2023.htm,2026-03-31T07:17:33.809670+00:00
893,2023,cash_flow,Ⅵ. 기초의 현금및현금성자산,"["""", """", ""3,921,593"", """", ""3,918,872""]",/Users/june_kim/samsung_audit_nlp/data/raw/감사보고서_2023.htm,2026-03-31T07:17:33.809670+00:00
894,2023,cash_flow,Ⅶ. 기말의 현금및현금성자산,"["""", """", ""6,061,451"", """", ""3,921,593""]",/Users/june_kim/samsung_audit_nlp/data/raw/감사보고서_2023.htm,2026-03-31T07:17:33.809670+00:00
895,2024,balance_sheet,자 산,"["""", """", """", """", """"]",/Users/june_kim/samsung_audit_nlp/data/raw/감사보고서_2024.htm,2026-03-31T07:17:33.988424+00:00
896,2024,balance_sheet,Ⅰ. 유 동 자 산,"["""", """", ""82,320,322"", """", ""68,548,442""]",/Users/june_kim/samsung_audit_nlp/data/raw/감사보고서_2024.htm,2026-03-31T07:17:33.988424+00:00
897,2024,balance_sheet,1. 현금및현금성자산,"[""4, 28"", ""1,653,766"", """", ""6,061,451"", """"]",/Users/june_kim/samsung_audit_nlp/data/raw/감사보고서_2024.htm,2026-03-31T07:17:33.988424+00:00
898,2024,balance_sheet,2. 단기금융상품,"[""4, 28"", ""10,187,991"", """", ""50,071"", """"]",/Users/june_kim/samsung_audit_nlp/data/raw/감사보고서_2024.htm,2026-03-31T07:17:33.988424+00:00
899,2024,balance_sheet,3. 매출채권,"[""4, 5, 7, 28"", ""33,840,357"", """", ""27,363,016"", """"]",/Users/june_kim/samsung_audit_nlp/data/raw/감사보고서_2024.htm,2026-03-31T07:17:33.988424+00:00
900,2024,balance_sheet,4. 미수금,"[""4, 7, 28"", ""3,249,731"", """", ""1,910,054"", """"]",/Users/june_kim/samsung_audit_nlp/data/raw/감사보고서_2024.htm,2026-03-31T07:17:33.988424+00:00
901,2024,balance_sheet,5. 선급비용,"["""", ""1,381,781"", """", ""1,349,755"", """"]",/Users/june_kim/samsung_audit_nlp/data/raw/감사보고서_2024.htm,2026-03-31T07:17:33.988424+00:00
902,2024,balance_sheet,6. 재고자산,"[""8"", ""29,154,115"", """", ""29,338,151"", """"]",/Users/june_kim/samsung_audit_nlp/data/raw/감사보고서_2024.htm,2026-03-31T07:17:33.988424+00:00
903,2024,balance_sheet,7. 기타유동자산,"[""4, 28"", ""2,852,581"", """", ""2,475,944"", """"]",/Users/june_kim/samsung_audit_nlp/data/raw/감사보고서_2024.htm,2026-03-31T07:17:33.988424+00:00
904,2024,balance_sheet,Ⅱ. 비 유 동 자 산,"["""", """", ""242,645,805"", """", ""228,308,847""]",/Users/june_kim/samsung_audit_nlp/data/raw/감사보고서_2024.htm,2026-03-31T07:17:33.988424+00:00
905,2024,balance_sheet,1. 기타포괄손익-공정가치금융자산,"[""4, 6, 28"", ""2,176,346"", """", ""1,854,503"", """"]",/Users/june_kim/samsung_audit_nlp/data/raw/감사보고서_2024.htm,2026-03-31T07:17:33.988424+00:00
906,2024,balance_sheet,2. 당기손익-공정가치금융자산,"[""4, 6, 28"", ""-"", """", ""1"", """"]",/Users/june_kim/samsung_audit_nlp/data/raw/감사보고서_2024.htm,2026-03-31T07:17:33.988424+00:00
907,2024,balance_sheet,"3. 종속기업, 관계기업 및 공동기업 투자","[""9"", ""57,427,196"", """", ""57,392,438"", """"]",/Users/june_kim/samsung_audit_nlp/data/raw/감사보고서_2024.htm,2026-03-31T07:17:33.988424+00:00
908,2024,balance_sheet,4. 유형자산,"[""10"", ""151,446,870"", """", ""140,579,161"", """"]",/Users/june_kim/samsung_audit_nlp/data/raw/감사보고서_2024.htm,2026-03-31T07:17:33.988424+00:00
909,2024,balance_sheet,5. 무형자산,"[""11"", ""10,496,956"", """", ""10,440,211"", """"]",/Users/june_kim/samsung_audit_nlp/data/raw/감사보고서_2024.htm,2026-03-31T07:17:33.988424+00:00
910,2024,balance_sheet,6. 순확정급여자산,"[""14"", ""2,249,792"", """", ""3,745,697"", """"]",/Users/june_kim/samsung_audit_nlp/data/raw/감사보고서_2024.htm,2026-03-31T07:17:33.988424+00:00
911,2024,balance_sheet,7. 이연법인세자산,"[""25"", ""14,333,432"", """", ""9,931,358"", """"]",/Users/june_kim/samsung_audit_nlp/data/raw/감사보고서_2024.htm,2026-03-31T07:17:33.988424+00:00
912,2024,balance_sheet,8. 기타비유동자산,"[""4, 7, 28"", ""4,515,213"", """", ""4,365,478"", """"]",/Users/june_kim/samsung_audit_nlp/data/raw/감사보고서_2024.htm,2026-03-31T07:17:33.988424+00:00
913,2024,balance_sheet,자 산 총 계,"["""", """", ""324,966,127"", """", ""296,857,289""]",/Users/june_kim/samsung_audit_nlp/data/raw/감사보고서_2024.htm,2026-03-31T07:17:33.988424+00:00
914,2024,balance_sheet,부 채,"["""", """", """", """", """"]",/Users/june_kim/samsung_audit_nlp/data/raw/감사보고서_2024.htm,2026-03-31T07:17:33.988424+00:00
915,2024,balance_sheet,Ⅰ. 유 동 부 채,"["""", """", ""80,157,976"", """", ""41,775,101""]",/Users/june_kim/samsung_audit_nlp/data/raw/감사보고서_2024.htm,2026-03-31T07:17:33.988424+00:00
916,2024,balance_sheet,1. 매입채무,"[""4, 28"", ""10,287,967"", """", ""7,943,834"", """"]",/Users/june_kim/samsung_audit_nlp/data/raw/감사보고서_2024.htm,2026-03-31T07:17:33.988424+00:00
917,2024,balance_sheet,2. 단기차입금,"[""4, 5, 12, 28"", ""11,110,972"", """", ""5,625,163"", """"]",/Users/june_kim/samsung_audit_nlp/data/raw/감사보고서_2024.htm,2026-03-31T07:17:33.988424+00:00
918,2024,balance_sheet,3. 미지급금,"[""4, 28"", ""18,591,524"", """", ""15,256,046"", """"]",/Users/june_kim/samsung_audit_nlp/data/raw/감사보고서_2024.htm,2026-03-31T07:17:33.988424+00:00
919,2024,balance_sheet,4. 선수금,"[""17"", ""350,448"", """", ""302,589"", """"]",/Users/june_kim/samsung_audit_nlp/data/raw/감사보고서_2024.htm,2026-03-31T07:17:33.988424+00:00
920,2024,balance_sheet,5. 예수금,"[""4, 28"", ""516,454"", """", ""445,470"", """"]",/Users/june_kim/samsung_audit_nlp/data/raw/감사보고서_2024.htm,2026-03-31T07:17:33.988424+00:00
921,2024,balance_sheet,6. 미지급비용,"[""4, 17, 28"", ""9,039,886"", """", ""6,931,991"", """"]",/Users/june_kim/samsung_audit_nlp/data/raw/감사보고서_2024.htm,2026-03-31T07:17:33.988424+00:00
922,2024,balance_sheet,7. 당기법인세부채,"["""", ""1,380,469"", """", ""-"", """"]",/Users/june_kim/samsung_audit_nlp/data/raw/감사보고서_2024.htm,2026-03-31T07:17:33.988424+00:00
923,2024,balance_sheet,8. 유동성장기부채,"[""4, 12, 13, 28"", ""22,264,226"", """", ""228,491"", """"]",/Users/june_kim/samsung_audit_nlp/data/raw/감사보고서_2024.htm,2026-03-31T07:17:33.988424+00:00
924,2024,balance_sheet,9. 충당부채,"[""15"", ""6,257,389"", """", ""4,540,702"", """"]",/Users/june_kim/samsung_audit_nlp/data/raw/감사보고서_2024.htm,2026-03-31T07:17:33.988424+00:00
925,2024,balance_sheet,10. 기타유동부채,"[""17"", ""358,641"", """", ""500,815"", """"]",/Users/june_kim/samsung_audit_nlp/data/raw/감사보고서_2024.htm,2026-03-31T07:17:33.988424+00:00
926,2024,balance_sheet,Ⅱ. 비 유 동 부 채,"["""", """", ""8,411,494"", """", ""30,294,414""]",/Users/june_kim/samsung_audit_nlp/data/raw/감사보고서_2024.htm,2026-03-31T07:17:33.988424+00:00
927,2024,balance_sheet,1. 사채,"[""4, 13, 28"", ""14,530"", """", ""19,064"", """"]",/Users/june_kim/samsung_audit_nlp/data/raw/감사보고서_2024.htm,2026-03-31T07:17:33.988424+00:00
928,2024,balance_sheet,2. 장기차입금,"[""4, 12, 28"", ""795,703"", """", ""22,902,035"", """"]",/Users/june_kim/samsung_audit_nlp/data/raw/감사보고서_2024.htm,2026-03-31T07:17:33.988424+00:00
929,2024,balance_sheet,3. 장기미지급금,"[""4, 28"", ""4,965,481"", """", ""4,942,826"", """"]",/Users/june_kim/samsung_audit_nlp/data/raw/감사보고서_2024.htm,2026-03-31T07:17:33.988424+00:00
930,2024,balance_sheet,4. 장기충당부채,"[""15"", ""2,602,575"", """", ""2,413,133"", """"]",/Users/june_kim/samsung_audit_nlp/data/raw/감사보고서_2024.htm,2026-03-31T07:17:33.988424+00:00
931,2024,balance_sheet,5. 기타비유동부채,"["""", ""33,205"", """", ""17,356"", """"]",/Users/june_kim/samsung_audit_nlp/data/raw/감사보고서_2024.htm,2026-03-31T07:17:33.988424+00:00
932,2024,balance_sheet,부 채 총 계,"["""", """", ""88,569,470"", """", ""72,069,515""]",/Users/june_kim/samsung_audit_nlp/data/raw/감사보고서_2024.htm,2026-03-31T07:17:33.988424+00:00
933,2024,balance_sheet,자 본,"["""", """", """", """", """"]",/Users/june_kim/samsung_audit_nlp/data/raw/감사보고서_2024.htm,2026-03-31T07:17:33.988424+00:00
934,2024,balance_sheet,Ⅰ. 자본금,"[""18"", """", ""897,514"", """", ""897,514""]",/Users/june_kim/samsung_audit_nlp/data/raw/감사보고서_2024.htm,2026-03-31T07:17:33.988424+00:00
935,2024,balance_sheet,1. 우선주자본금,"["""", ""119,467"", """", ""119,467"", """"]",/Users/june_kim/samsung_audit_nlp/data/raw/감사보고서_2024.htm,2026-03-31T07:17:33.988424+00:00
936,2024,balance_sheet,2. 보통주자본금,"["""", ""778,047"", """", ""778,047"", """"]",/Users/june_kim/samsung_audit_nlp/data/raw/감사보고서_2024.htm,2026-03-31T07:17:33.988424+00:00
937,2024,balance_sheet,Ⅱ. 주식발행초과금,"["""", """", ""4,403,893"", """", ""4,403,893""]",/Users/june_kim/samsung_audit_nlp/data/raw/감사보고서_2024.htm,2026-03-31T07:17:33.988424+00:00
938,2024,balance_sheet,Ⅲ. 이익잉여금,"[""19"", """", ""233,734,316"", """", ""219,963,351""]",/Users/june_kim/samsung_audit_nlp/data/raw/감사보고서_2024.htm,2026-03-31T07:17:33.988424+00:00
939,2024,balance_sheet,Ⅳ. 기타자본항목,"[""20"", """", ""(2,639,066)"", """", ""(476,984)""]",/Users/june_kim/samsung_audit_nlp/data/raw/감사보고서_2024.htm,2026-03-31T07:17:33.988424+00:00
940,2024,balance_sheet,자 본 총 계,"["""", """", ""236,396,657"", """", ""224,787,774""]",/Users/june_kim/samsung_audit_nlp/data/raw/감사보고서_2024.htm,2026-03-31T07:17:33.988424+00:00
941,2024,balance_sheet,부 채 와 자 본 총 계,"["""", """", ""324,966,127"", """", ""296,857,289""]",/Users/june_kim/samsung_audit_nlp/data/raw/감사보고서_2024.htm,2026-03-31T07:17:33.988424+00:00
942,2024,income_statement,(1) 당기법인세:,"["""", """"]",/Users/june_kim/samsung_audit_nlp/data/raw/감사보고서_2024.htm,2026-03-31T07:17:33.988424+00:00
943,2024,income_statement,기간손익에 대한 당기법인세,"[""1,689,123"", ""337,983""]",/Users/june_kim/samsung_audit_nlp/data/raw/감사보고서_2024.htm,2026-03-31T07:17:33.988424+00:00
944,2024,income_statement,당기에 인식한 조정사항,"[""754,311"", ""(487,822)""]",/Users/june_kim/samsung_audit_nlp/data/raw/감사보고서_2024.htm,2026-03-31T07:17:33.988424+00:00
945,2024,income_statement,소 계,"[""2,443,434"", ""(149,839)""]",/Users/june_kim/samsung_audit_nlp/data/raw/감사보고서_2024.htm,2026-03-31T07:17:33.988424+00:00
946,2024,income_statement,(2) 이연법인세:,"["""", """"]",/Users/june_kim/samsung_audit_nlp/data/raw/감사보고서_2024.htm,2026-03-31T07:17:33.988424+00:00
947,2024,income_statement,세액공제의 이월로 인한 이연법인세 변동액,"[""(4,658,032)"", ""(4,713,725)""]",/Users/june_kim/samsung_audit_nlp/data/raw/감사보고서_2024.htm,2026-03-31T07:17:33.988424+00:00
948,2024,income_statement,일시적차이로 인한 이연법인세 변동액,"[""(547,094)"", ""(2,073,330)""]",/Users/june_kim/samsung_audit_nlp/data/raw/감사보고서_2024.htm,2026-03-31T07:17:33.988424+00:00
949,2024,income_statement,이월결손금으로 인한 이연법인세 변동액,"[""928,705"", ""(928,705)""]",/Users/june_kim/samsung_audit_nlp/data/raw/감사보고서_2024.htm,2026-03-31T07:17:33.988424+00:00
950,2024,income_statement,소 계,"[""(4,276,421)"", ""(7,715,760)""]",/Users/june_kim/samsung_audit_nlp/data/raw/감사보고서_2024.htm,2026-03-31T07:17:33.988424+00:00
951,2024,income_statement,법인세비용 계,"[""(1,832,987)"", ""(7,865,599)""]",/Users/june_kim/samsung_audit_nlp/data/raw/감사보고서_2024.htm,2026-03-31T07:17:33.988424+00:00
952,2024,cash_flow,Ⅰ. 영업활동 현금흐름,"["""", """", ""52,491,497"", """", ""34,455,084""]",/Users/june_kim/samsung_audit_nlp/data/raw/감사보고서_2024.htm,2026-03-31T07:17:33.988424+00:00
953,2024,cash_flow,1. 영업에서 창출된 현금흐름,"["""", ""44,315,608"", """", ""8,088,628"", """"]",/Users/june_kim/samsung_audit_nlp/data/raw/감사보고서_2024.htm,2026-03-31T07:17:33.988424+00:00
954,2024,cash_flow,가. 당기순이익,"["""", ""23,582,565"", """", ""25,397,099"", """"]",/Users/june_kim/samsung_audit_nlp/data/raw/감사보고서_2024.htm,2026-03-31T07:17:33.988424+00:00
955,2024,cash_flow,나. 조정,"[""27"", ""21,493,129"", """", ""(4,092,924)"", """"]",/Users/june_kim/samsung_audit_nlp/data/raw/감사보고서_2024.htm,2026-03-31T07:17:33.988424+00:00
956,2024,cash_flow,다. 영업활동으로 인한 자산부채의 변동,"[""27"", ""(760,086)"", """", ""(13,215,547)"", """"]",/Users/june_kim/samsung_audit_nlp/data/raw/감사보고서_2024.htm,2026-03-31T07:17:33.988424+00:00
957,2024,cash_flow,2. 이자의 수취,"["""", ""277,362"", """", ""332,111"", """"]",/Users/june_kim/samsung_audit_nlp/data/raw/감사보고서_2024.htm,2026-03-31T07:17:33.988424+00:00
958,2024,cash_flow,3. 이자의 지급,"["""", ""(674,010)"", """", ""(798,649)"", """"]",/Users/june_kim/samsung_audit_nlp/data/raw/감사보고서_2024.htm,2026-03-31T07:17:33.988424+00:00
959,2024,cash_flow,4. 배당금 수입,"["""", ""9,635,502"", """", ""29,497,803"", """"]",/Users/june_kim/samsung_audit_nlp/data/raw/감사보고서_2024.htm,2026-03-31T07:17:33.988424+00:00
960,2024,cash_flow,5. 법인세 납부액,"["""", ""(1,062,965)"", """", ""(2,664,809)"", """"]",/Users/june_kim/samsung_audit_nlp/data/raw/감사보고서_2024.htm,2026-03-31T07:17:33.988424+00:00
961,2024,cash_flow,Ⅱ. 투자활동 현금흐름,"["""", """", ""(50,377,644)"", """", ""(47,571,537)""]",/Users/june_kim/samsung_audit_nlp/data/raw/감사보고서_2024.htm,2026-03-31T07:17:33.988424+00:00
962,2024,cash_flow,1. 단기금융상품의 순감소(증가),"["""", ""(10,122,673)"", """", ""(49,934)"", """"]",/Users/june_kim/samsung_audit_nlp/data/raw/감사보고서_2024.htm,2026-03-31T07:17:33.988424+00:00
963,2024,cash_flow,2. 기타포괄손익-공정가치금융자산의 처분,"["""", ""2,942"", """", ""15,538"", """"]",/Users/june_kim/samsung_audit_nlp/data/raw/감사보고서_2024.htm,2026-03-31T07:17:33.988424+00:00
964,2024,cash_flow,3. 기타포괄손익-공정가치금융자산의 취득,"["""", ""-"", """", ""(15,515)"", """"]",/Users/june_kim/samsung_audit_nlp/data/raw/감사보고서_2024.htm,2026-03-31T07:17:33.988424+00:00
965,2024,cash_flow,4. 당기손익-공정가치금융자산의 처분,"["""", ""1"", """", ""243"", """"]",/Users/june_kim/samsung_audit_nlp/data/raw/감사보고서_2024.htm,2026-03-31T07:17:33.988424+00:00
966,2024,cash_flow,"5. 종속기업, 관계기업 및 공동기업 투자의 처분","["""", ""319,965"", """", ""144,292"", """"]",/Users/june_kim/samsung_audit_nlp/data/raw/감사보고서_2024.htm,2026-03-31T07:17:33.988424+00:00
967,2024,cash_flow,"6. 종속기업, 관계기업 및 공동기업 투자의 취득","["""", ""(336,648)"", """", ""(108,300)"", """"]",/Users/june_kim/samsung_audit_nlp/data/raw/감사보고서_2024.htm,2026-03-31T07:17:33.988424+00:00
968,2024,cash_flow,7. 유형자산의 처분,"["""", ""130,956"", """", ""164,415"", """"]",/Users/june_kim/samsung_audit_nlp/data/raw/감사보고서_2024.htm,2026-03-31T07:17:33.988424+00:00
969,2024,cash_flow,8. 유형자산의 취득,"["""", ""(38,246,765)"", """", ""(45,026,206)"", """"]",/Users/june_kim/samsung_audit_nlp/data/raw/감사보고서_2024.htm,2026-03-31T07:17:33.988424+00:00
970,2024,cash_flow,9. 무형자산의 처분,"["""", ""13,327"", """", ""12,002"", """"]",/Users/june_kim/samsung_audit_nlp/data/raw/감사보고서_2024.htm,2026-03-31T07:17:33.988424+00:00
971,2024,cash_flow,10. 무형자산의 취득,"["""", ""(2,069,083)"", """", ""(2,639,614)"", """"]",/Users/june_kim/samsung_audit_nlp/data/raw/감사보고서_2024.htm,2026-03-31T07:17:33.988424+00:00
972,2024,cash_flow,11. 기타 투자활동으로 인한 현금유출입액,"["""", ""(69,666)"", """", ""(68,458)"", """"]",/Users/june_kim/samsung_audit_nlp/data/raw/감사보고서_2024.htm,2026-03-31T07:17:33.988424+00:00
973,2024,cash_flow,Ⅲ. 재무활동 현금흐름,"["""", """", ""(6,520,814)"", """", ""15,268,902""]",/Users/june_kim/samsung_audit_nlp/data/raw/감사보고서_2024.htm,2026-03-31T07:17:33.988424+00:00
974,2024,cash_flow,1. 단기차입금의 순증가(감소),"[""27"", ""5,316,919"", """", ""3,274,337"", """"]",/Users/june_kim/samsung_audit_nlp/data/raw/감사보고서_2024.htm,2026-03-31T07:17:33.988424+00:00
975,2024,cash_flow,2. 장기차입금의 차입,"[""27"", ""-"", """", ""21,990,000"", """"]",/Users/june_kim/samsung_audit_nlp/data/raw/감사보고서_2024.htm,2026-03-31T07:17:33.988424+00:00
976,2024,cash_flow,3. 사채 및 장기차입금의 상환,"[""27"", ""(217,305)"", """", ""(185,316)"", """"]",/Users/june_kim/samsung_audit_nlp/data/raw/감사보고서_2024.htm,2026-03-31T07:17:33.988424+00:00
977,2024,cash_flow,4. 배당금의 지급,"["""", ""(9,808,653)"", """", ""(9,810,119)"", """"]",/Users/june_kim/samsung_audit_nlp/data/raw/감사보고서_2024.htm,2026-03-31T07:17:33.988424+00:00
978,2024,cash_flow,5. 자기주식의 취득,"["""", ""(1,811,775)"", """", ""-"", """"]",/Users/june_kim/samsung_audit_nlp/data/raw/감사보고서_2024.htm,2026-03-31T07:17:33.988424+00:00
979,2024,cash_flow,Ⅳ. 외화환산으로 인한 현금의 변동,"["""", """", ""(724)"", """", ""(12,591)""]",/Users/june_kim/samsung_audit_nlp/data/raw/감사보고서_2024.htm,2026-03-31T07:17:33.988424+00:00
980,2024,cash_flow,Ⅴ. 현금및현금성자산의 증가(감소)(Ⅰ+Ⅱ+Ⅲ+Ⅳ),"["""", """", ""(4,407,685)"", """", ""2,139,858""]",/Users/june_kim/samsung_audit_nlp/data/raw/감사보고서_2024.htm,2026-03-31T07:17:33.988424+00:00
981,2024,cash_flow,Ⅵ. 기초의 현금및현금성자산,"["""", """", ""6,061,451"", """", ""3,921,593""]",/Users/june_kim/samsung_audit_nlp/data/raw/감사보고서_2024.htm,2026-03-31T07:17:33.988424+00:00
982,2024,cash_flow,Ⅶ. 기말의 현금및현금성자산,"["""", """", ""1,653,766"", """", ""6,061,451""]",/Users/june_kim/samsung_audit_nlp/data/raw/감사보고서_2024.htm,2026-03-31T07:17:33.988424+00:00
