id,year,section,content,char_count,source_file,extracted_at
1,2014,감사의견,"우리의 의견으로는 회사의 재무제표는 삼성전자주식회사의 2014년 12월 31일과 2013년 12월 31일 현재의 재무상태, 동일로 종료되는 양 보고기간의 재무성과 및 현금흐름을 한국채택국제회계기준에 따라 중요성의 관점에서 공정하게 표시하고 있습니다.
기타사항
삼성전자주식회사의 2013년 12월 31일로 종료되는 보고기간의 재무제표는 종전 대한민국의 회계감사기준에 따라 감사가 수행되었습니다.
우리의 의견으로는 회사의 재무제표는 삼성전자주식회사의 2014년 12월 31일과 2013년 12월 31일 현재의 재무상태, 동일로 종료되는 양 보고기간의 재무성과 및 현금흐름을 한국채택국제회계기준에 따라 중요성의 관점에서 공정하게 표시하고 있습니다.
기타사항
삼성전자주식회사의 2013년 12월 31일로 종료되는 보고기간의 재무제표는 종전 대한민국의 회계감사기준에 따라 감사가 수행되었습니다.",439,/Users/june_kim/samsung_audit_nlp/data/raw/감사보고서_2014.htm,2026-03-31T07:17:31.789725+00:00
2,2014,감사의견근거,"우리의 책임은 우리가 수행한 감사를 근거로 해당 재무제표에 대하여 의견을 표명하는데 있습니다. 우리는 대한민국의 회계감사기준에 따라 감사를 수행하였습니다. 이 기준은 우리가 윤리적 요구사항을 준수하며 재무제표에 중요한 왜곡표시가 없는지에대한 합리적인 확신을 얻도록 감사를 계획하고 수행할 것을 요구하고 있습니다. 감사는 재무제표의 금액과 공시에 대한 감사증거를 입수하기 위한 절차의 수행을 포함합니다. 절차의 선택은 부정이나 오류로 인한 재무제표의 중요한 왜곡표시위험에 대한 평가 등 감사인의 판단에 따라 달라집니다. 감사인은 이러한 위험을 평가할 때, 상황에 적합한 감사절차를 설계하기 위하여 기업의 재무제표 작성 및 공정한 표시와관련된 내부통제를 고려합니다. 그러나 이는 내부통제의 효과성에 대한 의견을 표명하기 위한 것이 아닙니다. 감사는 또한 재무제표의 전반적 표시에 대한 평가뿐 아니라, 재무제표를 작성하기 위하여 경영진이 적용한 회계정책의 적합성과 경영진이 도출한 회계추정치의 합리성에 대한 평가를 포함합니다. 우리가 입수한 감사증거가 감사의견을 위한 근거로서 충분하고 적합하다고 우리는 믿습니다.",564,/Users/june_kim/samsung_audit_nlp/data/raw/감사보고서_2014.htm,2026-03-31T07:17:31.789725+00:00
3,2014,핵심감사사항,,0,/Users/june_kim/samsung_audit_nlp/data/raw/감사보고서_2014.htm,2026-03-31T07:17:31.789725+00:00
4,2014,재무상태표,"제 46 기 : 2014년 12월 31일 현재
제 45 기 : 2013년 12월 31일 현재
삼성전자주식회사
(단위 : 백만원)
자 산
Ⅰ. 유 동 자 산
62,054,773
60,603,694
1. 현금및현금성자산
4, 6, 7
1,643,318
2,030,307
2. 단기금융상품
5, 6, 7
26,454,093
27,463,345
3. 단기매도가능금융자산
6, 9
2,137,533
1,488,527
4. 매출채권
6, 7, 10
18,940,786
17,748,978
5. 미수금
10
3,218,973
2,734,572
6. 선급금
977,114
1,007,685
7. 선급비용
1,846,360
1,373,140
8. 재고자산
11
5,553,834
5,880,463
9. 기타유동자산
821,079
876,677
10. 매각예정분류자산
12, 34
461,683
-
Ⅱ. 비 유 동 자 산
102,005,810
94,222,263
1. 장기매도가능금융자산
6, 9
7,106,234
3,956,952
2. 종속기업, 관계기업 및 공동기업 투자
12
41,857,431
42,258,049
3. 유형자산
13
43,744,259
41,439,372
4. 무형자산
14
3,051,564
2,495,302
5. 장기선급비용
4,415,935
2,951,813
6. 순확정급여자산
17
135,951
-
7. 기타비유동자산
1,694,436
1,120,775
자 산 총 계
164,060,583
154,825,957
부 채
Ⅰ. 유 동 부 채
28,208,638
27,597,944
1. 매입채무
6
4,677,527
5,742,116
2. 단기차입금
6, 8, 15
2,928,182
2,811,565
3. 미지급금
6
6,460,166
5,404,573
4. 선수금
139,803
141,582
5. 예수금
596,164
514,235
6. 미지급비용
7,413,148
5,952,745
7. 미지급법인세
1,707,176
2,207,118
8. 유동성사채
6, 16
5,304
5,083
9. 충당부채
18
4,246,054
4,805,193
10. 기타유동부채
14,855
13,734
11. 매각예정분류부채
34
20,259
-
Ⅱ. 비 유 동 부 채
3,174,870
4,857,246
1. 사채
6, 16
63,648
66,079
2. 장기미지급금
6
2,305,055
769,002
3. 순확정급여부채
17
-
1,500,222
4. 이연법인세부채
29
364,366
1,954,171
5. 장기충당부채
18
437,974
415,718
6. 기타비유동부채
3,827
152,054
부 채 총 계
31,383,508
32,455,190
자 본
Ⅰ. 자본금
20
897,514
897,514
1. 우선주자본금
119,467
119,467
2. 보통주자본금
778,047
778,047
Ⅱ. 주식발행초과금
4,403,893
4,403,893
Ⅲ. 이익잉여금
21
134,464,189
122,029,419
Ⅳ. 기타자본항목
23
(7,113,271)
(4,960,059)
Ⅴ. 매각예정분류기타자본항목
34
24,750
-
자 본 총 계
132,677,075
122,370,767
부채와자본총계
164,060,583
154,825,957
별첨 주석은 본 재무제표의 일부입니다.",1620,/Users/june_kim/samsung_audit_nlp/data/raw/감사보고서_2014.htm,2026-03-31T07:17:31.789725+00:00
5,2014,포괄손익,"제 46 기 : 2014년 1월 1일부터 2014년 12월 31일까지
제 45 기 : 2013년 1월 1일부터 2013년 12월 31일까지
삼성전자주식회사
(단위 : 백만원)
Ⅰ. 매 출 액
137,825,547
158,372,089
Ⅱ. 매 출 원 가
25
99,188,713
110,731,528
Ⅲ. 매 출 총 이 익
38,636,834
47,640,561
판매비와관리비
25, 26
24,711,840
25,833,556
Ⅳ. 영 업 이 익
13,924,994
21,807,005
기 타 수 익
27
3,507,303
3,130,308
기 타 비 용
27
706,929
792,210
금 융 수 익
28
4,289,118
3,918,900
금 융 비 용
28
3,733,845
3,846,744
Ⅴ. 법인세비용차감전순이익
17,280,641
24,217,259
법 인 세 비 용
29
2,688,860
6,287,739
Ⅵ. 당 기 순 이 익
14,591,781
17,929,520
Ⅶ. 주 당 이 익
30
기본주당이익(단위:원)
96,784
118,946
희석주당이익(단위:원)
96,779
118,921
별첨 주석은 본 재무제표의 일부입니다.
포 괄 손 익 계 산 서
제 46 기 : 2014년 1월 1일부터 2014년 12월 31일까지
제 45 기 : 2013년 1월 1일부터 2013년 12월 31일까지
삼성전자주식회사
(단위 : 백만원)
Ⅰ. 당기순이익
14,591,781
17,929,520
Ⅱ. 기타포괄손익
(1,026,468)
(269,819)
후속적으로 당기손익으로 재분류되지 않는 포괄손익
(572,373)
(165,832)
1. 순확정급여부채 재측정요소
17, 23
(572,373)
(165,832)
후속적으로 당기손익으로 재분류되는 포괄손익
(454,095)
(103,987)
1. 매도가능금융자산평가손익
9, 23
(454,095)
(103,987)
Ⅲ. 총포괄이익
13,565,313
17,659,701
별첨 주석은 본 재무제표의 일부입니다.
자 본 변 동 표
제 46 기 : 2014년 1월 1일부터 2014년 12월 31일까지
제 45 기 : 2013년 1월 1일부터 2013년 12월 31일까지
삼성전자주식회사
(단위 : 백만원)
2013.1.1 (전기초)
897,514
4,403,893
105,306,520
(4,720,058)
-
105,887,869
Ⅰ. 총포괄손익
1. 당기순이익
-
-
17,929,520
-
-
17,929,520
2. 매도가능금융자산평가
9, 23
-
-
-
(103,987)
-
(103,987)
3. 순확정급여부채 재측정요소
17, 23
-
-
-
(165,832)
-
(165,832)
Ⅱ. 자본에 직접 인식된 주주와의 거래
1. 배당
21, 22
-
-
(1,206,621)
-
-
(1,206,621)
2. 자기주식의 처분
23, 24
-
-
-
41,817
-
41,817
3. 주식선택권
23, 24
-
-
-
(11,999)
-
(11,999)
2013.12.31 (전기말)
897,514
4,403,893
122,029,419
(4,960,059)
-
122,370,767
2014.1.1 (당기초)
897,514
4,403,893
122,029,419
(4,960,059)
-
122,370,767
Ⅰ. 총포괄손익
1. 당기순이익
-
-
14,591,781
-
-
14,591,781
2. 매도가능금융자산평가
9, 23
-
-
-
(454,095)
-
(454,095)
3. 순확정급여부채 재측정요소
17, 23
-
-
-
(572,373)
-
(572,373)
4. 매각예정분류
-
-
-
(24,750)
24,750
-
Ⅱ. 자본에 직접 인식된 주주와의 거래
1. 배당
21, 22
-
-
(2,157,011)
-
-
(2,157,011)
2. 자기주식의 취득
23, 24
-
-
-
(1,125,322)
-
(1,125,322)
3. 자기주식의 처분
23, 24
-
-
-
32,764
-
32,764
4. 주식선택권
23, 24
-
-
-
(9,436)
-
(9,436)
2014.12.31 (당기말)
897,514
4,403,893
134,464,189
(7,113,271)
24,750
132,677,075
별첨 주석은 본 재무제표의 일부입니다.",2096,/Users/june_kim/samsung_audit_nlp/data/raw/감사보고서_2014.htm,2026-03-31T07:17:31.789725+00:00
6,2014,현금흐름,"제 46 기 : 2014년 1월 1일부터 2014년 12월 31일까지
제 45 기 : 2013년 1월 1일부터 2013년 12월 31일까지
삼성전자주식회사
(단위 : 백만원)
Ⅰ. 영업활동 현금흐름
18,653,817
28,443,058
1. 영업에서 창출된 현금흐름
20,854,601
31,520,938
가. 당기순이익
14,591,781
17,929,520
나. 조정
31
10,894,724
13,302,395
다. 영업활동으로 인한 자산부채의 변동
31
(4,631,904)
289,023
2. 이자의 수취
854,946
441,659
3. 이자의 지급
(91,827)
(65,476)
4. 배당금 수입
1,505,107
711,925
5. 법인세 납부액
(4,469,010)
(4,165,988)
Ⅱ. 투자활동 현금흐름
(15,951,220)
(27,325,848)
1. 단기금융상품의 순감소(증가)
2,709,251
(14,062,772)
2. 단기매도가능금융자산의 순감소
435,813
33,633
3. 장기매도가능금융자산의 처분
18,729
1,606,436
4. 장기매도가능금융자산의 취득
(3,673,800)
(1,253,174)
5. 종속기업, 관계기업 및 공동기업 투자의 처분
21,411
57,779
6. 종속기업, 관계기업 및 공동기업 투자의 취득
(1,236,303)
(2,882,883)
7. 유형자산의 처분
195,588
224,663
8. 유형자산의 취득
(10,867,797)
(10,283,821)
9. 무형자산의 처분
5,176
917
10. 무형자산의 취득
(1,254,109)
(748,080)
11. 기타 투자활동으로 인한 현금유출액
(2,305,179)
(18,546)
Ⅲ. 재무활동 현금흐름
(3,089,586)
(1,356,325)
1. 단기차입금의 순차입(상환)
170,576
(178,713)
2. 자기주식의 취득
(1,125,322)
-
3. 주식선택권의 행사로 인한 자기주식의 처분
27,582
34,390
4. 사채의 상환
(5,274)
(5,356)
5. 배당금의 지급
(2,157,148)
(1,206,646)
Ⅳ. 현금및현금성자산의 감소(Ⅰ+Ⅱ+Ⅲ)
(386,989)
(239,115)
Ⅴ. 기초의 현금및현금성자산
2,030,307
2,269,422
Ⅵ. 기말의 현금및현금성자산
1,643,318
2,030,307
별첨 주석은 본 재무제표의 일부입니다.",1185,/Users/june_kim/samsung_audit_nlp/data/raw/감사보고서_2014.htm,2026-03-31T07:17:31.789725+00:00
7,2014,주석,"주석
제 46 기 : 2014년 12월 31일 현재
제 45 기 : 2013년 12월 31일 현재
삼성전자주식회사
1. 일반적 사항
:
삼성전자주식회사(이하 ""회사"")는 1969년 대한민국에서 설립되어 1975년에 대한민국의 증권거래소에 상장하였습니다. 회사의 사업은 CE부문, IM부문, DS부문으로 구성되어 있습니다. CE(Consumer Electronics) 부문은 디지털 TV, 모니터, 프린터, 에어컨 및 냉장고 등의 사업으로 구성되어 있고, IM(Information technology & Mobilecommunications) 부문은 휴대폰, 통신시스템, 컴퓨터 등의 사업으로 구성되어 있으며, DS(Device Solutions) 부문은 메모리 반도체, 시스템 LSI 등의 반도체 사업으로 구성되어 있습니다. 회사의 본점 소재지는 경기도 수원시입니다.
2. 중요한 회계처리방침 :
다음은 재무제표의 작성에 적용된 주요한 회계정책입니다. 이러한 정책은 별도의 언급이 없다면, 표시된 회계기간에 계속적으로 적용됩니다.
2.1 재무제표 작성기준
이 재무제표는 한국채택국제회계기준에 따라 작성되었으며, 기업회계기준서 제1027호 '별도재무제표'에 따른 별도재무제표입니다. 한국채택국제회계기준은 국제회계기준위원회(""IASB"")가 발표한 기준서와 해석서 중 대한민국이 채택한 내용을 의미합니다. 계속;
2. 중요한 회계처리방침, 계속 : 한국채택국제회계기준은 재무제표 작성시 중요한 회계추정의 사용을 허용하고 있으며, 회계정책을 적용함에 있어 경영진의 판단을 요구하고 있습니다. 보다 복잡하고 높은 수준의 판단이 요구되는 부분이나 중요한 가정 및 추정이 요구되는 부분은 주석3에서 설명하고 있습니다.
2.2 회계정책과 공시의 변경
가. 회사가 채택한 제ㆍ개정 기준서
회사는 2014년 1월 1일로 개시하는 회계기간부터 다음의 제ㆍ개정 기준서를 신규로 적용하였습니다.
- 기업회계기준서 제1032호 '금융상품: 표시' 개정 기업회계기준서 제1032호 '금융상품: 표시'의 개정에 따라 상계권리가 미래 사건에 좌우되지 않고 법적으로 집행 가능하며 결제 결과가 실질적으로 차액결제와 동일한 방식으로 결제할 수 있는 경우 상계가 가능함이 명확히 규정되었습니다.
기업회계기준서 제1032호의 채택으로 인하여 재무제표에 미치는 유의적인 영향은 없습니다.
- 해석서 제2121호 '부담금' 제정 법규에 따라 정부에서 부과하는 부담금부채는 법규에 명시된 부담금 납부를 유발하는 활동(의무발생사건)이 발생하는 시점에 인식하도록 규정하고 있습니다. 해석서 제2121호의 채택으로 인하여 재무제표에 미치는 유의적인 영향은 없습니다.
계속;
2. 중요한 회계처리방침, 계속 : 나. 회사가 적용하지 않은 제ㆍ개정 기준서
-
기업회계기준서 제1027호 '별도재무제표' 개정 기업회계기준서 제1027호 '별도재무제표' 개정에 따라 종속기업, 공동기업 및 관계기업에 대한 투자자산은 범주별로 원가법, 기업회계기준서 제1039호에 따른 방법, 또는 기업회계기준서 제1028호에서 규정하는 지분법 중 하나를 선택하여 회계처리 할 수 있습니다. 동 개정내용은 2016년 1월 1일 이후에 개시하는 회계연도부터 적용될 예정이며, 조기적용이 허용됩니다. 회사는 상기의 개정 기준서의 적용이 재무제표에 미치는 영향을 검토 중에 있습니다.
2.3 종속기업, 관계기업 및 공동기업 기업회계기준서 제1110호 '연결재무제표'에 의한 지배회사인 회사는 삼성디스플레이 및 Samsung Electronics America 등
158
개의
종속기업과 삼성전기 등
3
7개의
관계기업 및 공동기업에 투자하고 있습니다. 회사는 별도재무제표에서 종속기업, 관계기업 및 공동기업에 대한 투자를 기업회계기준서 제1027호 ""별도재무제표""에 따라 원가법으로 처리하고 있습니다.
계속;
2. 중요한 회계처리방침, 계속 :
2.4 외화환산
가. 기능통화와 표시통화
회사는 재무제표에 포함되는 항목들을 회사의 영업활동이 이루어지는 주된 경제환경에서의 통화(""기능통화"")를 이용하여 측정하고 있습니다. 회사의 기능통화는 대한민국 원화(KRW)이며 재무제표는 대한민국 원화(KRW)로 표시되어 있습니다.
나. 외화거래와 보고기간종료일의 외화환산
외화거래는 거래일의 환율 또는 재측정되는 항목인 경우 평가일의 환율을 적용한 기능통화로 인식되고, 외화거래의 결제나 화폐성 외화 자산ㆍ부채의 환산에서 발생하는 외환차이는 당기손익으로 인식됩니다. 비화폐성 금융자산ㆍ부채로부터 발생하는 외환차이는 공정가치 변동손익의 일부로 보아 당기손익인식지분상품으로부터 발생하는 외환차이는 당기손익으로, 매도가능지분상품의 외환차이는 기타포괄손익에 포함하여 인식됩니다.
2.5 현금및현금성자산
현금및현금성자산은 보유중인 현금, 요구불예금 및 취득일 현재 확정된 금액의 현금으로 전환이 용이하고, 가치변동의 위험이 경미한 매우 유동적인 단기 투자자산으로 구성되어 있습니다.
계속;
2. 중요한 회계처리방침, 계속 :
2.6 금융자산
가. 분류
회사는 금융자산을 그 취득목적과 성격에 따라 당기손익인식금융자산과 대여금 및 수취채권, 매도가능금융자산, 만기보유금융자산으로 분류하고 있습니다. 경영진은 최초 인식시점에서 이러한 금융상품의 분류를 결정하고 있습니다.
(1) 당기손익인식금융자산
당기손익인식금융자산은 단기매매목적의 금융상품입니다. 회사는 주로 단기간 내에 매각할 목적으로 취득한 금융자산을 당기손익인식금융자산으로 분류합니다. 또한, 위험회피회계의 대상이 아닌 파생상품이나 내재파생상품을 포함한 금융상품으로부터 분리된 파생상품도 단기매매목적으로 분류합니다. 당기손익인식금융자산은 유동자산으로 분류하고 있습니다.
(2) 대여금 및 수취채권
대여금 및 수취채권은 지급금액이 확정되었거나 결정가능하며 활성시장에서 거래되지 않는 비파생금융자산입니다. 보고기간말 기준으로 만기가 12개월을 초과하는 경우에는 비유동자산으로 분류하며 이외의 경우 유동자산으로 분류하고 있습니다.
(3) 매도가능금융자산
매도가능금융자산은 매도가능금융자산으로 지정하거나, 다른 범주에 포함되지 않은 비파생금융상품입니다. 매도가능금융자산은 보고기간말 기준으로 12개월 이내에 만기가 도래하거나 경영진이 처분할 의도가 있는 경우가 아니면 비유동자산으로 분류됩니다. 계속;
2. 중요한 회계처리방침, 계속 :
나. 인식과 측정
금융자산의 정형화된 매매거래는 매매일에 인식됩니다. 금융자산은 최초 인식시점에 공정가치로 측정하며, 거래원가는 당기손익인식금융자산을 제외한 금융자산은 공정가치에 가산하고 당기손익인식금융자산의 경우에는 당기비용으로 처리됩니다. 최초 인식 이후 매도가능금융자산과 당기손익인식금융자산은 후속적으로 공정가치로 측정되고, 대여금및수취채권과 만기보유금융자산은 유효이자율법을 적용하여 상각후원가로 측정됩니다.
당기손익인식금융자산의 공정가치 변동은 당기손익으로 인식되고, 매도가능금융자산의 공정가치변동은 기타포괄손익에 계상되어 이를 처분하거나 손상을 인식하는 때 자본에서 당기손익으로 재분류됩니다.
유효이자율법을 적용하여 계산한 매도가능금융자산 및 만기보유금융자산의 이자는 금융수익으로 손익계산서에 인식되며 매도가능금융자산의 배당금은 회사의 배당금 수취 권리가 확정되는 시점에 기타수익으로 인식하고 있습니다.
계속;
2. 중요한 회계처리방침, 계속 : 다. 금융상품의 상계
금융자산과 금융부채는 인식한 자산과 부채에 대해 법적으로 집행가능한 상계 권리를 현재 보유하고 있고, 순액으로 결제하거나 자산을 실현하는 동시에 부채를 결제할의도를 가지고 있는 경우 상계되어 재무상태표에 순액으로 표시됩니다.
라. 금융상품의 제거
회사는 금융자산을 양도한 경우라도 채무자의 채무불이행시의 소구권 등으로 양도한 금융자산의 소유에 따른 위험과 보상의 대부분을 회사가 보유하는 경우에는 이를 제거하지 않고 그 양도자산 전체를 계속하여 인식하되, 수취한 대가를 금융부채로 인식하고 있습니다. 해당 금융부채는 재무상태표에 ""차입금""으로 분류됩니다. 2.7. 금융자산의 손상
회사는 금융자산 또는 금융자산 집합의 손상 발생에 대한 객관적인 증거가 있는지를 매 보고기간말에 평가하고, 그 결과 손상되었다는 객관적인 증거가 있으며 손상사건이 신뢰성 있게 추정할 수 있는 금융자산의 추정 미래현금흐름에 영향을 미친 경우에는 손상차손을 인식하고 있습니다. 대여금및수취채권의 손상은 대손충당금 계정으로 차감표시되며, 그 외의 금융자산은 장부금
액에서 직접 차감됩니다. 회사는 금융자산을 더 이상 회수하지 못할 것으로 판단되는 때에 해당 금융자산을 제각하고 있습니다.
금융자산이 손상되었다는 객관적인 증거에는 금융자산의 발행자나 지급의무자의 유의적인 재무적 어려움, 이자지급이나 원금상환의 연체, 재무적 어려움으로 당해 금융자산에 대한 활성시장의 소멸 등이 포함됩니다. 또한, 매도가능지분상품의 공정가치가 원가로부터 20% 이상 하락하거나 6개월 이상 지속적으로 하락하는 경우는 손상의 객관적인 증거에 해당됩니다.
2. 중요한 회계처리방침, 계속 :
2.8 매출채권
매출채권은 정상적인 영업과정에서 판매된 재고자산 및 제공된 용역과 관련하여 고객으로부터 수취할 금액입니다. 매출채권의 회수가 1년 이내에 예상되는 경우 유동자산으로 분류하고, 그렇지 않은 경우 비유동자산으로 분류합니다. 매출채권은 최초에 공정가치로 인식하며, 유효이자율을 적용한 상각후원가에서 대손충당금을 차감하여 측정하고 있습니다.
2.9 재고자산
재고자산은 원가와 순실현가능가치 중 작은 금액으로 표시하고 있습니다. 원가는 미착품을 제외하고는 평균법에 따라 결정하고 있습니다. 제품과 재공품의 원가는 디자인 비용, 원재료비, 직접노무비 및 기타 직접원가와 정상조업도에 근거한 관련 제조간접비로 이루어지며, 유휴생산설비원가나 폐기비용은 제외하고 있습니다. 순실현가능가치는 정상적인 영업과정에서의 추정 판매가격에서 적용 가능한 변동 판매비용을차감한 금액입니다.
회사는 주기적으로 재고자산평가충당금의 중요한 변동을 발생시킬 가능성이 있는 미래의 제품수요 등을 검토하여 과잉, 진부화 및 시장가치의 하락 등이 발생한 경우 재고자산평가충당금을 계상하고 있으며 재고자산평가손실을 매출원가로 처리하고 있습니다.
2.10 매각예정분류자산집단
비유동자산(또는 처분자산집단)은 장부금액이 매각거래를 통하여 주로 회수되고, 매각될 가능성이 매우 높은 경우에 매각예정으로 분류되며, 그러한 자산은 장부금액과 순공정가치 중 작은 금액으로 측정됩니다. 계속;
2. 중요한 회계처리방침, 계속 :
2.11 유형자산
유형자산은 역사적 원가에서 감가상각누계액과 손상차손누계액을 차감하여 표시하고 있습니다. 역사적 원가는 자산의 취득에 직접적으로 관련된 지출을 포함합니다. 후속원가는 자산으로부터 발생하는 미래의 경제적 효익이 회사에 유입될 가능성이 높으며 그 원가를 신뢰성 있게 측정할 수 있는 경우에 한하여 자산의 장부금액에 포함하거나 별도의 자산으로 인식하고 있습니다. 대체된 부분의 장부금액은 제거하고 있으며 그 외의 모든 수선 및 유지비는 발생한 기간의 비용으로 인식하고 있습니다.
회사의 유형자산은 취득원가에서 회사가 추정한 추정내용연수에 따라 정액법에 의하여 상각됩니다. 토지는 상각되지 않으며, 자본화차입금이자를 포함한 장기건설자산의 취득에 사용된 원가는 관련자산의 추정내용연수 동안 상각됩니다.
각 자산별로 회사가 사용하고 있는 대표추정내용연수는 다음과 같습니다.
건물 및 구축물
15, 30 년
기 계 장 치
5 년
기 타
5 년
회사는 매 회계연도 말에 유형자산의 감가상각방법, 잔존가치와 경제적 내용연수를 검토하고 필요한 경우 조정을 하고 있습니다. 자산의 장부금액이 추정 회수가능액을 초과하는 경우 자산의 장부금액을 회수가능액으로 즉시 감소시키고 있습니다. 자산의 처분 손익은 처분대가와 자산의 장부금액의 차이로 결정되며, 손익계산서의 기타수익 또는 기타비용으로 표시하고 있습니다. 계속;
2. 중요한 회계처리방침, 계속 :
2.12 무형자산
이전대가와 취득자가 이전에 보유하고 있던 피취득자에 대한 지분의 취득일 현재의 공정가치 합계액이 취득한 식별가능한 순자산을 초과하는 금액은 영업권으로 인식합니다. 영업권을 제외한 무형자산은 역사적 원가로 최초 인식되고, 원가에서 상각누계액과 손상차손누계액을 차감한 금액으로 표시됩니다. 내부적으로 창출한 무형자산인 개발비는 기술적 실현가능성, 미래경제적효익 등을 포함한 자산 인식요건이 충족된 시점 이후에 발생한 지출금액의 합계입니다. 회원권은 이용 가능 기간에 대하여 예측가능한 제한이 없으므로 내용연수가 한정되지 않아 상각되지 않습니다. 특허권, 상표권 및 기타무형자산 등 한정된 내용연수를 가지는 무형자산은 추정내용연수동안 정액법에 따라 상각하고 있습니다. 각 자산별 대표추정내용연수는 다음과 같습니다.
개 발 비
2 년
특허권, 상표권 및 기타무형자산
5 년 ~ 10 년
계속;
2. 중요한 회계처리방침, 계속 : 2.13 비금융자산의 손상
영업권이나 비한정내용연수를 가진 무형자산은 상각하지 않고 매년 손상검사를 실시하고 있습니다. 상각하는 자산의 경우 매 보고기간말에 장부금액이 회수가능하지 않을 수도 있음을 나타내는 환경의 변화나 사건이 있을 때마다 손상검사를 수행하고 있습니다. 손상차손은 회수가능액을 초과하는 장부금액만큼 인식하고 있습니다. 회수가능액은 순공정가치와 사용가치 중 큰 금액으로 결정하고 있습니다. 손상을 측정하기 위한 목적으로 자산은 별도로 식별 가능한 현금흐름을 창출하는 가장 하위 수준의집단(현금창출단위)으로 그룹화하고 있습니다. 손상차손을 인식한 경우, 영업권 이외의 비금융자산은 매 보고기간말에 손상차손의 환입가능성을 검토하고 있습니다.
2.14 금융부채
가. 분류 및 측정 당기손익인식금융부채는 단기매매목적의 금융상품입니다. 주로 단기간 내에 재매입할 목적으로 부담하는 금융부채는 단기매매금융부채로 분류됩니다. 또한, 위험회피회계의 대상이 아닌 파생상품이나 내재파생상품을 포함한 금융상품으로부터 분리된 파생상품도 단기매매금융부채로 분류됩니다. 당기손익인식금융부채, 금융보증계약, 금융자산의 양도가 제거조건을 충족하지 못하는 경우에 발생하는 금융부채를 제외한 모든 비파생금융부채는 상각후원가로 측정하는 금융부채로 분류되고 있으며, 재무상태표 상 ""매입채무"", ""차입금"" 및 ""기타금융부채"" 등으로 표시됩니다.
나. 제거 금융부채는 계약상 의무가 이행, 취소 또는 만료되어 소멸되거나 기존 금융부채의 조건이 실질적으로 변경된 경우에 재무상태표에서 제거됩니다.
2. 중요한 회계처리방침, 계속 :
2.15 매입채무
매입채무는 정상적인 영업과정에서 공급자로부터 취득한 재고자산 및 제공받은 용역과 관련하여 지급할 의무가 있는 금액입니다. 매입채무의 지급이 12개월 이내에 예상되는 경우 유동부채로 분류하고, 그렇지 아니한 경우 비유동부채로 분류합니다. 매입채무는 최초에 공정가치로 인식하며, 후속적으로 유효이자율법을 사용한 상각후원가로 측정하고 있습니다.
2.16 차입금
차입금은 최초에 공정가치에서 거래비용을 차감한 가액으로 인식하며, 후속적으로 상각후원가로 측정하고 있습니다. 거래비용 차감 후 수취한 금액과 상환금액의 차이는 유효이자율법으로 상각하여 차입기간 동안 손익계산서에 인식하고 있습니다. 또한, 보고기간종료일 이후 12개월 이상 결제를 이연할 수 있는 무조건적인 권리가 있는 경우 비유동부채로 분류하며, 그렇지 않은 경우 유동부채로 분류하고 있습니다.
2.17 충당부채 및 우발부채
과거사건의 결과로 현재의 법적의무나 의제의무가 존재하고, 그 의무를 이행하기 위한 자원의 유출가능성이 높으며, 당해 금액의 신뢰성 있는 추정이 가능한 경우 회사는 충당부채를 인식하고 있습니다. 미래영업손실에 대하여는 충당부채를 인식하지 않습니다.
충당부채는 의무를 이행하기 위하여 예상되는 지출액의 현재가치로 측정하며, 현재가치 평가에 사용하는 할인율은 그 부채의 고유한 위험과 화폐의 시간가치에 대한 현행 시장의 평가를 반영한 세전이자율입니다. 시간경과로 인한 충당부채의 증가는 이자비용으로 인식하고 있습니다.
계속;
2. 중요
한 회계처리방침, 계속 : 또한, 과거사건은 발생하였으나 불확실한 미래사건의 발생여부에 의해서 존재여부가확인되는 잠재적인 의무가 있는 경우 또는 과거사건이나 거래의 결과 현재 의무가 존재하나 자원이 유출될 가능성이 매우 높지 않거나 당해 의무를 이행하여야 할 금액을신뢰성 있게 추정할 수 없는 경우 우발부채로 주석기재하고 있습니다.
2.18 순확정급여부채(자산)
회사는 확정급여제도를 운영하고 있습니다. 확정급여제도는 확정기여제도를 제외한 모든 퇴직연금제도입니다. 일반적으로 확정급여제도는 연령, 근속연수나 급여수준 등의 요소에 의해 종업원이 퇴직할 때 지급받을 퇴직연금급여의 금액을 확정하고 있습니다. 확정급여제도와 관련하여 재무상태표에 계상된 부채(자산)는 보고기간말 현재 확정급여채무의 현재가치에 사외적립자산의 공정가치를 차감한 과소적립액(자산인식상한을 한도로 하는 초과적립액)입니다. 확정급여채무는 매년 독립된 보험계리인에 의해 예측단위적립방식에 따라 산정됩니다. 확정급여채무의 현재가치는 급여가 지급될 통화로 표시되고 관련 확정급여채무의 지급시점과 만기가 유사한 우량회사채의 이자율로 기대미래현금유출액을 할인하여 산정하고 있습니다.
보험수리적 가정의 변경 및 보험수리적 가정과 실제로 발생한 결과의 차이로 인해 발생하는 보험수리적손익은 발생한 기간의 기타포괄손익으로 인식하고 있으며, 과거근무원가는 발생 즉시 당기손익으로 인식하고 있습니다.
2.19 금융보증계약
금융보증계약은 채무상품의 최초 계약조건이나 변경된 계약조건에 따라 지급기일에 특정 채무자가 지급하지 못하여 보유자가 입은 손실을 보상하기 위하여 특정금액을 지급하여야 하는 계약입니다. 금융보증계약은 최초 인식시 공정가치로 측정하며 후속 측정시 최초인식 금액의 미상각잔액을 초과하는 금액은 기타금융부채로 인식하고있습니다.
계속;
2. 중요
한 회계처리방침, 계속 :
2.20 당기법인세 및 이연법인세
회사의 법인세비용은 당기법인세와 이연법인세로 구성됩니다. 법인세는 기타포괄손익이나 자본에 직접 인식된 항목과 관련된 금액은 해당 항목에서 직접 인식하며, 이를 제외하고는 당기손익으로 인식됩니다. 법인세비용은 보고기간말 현재 제정되었거나 실질적으로 제정된 세법에 기초하여 측정됩니다. 이연법인세는 자산과 부채의 장부금액과 세무기준액의 차이로 정의되는 일시적 차이에 대하여 장부금액을 회수하거나 결제할 때의 예상 법인세효과로 인식됩니다. 다만,사업결합 이외의 거래에서 자산ㆍ부채를 최초로 인식할 때 발생하는 이연법인세자산과 부채는 그 거래가 회계이익이나 과세소득에 영향을 미치지 않는다면 인식되지 않습니다. 이연법인세자산은 차감할 일시적차이가 사용될 수 있는 미래 과세소득의 발생가능성이 높은 경우에 인식됩니다.
종속기업, 관계기업 및 공동기업 투자지분과 관련된 가산할 일시적차이에 대하여 소멸시점을 통제할 수 있고 예측가능한 미래에 일시적차이가 소멸하지 않을 가능성이 높은 경우를 제외하고 이연법인세부채를 인식하고 있습니다. 또한 이러한 자산으로부터 발생하는 차감할 일시적차이에 대하여 일시적차이가 예측가능한 미래에 소멸할가능성이 높고 일시적차이가 사용될 수 있는 과세소득이 발생할 가능성이 높은 경우에만 이연법인세자산을 인식하고 있습니다.
이연법인세자산과 부채는 당기법인세자산과 당기법인세부채를 상계할 수 있는 법적으로 집행가능한 권리를 회사가 보유하고, 이연법인세자산과 부채가 동일한 과세당국에 의해서 부과되는 법인세와 관련이 있으면서 순액으로 결제할 의도가 있는 경우
에 상계됩니다.
계속;
2. 중요한 회계처리방침, 계속 :
2.21 파생상품
회사는 파생상품의 계약에 따라 발생된 권리와 의무를 공정가액으로 평가하여 자산과 부채로 계상하고, 동 계약으로부터 발생한 손익은 발생시점에 당기손익으로 인식하고 있습니다. 다만, 요건을 충족한 현금흐름위험회피와 해외사업장에 대한 순투자에 대한 위험회피금액은 자본항목으로 이연하고 있습니다.
2.22 배당금
배당금은 회사의 주주에 의해 승인된 시점에 부채로 인식하고 있습니다.
2.23 자본금
보통주와 상환의무 없는 우선주는 모두 자본으로 분류하고 있습니다. 회사가 회사의 보통주를 취득하는 경우, 직접거래원가를 포함하는 지급 대가는 그 보통주가 소각되거나 재발행 될 때까지 회사의 자본에서 차감하여 표시하고 있습니다. 이러한 자기주식이 재발행되는 경우, 수취한 대가는 회사의 주주에게 귀속되는 자본에 포함하고 있습니다.
계속;
2. 중요한 회계처리방침, 계속 : 2.24 수익인식
수익은 주로 회사의 통상적인 활동에서 발생하는 재화의 판매에 대하여 받았거나 받을 대가의 공정가액으로 구성되어 있습니다. 수익은 부가가치세, 반품, 판매장려금 및 가격 할인액을 차감한 순액으로 인식하고 있습니다.
회사는 수익금액을 신뢰성 있게 측정할 수 있고, 미래의 경제적 효익이 회사에 유입될 가능성이 높으며, 다음에서 설명하고 있는 회사의 활동별 특정 요건을 충족하는 경우에 수익으로 인식하고 있습니다. 회사는 고객의 유형, 거래의 유형 및 개별 거래조건 등의 과거 자료를 바탕으로 판매와 관련된 우발상황을 신뢰성 있게 추정하여 수익금액을 측정하고 있습니다. 판매 계약 등의 각 구성항목이 다수인 경우 각 구성항목의 공정가치는 그 구성항목이 개별적으로 판매되는 경우의 현행 시장가치에 근거하여 결정됩니다. 각 구성항목의 공정가치를 결정할 수 없는 경우 총계약대가에서 제공하지 않은 구성항목의 공정가치를 차감한 가액을 근거로 제공한 구성항목의 공정가치로 계산하고 있습니다. 계속;
2. 중요한 회계처리방침, 계속 :
가. 재화의 판매
회사는 제품 및 상품에 대하여 재화의 소유에 따른 중요한 위험과 보상이 이전된 시점에 수익으로 인식하고 있습니다. 수익은 과거에 축적된 경험에 근거하여 판매시점에 과거의 경험에 근거하여 추정한 가격할인 및 반품금액을 차감한 순액으로 인식하고 있습니다.
나. 용역의 제공
용역제공거래에 대하여는 진행기준에 의하여 수익을 인식하고 있으며, 진행률은 총예정원가에 대한 실제누적발생원가의 비율에 따라 산정하고 있습니다.
다. 이자수익
이자수익은 시간의 경과에 따라 유효이자율법에 의하여 인식하고 있습니다. 채권 손상이 발생하는 경우 회사는 채권의 장부금액을 회수가능액(미래 예상현금흐름을 금융자산의 최초 유효이자율로 할인한 금액)까지 손상으로 인식하며, 시간의 경과에 따라 증가하는 부분은 이자수익으로 인식하고 있습니다. 손상채권에 대한 이자수익은 최초 유효이자율에 의하여 인식하고 있습니다.
라. 로열티수익
로열티수익은 계약의 실질에 따라 발생기준에 의하여 인식하고 있습니다.
마. 배당금수익
배당금수익은 배당금을 받을 권리가 확정되는 시점에 인식하고 있습니다. 계속;
2. 중요한 회계처리방침, 계속 :
2.25 정부보조금
정부보조금은 보조금의 수취와 정부보조금에 부가된 조건의 준수에 대한 합리적인 확신이 있을 때 공정가치로 인식됩니다. 수익과 관련된 정부보조금은 이연하여 정부보조금의 교부 목적과 관련된 수익 또는 비용과 대응될 수 있는 기간에 손익계산서에인식하고 있습니다. 한편, 특정 자산의 취득과 관련된 정부보조금은 이연수익으로 처리하고, 정부보조금 관련 이연수익은 관련 자산의 내용연수 동안 상각하여 수익으로 인식하고 있습니다.
2.26 주당이익
기본주당이익은 주주에게 귀속되는 손익계산서상 당기순이익을 보고기간 동안의 회사의 가중평균 유통보통주식수로 나누어 산정한 것입니다.
희석주당이익은 주주에게 귀속되는 손익계산서상 당기순이익을 보고기간 동안의 회사의 가중평균 유통보통주식수와 가중평균 잠재적 희석증권주식수로 나누어 산정한 것입니다. 잠재적 희석증권은 희석효과가 발생하는 경우에만 희석주당이익의 계산에반영됩니다.
2.27 재무제표의 승인 회사의 재무제표는
2015년
1월 29
일
이사회에서 승인되었습니다.
3. 중요한 회계추정 및 가정
회사는 미래에 대하여 추정 및 가정을 하고 있습니다. 추정 및 가정은 지속적으로 평가되며, 과거 경험과 현재의 상황에서 합리적으로 예측가능한 미래의 사건을 고려하여 이루어집니다. 이러한 회계추정은 실제 결과와 다를 수도 있습니다. 다음 회계연도에 자산 및 부채 장부금액의 조정에 영향을 미칠 수 있는 유의적 위험에 대한 추정 및 가정은 다음과 같습니다.
가. 수익인식
회사는 설치 등의 서비스에 대하여 진행기준을 사용하고 있습니다. 진행기준은 회사가 발생예정원가에 대한 실제발생원가의 비율을 추정할 것을 요구하고 있습니다. 현재의 수익은 장기프로젝트의 초기단계, 프로젝트 수행범위의 변동, 원가의 변동, 공기의 변동 및 고객의 계획변경과 관련 요소들에 의하여 변동될 수 있습니다.
나. 판매보증충당부채
회사는 판매한 제품에 대하여 품질에 대한 보증의무를 부담하고 있습니다. 회사는 매보고기간 말 미래와 현재의 보증의무를 제공하는데 필요하다고 판단되는 최선의 추정치를 기준으로 보증충당부채를 계상하고 있습니다. 이러한 최선의 추정치는 과거 경험에 기초하여 결정하고 있습니다.
다. 금융상품의 공정가치
회사는 활성시장에서 거래되지 않는 금융상품의 공정가치에 대하여 보고기간말 현재주요한 시장상황을 기초로 다양한 평가기법 및 가정을 사용하여 결정하고 있습니다.
3. 중요한 회계추정 및 가정, 계속 :
라. 순확정급여부채(자산)
순확정급여부채(자산)는 많은 가정을 사용하는 보험수리적 방식에 의해 결정되는 다양한 요소들에 따라 달라질 수 있습니다. 퇴직연금의 순원가(이익)를 결정하는 데 사용되는 가정은 할인율을 포함하고 있으며, 이러한 가정의 변동은 순확정급여부채(자산)의 장부금액에 영향을 줄 것입니다. 회사는 매년 말 우량회사채 이자율을 고려하여 적절한 할인율을 결정하고 있으며, 이러한 할인율은 순확정급여부채(자산)의 정산 시 발생할 것으로 예상되는 미래의 추정 현금 유출액의 현재가치를 결정할 때 사용되어야 하는 이자율을 나타냅니다. 순확정급여부채(자산)와 관련된 다른 주요한 가정들은 일부 현재의 시장 상황에 근거하고 있습니다.
마. 영업권의 손상
회사는 매년 영업권의 손상여부를 검토하고 있습니다. 현금창출단위의 회수가능금액은 사용가치의 계산에 기초하여 결정하고 있습니다. 이러한 계산은 추정에 근거하여 이루어집니다.
바. 법인세
회사는 보고기간말 현재까지의 영업활동의 결과로 미래에 부담할 것으로 예상되는 법인세효과를 최선의 추정과정을 거쳐 당기법인세 및 이연법인세로 인식하였습니다. 하지만 실제 미래 최종 법인세부담은 인식한 관련 자산ㆍ부채와 일치하지 않을 수 있으며, 이러한 차이는 최종 세효과가 확정된 시점의 당기법인세 및 이연법인세 자산ㆍ부채에 영향을 줄 수 있습니다.
4
.
현금및현금성자산
: 현금및현금성자산은 보유중인 현금, 요구불예금 및 취득일 현재 확정된 금액의 현금으로 전환이 용이하고 가치변동의 위험이 경미한 매우 유동적인 단기 투자자산으로 구성되어 있습니다. 보고기간종료일 현재 현금및현금성자산의 내역은 다음과 같습니다.
(단위: 백만원)
현금
580
580
예금 등
1,642,738
2,029,727
계
1,643,318
2,030,307
5.
사용제한금융상품 :
보고기간종료일 현재 사용이 제한된 금융상품은 다음과 같습니다.
(단위: 백만원)
단기금융상품
2,925
6,817
계속;
6. 범주별 금융상품 :
가. 보고기간종료일 현재 회사의 범주별 금융상품 내역은 다음과 같습니다.
(1) 당기말
(단위: 백만원)
현금및현금성자산
1,643,318
-
1,643,318
단기금융상품
26,454,093
-
26,454,093
단기매도가능금융자산
-
2,137,533
2,137,533
매출채권
18,940,786
-
18,940,786
장기매도가능금융자산
-
7,106,234
7,106,234
기타
4,784,332
100,051
4,884,383
계
51,822,529
9,343,818
61,166,347
(단위: 백만원)
매입채무
4,677,527
-
4,677,527
단기차입금
-
2,928,182
2,928,182
미지급금
6,358,319
-
6,358,319
유동성사채
5,304
-
5,304
사채
63,648
-
63,648
장기미지급금
2,305,055
-
2,305,055
기타
6,952,651
-
6,952,651
계
20,362,504
2,928,182
23,290,686
계
속;
6. 범주별 금융상품, 계속 :
(2) 전기말
(단위: 백만원)
현금및현금성자산
2,030,307
-
2,030,307
단기금융상품
27,463,345
-
27,463,345
단기매도가능금융자산
-
1,488,527
1,488,527
매출채권
17,748,978
-
17,748,978
장기매도가능금융자산
-
3,956,952
3,956,952
기타
3,935,422
-
3,935,422
계
51,178,052
5,445,479
56,623,531
(단위: 백만원)
매입채무
5,742,116
-
5,742,116
단기차입금
-
2,811,565
2,811,565
미지급금
5,299,184
-
5,299,184
유동성사채
5,083
-
5,083
사채
66,079
-
66,079
장기미지급금
769,002
-
769,002
기타
5,507,676
-
5,507,676
계
17,389,140
2,811,565
20,200,705
계속;
6. 범주별 금융상품, 계속 :
나. 금융상품 범주별 순손익 구분
(1) 당기말
(단위: 백만원)
평가손익(기타포괄손익)
-
-
(514,077)
(514,077)
평가/처분손익(당기손익)
4,267
-
78,365
82,632
평가손익(손익대체)
-
-
(84,993)
(84,993)
이자수익
-
861,170
87,091
948,261
외환차이(당기손익)
-
(126,895)
-
(126,895)
배당수익
-
-
46,494
46,494
손상/환입(당기손익)
-
10,166
(53,000)
(42,834)
(단위: 백만원)
평가/처분손익(당기손익)
4,119
-
-
4,119
이자비용
-
138,333
86,246
224,579
외환차이(당기손익)
-
(197,452)
53,958
(143,494)
계속;
6. 범주별 금융상품, 계속 :
(2) 전기말
(단위: 백만원)
평가손익(기타포괄손익)
-
-
840,908
840,908
평가/처분손익(당기손익)
13,859
(1,325)
1,061,427
1,073,961
평가손익(손익대체)
-
-
(978,094)
(978,094)
이자수익
-
644,550
5,058
649,608
외환차이(당기손익)
-
(367,976)
-
(367,976)
배당수익
-
-
67,087
67,087
손상/환입(당기손익)
-
(15,473)
-
(15,473)
(단위: 백만원)
이자비용
-
60,863
58,072
118,935
외환차이(당기손익)
-
1,184,640
44,343
1,228,983
7. 금융자산의 신용건전성 :
외부 신용등급 등을 참조하여 측정한 연체 및 손상되지 않은 주요 금융자산의 신용 건전성에 대한 상세 내역은 다음과 같습니다.
상환능력 우수, 최고 - Aaa~Aa(Moody's), AAA~AA(S&P, Fitch), A1(국내신용평가사) 상환능력 양호 - A(Moody's, S&P, Fitch), A2(국내신용평가사) 상환능력 적정 - Baa(Moody's), BBB(S&P, Fitch), A3(국내신용평가사) 상환가능 - Ba 이하(Moody's), BB 이하(S&P, Fitch), B 이하(국내신용평가사)
Group 1 - 외부신용등급이 없는 연결자회사 Group 2 - 보험 및 담보가 설정되어있는 일반고객
Group 3 - 자본잠식경험이 있으나 보험 및 담보가 설정되어 채무불이행위험이 해소된 고객
가. 매출채권
(단위: 백만원)
외부신용등급이 있는 거래상대방
상환능력 우수, 최고
608,089
988,696
상환능력 양호
417,334
489,932
상환능력 적정
62,244
51,658
상환 가능
957
2,211
소 계
1,088,624
1,532,497
외부신용등급이 없는 거래상대방
Group 1
16,703,909
15,873,964
Group 2
657,351
59,387
Group 3
4,845
1,301
소 계
17,366,105
15,934,652
연체 및 손상되지 아니한 매출채권 합계
18,454,729
17,467,149
계속;
7. 금융자산의 신용건전성, 계속 : 나. 현금성자산 및 단기금융상품
(단위: 백만원)
상환능력 양호
28,096,690
29,491,966
기타(*)
141
1,106
계
28,096,831
29,493,072
(*) 외부 신용등급이 존재하지 않는 금융기관 예치금(신용금고 등)
8. 금융자산의 양도 :
회사는 당기 및 전기 중 은행과의 매출채권 팩토링 계약을 통해 매출채권을 할인하였습니다. 회사가 매출채권 팩토링 거래에서 제공한 매출채권은 채무자의 채무불이행시의 소구조건 등으로 대부분의 위험과 보상을 회사가 보유하므로 금융자산의 제거요건을 충족하지 않아 제거되지 않았습니다. 이러한 거래에서 인식한 금융부채는 재무상태표에 단기차입금으로 분류되어 있습니다(주석
15
참고).
보고기간종료일 현재 매출채권의 할인된 내역은 다음과 같습니다.
(단위: 백만원)
할인된 매출채권의 장부금액
2,928,182
2,811,565
관련차입금의 장부금액
2,928,182
2,811,565
9. 매도가능금융자산 :
보고기간종료일 현재 회사의 매도가능금융자산 변동 내역은 다음과 같습니다.
(단위: 백만원)
기초금액
5,445,479
4,877,600
취득
5,602,199
3,752,951
처분
(2,351,963)
(4,056,722)
매도가능금융자산평가손익
(514,077)
840,908
손상
(53,053)
-
기타(*)
1,115,182
30,742
기말금액
9,243,767
5,445,479
단기매도가능금융자산
2,137,533
1,488,527
장기매도가능금융자산
7,106,234
3,956,952
(*) 당기 중 지분율 하락에 따라 삼성SDI에 대한 관계기업 투자 1,218,610백만원을
매도가능금융자산으로 재분류하였습니다.
가. 단기매도가능금융자산 보고기간종료일 현재 회사의 단기매도가능금융자산 구성내역은 다음과 같습니다.
(단위: 백만원)
수익증권(*)
1,016,878
1,257,492
국공채
50,256
180,959
금융채
1,070,399
50,076
계
2,137,533
1,488,527
(*) 보고기간종료일 현재
수익증권의 구성 내역은 다음과 같습니다.
계속;
9. 매도가능금융자산, 계속 :
(단위: 백만원)
채 권
952,931
1,232,523
정 기 예 금
5,438
364
콜 론
50,760
15,449
기 타
7,749
9,156
계
1,016,878
1,257,492
상기 단기매도가능금융자산은 보고기간종료일 현재 공정가액에 따라 평가하고 있으며, 자본(기타포괄손익)으로 인식된 매도가능금융자산평가손익의 변동내역은 다음과같습니다.
(단위: 백만원)
기초잔액
7,492
8,873
평가액
16,990
7,492
손익반영액
(7,492)
(8,873)
기말잔액
16,990
7,492
자본에 가감되는 법인세효과
(4,112)
(1,813)
계
12,878
5,679
계속;
9. 매도가능금융자산, 계속 : 나. 장기매도가능금융자산
보고기간종료일 현재 회사의 장기매도가능금융자산의 내역은 다음과 같습니다.
(단위:백만원)
지분증권-상장주식
3,981,755
2,715,251
지분증권-비상장주식
81,933
288,170
채무증권(*)
3,042,546
953,531
계
7,106,234
3,956,952
(*) 보고기간종료일 현재 매도가능금융자산 중 채무증권의 신용위험의 최대노출금액은 장부금액입니다. 계속;
9. 매도가능금융자산, 계속 :
(1) 지분증권- 상장주식 보고기간종료일 현재 장기매도가능금융자산 중 상장주식의 구성내역은 다음과 같습니다.
(단위: 백만원)
삼성SDI
13,462,673
19.6
1,542,857
1,561,670
-
삼성중공업
40,675,641
17.6
258,299
811,479
1,547,708
삼성정밀화학
2,164,970
8.4
45,678
70,795
96,449
호텔신라
2,004,717
5.1
13,957
183,231
133,314
제일기획(*)
14,498,725
12.6
223,941
249,378
82,465
아이마켓코리아
647,320
1.8
324
18,384
16,668
에이테크솔루션
1,592,000
15.9
26,348
7,578
9,568
원익아이피에스
3,610,108
4.5
31,625
50,361
30,975
케이티스카이라이프
240,000
0.5
3,344
4,404
7,092
Rambus
4,788,125
4.2
92,682
58,368
47,851
Seagate Technology
12,539,490
3.8
218,544
916,597
743,161
SunEdison Semiconductor Limited
2,425,578
5.8
37,553
49,510
-
계
2,495,152
3,981,755
2,715,251
(*) 회사는 당기 중 제일기획 주식 11,500,000주를 취득하였습니다. 취득원가에는 회수가능액이 취득원가에 미달하여 인식한 매도가능금융자산 손상차손이 포함되어 있습니다. 취득원가와 시가의 차액은 자본항목에 직접 반영되는 법인세효과를 감안한 후 기타자본항목(매도가능금융자산평가손익)으로 계상하고 있습니다. 계속;
9. 매도가능금융자산, 계속 :
(2) 지분증권- 비상장주식 보고기간종료일 현재 장기매도가능금융자산 중 비상장주식의 구성내역은 다음과 같습니다.
(단위: 백만원)
기협기술금융
1,000,000
17.2
5,000
5,000
5,000
부산신항만(*1)
1,135,307
1.0
5,677
5,677
5,677
삼성벤처투자
980,000
16.3
4,900
6,586
7,021
삼성석유화학(*2)
-
-
-
-
80,347
삼성종합화학(*2)
-
-
-
-
80,653
태원전기산업
45,000
15.0
16,544
17,094
17,072
팬택(*3)
53,000,000
10.0
53,000
-
53,053
기타
-
-
59,367
47,576
39,347
계
144,488
81,933
288,170
(*1)
보고기간종료일 현재 회사가 보유하고 있는 부산신항만 주식은 동 회사의 차입금에 대한 담보로 질권
설정되어 있습니다(주석
19
참조).
(*2) 당기 중 삼성종합화학은 삼성석유화학을 흡수합병하였으며, 회사는 삼성종합화학 지분 전부를 한화케미칼 및 한화에너지에 매각하는 계약을 체결하였습니다. 이에 따라 해당 지분을 매각예정분류자산으로 재분류하였습니다.
(*3)
회사는 장부가액이 회수가능액을 초과하는 비상장주식에 대하여 당기 중 53,000백만원의 손상차손을 인식하였습니다.
계속;
9. 매도가능금융자산, 계속 : (3) 채무증권 보고기간종료일 현재 장기매도가능금융자산 중 채무증권의 내역은 다음과 같습니다.
(단위: 백만원)
회사채
6,541
3,706
국공채
272,526
50,356
금융채
2,763,479
899,469
계
3,042,546
953,531
당기 및 전기 중 장기매도가능금융자산에 대한 공정가액평가에 따라 자본(기타포괄손익)으로 인식된 매도가능금융자산평가손익의 변동내역은 다음과 같습니다.
(단위: 백만원)
기초잔액
2,237,449
2,373,255
평가액
(531,067)
833,416
손익반영액
(77,501)
(969,222)
기말잔액
1,628,881
2,237,449
자본에 가감되는 법인세효과
(394,189)
(541,463)
계
1,234,692
1,695,986
10. 매출채권 및 미수금 :
가. 보고기간종료일 현재 회사의 매출채권 및 미수금의 내역은 다음과 같습니다.
(단위: 백만원)
채권액
19,136,771
3,235,872
17,946,274
2,776,915
차감: 대손충당금
(195,985)
(9,313)
(197,296)
(19,906)
소 계
18,940,786
3,226,559
17,748,978
2,757,009
차감: 장기 채권
-
(7,586)
-
(22,437)
유동항목
18,940,786
3,218,973
17,748,978
2,734,572
당기 및 전기말 현재 회사가 금융기관 등에 양도한 매출채권 중 담보부 차입금으로 회계처리한 것은 각각
2,928,182백만원 및
2,811,565백만원입니다
(주석
15
참조). 나. 당기 및 전기 중 대손충당금의 변동내역은 다음과 같습니다.
(단위: 백만원)
기초
(197,296)
(19,906)
(195,902)
(7,519)
대손상각비(환입)
740
10,552
(3,212)
(12,603)
제각
83
39
1,818
217
기타
488
2
-
(1)
기말
(195,985)
(9,313)
(197,296)
(19,906)
계속;
10. 매출채권 및 미수금, 계속 : 다. 보
고
기간종료일 현재 회사의
매출
채권 및 미수금 연령분석 내역은 다음과 같습니다.
(단위: 백만원)
연체되지 않은 채권
21,555,813
19,928,606
소 계
21,555,813
19,928,606
연체되었으나 손상되지 않은 채권(*1):
31일 이하
249,487
274,870
소 계
249,487
274,870
손상채권(*2):
31일 초과 90일 이하
167,546
102,753
90일 초과
399,797
416,960
소 계
567,343
519,713
합 계
22,372,643
20,723,189
(*1) 회사는 31일 이하 연체된 매출채권 및 미수금은 손상된 것으로 간주하지 않습니다. (*2) 보
고기간종료일 현재 손
상채권과 관련하여 설정된 충당금은
205,298백
만
원 (전기:
217,202백만원)입니다.
라. 보고기간종료일 현재 신용위험의 최대 노출금액은 채권의 장부금액입니다. 회사의 주요 수출채권과 관련하여 한국무역보험공사와 보험계약을 체결하고 있으며, 거래처의 지급거절 등 일정 요건을 충족하는 경우의 대손발생에 대하여 보상받기로 되어 있습니다.
11. 재고자산
:
보고기간종료일 현재 재고자산의 내역은 다음과 같습니다.
(단위: 백만원)
제품 및 상품
1,003,347
(61,090)
942,257
1,287,058
(45,706)
1,241,352
반제품 및 재공품
3,544,921
(364,146)
3,180,775
3,118,092
(204,211)
2,913,881
원재료 및 저장품
1,371,893
(226,386)
1,145,507
1,586,769
(109,889)
1,476,880
미착품
285,295
-
285,295
248,350
-
248,350
계
6,205,456
(651,622)
5,553,834
6,240,269
(359,806)
5,880,463
당기 중 비용으로 인식한 재고자산
의 금액은
99,067,054백만원(전기:110,580,635백만원)입니다. 또한 당기 중 재고자산 평가손실은
283,284백만원
(전기 평가손실환입:
51,528백만원)입니다.
12. 종속기업, 관계기업 및 공동기업 투자 :
가. 당기 및 전기 중 종속기업, 관계기업 및 공동기업 투자의 변동내역은 다음과 같습니다.
(단위: 백만원)
기초장부가액
42,258,049
39,478,292
취득
1,236,303
2,882,883
처분
(48,869)
(115,779)
손상(*1)
(82,616)
(52,286)
기타변동액(*2)
(1,505,436)
64,939
기말장부가액
41,857,431
42,258,049
(*1)
당기 중 공동기업인 Toshiba Samsung Storage Technology Japan의 경우 지속적인 영업손실로 인하여 장부가액이 회수가능액을 초과하여 51,397백만원의 손상차손을 인식하였습니다. 또한 종속기업인 Samsung Electronics Hainan Fiberoptics(SEHF)에 대한 투자주식의 경우 당기 중 매각예정자산 분
류 요건 충족에 따라 순공정가치로 재측정되었으며 이에 따라 31,219백만원의 손상차손을 인식하였습니다.
전기 중 관계기업인 에스에스엘엠의 경우 지속적인 영업손실로 인하여 장부가액이 회수가능액을 초과하여 52,286백만원의 손상차손을 인식하였습니다.
(*2) 당기 중 지분율 하락에 따라 삼성SDI에 대한 관계기업 투자 1,218,610백만원을 매도가능금융자산으로 대체하였습니다. 또한 당기 중 삼성테크윈 및 SEHF에 대한 투자주식이 매각예정분류 요건을 충족함에 따라 각각 235,638백만원, 53,869백만원을 매각예정분류자산으로 재분류하였습니다.
계속;
12. 종속기업, 관계기업 및 공동기업 투자, 계속 : 나. 보고기간종료일 현재 주요 관계기업 및 공동기업 투자
현황은 다음과 같습니다 (종속기업 현황은
주석
33
참조). (1) 관계기업 투자
삼성카드
업무제휴
37.5
한국
삼성전기
수동소자, 회로부품, 모듈 등 전자부품의 생산 및 공급
23.7
한국
삼성에스디에스
컴퓨터 프로그래밍, 시스템 통합 및 관리업 등IT서비스 제공
22.6
한국
삼성테크윈(*2)
정밀기계 등 생산 및 공급
25.5
한국
(*1) 보통주 지분율입니다. (*2) 삼성테크윈에 대한 투자주식은 당기 중 매각예정자산 분류요건을 충족함에 따라 매각예정분류자산으로 재분류 하였습니다.
(2) 공동기업 투자
Toshiba Samsung Storage Technology Japan
전자제품 생산 및 공급
49.0
일본
(*) 보통주 지분율입니다. 계속:
12. 종속기업, 관계기업 및 공동기업 투자, 계속 : 다. 보고기간종료일 현재 주요 종속기업, 주요 관계기업 및 공동기업의 요약 재무정보는 다음과 같습니다.
(1) 주요 종속기업
1) 당기
(단위: 백만원)
삼성디스플레이
37,939,965
6,728,991
24,980,628
1,698,239
Samsung Electronics America(SEA)
10,697,787
5,409,749
14,076,007
(80,403)
Samsung (China) Investment(SCIC)
9,603,679
7,830,941
16,451,983
162,677
Samsung Electronics Europe Holding(SEEH)
7,022,746
5,062,988
-
93,605
Samsung (China) Semiconductor(SCS)
6,765,278
3,911,166
877,508
166,754
Samsung Electronics Huizhou(SEHZ)
4,966,486
1,258,635
17,166,345
829,880
Samsung Electronica da Amazonia(SEDA)
3,797,166
1,330,302
7,936,105
887,715
Samsung Asia Private(SAPL)
3,110,433
671,729
1,423,212
1,057,873
Samsung India Electronics(SIEL)
2,949,605
1,776,936
6,849,389
428,757
Shanghai Samsung Semiconductor(SSS)
2,560,852
2,120,738
13,331,324
125,239
Tianjin Samsung Telecom Technology(TSTC)
2,316,054
789,395
11,413,234
510,357
Samsung Electronics Slovakia(SESK)
1,869,697
405,089
4,248,232
142,416
Thai Samsung Electronics(TSE)
1,654,988
307,109
4,442,707
202,647
Samsung Electronics Europe Logistics(SELS)
1,621,583
1,524,468
13,320,129
38,209
Samsung Electronics Taiwan(SET)
1,583,027
1,299,330
4,472,432
44,559
(*) 상기 요약재무정보는 각 종속기업의 별도재무제표 기준입니다. 계속;
12. 종속기업, 관계기업 및 공동기업 투자, 계속 : 2) 전기
(단위: 백만원)
삼성디스플레이
35,754,894
6,682,229
29,386,907
2,400,779
Samsung Electronics America(SEA)
12,248,560
7,262,519
14,321,018
70,690
Samsung (China) Investment(SCIC)
8,406,438
6,780,610
25,605,822
743,369
Samsung Electronics Europe Holding(SEEH)
5,780,302
4,025,760
-
(17,863)
Samsung Electronics Huizhou(SEHZ)
4,599,200
1,802,686
22,664,923
1,012,728
Samsung (China) Semiconductor(SCS)
3,752,682
1,284,560
-
(40,537)
Samsung Electronica da Amazonia(SEDA)
3,429,136
1,658,072
7,852,428
920,157
Tianjin Samsung Telecom Technology(TSTC)
2,939,027
1,415,277
15,293,633
767,822
Samsung Asia Private(SAPL)
2,425,585
1,099,521
1,558,990
674,510
Samsung India Electronics(SIEL)
1,924,832
1,195,824
6,737,419
324,171
Samsung Electronics Europe Logistics(SELS)
1,903,892
1,806,486
14,543,524
7,613
Samsung Electronics Slovakia(SESK)
1,764,078
317,224
4,561,795
140,825
Samsung Electronics Mexico(SEM)
1,554,638
1,311,133
3,261,067
9,886
Thai Samsung Electronics(TSE)
1,476,296
373,181
5,033,203
222,389
Samsung Electronics Rus Company(SERC)
1,410,054
1,107,915
5,809,646
(11,137)
(*) 상기 요약재무정보는 각 종속기업의 별도재무제표 기준입니다. 계속;
12. 종속기업, 관계기업 및 공동기업 투자, 계속 :
(2)
주요 관계기업
1) 당기
(단위: 백만원)
유동자산
17,736,627
3,553,987
3,228,074
비유동자산
4,164,625
2,317,971
유동부채
11,346,281
2,151,002
1,117,969
비유동부채
924,814
214,051
순자산
6,390,346
4,642,796
4,214,025
(*) 삼성카드는 재무상태표에 유동과 비유동을 구분하여 표시하지 않습니다.
(단위: 백만원)
구분
수익(매출)
3,521,846
7,143,746
7,897,748
계속영업손익(*)
656,025
502,704
412,880
기타포괄손익(*)
(387,559)
(65,510)
(83,938)
총포괄손익(*)
268,466
437,194
328,942
(*) 관계기업별 지배기업의 소유주에 귀속될 손익입니다. 계
속;
12. 종속기업, 관계기업 및 공동기업 투자, 계속 :
2) 전기
(단위: 백만원)
유동자산
16,560,926
2,650,765
2,063,192
2,928,998
1,561,706
비유동자산
4,534,578
8,492,479
2,371,102
1,872,518
유동부채
10,358,265
1,787,432
1,526,957
1,219,484
1,169,253
비유동부채
1,139,884
1,486,297
197,222
560,191
순자산
6,202,661
4,258,027
7,542,417
3,883,394
1,704,780
(*) 삼성카드는 재무상태표에 유동과 비유동을 구분하여 표시하지 않습니다.
(단위: 백만원)
수익(매출)
2,847,053
8,256,579
5,016,465
7,046,833
2,912,031
계속영업손익(*)
273,232
330,240
130,599
312,372
132,493
기타포괄손익(*)
84,153
26,676
(63,211)
(88,703)
21,596
총포괄손익(*)
357,385
356,916
67,388
223,669
154,089
(*) 관계기업별 지배기업의 소유주에 귀속될 손익입니다.
계속;
12. 종속기업, 관계기업 및 공동기업 투자, 계속 : (3) 주요 공동기업 투자
(단위: 백만원)
Toshiba Samsung Storage Technology Japan
234,785
160,946
183,608
(24,594)
169,322
155,747
836,442
(41,875)
라. 보고기간종료일 현재 시장성있는 관계기업 투자주식의 내역은 다음과 같습니다
.
(단위: 주, 백만원)
삼성전기
17,693,084
967,812
445,244
1,291,595
445,244
삼성카드
43,393,170
1,917,978
1,455,485
1,622,905
1,455,485
삼성에스디에스(*)
17,472,110
5,128,064
560,827
-
560,827
삼성테크윈
13,526,935
322,617
235,638
735,865
235,638
(*) 삼성에스디에스는 당기 중 유가증권시장에 상장하였습니다.
계속;
13. 유형자산 :
가. 당기 및 전기 중 회사 유형자산의 변동내역은 다음과 같습니다. (1) 당기
(단위: 백만원)
기초장부가액
5,946,296
8,321,327
21,321,365
5,248,370
602,014
41,439,372
취득원가
5,946,296
11,919,933
74,175,971
5,248,370
1,659,337
98,949,907
감가상각누계액 (손상차손누계액 포함)
-
(3,598,606)
(52,854,606)
-
(1,057,323)
(57,510,535)
일반취득 및 자본적지출
350,062
748,984
6,339,109
4,340,717
278,919
12,057,791
감가상각
-
(558,213)
(8,454,436)
-
(206,713)
(9,219,362)
처분/폐기
(820)
(51,684)
(152,922)
-
(7,441)
(212,867)
기타 (*)
-
(801)
(7,612)
(298,441)
(13,821)
(320,675)
기말장부가액
6,295,538
8,459,613
19,045,504
9,290,646
652,958
43,744,259
취득원가
6,295,538
12,555,904
74,041,997
9,290,646
1,522,759
103,706,844
감가상각누계액 (손상차손누계액 포함)
-
(4,096,291)
(54,996,493)
-
(869,801)
(59,962,585)
(*) 기타는 매각예정분류자산으로의 대체액을 포함하고 있습니다. 계속;
13. 유형자산, 계속 : (2)
전기
(단위: 백만원)
기초장부가액
5,701,112
6,335,305
23,949,077
3,243,353
580,088
39,808,935
취득원가
5,701,112
9,481,739
71,241,948
3,243,353
1,570,330
91,238,482
감가상각누계액 (손상차손누계액 포함)
-
(3,146,434)
(47,292,871)
-
(990,242)
(51,429,547)
일반취득 및 자본적지출
252,673
2,478,736
5,550,275
2,151,044
207,063
10,639,791
감가상각
-
(478,091)
(8,041,473)
-
(179,299)
(8,698,863)
처분/폐기
(7,489)
(14,505)
(132,672)
-
(5,463)
(160,129)
손상
-
-
(430)
-
(18)
(448)
기타
-
(118)
(3,412)
(146,027)
(357)
(149,914)
기말장부가액
5,946,296
8,321,327
21,321,365
5,248,370
602,014
41,439,372
취득원가
5,946,296
11,919,933
74,175,971
5,248,370
1,659,337
98,949,907
감가상각누계액 (손상차손누계액 포함)
-
(3,598,606)
(52,854,606)
-
(1,057,323)
(57,510,535)
나. 당기 및 전기 중 계정과목별 유형자산 상각내역은 다음과 같습니다.
(단위: 백만원)
매출원가
8,198,563
7,841,434
판매비와관리비 등
1,020,799
857,429
계
9,219,362
8,698,863
14.
무형자산 :
가. 당기 및 전기 중 회사 무형자산의 변동내역은 다음과 같습니다.
(1) 당기
(단위: 백만원)
기초장부가액
827,953
752,669
145,332
79,277
690,071
2,495,302
내부개발에 의한 취득
-
940,001
-
-
-
940,001
개별 취득
271,831
-
4,380
-
37,896
314,107
상각
(136,339)
(396,078)
-
-
(359,111)
(891,528)
처분/폐기
(39,126)
-
-
-
(370)
(39,496)
손상
-
(56,659)
-
-
-
(56,659)
기타 (*)
1,415
-
-
-
288,422
289,837
기말장부가액
925,734
1,239,933
149,712
79,277
656,908
3,051,564
(*) 기타는 매각예정분류자산으로의 대체액을 포함하고 있습니다.
(2) 전기
(단위: 백만원)
기초장부가액
770,962
602,274
139,138
161,876
790,698
2,464,948
내부개발에 의한 취득
-
461,030
-
-
-
461,030
개별 취득
194,180
-
6,724
-
86,146
287,050
상각
(122,585)
(310,635)
-
-
(311,486)
(744,706)
처분/폐기
(14,604)
-
(530)
-
(454)
(15,588)
손상
-
-
-
(82,599)
-
(82,599)
기타
-
-
-
-
125,167
125,167
기말장부가액
827,953
752,669
145,332
79,277
690,071
2,495,302
계속;
14.
무형자산, 계속 :
나. 영업권 영업권은 식별된 현금창출단위에 배분하고 있으며, 보고기간종료일 현재 영업권 내역은 다음과 같습니다.
(단위: 백만원)
LED 사업
79,277
79,277
계
79,277
79,277
회사는 매년 영업권의 손상여부를 검토하고 있으며, 현금창출단위의 회수가능가액은사용가치 계산에 근거하여 결정되었습니다. 사용가치의 계산은 경영진이 승인한 향후 5년치의 재무예산에 근거하여 세전현금흐름추정치를 사용하였습니다. 동 기간을 초과하는 기간에 대한 영구 현금흐름의 산출은 일정 성장률의 가정(단, 산업평균성장률을 초과하지 않음)이 사용되었습니다. 손상평가 수행 결과 회사는 당기 중 영업권에 대한 손상을 인식하지 아니하였습니다. 다. 당기 및 전기 중 계정과목별 무형자산 상각내역은 다음과 같습니다.
(단위: 백만원)
매출원가
495,442
379,378
판매비와관리비 등
396,086
365,328
합 계
891,528
744,706
15. 차입금 :
보고기간종료일 현재 회사의 차입금 내역은 다음과 같습니다.
(단위: 백만원)
담보부차입금
우리은행 외
0.6 ~ 11.4
2,928,182
2,811,565
상기 담보부 차입금에 대해서는 매출채권이 담보로 제공되어 있습니다(주
석
8
참조).
16. 사채 :
가. 보고기간종료일 현재 회사의 사채의 내역은 다음과 같습니다.
(단위: 백만원)
US$ denominated Straight Bonds
1997.10.2
2027.10.1
7.7
71,448 (US$ 65,000천)
73,871 (US$ 70,000천)
1년이내 만기도래분
(5,496)
(5,277)
사채할인발행차금
(2,304)
(2,515)
계
63,648
66,079
상기 사채는 10년 거치 20년 분할 상환되며 이자는 6개월마다 후급됩니다. 나. 보고기간종료일 현재 사채의 연도별 상환계획은 다음과 같습니다.
(단위: 백만원)
2015년
5,496
2016년
5,496
2017년
5,496
2018년
5,496
2019년 이후
49,464
계
71,448
17.
순
확정급여부채(자산) :
가. 보고기간종료일
현재
순확정급여부채(자
산)와 관련하여 재무상
태표에 인식한 내역은 다음과 같습니다.
(단위: 백만원)
기금이 적립되는 확정급여채무의 현재가치
5,980,071
4,552,971
기금이 적립되지 않는 확정급여채무의 현재가치
20,973
18,832
소 계
6,001,044
4,571,803
사외적립자산의 공정가치
(6,136,995)
(3,071,581)
순확정급여부채(자산) 계
(135,951)
1,500,222
나. 당기 및 전기 중 손익계산서에 인식한 확정급여제도 관련 비용의 세부 내역은 다음과 같습니다.
(단위: 백만원)
당기근무원가
720,162
625,313
순이자원가
86,492
68,905
과거근무원가
103,264
-
계
909,918
694,218
계속;
17. 순확정급여부채(자산), 계속 : 다. 당기 및 전기 중 손익계산서에 인식한 확정급여제도 관련 비용의 계정과목별 금액은 다음과 같습니다.
(단위: 백만원)
매출원가
339,985
254,605
판매비와관리비 등
569,933
439,613
계
909,918
694,218
라. 당기 및 전기 중 확정급여채무의 변동내역은 다음과 같습니다.
(단위: 백만원)
기초
4,571,803
3,771,030
당기근무원가
720,162
625,313
이자원가
246,147
183,385
과거근무원가
103,264
-
재측정 :
- 인구통계적가정의 변동으로 인한 보험수리적손익
55,297
-
- 재무적가정의 변동으로 인한 보험수리적손익
560,802
(13,122)
- 기타사항에 의한 효과
72,897
198,415
급여지급액
(332,498)
(210,400)
기타
3,170
17,182
기말
6,001,044
4,571,803
계속;
17. 순확정급여부채(자산), 계속: 마. 당기 및 전기 중 사외적립자산 공정가치의 변동내역은 다음과 같습니다.
(단위: 백만원)
기초
3,071,581
2,392,925
사외적립자산의 이자수익
159,655
114,480
사외적립자산의 재측정요소
(66,114)
(33,482)
사용자의 기여금
3,110,119
707,032
급여지급액
(135,047)
(107,539)
기타
(3,199)
(1,835)
기말
6,136,995
3,071,581
확정급여제도와 관련하여 2015년도에 납입할 것으로 예상되는 사업주 부담금의 합리적인 추
정치는
1
,155
,031
백
만원
입니다. 바. 보고기간종료일 현재 회사의 사외적립자산은 원금보장형 고정수익 상품에 투자 되어 있습니다.
사. 보고기간종료일 현재 사용한 주요 보험수리적 가정은 다음과 같습니다.
할인율
4.4%
5.3%
미래임금상승률 (인플레이션 효과 포함)
6.6%
6.6%
계속;
17. 순확정급여부채(자산), 계속: 아. 보고기간종료일 현재 주요 가정의 변동에 따른 확정급여채무의 민감도 분석은 다음과 같습니다.
할인율 :
1% 증가
89%
90%
1% 감소
113%
112%
임금상승률 :
1% 증가
112%
111%
1% 감소
89%
90%
자. 보고기간종료일 현재 급여지급액의 만기구성 정보는 다음과 같습니다.
(단위: 백만원)
지급액
297,182
281,351
1,143,822
3,046,633
4,768,988
보고기간말 현재 확정급여채무의 가중평균만기는
11.94년
입니다.
18
. 충당부채 :
당기 중 충당부채 변동내역은 다음과 같습니다.
(단위: 백만원)
기초
260,273
4,074,590
831,436
54,612
5,220,911
순전입액
564,195
897,391
177,650
-
1,639,236
사용액
(608,618)
(1,296,204)
(363,253)
(45,750)
(2,313,825)
기타(*)
-
135,358
-
2,348
137,706
기말
215,850
3,811,135
645,833
11,210
4,684,028
(*) 기타는 환율변동에 의한 증감액을 포함하고 있습니다. 가. 회사는 출고한 제품에 대한 품질보증, 교환환불, 하자보수 및 그에 따른 사후서비스 등으로 인하여 향후 부담할 것으로 예상되는 비용을 보증기간 및 과거 경험률 등을 기초로 추정하여 충당부채로 설정하고 있습니다.
나. 회사는 협상 진행중인 기술사용계약과 관련하여 향후 지급이 예상되는 기술사용료를 추정하여 충당부채로 계상하고 있습니다. 지급시기 및 금액은 협상경과에 따라 변동될 수 있습니다.
다. 회사는 임원을 대상으로 부여년도를 포함한 향후 3년간의 경영실적에 따라 성과급을 지급하는 장기성과 인센티브를 부여하였는 바, 향후 지급이 예상되는 금액의 경과기간 해당분을 충당부채로 계상하고 있습니다.
19. 우발부채와 약정사항 :
가. 지급보증한 내역
보고기간종료일 현재 회사가 제공한 채무보증내역은 다음과 같습니다.
(단위: 백만원, 백만US$)
임대주택 관련 채무보증(*)
13,071
21,444
해외종속기업에 대한 채무보증 (한도 기준)
US$ 9,440 (원화환산액: \10,376,805)
US$ 11,469 (원화환산액: \12,103,325)
해외종속기업에 대한 채무보증 (실차입금 기준)
US$ 2,152 (원화환산액: \2,365,868)
US$ 4,264 (원화환산액: \4,500,104)
(*) 직원용 임대주택 제공과 관련한 직원들의 금융기관 대출금에 대하여 제공한 채무보증 약정 한도액입니다. 계속;
19. 우발부채와 약정사항, 계속 :
보고기간종료일 현재 회사가 해외종속기업의 자금조달 등을 위하여 제공하고 있는 지급보증 내역은 다음과 같으며, 특수관계자로부터 제공받고 있는 담보 및 지급보증은 없습니다.
(단위: 백만원)
Samsung Electronics America(SEA)
SMBC 외
2017.4.10
1,099,200
2,665,560
Samsung Japan(SJC)
Mizuho Bank 외
2015.12.16
232,901
979,824
Samsung Electronics Mexico(SEM)
Santander 외
2015.12.16
382,829
743,059
Samsung Electronics Digital Appliance Mexico(SEDAM)
Citibank 외
2015.12.16
128,306
484,747
Samsung Electronics Turkey(SETK)
BTMU 외
2015.12.16
94,396
461,664
Samsung Electronics South Africa(SSA)
Citibank 외
2015.12.16
177,076
368,232
Samsung Electronics Peru(SEPR)
BBVA 외
2015.12.16
68,940
197,856
Samsung Electronics Chile(SECH)
Citibank 외
2015.12.16
59,722
195,658
Samsung Electronica Colombia(SAMCOL)
Citibank 외
2015.12.16
74,232
138,499
Samsung Electronics Morocco(SEMRC)
SocGen 외
2015.12.16
6,402
120,912
Samsung R&D Institute Japan(SRJ)
SMBC
2016.2.28
23,004
23,004
Samsung Electronics South Africa Production(SSAP)
SCB
2015.11.8
8,551
21,984
Samsung Electronics Philippines(SEPCO)
BOA
2015.11.8
10,309
10,309
기타
-
3,965,497
계
2,365,868
10,376,805
또한, 헝가리에 소재한 SEH(Samsung Electronics Hungarian) 법인이 헝가리정부와 체결한 투자 인센티브 계약의 이행을 보증하기 위하여
18,360백만원(43.2억 HUF)
의
지급보증을 제공하고 있습니다.
보고기간종료일 현재 회사가 보유하고 있는 부산신항만 주식은 동 회사의 차입금에 대한 담보로 질권이
설정되어 있습니다(
주석
9
참조).
계속
19. 우발부채와 약정사항, 계속 :
나. 소송 등
(1)
보고기간종료일 현재 Apple사와의 특허관련 소송이 미국에서 진행중입니다. 해당 소송과 관련해서는 2012년 8월 24일 미국 캘리포니아 법원에서 디자인 및 기술특허에 대해 회사의 일부 침해를 인정하고 그에 따른 손해액을 지불해야 한다는 평결이 있었습니다. 그 후 2013년 3월 1일 동 법원의 판사는 손해액 중 일부 금액이 잘못 산정되었기 때문에 동 일부 금액에 대해 새로운 재판을 하도록 결정하였습니다. 그에 따라 2013년 11월 21일 손해액 관련 배심원 평결이 있었으며 2014년 3월 6일 Apple사의 회사 제품 판매 금지 주장을 기각하고 손해배상액은 기존 배심원 평결 금액으로 확인하는 1심 판결이 선고되었습니다. 이 중 손해배상 관련 판결에 대해서
2014년 3월 7일 항소를 하여, 2014년 12월 4일 항소심 재판이 진행되었습니다.
또한, 2014년 5월 5일 미국 캘리포니아 법원에서 기술특허 관련한 두번째 소송과 관련해 회사의 일부 침해를 인정하고 그에 따른 손해액을 지불해야 한다는 평결이 있었으며,
2014년 11월 25일 배심원 평결을 확인하는 1심 법원의 판결이 선고되었습니다. 회사는 2014년 11월 25일 1심 판결에 대해 항소하였으며 항소심 재판이 계속 진행될 예정입니다.
동 소송을 포함한 Apple사와의 특허 관련 소송 최종 결과 및 그 영향을 보고기간종료일 현재 예측할 수 없습니다.
2014년 8월, 회사와 Apple사는 미국 외 지역에서의 소송을
취하한다는 합의에 이른 바 있으며, 보고서일 현재 미국 외 모든 국가에서 소송 취하가 완료되었습니다.
(2) 이외에도 다수의 회사와 정상적인 영업과정에서 발생한 소송, 분쟁 및 규제기관의 조사 등이 진행 중에 있습니다. 이에 따른 자원의 유출금액 및 시기는 불확실하며 회사의 경영진은 이러한 소송 등의 결과가 회사의 재무상태에 중요한 영향을 미치지 않을 것으로 판단하고 있습니다.
계속;
19. 우발부채와 약정사항, 계속 : 다. 분할과 관련된 연대채무 회사와 삼성디스플레이 주식회사는 분할된 삼성디스플레이 주식회사의 분할 전 채무에 관하여 연대하여 변제할 책임이 있습니다.
라. 기타 약정사항
보고기간종료일 현재 회사는 우리은행 외 7개 은행과 무역금융, 상업어음할인 및 외상매출채권담보대출 등의 약정을 맺고 있으며, 동 약정에 대한 통합한
도액은
9,940,512백만원
입니다. 이외에도 회사는 산업은행 외 16개 은행과 한도액 US$ 5,050백만의 무역금융 약정을 체결하고 있으며, 매입처
들의 지급과 관련하여 기업은행과 한도액 200,000백만원의 외상매출채권담보대출약정 등을 맺고 있습니다.
20. 자본금 :
회사의 정관에 의한 발행할 주식의 총수는
500,000,000주(1주의 금액 : 5,000원)
이며, 보고기간종료일 현재 회사가 발행한 보통주식 및 우선주식의 수(소각 주식수 제외)는 각각
147,299,337주와 22,833,427
주입니다. 이익소각으로 인하여 발행주식의 액면 총액은
850,664백만원(보통주 736,497백만원 및 우선주 114,167백만원
)으로 납입자본금
(897,514백만원)과
상이합니다.
(단위: 주)
전기초
130,847,899
19,853,734
- 주식선택권의 행사로 인한 자기주식의 처분
67,222
-
전기말
130,915,121
19,853,734
당기초
130,915,121
19,853,734
- 주식선택권의 행사로 인한 자기주식의 처분
47,530
-
- 자기주식 취득
(758,055)
(131,250)
당기말
130,204,596
19,722,484
21. 이익잉여금 :
가. 보고기간종료일 현재 이익잉여금의 내역은 다음과 같습니다.
(단위: 백만원)
1. 법정적립금
450,789
450,789
이익준비금(*1)
450,789
450,789
2. 임의적립금
119,496,997
103,724,446
재무구조개선적립금
204,815
204,815
기업합리화적립금(*2)
26,512,101
21,512,101
해외시장개척준비금
510,750
510,750
해외투자손실준비금
164,982
164,982
연구및인력개발준비금(*3)
59,936,458
51,936,458
수출손실준비금
167,749
167,749
자사주처분손실준비금
3,100,000
3,100,000
시설적립금
28,900,142
26,127,591
3. 미처분이익잉여금
14,516,403
17,854,184
계
134,464,189
122,029,419
(*1) 회사는 상법상의 규정에 따라 납입자본의 50%에 달할 때까지 매 결산기마다 금전에 의한 이익배당액의 10%이상을 이익준비금으로 적립하도록 되어 있으나 당기말 현재 회사의 이익준비금이 납입자본의 50%에 달하였으므로 추가 적립할 의무는 없습니다. (*2) 회사는 2001년까지 조세특례제한법에 의거 세액공제에 상응하는 법인세 상당액을 기업합리화적립금으로 적립하였으나, 2002년부터는 개정된 조세특례제한법에 따라 동 적립금의 적립의무 및 사용제한이 없습니다. (*3) 회사는 조세특례제한법의 규정에 의하여 법인세 산출시 신고조정에 의해 손금산입하는 세무상 준비금을 이익잉여금 처분시 별도 적립하고 있습니다. 계속;
21. 이익잉여금, 계속 :
나. 당기 및 전기의 회사의 이익잉여금처분계산서는 다음과 같습니다. 당기의 이익잉여금처분계산서는 주주총회에서 확정될 예정입니다(전기 처분확정일: 2014년
3월 14일
).
(단위: 백만원)
Ⅰ. 미처분이익잉여금
14,516,403
17,854,184
1. 전기이월이익잉여금
30
30
2. 중간배당액 당기 - 주당배당금(률) : 500원(10%) 전기 - 주당배당금(률) : 500원(10%)
(75,408)
(75,366)
3. 당기순이익
14,591,781
17,929,520
Ⅱ. 이익잉여금처분액
14,516,373
17,854,154
1. 기업합리화적립금
4,000,000
5,000,000
2. 배당금 주당배당금(률) 당기 - 보통주 :
19,500원(390%)
우선주 :
19,550원(391%)
전기 - 보통주 : 13,800원(276%) 우선주 : 13,850원(277%)
2,924,564
2,081,603
3. 연구및인력개발준비금
6,000,000
8,000,000
4. 시설적립금
1,591,809
2,772,551
Ⅲ. 차기이월미처분이익잉여금
30
30
22. 주당배당금 :
당기 및 전기 중 배당금 산정내역은 다음과 같습니다. 가. 중간배당 (배당기준일 : 2014년과 2013년 6월 30일)
배당받은주식
보통주
130,962,651주
130,878,713주
우선주
19,853,734주
19,853,734주
배 당 률
10%
10%
배 당 금 액 (백만원)
배 당 금 액
(백만원)
보통주
65,481
65,439
우선주
9,927
9,927
계
75,408
75,366
나. 기말배당 (배당기준일 : 2014년과 2013년 12월 31일)
배당받을주식
보통주
130,204,596주
130,915,121주
우선주
19,722,484주
19,853,734주
배 당 률
보통주
390%
276%
우선주
391%
277%
배 당 금 액 (백만원)
보통주
2,538,990
1,806,629
우선주
385,574
274,974
계
2,924,564
2,081,603
계속;
23. 기타자본항목 :
가. 보고기간종료일 현재 기타자본항목의 내역은 다음과 같습니다.
(단위: 백만원)
자기주식
(8,429,313)
(7,323,432)
주식선택권
806
10,243
매도가능금융자산평가손익
1,222,820
1,701,665
순확정급여부채 재측정요소
(1,666,632)
(1,094,259)
기타
1,759,048
1,745,724
계
(7,113,271)
(4,960,059)
나. 자기주식
회사는 기명식보통주식 및 무의결권우선주식을 취득하여 기타자본항목으로 계상하고 있으며, 향후 주식선택권의 행사시 교부 등에 사용할 예정입니다. 보고기간종료일 현재 자기주식의 내역은 다음과 같습니다.
주식수(주)
3,110,943
17,094,741
2,979,693
16,384,216
취득가액(백만원)
755,764
7,673,549
621,843
6,701,589
24.
주식기준보상
:
회사는 설립ㆍ경영ㆍ해외영업 또는 기술혁신 등에 기여하거나 기여할 수 있는 임직원을 대상으로 주식선택권을 주주총회의 특별결의 또는 이사회의 결의에 의하여 부여할 수 있으며, 2005년 12월 20일 이후로는 주식선택권을 부여하지 않고 있습니다. 주식선택권에 대한 주요 부여조건과 당기말 현재 발행 내역은 다음과 같습니다. ㆍ주식선택권으로 발행할 주식의 종류 : 기명식 보통주식 ㆍ부여방법 : 보통주 신주발행교부(자기주식 지급도 가능) ㆍ행사가능조건 : 부여일 이후 2년이상 회사의 임직원으로 재직한 자 ㆍ주식선택권으로 발행할 주식의 수량과 1주당 행사가격 (퇴직등의 사유로 소멸된 주식선택권 제외 후)
부여수량
368,100
590,000
10,000
소멸수량
37,744
53,061
-
전기초 이전 행사수량
314,509
438,034
5,000
전기초 미행사수량
15,847
98,905
5,000
전기 행사수량
15,847
51,375
-
당기 행사수량
-
47,530
-
당기말 미행사수량
-
-
5,000
부 여 일
2003.3.7
2004.4.16
2005.12.20
결 의 기 관
이사회
이사회
이사회
행 사 가 격
288,800원
580,300원
606,700원
당기 행사분의 행사일 가중평균주가
-
1,342,919원
-
행사가능기간
2005.3.8~ 2013.3.7
2006.4.17~ 2014.4.16
2007.12.21~ 2015.12.20
(주1) 유ㆍ무상증자, 주식배당, 주식분할 및 주식병합 등으로 인하여 수량 및 행사가격이 조정될 수 있습니다. (주2) 보고기간종료일 현재 1차, 2차, 3차, 4차, 5차,
6차
및 7차 주식선택권은 행사가능기간이 종료되었습니다.
25. 비용의 성격별 분류 :
당기 및 전기 중 비용의 성격별 분류 내역은 다음과 같습니다.
(단위: 백만원)
제품 및 재공품 등의 변동
32,200
(557,262)
원재료 등의 사용액 및 상품 매입액 등
74,424,665
86,141,165
급여
9,303,132
9,329,327
퇴직급여
913,887
694,934
감가상각비
9,219,362
8,698,863
무형자산상각비
891,528
744,706
복리후생비
1,443,420
1,244,972
지급수수료
3,973,538
4,743,817
기타비용
23,698,821
25,524,562
계(*)
123,900,553
136,565,084
(*) 손익계산서 상의 매출원가 및 판매비와관리비를 합한 금액입니다.
26. 판매비와관리비 :
당기 및 전기 중 판매비와관리비 내역은 다음과 같습니다.
(단위: 백만원)
(1) 판매비와관리비
급여
1,744,060
2,161,771
퇴직급여
186,627
140,986
지급수수료
3,973,538
4,743,817
감가상각비
277,761
202,229
무형자산상각비
270,239
267,063
광고선전비
734,815
994,291
판매촉진비
1,272,946
1,280,049
운반비
694,515
659,324
애프터서비스비
699,563
618,799
기타판매비와관리비
2,041,840
1,969,665
소계
11,895,904
13,037,994
(2) 경상연구개발비
연구개발 총지출액
13,755,937
13,256,592
개발비 자산화
(940,001)
(461,030)
소계
12,815,936
12,795,562
계
24,711,840
25,833,556
27. 기타수익
및 기타비용 :
당기 및 전기 중 기타수익 및 기타비용의 내역은 다음과 같습니다.
(단위: 백만원)
(1) 기타수익
배당금수익
2,524,861
1,337,598
임대료수익
86,315
82,787
투자자산처분이익
80,712
1,061,471
유형자산처분이익
98,639
86,712
기타
716,776
561,740
계
3,507,303
3,130,308
(2) 기타비용
유형자산처분손실
103,405
44,254
기부금
315,752
405,257
무형자산손상차손
56,659
82,599
기타
231,113
260,100
계
706,929
792,210
28. 금융수익 및 금융비용 :
가. 당기 및 전기 중 금융수익과 금융비용의 내역은 다음과 같습니다.
(단위: 백만원)
(1) 금융수익
이자수익
948,261
649,608
- 대여금및수취채권
861,170
644,550
- 매도가능금융자산
87,091
5,058
외환차이
3,310,678
3,251,917
파생상품관련이익
30,179
17,375
계
4,289,118
3,918,900
(2) 금융비용
이자비용
224,579
118,935
- 상각후원가로 측정하는 금융부채
138,333
60,863
- 기타 금융부채
86,246
58,072
외환차이
3,487,474
3,724,293
파생상품관련손실
21,792
3,516
계
3,733,845
3,846,744
나. 회사는 외화 거래 및 환산으로 발생한 외환차이를 금융수익 및 금융비용으로 인식하고 있습니다.
29. 법인세비용 :
가. 당기 및 전기 중 법인세비용의 주요 구성내역은 다음과 같습니다.
(단위: 백만원)
1. 당기법인세
기간손익에 대한 당기법인세
3,940,377
4,163,214
당기에 인식한 조정사항
14,830
(53,530)
2. 이연법인세
세액공제의 이월로 인한 이연법인세변동액
634,775
28,490
일시적차이로 인한 이연법인세변동액
(1,896,868)
2,154,137
3. 자본에 직접 부가되는 법인세부담액
(4,254)
(4,572)
법인세비용
2,688,860
6,287,739
나. 회사의 법인세비용차감전순이익에 대한 법인세비용과 적용세율을 사용하여 이론적으로 계산된 금액과의 차이는 다음과 같습니다.
(단위: 백만원)
법인세비용차감전순이익
17,280,641
24,217,259
적용세율에 따른 법인세비용(*)
4,181,915
5,860,577
조정사항
비과세수익
(42,082)
(21,325)
비공제비용
259,037
69,868
세액공제
(1,777,805)
(1,908,635)
기타
67,795
2,287,254
법인세비용
2,688,860
6,287,739
(*) 보고기간종료일 현재 제정된 세법에서 규정한 법정세율을 적용하여 산정하였습니다. 계속;
29. 법인세비용, 계속 :
다. 당기 및 전기 중 주요 누적일시적차이 및 이연법인세자산(부채)의 증감내역은 다음과 같습니다.
(1) 당기
(단위: 백만원)
일시적차이로 인한 이연법인세
조세특례제한법상준비금
(27,785)
13,417
(14,368)
(6,724)
3,247
(3,477)
토지재평가
(3,476,104)
412
(3,475,692)
(841,217)
100
(841,117)
종속기업, 관계기업 및 공동기업 투자
(3,461,074)
327,740
(3,133,334)
(685,444)
61,036
(624,408)
감가상각누계액등
63,462
4,711
68,173
15,358
1,140
16,498
미수수익
(318,375)
(91,047)
(409,422)
(77,047)
(22,033)
(99,080)
충당부채 및 미지급비용 등
8,037,743
(321,840)
7,715,903
1,945,134
(77,886)
1,867,248
외화평가조정
(198,655)
293,429
94,774
(48,074)
71,009
22,935
자산손상
166,030
164,447
330,477
40,179
39,796
79,975
분할시투자주식평가증(*)
10,586,822
-
10,586,822
-
-
-
기타
(12,776,419)
7,506,770
(5,269,649)
(3,023,582)
1,820,459
(1,203,123)
소 계
(1,404,355)
7,898,039
6,493,684
(2,681,417)
1,896,868
(784,549)
세액공제로 인한 이연법인세
세액공제이월액
880,313
(546,604)
333,709
921,168
(634,775)
286,393
자본에 직접 가감하는 이연법인세
매도가능금융자산평가이익 등
(2,244,941)
599,070
(1,645,871)
(543,276)
144,975
(398,301)
보험수리적평가
1,443,613
755,110
2,198,723
349,354
182,737
532,091
소 계
(801,328)
1,354,180
552,852
(193,922)
327,712
133,790
합 계
(364,366)
계속;
29. 법인세비용, 계속 :
(2) 전기
(단위: 백만원)
일시적차이로 인한 이연법인세
조세특례제한법상준비금
(33,097)
5,312
(27,785)
(8,010)
1,286
(6,724)
토지재평가
(3,477,691)
1,587
(3,476,104)
(841,601)
384
(841,217)
종속기업, 관계기업 및 공동기업 투자
(3,505,141)
44,067
(3,461,074)
(696,612)
11,168
(685,444)
감가상각누계액등
119,272
(55,810)
63,462
28,864
(13,506)
15,358
미수수익
(112,135)
(206,240)
(318,375)
(27,137)
(49,910)
(77,047)
충당부채 및 미지급비용 등
6,638,333
1,399,410
8,037,743
1,606,477
338,657
1,945,134
외화평가조정
(129,565)
(69,090)
(198,655)
(31,355)
(16,719)
(48,074)
자산손상
123,635
42,395
166,030
29,920
10,259
40,179
분할시투자주식평가증(*)
10,586,822
-
10,586,822
-
-
-
기타
(12,673,224)
(103,195)
(12,776,419)
(587,826)
(2,435,756)
(3,023,582)
소 계
(2,462,791)
1,058,436
(1,404,355)
(527,280)
(2,154,137)
(2,681,417)
세액공제로 인한 이연법인세
세액공제이월액
940,685
(60,372)
880,313
949,658
(28,490)
921,168
자본에 직접 가감하는 이연법인세
매도가능금융자산평가이익 등
(2,382,128)
137,187
(2,244,941)
(576,475)
33,199
(543,276)
보험수리적평가
1,224,838
218,775
1,443,613
296,411
52,943
349,354
소 계
(1,157,290)
355,962
(801,328)
(280,064)
86,142
(193,922)
합 계
(1,954,171)
(*) 과거 LCD 사업부문 분할로 인하여 교부받은 삼성디스플레이 투자주식에 대한 세무상 장부가액과 회계상 장부가액의 차이입니다. 보고기간종료일 현재 회사는 향후 삼성디스플레이주식을 처분하지 않을 예정이므로, 동 투자주식의 차감할 일시적 차이가 예측가능한 미래에 소멸할 가능성이 높지 않을 것으로 보아 이연법인세자산을 인식하지 아니하였습니다.
계속;
29. 법인세비용, 계속 :
라. 보고기간종료일 현재 이연법인세자산 및 부채의 장단기 구분은 다음과 같습니다.
(단위: 백만원)
12개월 이내에 결제될 이연법인세자산(부채)
935,016
(589,262)
12개월 이후에 결제될 이연법인세자산(부채)
(1,299,382)
(1,364,909)
계
(364,366)
(1,954,171)
30. 주당이익 :
가. 기본주당순이익 당기 및 전기 중 기본주당이익 산정내역은 다음과 같습니다. (1) 보통주
(단위: 백만원, 천주)
당기순이익
14,591,781
17,929,520
당기순이익 중 보통주 해당분
12,671,410
15,567,638
÷ 가중평균유통보통주식수
130,924
130,880
기본 보통주 주당이익(단위: 원)
96,784
118,946
(2) 우선주
(단위: 백만원, 천주)
당기순이익
14,591,781
17,929,520
당기순이익 중 우선주 해당분
1,920,371
2,361,882
÷ 가중평균유통우선주식수
19,849
19,854
기본 우선주 주당이익(단위: 원)
96,749
118,964
계속;
30. 주당이익, 계속 : 나. 희석주당순이익 회사가 보유하고 있는 희석성 잠재적보통주로는 주식선택권이 있으며 희석주당순이익은 모든 희석성 잠재적보통주가 보통주로 전환된다고 가정하여 조정한 가중평균 유통보통주식수를 적용하여 산정하고 있습니다. 당기 및 전기 중 희석주당이익 산정내역은 다음과 같습니다. (1) 보통주
(단위: 백만원, 천주)
보통주 희석순이익
12,671,474
15,568,070
÷ 가중평균된 유통보통주식수와 희석성 잠재적보통주의 합산 주식수
130,933
130,911
희석 보통주 주당이익(단위: 원)
96,779
118,921
(2) 우선주
(단위: 백만원, 천주)
우선주 희석순이익
1,920,307
2,361,450
÷ 가중평균된 유통우선주식수와 희석성 잠재적우선주의 합산 주식수
19,849
19,854
희석 우선주 주당이익(단위:원)
96,746
118,942
31. 현금흐름표 :
가. 당기 및 전기 중 영업활동현금흐름의 조정내역 및 영업활동으로 인한 자산부채의 변동은 다음과 같습니다. - 조정내역
(단위: 백만원)
1. 법인세비용
2,688,860
6,287,739
2. 금융수익
(1,326,674)
(1,093,580)
3. 금융비용
681,752
341,172
4. 퇴직급여
913,887
694,934
5. 감가상각비
9,219,362
8,698,863
6. 무형자산상각비
891,528
744,706
7. 대손상각비 등
276,343
232,772
8. 배당금수익
(2,524,861)
(1,337,598)
9. 유형자산처분이익
(98,639)
(86,712)
10. 유형자산처분손실
103,405
44,254
11. 재고자산평가손실 등
446,394
139,199
12. 투자자산처분이익
(80,712)
(1,061,471)
13. 무형자산손상차손
56,659
82,599
14. 기타 수익, 비용
(352,580)
(384,482)
계
10,894,724
13,302,395
계속;
31. 현금흐름표, 계속 : - 영업활동으로 인한 자산부채의 변동
(단위: 백만원)
1. 매출채권의 증가
(1,348,246)
(606,641)
2. 미수금의 감소(증가)
513,161
(365,689)
3. 선급금의 감소(증가)
30,300
(126,468)
4. 장단기선급비용의 증가
(1,937,426)
(308,493)
5. 재고자산의 증가
(125,693)
(687,461)
6. 매입채무의 감소
(1,039,814)
(28,345)
7. 장단기미지급금의 증가
1,451,830
736,298
8. 선수금의 감소
(1,758)
(75,067)
9. 예수금의 증가
84,534
54,754
10. 미지급비용의 증가
1,614,044
678,774
11. 충당부채의 (감소)증가
(674,588)
1,794,008
12. 퇴직금의 지급
(332,498)
(210,400)
13. 사외적립자산의 증가
(2,975,072)
(599,493)
14. 기타
109,322
33,246
계
(4,631,904)
289,023
계속;
31. 현금흐름표, 계속 : 나. 회사의 현금흐름표는 간접법에 의해 작성되었으며, 당기 및 전기 중 현금의 유입과 유출이 없는 주요한 거래는 다음과 같습니다.
(단위: 백만원)
매도가능금융자산평가
(514,077)
840,908
유형자산의 본계정 대체
7,283,986
7,616,595
사채의 유동성 대체
5,304
5,083
종속기업, 관계기업 및 공동기업 투자 매도가능금융자산으로 재분류
1,218,610
-
매도가능금융자산 매각예정분류자산으로 대체
100,051
-
종속기업, 관계기업 및 공동기업 투자 매각예정분류자산으로 대체
289,507
-
다. 회사는 거래가 빈번하여 총금액이 크고 단기간에 만기가 도래하는 단기금융상품,단기매도가능금융자산 및 단기차입금으로 인한 현금의 유입과 유출항목을 순증감액으로 기재하였습니다.
32. 재무위험관리 : 회사의 재무위험관리는 영업활동에서 파생되는 시장위험, 신용위험 및 유동성 위험을 최소화하는데 중점을 두고 있습니다. 회사는 이를 위하여 각각의 위험요인에 대해면밀하게 모니터링하고 대응하는 재무위험관리정책 및 프로그램을 운용하고 있습니다. 재무위험관리는 재경팀이 주관하고 있으며, 사업부, 국내외 종속기업과의 공조 하에주기적으로 재무위험의 측정, 평가 및 헷지 등을 실행하고 글로벌 재무위험관리정책을 수립하여 운영하고 있습니다. 또한, 회사는 해외 지역별 중심지(미국, 영국, 싱가포르, 중국, 일본, 브라질, 러시아)에 금융관리요원을 파견하여 지역 금융센터를 운영함으로써, 글로벌 재무위험을 관리하고 있습니다. 회사의 재무위험관리의 주요 대상인 금융자산은 현금 및 현금성자산, 단기금융상품, 매도가능금융자산, 매출채권 및 기타채권 등으로 구성되어 있으며, 금융부채는 매입채무, 차입금, 사채 및 기타채무 등으로 구성되어 있습니다. 계속;
32. 재무위험관리, 계속 : 가. 시장위험
(1) 환율변동위험
회사는 글로벌 영업활동을 수행함에 따라 보고통화와 다른 외화 수입, 지출이 발생하고 있습니다. 이로 인해 환율변동위험에 노출되는 환포지션의 주요 통화로는 USD, EUR, JPY, CNY 등이 있습니다. 회사는 영업활동에서 발생하는 환위험의 최소화를 위하여 수출입 등의 경상거래 및 예금, 차입 등의 자금거래시 현지통화로 거래하거나 입금 및 지출 통화를 일치시키는것을 원칙으로 함으로써 환포지션 발생을 최대한 억제하고 있습니다. 회사의 환위험관리 규정에서는 환위험의 정의, 측정주기, 관리주체, 관리절차, 헷지 기간, 헷지 비율 등을 정의하고 있습니다.
회사는 투기적 외환거래는 금지하고 있으며, 글로벌 환관리 시스템을 구축하여 각 개별회사의 환위험을 주기적으로 모니터링, 평가 및 관리하고 있습니다.
보고기간종료일 현재
주요 외화에 대한 환
율
5% 변동을 가정한
외화금융자산 및 외화금융부채의 환율변동위험은 다음과 같습니다.
(단위: 백만원)
USD
134,051
(134,051)
254,085
(254,085)
EUR
53,007
(53,007)
25,722
(25,722)
JPY
(1,254)
1,254
15,317
(15,317)
계속;
32. 재무위험관리, 계속 : (2) 주가변동위험
회사는 전략적 목적 등으로 매도가능금융자산으로 분류된 지분증권에 투자하고 있습니다. 이를 위하여 직접적 또는 간접적 투자수단을 이용하고 있습니다.
당기말 및 전기말 현재 지분증권(상장주식)의 주가가 약 1% 변동할 경우 당기 및 전기 기타포괄손익의 변동금액은 각각
39,818백만원및
27,153
백만원입니다.
(3) 이자율변동위험
변동금리부 금융상품의 이자율 변동위험은
시
장
금리 변동으로 인한 재무상태표 항목의 가치변동(공정가치) 위험과 투자 및 재무활동으로부터 발생하는 이자수익, 비용의 현금흐름이 변동될 위험으로 정의할 수 있습니다. 이러한 회사의 이자율 변동위험은 주로 예금 및 변동금리부 차입금에서 비롯되며, 회사는 이자율 변동으로 인한 불확실성과 금융비용의 최소화를 위한 정책을 수립 및 운용하고 있습니다.
회사는 지역 및 글로벌 자금 공유 체제를 구축하여 외부차입을 최소화함으로써 이자율변동위험의 발생을 제한하고 있으며, 주기적인 금리동향 모니터링 및 대응방안 수립을 통해 이자율 위험을 관리하고 있습니다.
계속;
32. 재무위험관리, 계속 :
나. 신용위험
신용위험은 통상적인 거래 및 투자활동에서 발생하며 고객 또는 거래상대방이 계약조건상 의무사항을 지키지 못하였을 때 발생합니다. 이러한 신용위험을 관리하기 위하여 고객과 거래상대방의 재무상태와 과거 경험 및 기타 요소들을 고려하여 주기적으로 재무신용도를 평가하고 있으며 고객과 거래상대방 각각에 대한 신용한도를 설정, 관리하고 있습니다.
신용위험은 금융기관과의 거래에서도 발생할 수 있으며 해당거래는 현금 및 현금성자산, 각종 예금 그리고 파생금융상품 등의 금융상품 거래를 포함합니다. 이러한 위험을 줄이기 위해, 회사는 국제 신용등급이 높은 은행들(S&P A등급 이상)에 대해서만 거래를 하는 것을 원칙으로 하고 있으며, 기존에 거래가 없는 금융기관과의 신규 거래는 재경팀의 승인, 관리, 감독 하에 이루어지고 있습니다. 회사가 체결하는 금융계약은 부채비율 제한 조항, 담보제공, 차입금 회수 등의 제약조건이 없는 계약을 위주로 체결하고 있으며, 기타의 경우 별도의 승인을 받아 거래하도록 되어 있습니다.
회사의 매출채권 대부분은 보험한도 내에서 적절하게 부보되어 위험관리되고 있습니다. 따라서, 회사에 노출된 신용 위험은 제한적일 것으로 판단하고 있으며 당기말 및 전기말 현재 회사의 금융자산 장부금액은 손상차손 차감 후 금액으로 회사의 신용위험 최대노출액을 나타내고 있습니다.
계속;
32. 재무위험관리, 계속 : 다. 유동성 위험
회사는 대규모 투자가 많은 사업의 특성상 적정 유동성의 유지가 매우 중요합니다. 회사는 주기적인 자금수지 예측, 필요 현금수준 추정 및 수입, 지출 관리 등을 통하여 적정 유동성을 유지, 관리하고 있습니다. 이와는 별도로 유동성 위험에 대비하여 회사는 무역금융 및 당좌차월 한도를 확보하고 있습니다. 또한, 대규모 시설투자의 경우에는 내부유보 자금의 활용이나 장기차입을 통하여 조달기간을 매치시켜 유동성 위험을 최소화하고 있습니다.
보고기간종료일 현재 금융부채에 대하여 보고기간종료일로부터 계약만기일까지의 잔여만기에 따라 만기별로 구분된 유동성은 다음과 같습니다.
(1) 당기말
(단위: 백만원)
금융부채
18,790,886
631,091
1,739,152
2,555,125
59,203
(2) 전기말
(단위: 백만원)
금융부채
17,728,931
1,075,819
1,118,035
818,537
65,772
위의 분석에 포함된 금융부채는 보고기간종료일로부터 계약 만기일까지의 잔여기간에 따라 만기별로 구분되었습니다. 계약 만기일까지의 잔여기간에 따른 만기별 구분에 포함된 현금흐름은 현재가치 할인을 하지 않은 금액입니다.
상기 금융부채 외 종속기업 지급보증 및 이행보증 등으로 노출된 유동성 위험의 최대금액은
10,395,553백만원
(전기: 12,124,769백만원
)입니다.
32. 재무위험관리, 계속 :
라. 자본위험관리
회사의 자본관리목적은 건전한 자본구조를 유지하는 데 있습니다. 회사는 자본관리지표로 부채비율을 이용하고 있으며 이 비율은 총부채를 총자본으로 나누어 산출하고 있으며 총부채 및 총자본은 재무제표의 금액을 기준으로 계산합니다.
회사의 자본위험관리 정책은 전기와 변동이 없었으며 당기말 현재 회사는
S&P로부터 A+, Moody's로부터 A1 평가등급을 받고
있습니다.
당기말 및 전기말 현재 회사의 부채비율은 다음과 같습니다.
(단위: 백만원)
부 채
31,383,508
32,455,190
자 본
132,677,075
122,370,767
부채비율
23.7%
26.5%
계속;
32. 재무위험관리, 계속 : 마. 공정가치 측정 (1) 보고기간종료일 현재 금융상품의 장부금액과 공정가치는 다음과 같습니다.
(단위: 백만원)
금융자산
현금및현금성자산
1,643,318
(*)
2,030,307
(*)
단기금융상품
26,454,093
(*)
27,463,345
(*)
단기매도가능금융자산
2,137,533
2,137,533
1,488,527
1,488,527
매출채권
18,940,786
(*)
17,748,978
(*)
장기매도가능금융자산
7,106,234
7,106,234
3,956,952
3,956,952
기타
4,884,383
4,861,921
3,935,422
3,920,749
소계
61,166,347
56,623,531
금융부채
매입채무
4,677,527
(*)
5,742,116
(*)
단기차입금
2,928,182
(*)
2,811,565
(*)
미지급금
6,358,319
(*)
5,299,184
(*)
유동성사채
5,304
(*)
5,083
(*)
사채
63,648
84,792
66,079
84,815
장기미지급금
2,305,055
2,390,956
769,002
835,869
기타
6,952,651
(*)
5,507,676
(*)
소계
23,290,686
20,200,705
(*) 장부금액이 공정가치의 합리적인 근사치이므로 공정가치 공시에서 제외하였습니다. 계속;
32. 재무위험관리, 계속 : (2) 보고기간종료일 현재 공정가치로 측정되는 회사 금융상품의 공정가치 서열체계에 따른 수준별 공시는 다음과 같습니다.
(단위: 백만원)
자 산
단기매도가능금융자산
1,016,878
1,120,655
-
2,137,533
장기매도가능금융자산
3,981,755
3,042,546
81,933
7,106,234
기타
-
-
100,051
100,051
(단위: 백만원)
자 산
단기매도가능금융자산
1,257,492
231,035
-
1,488,527
장기매도가능금융자산
2,715,251
953,531
288,170
3,956,952
공정가치 측정의 투입변수 특징에 따른 공정가치 서열체계는 다음과 같습니다. ㆍLevel 1 : 동일한 자산이나 부채에 대한 시장 공시가격 ㆍLevel 2 : 시장에서 관측가능한 투입변수를 활용한 공정가치 (단, Level 1에 포함된 공시가격은 제외) ㆍLevel 3 : 관측가능하지 않은 투입변수를 활용한 공정가치 계속;
32. 재무위험관리, 계속 : 활성시장에서 거래되는 금융상품의 공정가치는 보고기간종료일 현재 고시되는 시장가격에 기초하여 산정됩니다. 거래소, 판매자, 중개인, 산업집단, 평가기관 또는 감독기관을 통해 공시가격이 용이하게 그리고 정기적으로 이용가능하고, 그러한 가격이 독립된 당사자 사이에서 정기적으로 발생한 실제 시장거래를 나타낸다면, 이를 활성시장으로 간주하며, 이러한 상품들은 Level 1에 포함됩니다. Level 1에 포함된 상품들은 대부분 매도가능으로 분류된 상장주식으로 구성됩니다.
활성시장에서 거래되지 아니하는 금융상품의 공정가치는 평가기법을 사용하여 결정하고 있습니다. 이러한 평가기법은 가능한 한 관측가능한 시장정보를 최대한 사용하고 기업고유정보는 최소한으로 사용합니다. 이때, 해당 상품의 공정가치 측정에 요구되는 모든 유의적인 투입변수가 관측가능하다면 해당 상품은 Level 2에 포함됩니다.
만약 하나 이상의 유의적인 투입변수가 관측가능한 시장정보에 기초한 것이 아니라면 해당 상품은 Level 3에 포함됩니다.
회사는 Level 3로 분류되는 공정가치 측정을 포함하여 재무보고 목적의 공정가치를 측정하고 있습니다. 재무보고 일정에 맞추어 공정가치 평가과정 및 그 결과에 대해 협의하고 있고, 공정가치 Level 간 이동을 발생시키는 사건이나 상황의 변동이 일어난 보고기간 말에 Level 변동을 인식하고 있습니다.
금융상품의 공정가치를 측정하는 데에 사용되는 평가기법에는 다음이 포함됩니다.
- 유사한 상품의 공시시장가격 또는 딜러가격
- 파생상품의 공정가치는 보고기간종료일 현재의 선도환율 등을 사용하여 해당 금액을 현재가치로 할인하여 측정
나머지 금융상품에 대해서는 현금흐름의 할인기법 등의 기타 기법을 사용합니다. 유동자산으로 분류된 매출채권 및 기타채권의 경우 장부가액을 공정가치의 합리적인 근사치로 추정하고 있습니다.
32. 재무위험관리, 계속 :
(3) 가치평가기법 및 투입변수
가. 회사는 공정가치 서열체계에서 Level 2로 분류되는 회사채, 국공채, 금융채에 대하여 미래현금흐름을 적정이자율로 할인하는 현재가치법을 사용하고 있습니다.
나. Level 3로 분류된 주요 금융상품에 대하여 사용된 가치평가기법과 투입변수는
다음과 같습니다.
(단위 : 백만원)
태원전기산업
17,094
현금흐름할인법
영구성장률
-1.00%~1.00%(0%)
가중평균자본비용
7.76%~9.76%(8.76%)
삼성벤처투자
6,586
현금흐름할인법
영구성장률
-1.00%~1.00%(0%)
가중평균자본비용
7.74%~9.74%(8.74%)
삼성종합화학
100,051
현금흐름할인법
영구성장률
-1.00%~1.00%(0%)
가중평균자본비용
10.48%~12.48%(11.48%)
계속;
32. 재무위험관리, 계속 :
(4) Level 3에 해당하는 금융상품의 변동내역
(단위: 백만원)
기초잔액
288,170
218,384
매입
11,139
60,992
매도 등
(1,842)
(399)
당기손익으로 인식된 손익
(53,053)
-
기타포괄손익으로 인식된 손익
(29,272)
275
기타
(33,158)
8,918
기말잔액
181,984
288,170
계속;
32. 재무위험관리, 계속 :
(5) Level 3로 분류된 반복적인 공정가치 측정치의 민감도분석 금융상품의 민감도분석은 통계적 기법을 이용한 관측 불가능한 투입변수의 변동에 따른 금융상품의 가치 변동에 기초하여 유리한 변동과 불리한 변동으로 구분하여 이루어집니다. 그리고 공정가치가 두 개 이상의 투입변수에 영향을 받는 경우에는 가장 유리하거나 또는 가장 불리한 금액을 바탕으로 산출됩니다. 민감도 분석 대상인 Level 3으로 분류되는 각 상품별 투입변수의 변동에 따른
기타포괄손익효과(법인세효과 반영 전)에 대한
민감도분석 결과는 다음과 같습니다
.
(단
위 : 백만원)
매도가능금융자산 (*1)
-
6,127
-
(3,866)
(*1) 지분증권은 주요 관측불가능한 투입변수인 성장률(-1%~1%)과 할인율 사이의 상관관계를 증가 또는 감소시킴으로써 공정가치 변동을 산출하고 있습니다
.
계속;
32. 재무위험관리, 계속 : (6) 보고기간종료일 현재 공정가치로 측정되지는 않으나 공정가치가 공시되는 자산과 부채의 공정가치 서열체계에 따른 수준별 현황은 다음과 같습니다.
(단위: 백만원)
(1) 자 산
기타
4,784,332
-
4,761,870
-
4,761,870
(2) 부 채
사채
63,648
-
84,792
-
84,792
장기미지급금
2,305,055
-
2,390,956
-
2,390,956
(단위: 백만원)
(1) 자 산
기타
3,935,422
-
3,920,749
-
3,920,749
(2) 부 채
사채
66,079
-
84,815
-
84,815
장기미지급금
769,002
-
835,869
-
835,869
보고기간말 현재 공정가치로 측정되지는 않으나 공정가치가 공시되는 자산과 부채 중 공정가치 서열체계에 Level 2로 분류된 항목은 미래현금흐름을 적정이자율로 할인하는 현재가치법을 사용하고 있습니다.
33. 특수관계자와의 거래 가. 지배, 종속관계 보고기간종료일 현재 회사의 종속기업은 다음과 같습니다.
국내
하이파이오니어 사모특별자산투자신탁1호
신기술사업자, 벤처기업 투자
100.0
삼성디스플레이
디스플레이 제조 및 판매
84.8
에스유머티리얼스
디스플레이 부품 생산
50.0
스테코
반도체 부품생산
51.0
세메스
반도체/FPD제조장비
91.5
삼성전자서비스
전자제품 수리서비스
99.3
삼성전자판매
전자제품 판매
100.0
삼성전자로지텍
종합물류대행
100.0
삼성메디슨
의료기기
68.5
레이
Dental CT
68.1
SVIC 6호 신기술투자조합
신기술사업자, 벤처기업 투자
99.0
SVIC 14호 신기술투자조합
신기술사업자, 벤처기업 투자
99.0
SVIC 20호 신기술투자조합
신기술사업자, 벤처기업 투자
99.0
SVIC 21호 신기술투자조합
신기술사업자, 벤처기업 투자
99.0
SVIC 22호 신기술투자조합
신기술사업자, 벤처기업 투자
99.0
SVIC 23호 신기술투자조합
신기술사업자, 벤처기업 투자
99.0
SVIC 26호 신기술투자조합
신기술사업자, 벤처기업 투자
99.0
SVIC 27호 신기술투자조합
신기술사업자, 벤처기업 투자
99.0
(*) 종속기업 보유 지분율을 포함한 의결권 있는 주식 기준입니다.
계속;
33. 특수관계자와의 거래, 계속
미주
Samsung Electronics America(SEA)
전자제품 판매
100.0
NexusDX(Nexus)
의료기기
100.0
Samsung Receivables(SRC)
채권관리
100.0
NeuroLogica
의료기기
100.0
Samsung Semiconductor(SSI)
반도체/디스플레이 판매
100.0
Samsung Electronics Canada(SECA)
전자제품 판매
100.0
Samsung Research America(SRA)
R&D
100.0
Grandis
R&D
100.0
Samsung Mexicana(SAMEX)
전자제품 생산
100.0
Samsung International(SII)
TV/모니터 생산
100.0
Samsung Telecommunications America(STA)
통신제품 판매
100.0
Samsung Austin Semiconductor(SAS)
반도체 생산
100.0
Samsung Electronics Mexico(SEM)
전자제품 판매
99.9
SEMES America(SEMESA)
반도체 장비
100.0
Samsung Electronics Digital Ap
pliance Mexico(SEDAM)
전자제품 생산
99.9
Samsung Electronics Latinoamerica Miami(SEMI)
전자제품 판매
100.0
Nvelo
소프트웨어
100.0
Samsung Electronics Latinoamerica(SELA)
전자제품 판매
100.0
Samsung Electronics Venezuela(SEVEN)
마케팅 및 서비스
100.0
Samsung Electronica Colombia(SAMCOL)
전자제품 판매
100.0
Samsung Electronics Panama(SEPA)
컨설팅
100.0
Samsung Electronica da Amazonia(SEDA)
전자제품 생산 및 판매
100.0
Samsung Electronics Argentina(SEASA)
마케팅 및 서비스
100.0
Samsung Electronics Chile(SECH)
전자제품 판매
100.0
Samsung Electronics Peru(SEPR)
전자제품 판매
100.0
RT SV CO-INVEST(RT-SV)
벤처기업 투자
99.9
Quietside
에어컨공조 판매
100.0
SmartThings
스마트홈기기 판매
100.0
PrinterOn
프린팅솔루션 판매
100.0
PrinterOn America
프린팅솔루션 판매
100.0
(*) 종속기업 보유 지분율을 포함한 의결권 있는 주식 기준입니다.
계속;
33. 특수관계자와의 거래, 계속
유럽
Samsung Electronics (UK)(SEUK)
전자제품 판매
100.0
Samsung Electronics Holding(SEHG)
Holding Company
100.0
Samsung Semiconductor Europe GmbH(SSEG)
반도체/디스플레이 판매
100.0
Samsung Electronics GmbH(SEG)
전자제품 판매
100.0
Samsung Electronics Iberia(SESA)
전자제품 판매
100.0
Samsung Electronics France(SEF)
전자제품 판매
100.0
Samsung Electronics Hungarian(SEH)
전자제품 생산 및 판매
100.0
Samsung Electronics Czech and Slovak(SECZ)
전자제품 판매
100.0
Samsung Electronics Italia(SEI)
전자제품 판매
100.0
Samsung Electronics Europe Logistics(SELS)
물류
100.0
Samsung Electronics Benelux(SEBN)
전자제품 판매
100.0
Samsung Display Slovakia(SDSK)
디스플레이 임가공
100.0
Samsung Electronics Romania(SEROM)
전자제품 판매
100.0
Samsung Electronics Overseas(SEO)
전자제품 판매
100.0
Samsung Electronics Polska(SEPOL)
전자제품 판매
100.0
Samsung Electronics Portuguesa(SEP)
전자제품 판매
100.0
Samsung Electronics Nordic(SENA)
전자제품 판매
100.0
Samsung Semiconductor Europe(SSEL)
반도체/디스플레이 판매
100.0
Samsung Electronics Austria(SEAG)
전자제품 판매
100.0
Samsung Electronics Slovakia(SESK)
TV/모니터 생산
100.0
Samsung Electronics Europe Holding(SEEH)
Holding Company
100.0
Samsung Electronics Poland Manufacturing(SEPM)
가전제품 생산
100.0
Samsung Electronics Greece(SEGR)
전자제품 판매
100.0
Samsung Nanoradio Design Center(SNDC)
R&D
100.0
Nanoradio Hellas
R&D
100.0
(*) 종속기업 보유 지분율을 포함한 의결권 있는 주식 기준입니다. 계속;
33. 특수관계자와의 거래, 계속
유럽
SonoAce Deutschland(SMDE)
의료기기
100.0
Samsung Electronics Rus(SER)
마케팅
100.0
Samsung Electronics Rus Company(SERC)
전자제품 판매
100.0
Samsung Electronics Ukraine(SEU)
마케팅
100.0
Samsung Electronics Baltics(SEB)
전자제품 판매
100.0
Samsung Electronics Ukraine Company(SEUC)
전자제품 판매
100.0
Samsung R&D Institute Rus(SRR)
R&D
100.0
Samsung Electronics Kazakhstan(SEK)
마케팅
100.0
Samsung Electronics Central Eurasia(SECE)
전자제품 판매
100.0
Samsung Electronics Rus Kaluga(SERK)
TV 생산
100.0
Samsung Russia Service Centre(SRSC)
서비스
100.0
Samsung Electronics(London) Limited(SEL)
Holding Company
100.0
Samsung Denmark Research Center(SDRC)
R&D
100.0
Samsung France Research Center(SFRC)
R&D
100.0
Samsung Cambridge Solution Centre(SCSC)
R&D
100.0
Samsung Electronics Switzerland GmbH(SESG)
전자제품 판매
100.0
PrinterOn Europe
프린팅솔루션 판매
100.0
Samsung Electronics Caucasus(SECC)
마케팅
100.0
중동 및 아프리카
Samsung Electronics West Africa(SEWA)
마케팅
100.0
Samsung Electronics East Africa(SEEA)
마케팅
100.0
Samsung Gulf Electronics(SGE)
전자제품 판매
100.0
Samsung Electronics Egypt(SEEG)
전자제품 생산 및 판매
100.0
Samsung Electronics Israel(SEIL)
마케팅
100.0
Samsung Electronics Tunisia(SETN)
마케팅
100.0
Samsung Electronics Pakistan(SEPAK)
마케팅
100.0
Samsung Electronics South Africa(SSA)
전자제품 판매
100.0
Samsung Electronics Turkey(SETK)
전자제품 판매
100.0
Samsung Semiconductor Israel R&D Center(SIRC)
R&D
100.0
Samsung Electronics Levant(SELV)
전자제품 판매
100.0
Samsung Electronics Morocco(SEMRC)
전자제품 판매
100.0
Samsung Electronics South Africa Production(SSAP)
TV/모니터 생산
100.0
(*) 종속기업 보유 지분율을 포함한 의결권 있는 주식 기준입니다. 계속;
33. 특수관계자와의 거래, 계속
아시아 (중국제외)
Samsung Japan(SJC)
전자제품 판매
100.0
Samsung R&D Institute Japan(SRJ)
R&D
100.0
Samsung Electronics Japan(SEJ)
전자제품 판매
100.0
Samsung Electronics Display (M)(SDMA)
전자제품 생산 및 판매
100.0
Samsung Electronics (M)(SEMA)
가전제품 생산
100.0
Samsung Vina Electronics(SAVINA)
전자제품 생산 및 판매
100.0
Samsung Asia Private(SAPL)
전자제품 판매
100.0
Samsung India Electronics(SIEL)
전자제품 생산 및 판매
100.0
Samsung R&D Institute India-Bangalore(SRI-B)
R&D
100.0
Samsung Electronics Australia(SEAU)
전자제품 판매
100.0
Samsung Electronics Indonesia(SEIN)
전자제품 생산 및 판매
100.0
Samsung Telecommunications Indonesia(STIN)
통신시스템 판매 및 서비스
100.0
Thai Samsung Electronics(TSE)
전자제품 생산 및 판매
91.8
Samsung Electronics Philippines(SEPCO)
전자제품 판매
100.0
Samsung Malaysia Electronics(SME)
전자제품 판매
100.0
Samsung R&D Institute Bangladesh(SRBD)
R&D
100.0
Samsung Electronics Vietnam(SEV)
전자제품 생산
100.0
Samsung Telecommunications Malaysia(STM)
통신시스템 서비스
100.0
Samsung Electronics Vietnam THAINGUYEN(SE
V
T)
통신제품 생산
100.0
Samsung Medison India(SMIN)
의료기기
100.0
Samsung Electronics New Zealand(SENZ)
전자제품 판매
100.0
Samsung Display Bac Ninh(SDBN)
디스플레이 생산
100.0
(*) 종속기업 보유 지분율을 포함한 의결권 있는 주식 기준입니다. 계속;
33. 특수관계자와의 거래, 계속
중국
Samsung Display Dongguan(SDDG)
디스플레이 생산
100.0
Samsung Display Tianjin(SDTJ)
디스플레이 생산
95.0
Samsung Electronics Hong Kong(SEHK)
전자제품 판매
100.0
Suzhou Samsung Electronics(SSEC)
가전제품 생산
88.3
Samsung Suzhou Electronics Export(SSEC-E)
가전제품 생산
100.0
Samsung (China) Investment(SCIC)
전자제품 판매
100.0
Samsung Mobile R&D Center China-Guangzhou (SRC-Guangzhou)
R&D
100.0
Samsung Tianjin Mobile Development Center(STMC)
R&D
100.0
Samsung Network R&D Center China-Shenzhen (SRC-Shenzhen)
R&D
100.0
Samsung Electronics Suzhou Semiconductor(SESS)
반도체 임가공
100.0
Samsung Electronics (Shandong) Digital Printing(SSDP)
프린터 생산
100.0
Samsung Electronics Huizhou(SEHZ)
전자제품 생산
99.9
Tianjin Samsung Electronics(TSEC)
TV/모니터 생산
91.2
Samsung Electronics Taiwan(SET)
전자제품 판매
100.0
Beijing Samsung Telecom R&D Center(BST)
R&D
100.0
Tianjin Samsung Telecom Technology(TSTC)
통신제품 생산
90.0
Shanghai Samsung Semiconductor(SSS)
반도체/디스플레이 판매
100.0
Samsung Electronics Suzhou Computer(SESC)
전자제품 생산
100.0
Samsung Display Suzhou(SDSZ)
디스플레이 임가공
100.0
Samsung Suzhou LCD(SSL)
디스플레이 생산
60.0
Shenzhen Samsung Electronics Telecommunication(SSET)
통신제품 생산
95.0
Samsung Electronics Shanghai Telecommunication(SSTC)
통신 및 네트워크 제품 판매
100.0
Samsung Semiconductor (China) R&D(SSCR)
R&D
100.0
Samsung Electronics China R&D Center(SCRC)
R&D
100.0
Samsung (China) Semiconductor(SCS)
반도체 생산
100.0
Samsung Electronics Hainan Fiberoptics(SEHF)
광섬유/케이블 생산
100.0
Samsung Electronics (Beijing) Service(SBSC)
서비스
100.0
Samsung Medison Shanghai Medical Instrument(SMS1)
의료기기
100.0
Tianjin Samsung LED(TSLED)
LED 생산
100.0
Tianjin Samsung Opto-Electronics(TSOE)
카메라/캠코더 생산
90.0
Samsung R&D Institute China-Xian(SRC-Xian)
R&D
100.0
SEMES(Xian)
반도체 장비
100.0
(*) 종속기업 보유 지분율을 포함한 의결권 있는 주식 기준입니다.
계속;
33. 특수관계자와의 거래, 계속 :
나. 매출ㆍ매입 등 거래 내역
당기 및 전기 중 특수관계자와의 거래내역은 다음과 같습니다. (1) 당기
(단위: 백만원)
종속기업
삼성디스플레이
802,934
-
2,666,926
1,463
Samsung Electronics America(SEA)
12,625,057
-
8,170
-
Samsung (China) Investment(SCIC)
755,971
-
9,741
-
Samsung Semiconductor(SSI)
13,432,528
-
235,801
407
Samsung Electronics Europe Holding(SEEH)
1,722
-
-
-
Samsung (China) Semiconductor(SCS)
11,448
82,794
877,508
-
Samsung Electronics Vietnam(SEV)
2,107,558
3,382
12,310,566
1,183
Samsung Austin Semiconductor(SAS)
294
40,692
2,429,796
53,217
Samsung Telecommunications America(STA)
17,984,552
-
244,663
-
Samsung Electronics Huizhou(SEHZ)
1,402,115
-
11,856,829
1,361
Samsung Electronics Vietnam THAINGUYEN(SEVT)
926,470
3,086
4,587,605
-
Samsung Electronica da Amazonia(SEDA)
1,479,617
-
12,453
-
Samsung Asia Private(SAPL)
1,323,833
-
11,512
-
Samsung India Electronics(SIEL)
2,043,478
-
204,332
-
Shanghai Samsung Semiconductor(SSS)
6,810,676
-
-
-
Tianjin Samsung Telecom Technology(TSTC)
1,372,924
-
3,702,903
865
Samsung Electronics Slovakia(SESK)
457,253
1
4,176
-
Samsung Suzhou LCD(SSL)
8,220
-
-
-
Thai Samsung Electronics(TSE)
1,723,724
55
1,779,344
1,343
Samsung Electronics Europe Logistics(SELS)
4,220,655
-
7,944
-
Samsung Electronics Taiwan(SET)
2,994,614
-
1,180
-
Samsung Electronics Hungarian(SEH)
236,956
-
831
2
Samsung Electronics (UK)(SEUK)
1,588,985
-
73,317
-
Samsung Electronics Benelux(SEBN)
648,780
-
-
-
Samsung Electronics GmbH(SEG)
3,102,459
-
54,141
-
기타
42,663,263
13,113
23,147,234
9,372
종속기업 계
120,726,086
143,123
64,226,972
69,213
계속;
33. 특수관계자와의 거래, 계속 :
(단위: 백만원)
관계기업
삼성에스디에스
22,933
-
1,682,403
173,357
삼성전기
22,631
110
1,015,965
-
삼성테크윈
914
-
55,061
51,650
삼성카드
7,634
-
16,973
170,739
기타
246,097
10,433
221,964
655
관계기업 계
300,209
10,543
2,992,366
396,401
공동기업
삼성코닝정밀소재(*1)
143
-
-
-
Siltronic Samsung Wafer
-
-
153,610
-
기타
1,587
647
8,557
-
공동기업 계
1,730
647
162,167
-
그 밖의 특수관계자
제일모직(*2)
6,308
-
98,227
374,046
삼성SDI
35,911
324,246
496,217
345,835
기타
112,803
-
286,599
-
그 밖의 특수관계자 계
155,022
324,246
881,043
719,881
(*1) 회사의 종속기업인 삼성디스플레이는 삼성코닝정밀소재 지분 전량을 당기 중 처분하였습니다. (*2) 삼성에버랜드는 당기 중 사명을 제일모직으로 변경하였습니다.
33. 특수관계자와의 거래, 계속 : (2) 전기
(단위: 백만원)
종속기업
삼성디스플레이
652,082
8
4,361,957
2,502
Samsung Electronics America(SEA)
12,442,825
-
11,636
-
Samsung (China) Investment(SCIC)
1,027,846
-
10,446
-
Samsung Semiconductor(SSI)
12,978,267
-
147,989
-
Samsung Austin Semiconductor(SAS)
21,384
80,912
2,416,114
262,130
Samsung Electronics Europe Holding(SEEH)
2,185
-
-
-
Samsung Electronics Vietnam(SEV)
352,753
3,729
22,288,170
-
Samsung Telecommunications America(STA)
17,110,334
-
281,826
-
Samsung Electronics Huizhou(SEHZ)
1,059,420
2,708
12,589,375
-
Samsung (China) Semiconductor(SCS)
380
6,358
-
-
Samsung Electronica da Amazonia(SEDA)
1,783,270
-
30,593
-
Tianjin Samsung Telecom Technology(TSTC)
1,541,899
-
2,586,828
14
Samsung Asia Private(SAPL)
2,999,414
-
21,154
-
Samsung India Electronics(SIEL)
2,617,591
3,194
188,861
12
Samsung Electronics Europe Logistics(SELS)
6,442,298
-
5,604
-
Samsung Electronics Slovakia(SESK)
751,333
-
5,677
-
Samsung Electronics Mexico(SEM)
2,261,510
-
495,558
-
Thai Samsung Electronics(TSE)
1,993,744
-
1,756,113
-
Samsung Suzhou LCD(SSL)
8,891
-
-
-
Samsung Electronics Rus Company(SERC)
3,185,414
-
4,418
-
Samsung Electronics (UK)(SEUK)
3,922,079
-
70,839
-
Samsung Electronics Taiwan(SET)
2,489,683
-
1,416
-
Shanghai Samsung Semiconductor(SSS)
6,728,630
-
-
-
Samsung Electronics Benelux(SEBN)
1,647,636
-
-
-
Samsung Electronics Hungarian(SEH)
169,915
-
4,063
-
기타
55,142,168
28,279
24,289,893
16,096
종속기업 계
139,332,951
125,188
71,568,530
280,754
관계기업
삼성에스디에스
31,065
130,771
1,458,481
263,816
삼성전기
71,256
177
1,207,050
76
삼성에스엔에스(*)
9,182
-
137,163
2,397
삼성테크윈
2,781
-
71,706
46,962
삼성카드
22,091
-
14,690
-
기타
122,639
-
144,482
1,105
관계기업 계
259,014
130,948
3,033,572
314,356
(*) 삼성에스엔에스는
전기 중
삼성에스디에스에 흡수합병되었으며 상기 금액은 합병일 이전까지의 거래금액입니다.
33. 특수관계자와의 거래, 계속 :
(단위: 백만원)
공동기업
삼성코닝정밀소재
6,177
-
503
145,324
Siltronic Samsung Wafer
-
-
195,795
-
기타
-
-
122
-
공동기업 계
6,177
-
196,420
145,324
그 밖의 특수관계자
제일모직(*)
11,323
-
404,514
423,716
삼성SDI
35,978
-
252,716
1,118
기타
93,959
-
45,656
-
그 밖의 특수관계자 계
141,260
-
702,886
424,834
(*) 삼성에버랜드는 당기 중 사명을 제일모직으로 변경하였습니다. 계속;
33. 특수관계자와의 거래, 계속 : 다. 채권ㆍ채무잔액 당기말 및 전기말 현재 특수관계자에 대한 채권ㆍ채무잔액은 다음과 같습니다. (1) 당기
(단위: 백만원)
종속기업
삼성디스플레이
66,715
170,584
Samsung Electronics America(SEA)
2,048,116
83,574
Samsung (China) Investment(SCIC)
53,257
1,548
Samsung Semiconductor(SSI)
2,557,253
142,030
Samsung Electronics Europe Holding(SEEH)
3,988
-
Samsung (China) Semiconductor(SCS)
31,386
380,942
Samsung Electronics Vietnam(SEV)
315,779
233,287
Samsung Austin Semiconductor(SAS)
19,409
293,235
Samsung Telecommunications America(STA)
3,387,650
72,413
Samsung Electronics Huizhou(SEHZ)
164,206
780,154
Samsung Electronics Vietnam THAINGUYEN(SEVT)
363,275
150,136
Samsung Electronica da Amazonia(SEDA)
206,198
2,707
Samsung Asia Private(SAPL)
80,995
15,062
Samsung India Electronics(SIEL)
984,352
56,825
Shanghai Samsung Semiconductor(SSS)
1,261,644
686
계속;
33. 특수관계자와의 거래, 계속 :
(단위: 백만원)
종속기업
Tianjin Samsung Telecom Technology(TSTC)
135,261
362,123
Samsung Electronics Slovakia(SESK)
33,666
14
Samsung Suzhou LCD(SSL)
2,097
-
Thai Samsung Electronics(TSE)
113,326
101,890
Samsung Electronics Europe Logistics(SELS)
236,265
176
Samsung Electronics Taiwan(SET)
215,328
35,799
Samsung Electronics Hungarian(SEH)
28,830
22
Samsung Electronics (UK)(SEUK)
506,524
30,296
Samsung Electronics Benelux(SEBN)
47,032
657
Samsung Electronics GmbH(SEG)
122,230
8,119
기타
6,186,880
2,031,464
종속기업 계(*1)
19,171,662
4,953,743
관계기업
삼성에스디에스
2,479
319,291
삼성전기
1,412
145,922
삼성테크윈
59
13,260
삼성카드
2,687
783,887
기타
41,850
50,117
관계기업 계
48,487
1,312,477
공동기업
Siltronic Samsung Wafer
19,143
11,445
기타
184
812
공동기업 계
19,327
12,257
그 밖의 특수관계자
제일모직(*2)
164,962
201,693
삼성SDI
3,674
56,071
기타
14,139
25,659
그 밖의 특수관계자 계
182,775
283,423
(*1) 상기의 종속기업 채권금액에 대하여 대손충당금 191,717백만원을 계상하고 있으며, 당기에 인식된 대손상각비는 15,795백만원입니다. (*2) 삼성에버랜드는 당기 중 사명을 제일모직으로 변경하였습니다.
33. 특수관계자와의 거래, 계속 : (2) 전기
(단위: 백만원)
종속기업
삼성디스플레이
55,745
140,321
Samsung Electronics America(SEA)
2,539,420
137,137
Samsung (China) Investment(SCIC)
71,822
3,259
Samsung Semiconductor(SSI)
1,524,506
62,882
Samsung Austin Semiconductor(SAS)
4,485
250,326
Samsung Electronics Europe Holding(SEEH)
2,130
-
Samsung Electronics Vietnam(SEV)
194,333
648,521
Samsung Telecommunications America(STA)
2,810,056
51,193
Samsung Electronics Huizhou(SEHZ)
340,334
1,619,890
Samsung (China) Semiconductor(SCS)
16,686
-
Samsung Electronica da Amazonia(SEDA)
222,887
3,675
Tianjin Samsung Telecom Technology(TSTC)
371,178
262,534
Samsung Asia Private(SAPL)
226,480
16,659
Samsung India Electronics(SIEL)
310,297
44,083
Samsung Electronics Europe Logistics(SELS)
710,373
282
Samsung Electronics Slovakia(SESK)
41,688
70
Samsung Electronics Mexico(SEM)
576,084
1,410
Thai Samsung Electronics(TSE)
131,876
88,422
Samsung Suzhou LCD(SSL)
7,047
-
Samsung Electronics Rus Company(SERC)
317,344
2,443
Samsung Electronics (UK)(SEUK)
134,578
32,031
Samsung Electronics Taiwan(SET)
177,115
21,611
Shanghai Samsung Semiconductor(SSS)
524,896
240
Samsung Electronics Benelux(SEBN)
105,731
1,151
Samsung Electronics Hungarian(SEH)
9,605
36
기타
6,165,516
2,497,990
종속기업 계(*1)
17,592,212
5,886,166
33. 특수관계자와의 거래, 계속 :
(단위: 백만원)
관계기업
삼성에스디에스
10,610
424,323
삼성전기
5,861
89,873
삼성테크윈
271
37,757
삼성카드
4,543
418,104
기타
32,895
40,456
관계기업 계
54,180
1,010,513
공동기업
삼성코닝정밀소재
2,790
884
Siltronic Samsung Wafer
-
1,454
기타
-
16
공동기업 계
2,790
2,354
그 밖의 특수관계자
제일모직(*2)
166,834
269,999
삼성SDI
4,735
19,747
기타
22,455
17,165
그 밖의 특수관계자 계
194,024
306,911
(*1) 상기의 종속기업 채권금액에 대하여 대손충당금 175,922백만원을 계상하고 있으며,
전기에
인식된 대손상각비는 19,406백만원입니다. (*2) 삼성에버랜드는 당기 중 사명을 제일모직으로 변경하였습니다. 계속;
33. 특수관계자와의 거래, 계속 : 라. 주요 경영진에 대한 보상
당기 및 전기 중 회사가 주요 경영진(등기임원)에 대한 보상을 위해 비용으로 반영한 금액은 다음과 같습니다.
(단위: 백만원)
단기급여
26,969
23,906
퇴직급여
973
763
기타 장기급여
7,137
7,402
마. 회사는 보고기간종료일 현재 특수관계자의 채무에 대하여 채무보증을 제공하고 있습니다(
주석 19
참조).
34. 매각예정분류(처분자산집단)
가. 주요 사항 (1) 광소재 사업 매각 당기중 회사의 경영진은 광소재 사업을 매각하기로 결정하였으며, 이로 인하여 해당 사업과 관련된 자산 및 부채는 매각예정으로 표시되었습니다. 해당 사업은 주요 사업계열이 아니므로 관련 손익은 중단영업으로 표시되지 않았습니다. 해당 계약은 2014년 12월 2일 체결되었으며, 2015년 3월 이내 완료될 것으로 예상됩니다. (2) 삼성테크윈 매각 당기중 회사의 경영진은 보유중인 삼성테크윈주식회사 지분 전부를 주식회사 한화에 매각하기로 결정하였습니다. 2014년 11월 26일 계약이 체결되었으며, 이후 실사를 거쳐 2015년 6월 이내 진행 예정입니다. (3) 삼성종합화학 매각 당기중 회사의 경영진은 보유중인 삼성종합화학주식회사 지분 전부를 한화케미칼주식회사 및 한화에너지주식회사에 매각하기로 결정하였습니다. 2014년 11월 26일 계약이 체결되었으며, 이후 실사를 거쳐 2015년 6월 이내 진행 예정입니다. 계속;
34. 매각예정분류(처분자산집단), 계속: 나. 매각예정으로 분류한 자산 및 부채의 내역
(단위:백만원)
매각예정분류자산
매출채권
49,192
재고자산
5,928
기타유동자산
1,578
유형자산
15,150
투자자산
389,558
기타비유동자산
277
계
461,683
매각예정분류부채
유동부채
17,740
비유동부채
2,519
계
20,259
매각예정분류로 인하여 인식한 손상차손 금액은 31,219백만원입니다. 다. 매각예정으로 분류한 기타자본항목의 내역
(단위:백만원)
매도가능금융자산평가이익
24,750
계
24,750
35. 보고기간 후 사건 가. 회사의 종속기업 Samsung Electronics America(SEA)는 2015년 1월 1일자로 종속기업 Samsung Telecommunications America(STA)를 흡수합병하였습니다. 동 합병은 동일 지배력 하의 종속기업간 합병으로 연결재무제표상 장부금액을 승계하여 회계처리하였으며, 추가적으로 인식된 영업권은 없습니다. 나. 삼성자동차의 채권금융기관들이 2005년 12월에 회사를 포함한 28개 삼성계열사에 대하여 1999년 9월에 체결된 합의서를 근거로 2조 4,500억원과 위약금 등의 지급을 청구하는 소송을 제기하였으며, 2015년 1월 29일 대법원이 삼성계열사가 위약금 6,000억원과 지연손해금 연 6%를 지급할 의무가 있다고 판결함으로써 위 소송은 종결되었습니다(항소심 대비 위약금 액수 동일, 지연손해금 연 1%P 증액). 위약금과 지연손해금 합계 6,204억원은 2011년 1월 서울고등법원의 항소심 판결 선고 직후 지급되었으며, 이번 대법원 판결로 증액된 지연손해금은 약 40억원 정도입니다.
내부회계관리제도 검토의견
내부회계관리제도 검토의견
삼성전자주식회사 내부회계관리제도 검토보고서는 삼성전자주식회사의 2014년 12월 31일자로 종료되는 회계연도의 재무제표에 대한 감사업무를 수행하고 회사의 내부회계관리제도를 검토한 결과 주식회사의외부감사에관한법률 제2조의3에 따라 첨부하는 것입니다. 첨부 : 1. 독립된 감사인의 내부회계관리제도 검토보고서 2. 회사의 내부회계관리제도 운영실태 평가보고서
독립된 감사인의 내부회계관리제도 검토보고서 =========================================
삼성전자주식회사
대표이사 귀하 2015년
2월 24일
우리는 첨부된 삼성전자주식회사의 2014년 12월 31일 현재의 내부회계관리제도의 운영실태평가보고서에 대하여 검토를 실시하였습니다. 내부회계관리제도를 설계, 운영하고 그에 대한 운영실태평가보고서를 작성할 책임은 삼성전자주식회사(이하""회사"")의 경영자에게 있으며, 우리의 책임은 동 보고내용에 대하여 검토를 실시하고 검토결과를 보고하는데 있습니다. 회사의 경영자는 첨부된 내부회계관리제도 운영실태평가보고서에서 ""2014년 12월 31일 현재 내부회계관리제도 운영실태 평가결과, 2014년 12월 31일 현재 당사의 내부회계관리제도는 내부회계관리제도 모범규준에 근거하여 볼 때, 중요성의 관점에서 효과적으로 설계되어 운영되고 있다고 판단된다""고 기술하고 있습니다. 우리는 내부회계관리제도 검토기준에 따라 검토를 실시하였습니다. 이 기준은 우리가 중요성의 관점에서 경영자가 제시한 내부회계관리제도의 운영실태평가보고서에 대하여 회계감사보다는 낮은 수준의 확신을 얻을 수 있도록 검토절차를 계획하고 실시할 것을 요구하고 있습니다. 검토는 회사의 내부회계관리제도를 이해하고 경영자의 내부회계관리제도의 운영실태보고내용에 대한 질문 및 필요하다고 판단되는 경우 제한적 범위 내에서 관련 문서의 확인 등의 절차를 포함하고 있습니다. 회사의 내부회계관리제도는 신뢰할 수 있는 회계정보의 작성 및 공시를 위하여 한국채택국제회계기준에 따라 작성한 재무제표의 신뢰성에 대한 합리적인 확신을 줄 수 있도록 제정한 내부회계관리규정과 이를 관리ㆍ운영하는 조직을 의미합니다. 그러나 내부회계관리제도는 내부회계관리제도의 본질적인 한계로 인하여 재무제표에 대한 중요한 왜곡표시를 적발하거나 예방하지 못할 수 있습니다. 또한, 내부회계관리제도의 운영실태보고 내용을 기초로 미래기간의 내용을 추정시에는 상황의 변화 혹은 절차나 정책이 준수되지 않음으로써 내부회계관리제도가 부적절하게 되어 미래기간에 대한 평가 및 추정내용이 달라질 위험에 처할 수 있다는 점을 고려하여야 합니다.
경영자의 내부회계관리제도 운영실태평가보고서에 대한 우리의 검토결과, 상기 경영자의 운영실태보고 내용이 중요성의 관점에서 내부회계관리제도 모범규준의 규정에 따라 작성되지 않았다고 판단하게 하는 점이 발견되지 아니하였습니다. 우리의 검토는 2014년 12월 31일 현재의 내부회계관리제도를 대상으로 하였으며 2014년 12월 31일 이후의 내부회계관리제도는 검토하지 않았습니다. 본 검토보고서는 주식회사 외부감사에 관한 법률에 근거하여 작성된 것으로서 기타 다른 목적이나 다른 이용자를 위하여는 적절하지 않을 수 있습니다. 삼 일 회 계 법 인 대 표 이 사 안 경 태
회사의 내부회계관리제도 운영실태 평가보고서 ========================================
삼성전자주식회사
150129 제46기 내부회계관리제도 운영실태 보고(서명본).jpg
150129 제46기 내부회계관리제도 운영실태 보고(서명본)
150129 제46기 내부회계관리제도 운영실태 보고(서명본)
외부감사 실시내용
외부감사 실시내용
「주식회사의 외부감사에 관한 법률」제7조의2의 규정에 의하여 외부감사 실시내용을 첨부합니다.
1. 감사대상업무
회 사 명
삼성전자주식회사
감사대상 사업연도
2014.01.01
부터
2014.12.31
까지
2. 감사참여자 구분별 인원수 및 감사시간
(단위 : 명, 시간)
감사참여자 ＼ 인원수 및 시간
품질관리 검토자 (심리실 등)
감사업무 담당 회계사
전산감사ㆍ 세무ㆍ 가치평가 등 전문가
합계
담당이사 (업무수행이사)
등록 공인회계사
수습 공인회계사
투입 인원수
7
1
59
7
36
110
투입시간
분ㆍ반기검토
73
276
17,929
1,490
4,674
24,442
감사
76
166
13,144
1,011
4,572
18,969
합계
149
442
31,073
2,501
9,246
43,411
3. 주요 감사실시내용
구 분
내 역
전반감사계획 (감사착수단계)
수행시기
2014.5.19 ~ 6.5 2014.8.18 ~ 9.5
29
일
주요내용
감사위험 평가 및 감사절차의 성격, 시기, 범위 결정
현장감사 주요내용
수행시기
투입인원
주요 감사업무 수행내용
상주
비상주
2014.8.25 ~ 10.8
30
일
20
명
7
명
시스템 및 내부통제감사
2014.12.1 ~ 12.23
17
일
34
명
11
명
조기입증 감사
2015.1.5 ~ 1.28
18
일
35
명
7
명
조회확인 등 입증절차 업데이트
2015.1.29 ~ 2.24
16
일
20
명
9
명
재무제표검증 및 감사종결절차 수행
재고자산실사(입회)
실사(입회)시기
2014.11.28 / 12.1
2
일
실사(입회)장소
수원, 기흥, 구미, 광주 사업장 등
실사(입회)대상
원재료, 재공품, 제품 등
금융자산실사(입회)
실사(입회)시기
2015.1.5 / 1.6
2
일
실사(입회)장소
서초, 기흥 사업장
실사(입회)대상
현금, 유가증권 등
외부조회
금융거래조회
O
채권채무조회
O
변호사조회
O
기타조회
타처보관재고자산조회 등
지배기구와의 커뮤니케이션
커뮤니케이션 횟수
4
회
수행시기
2014.4.24 / 7.30 / 10.29 / 2015.1.28",72008,/Users/june_kim/samsung_audit_nlp/data/raw/감사보고서_2014.htm,2026-03-31T07:17:31.789725+00:00
8,2015,감사의견,"우리의 의견으로는 회사의 재무제표는 삼성전자주식회사의 2015년 12월 31일과 2014년 12월 31일 현재의 재무상태, 동일로 종료되는 양 보고기간의 재무성과 및 현금흐름을 한국채택국제회계기준에 따라 중요성의 관점에서 공정하게 표시하고 있습니다.
우리의 의견으로는 회사의 재무제표는 삼성전자주식회사의 2015년 12월 31일과 2014년 12월 31일 현재의 재무상태, 동일로 종료되는 양 보고기간의 재무성과 및 현금흐름을 한국채택국제회계기준에 따라 중요성의 관점에서 공정하게 표시하고 있습니다.",279,/Users/june_kim/samsung_audit_nlp/data/raw/감사보고서_2015.htm,2026-03-31T07:17:32.016402+00:00
9,2015,감사의견근거,"우리의 책임은 우리가 수행한 감사를 근거로 해당 재무제표에 대하여 의견을 표명하는데 있습니다. 우리는 대한민국의 회계감사기준에 따라 감사를 수행하였습니다. 이 기준은 우리가 윤리적 요구사항을 준수하며 재무제표에 중요한 왜곡표시가 없는지에대한 합리적인 확신을 얻도록 감사를 계획하고 수행할 것을 요구하고 있습니다. 감사는 재무제표의 금액과 공시에 대한 감사증거를 입수하기 위한 절차의 수행을 포함합니다. 절차의 선택은 부정이나 오류로 인한 재무제표의 중요한 왜곡표시위험에 대한 평가 등 감사인의 판단에 따라 달라집니다. 감사인은 이러한 위험을 평가할 때, 상황에 적합한 감사절차를 설계하기 위하여 기업의 재무제표 작성 및 공정한 표시와관련된 내부통제를 고려합니다. 그러나 이는 내부통제의 효과성에 대한 의견을 표명하기 위한 것이 아닙니다. 감사는 또한 재무제표의 전반적 표시에 대한 평가뿐 아니라, 재무제표를 작성하기 위하여 경영진이 적용한 회계정책의 적합성과 경영진이 도출한 회계추정치의 합리성에 대한 평가를 포함합니다.
우리가 입수한 감사증거가 감사의견을 위한 근거로서 충분하고 적합하다고 우리는 믿습니다.",564,/Users/june_kim/samsung_audit_nlp/data/raw/감사보고서_2015.htm,2026-03-31T07:17:32.016402+00:00
10,2015,핵심감사사항,,0,/Users/june_kim/samsung_audit_nlp/data/raw/감사보고서_2015.htm,2026-03-31T07:17:32.016402+00:00
11,2015,재무상태표,"제 47 기 : 2015년 12월 31일 현재
제 46 기 : 2014년 12월 31일 현재
삼성전자주식회사
(단위 : 백만원)
자 산
Ⅰ. 유 동 자 산
67,002,055
62,054,773
1. 현금및현금성자산
4, 6, 7
3,062,960
1,643,318
2. 단기금융상품
5, 6, 7
27,763,589
26,454,093
3. 단기매도가능금융자산
6, 9
3,021,210
2,137,533
4. 매출채권
6, 7, 10
20,251,464
18,940,786
5. 미수금
6, 10
2,314,823
3,218,973
6. 선급금
1,105,216
977,114
7. 선급비용
1,980,305
1,846,360
8. 재고자산
11
6,578,112
5,553,834
9. 기타유동자산
847,303
821,079
10. 매각예정분류자산
34
77,073
461,683
Ⅱ. 비 유 동 자 산
101,967,575
102,005,810
1. 장기매도가능금융자산
6, 9
3,205,283
7,106,234
2. 종속기업, 관계기업 및 공동기업 투자
12
44,107,398
41,857,431
3. 유형자산
13
45,148,629
43,744,259
4. 무형자산
14
3,407,229
3,051,564
5. 장기선급비용
3,845,119
4,415,935
6. 순확정급여자산
17
56,174
135,951
7. 이연법인세자산
29
865,903
-
8. 기타비유동자산
1,331,840
1,694,436
자 산 총 계
168,969,630
164,060,583
부 채
Ⅰ. 유 동 부 채
29,630,488
28,208,638
1. 매입채무
6
3,887,983
4,677,527
2. 단기차입금
6, 8, 15
7,127,527
2,928,182
3. 미지급금
6
5,952,236
6,460,166
4. 선수금
160,990
139,803
5. 예수금
341,806
596,164
6. 미지급비용
6,126,350
7,413,148
7. 미지급법인세
1,802,344
1,707,176
8. 유동성장기부채
6, 16
5,666
5,304
9. 충당부채
18
4,207,745
4,246,054
10. 기타유동부채
17,841
14,855
11. 매각예정분류부채
34
-
20,259
Ⅱ. 비 유 동 부 채
2,910,887
3,174,870
1. 사채
6, 16
62,326
63,648
2. 장기미지급금
6
2,387,934
2,305,055
3. 이연법인세부채
29
-
364,366
4. 장기충당부채
18
457,290
437,974
5. 기타비유동부채
3,337
3,827
부 채 총 계
32,541,375
31,383,508
자 본
Ⅰ. 자본금
20
897,514
897,514
1. 우선주자본금
119,467
119,467
2. 보통주자본금
778,047
778,047
Ⅱ. 주식발행초과금
4,403,893
4,403,893
Ⅲ. 이익잉여금
21
143,629,177
134,464,189
Ⅳ. 기타자본항목
23
(12,526,126)
(7,113,271)
Ⅴ. 매각예정분류기타자본항목
34
23,797
24,750
자 본 총 계
136,428,255
132,677,075
부채와자본총계
168,969,630
164,060,583
별첨 주석은 본 재무제표의 일부입니다.",1628,/Users/june_kim/samsung_audit_nlp/data/raw/감사보고서_2015.htm,2026-03-31T07:17:32.016402+00:00
12,2015,포괄손익,"제 47 기 : 2015년 1월 1일부터 2015년 12월 31일까지
제 46 기 : 2014년 1월 1일부터 2014년 12월 31일까지
삼성전자주식회사
(단위 : 백만원)
Ⅰ. 매 출 액
135,205,045
137,825,547
Ⅱ. 매 출 원 가
25
99,659,336
99,188,713
Ⅲ. 매 출 총 이 익
35,545,709
38,636,834
판매비와관리비
25, 26
22,147,494
24,711,840
Ⅳ. 영 업 이 익
13,398,215
13,924,994
기 타 수 익
27
1,543,190
3,507,303
기 타 비 용
27
792,058
706,929
금 융 수 익
28
4,917,385
4,289,118
금 융 비 용
28
4,714,115
3,733,845
Ⅴ. 법인세비용차감전순이익
14,352,617
17,280,641
법 인 세 비 용
29
2,114,148
2,688,860
Ⅵ. 당 기 순 이 익
12,238,469
14,591,781
Ⅶ. 주 당 이 익
30
기본주당이익(단위:원)
82,682
96,784
희석주당이익(단위:원)
82,680
96,779
별첨 주석은 본 재무제표의 일부입니다.
포 괄 손 익 계 산 서
제 47 기 : 2015년 1월 1일부터 2015년 12월 31일까지
제 46 기 : 2014년 1월 1일부터 2014년 12월 31일까지
삼성전자주식회사
(단위 : 백만원)
Ⅰ. 당기순이익
12,238,469
14,591,781
Ⅱ. 기타포괄손익
(401,296)
(1,026,468)
후속적으로 당기손익으로 재분류되지 않는 포괄손익
225,048
(572,373)
1. 순확정급여자산 재측정요소
17, 23
225,048
(572,373)
후속적으로 당기손익으로 재분류되는 포괄손익
(626,344)
(454,095)
1. 매도가능금융자산평가손익
9, 23
(626,344)
(454,095)
Ⅲ. 총포괄이익
11,837,173
13,565,313
별첨 주석은 본 재무제표의 일부입니다.
자 본 변 동 표
제 47 기 : 2015년 1월 1일부터 2015년 12월 31일까지
제 46 기 : 2014년 1월 1일부터 2014년 12월 31일까지
삼성전자주식회사
(단위 : 백만원)
2014.1.1 (전기초)
897,514
4,403,893
122,029,419
(4,960,059)
-
122,370,767
Ⅰ. 총포괄손익
1. 당기순이익
-
-
14,591,781
-
-
14,591,781
2. 매도가능금융자산평가
9, 23
-
-
-
(454,095)
-
(454,095)
3. 순확정급여자산 재측정요소
17, 23
-
-
-
(572,373)
-
(572,373)
4. 매각예정분류
-
-
-
(24,750)
24,750
-
Ⅱ. 자본에 직접 인식된 주주와의 거래
1. 배당
21, 22
-
-
(2,157,011)
-
-
(2,157,011)
2. 자기주식의 취득
23, 24
-
-
-
(1,125,322)
-
(1,125,322)
3. 자기주식의 처분
23, 24
-
-
-
32,764
-
32,764
4. 주식선택권
23, 24
-
-
-
(9,436)
-
(9,436)
2014.12.31 (전기말)
897,514
4,403,893
134,464,189
(7,113,271)
24,750
132,677,075
2015.1.1 (당기초)
897,514
4,403,893
134,464,189
(7,113,271)
24,750
132,677,075
Ⅰ. 총포괄손익
1. 당기순이익
-
-
12,238,469
-
-
12,238,469
2. 매도가능금융자산평가
9, 23
-
-
-
(601,594)
(24,750)
(626,344)
3. 순확정급여자산 재측정요소
17, 23
-
-
-
225,048
-
225,048
4. 매각예정분류
-
-
-
(23,797)
23,797
-
Ⅱ. 자본에 직접 인식된 주주와의 거래
1. 배당
21, 22
-
-
(3,073,481)
-
-
(3,073,481)
2. 자기주식의 취득
23, 24
-
-
-
(5,015,112)
-
(5,015,112)
3. 자기주식의 처분
23, 24
-
-
-
3,406
-
3,406
4. 주식선택권
23, 24
-
-
-
(806)
-
(806)
2015.12.31 (당기말)
897,514
4,403,893
143,629,177
(12,526,126)
23,797
136,428,255
별첨 주석은 본 재무제표의 일부입니다.",2180,/Users/june_kim/samsung_audit_nlp/data/raw/감사보고서_2015.htm,2026-03-31T07:17:32.016402+00:00
13,2015,현금흐름,"제 47 기 : 2015년 1월 1일부터 2015년 12월 31일까지
제 46 기 : 2014년 1월 1일부터 2014년 12월 31일까지
삼성전자주식회사
(단위 : 백만원)
Ⅰ. 영업활동 현금흐름
19,287,521
18,653,817
1. 영업에서 창출된 현금흐름
19,756,969
20,854,601
가. 당기순이익
12,238,469
14,591,781
나. 조정
31
13,087,462
10,894,724
다. 영업활동으로 인한 자산부채의 변동
31
(5,568,962)
(4,631,904)
2. 이자의 수취
890,456
854,946
3. 이자의 지급
(153,195)
(91,827)
4. 배당금 수입
1,914,856
1,505,107
5. 법인세 납부액
(3,121,565)
(4,469,010)
Ⅱ. 투자활동 현금흐름
(14,003,962)
(15,951,220)
1. 단기금융상품의 순(증가)감소
(2,309,495)
2,709,251
2. 단기매도가능금융자산의 처분
2,143,384
1,954,156
3. 단기매도가능금융자산의 취득
-
(1,518,343)
4. 장기금융상품의 처분
1,700,000
-
5. 장기금융상품의 취득
-
(2,400,000)
6. 장기매도가능금융자산의 처분
78,885
18,729
7. 장기매도가능금융자산의 취득
(17,303)
(3,673,800)
8. 종속기업, 관계기업 및 공동기업 투자의 처분
311,310
21,411
9. 종속기업, 관계기업 및 공동기업 투자의 취득
(2,334,935)
(1,236,303)
10. 유형자산의 처분
473,836
195,588
11. 유형자산의 취득
(12,887,965)
(10,867,797)
12. 무형자산의 처분
990
5,176
13. 무형자산의 취득
(1,365,674)
(1,254,109)
14. 현금의 기타유입
203,005
94,821
Ⅲ. 재무활동 현금흐름
(3,854,887)
(3,089,586)
1. 단기차입금의 순증가
4,236,095
170,576
2. 자기주식의 취득
(5,015,112)
(1,125,322)
3. 자기주식의 처분
3,034
27,582
4. 사채의 상환
(5,496)
(5,274)
5. 배당금의 지급
(3,073,408)
(2,157,148)
Ⅳ. 외화환산으로 인한 현금의 변동
(9,030)
-
Ⅴ. 현금및현금성자산의 증가(감소) (Ⅰ+Ⅱ+Ⅲ)
1,419,642
(386,989)
Ⅵ. 기초의 현금및현금성자산
1,643,318
2,030,307
Ⅶ. 기말의 현금및현금성자산
3,062,960
1,643,318
별첨 주석은 본 재무제표의 일부입니다.",1291,/Users/june_kim/samsung_audit_nlp/data/raw/감사보고서_2015.htm,2026-03-31T07:17:32.016402+00:00
14,2015,주석,"주석
제 47 기 : 2015년 12월 31일 현재
제 46 기 : 2014년 12월 31일 현재
삼성전자주식회사
1. 일반적 사항
:
삼성전자주식회사(이하 ""회사"")는 1969년 대한민국에서 설립되어 1975년에 대한민국의 증권거래소에 상장하였습니다. 회사의 사업은 CE부문, IM부문, DS부문으로 구성되어 있습니다. CE(Consumer Electronics) 부문은 디지털 TV, 모니터, 프린터, 에어컨 및 냉장고 등의 사업으로 구성되어 있고, IM(Information technology & Mobilecommunications) 부문은 휴대폰, 통신시스템, 컴퓨터 등의 사업으로 구성되어 있으며, DS(Device Solutions) 부문은 메모리 반도체, 시스템 LSI 등의 반도체 사업으로 구성되어 있습니다. 회사의 본점 소재지는 경기도 수원시입니다.
2. 중요한 회계처리방침 :
다음은 재무제표의 작성에 적용된 주요한 회계정책입니다. 이러한 정책은 별도의 언급이 없다면, 표시된 회계기간에 계속적으로 적용됩니다.
2.1 재무제표 작성기준
이 재무제표는 한국채택국제회계기준에 따라 작성되었으며, 기업회계기준서 제1027호 '별도재무제표'에 따른 별도재무제표입니다. 한국채택국제회계기준은 국제회계기준위원회(""IASB"")가 발표한 기준서와 해석서 중 대한민국이 채택한 내용을 의미합니다.
2. 중요한 회계처리방침, 계속 : 한국채택국제회계기준은 재무제표 작성시 중요한 회계추정의 사용을 허용하고 있으며, 회계정책을 적용함에 있어 경영진의 판단을 요구하고 있습니다. 보다 복잡하고 높은 수준의 판단이 요구되는 부분이나 중요한 가정 및 추정이 요구되는 부분은 주석3에서 설명하고 있습니다.
2.2 회계정책과 공시의 변경
가. 회사가 채택한 제ㆍ개정 기준서
회사는 2015년 1월 1일로 개시하는 회계기간부터 다음의 제ㆍ개정 기준서를 신규로 적용하였습니다.
-
기업회계기준서 제1019호 '종업원급여' 개정 기업회계기준서 제1019호 '종업원급여' 개정에 따라 확정급여형 퇴직급여제도를 운영하는 회사가 종업원 또는 제3자로부터 기여금을 납입받는 경우에 실무적 간편법에따른 회계처리가 허용됩니다. 기업회계기준서 제1019호의 채택으로 인하여 재무제표에 미치는 유의적인 영향은 없습니다.
나. 회사가 적용하지 않은 제ㆍ개정 기준서
2015년 1월 1일 이후 시작하는 회계연도에 시행일이 도래하지 아니하였고, 회사가 조기 적용하지 아니한 제ㆍ개정 기준서는 다음과 같습니다.
2. 중요한 회계처리방침, 계속 :
- 기업회계기준서 제1001호 '재무제표 표시' 개정
중요성에 따라 공시항목의 생략, 추가, 통합이 가능함을 명확히 하였습니다. 지분법을 적용하는 관계ㆍ공동기업의 기타포괄손익
에 대한 지분을 후속적으로 당기손익으로 재분류되는 항목과 후속적으로 재분류되지 않는 항목으로 분리하여 표시함을 명확히 하였습니다. 기타 주석공시 순서 등에 대한 일부 규정을 추가하였습니다. 동 개정내용은 2016년 1월 1일 이후에 개시하는 회계연도부터 적용될 예정이며, 조기적용이 허용됩니다.
- 기업회계기준서 제1027호 '별도재무제표' 개정 기업회계기준서 제1027호 '별도재무제표' 개정에 따라 종속기업, 공동기업 및 관계기업에 대한 투자자산은 범주별로 원가법, 기업회계기준서 제1039호에 따른 방법, 또는 기업회계기준서 제1028호에서 규정하는 지분법 중 하나를 선택하여 회계처리 할 수 있습니다. 동 개정내용은 2016년 1월 1일 이후에 개시하는 회계연도부터 적용될 예정입니다.
- 기업회계기준서 제1109호 '금융상품' 제정
2015년 12월 공표된 금융상품에 대한 새로운 기준은 금융상품의 인식과 측정을 규정한 기준서 제1039호를 대체합니다.
기업회계기준서 제1109호 '금융상품' 은 금융상품의 분류와 측정을 사업모형과 상품의 현금흐름 특성에 근거하여 상각후원가, 기타포괄손익-공정가치, 당기손익-공정가치로 측정되도록 분류할 것을 규정하고 해당 분류에 따른 손익인식 방법을 규정하고 있습니다. 또한 손상모형은 기대신용손실과 그 변동을 인식하도록 변경되었습니다. 한편 위험회피회계에 대해서는 기업들의 위험관리와 일관되도록 부분적인 개정이 반영되었습니다. 새로운 기준서는 2018년 1월 1일 이후 최초로 시작되는 회계연도부터 적용되고 조기 적용이 허용되며 당기손익-공정가치로 지정한 금융부채의 손익에 대한 요구사항에 대한 부분적 조기적용도 허용됩니다. 회사는 제정 기준서 적용에 따른 영향을 파악하고 있습니다.
2. 중요한 회계처리방침, 계속 : - 기업회계기준서 제1115호 '고객과의 계약에서 생기는 수익' 제정
2015년 12월 공표한 수익인식에 대한 새로운 기준은 재화와 용역에 대한 수익인식 기준서 제1018호와 건설계약 수익인식 기준서 제1011호 및 관련 해석서를 대체합니다. 기업회계기준서 제1115호 '고객과의 계약에서 생기는 수익'은 현행 수익인식 기준의위험과 보상 이전 모형을 대체하여 고객에게 재화나 용역에 대한 통제가 이전될 때 수익을 인식한다는 원칙에 기초하여 5단계의 과정을 적용하여 수익을 인식하도록 요구합니다. 현행 수익인식 기준과 주요한 차이는 재화나 용역이 묶음으로 제공될 때 구분되는 수행의무 별로 수익인식기준을 적용하도록 하고 변동대가 인식에 대한 제약을 규정하고 있으며, 수익을 일정 기간에 걸쳐 인식하기 위한 조건과 증가된 공시사항 등이 포함되었습니다. 새로운 기준서는 2018년 1월 1일 이후 최초로 시작되는 회계연도부터 적용되고 조기 적용이 허용됩니다. 회사는 제정 기준서 적용에 따른 영향을 파악하고 있습니다.
2.3 종속기업, 관계기업 및 공동기업 기업회계기준서 제1110호 '연결재무제표'에 의한 지배회사인 회사는 삼성디스플레이 및 Samsung Electronics America 등
159
개의
종속기업과 삼성전기 등
32
개의
관계기업 및 공동기업에 투자하고 있습니다. 회사는 별도재무제표에서 종속기업, 관계기업 및 공동기업에 대한 투자를 기업회계기준서 제1027호 ""별도재무제표""에 따라 원가법으로 처리하고 있습니다.
2. 중요한 회계처리방침, 계속 :
2.4 외화환산
가. 기능통화와 표시통화
회사는 재무제표에 포함되는 항목들을 회사의 영업활동이 이루어지는 주된 경제환경에서의 통화(""기능통화"")를 이용하여 측정하고 있습니다. 회사의 기능통화는 대한민국 원화(KRW)이며 재무제표는 대한민국 원화(KRW)로 표시되어 있습니다.
나. 외화거래와 보고기간 말의 외화환산
외화거래는 거래일의 환율 또는 재측정되는 항목인 경우 평가일의 환율을 적용한 기능통화로 인식되고, 외화거래의 결제나 화폐성 외화 자산ㆍ부채의 환산에서 발생하는 외환차이는 당기손익으로 인식됩니다. 비화폐성 금융자산ㆍ부채로부터 발생하는 외환차이는 공정가치 변동손익의 일부로 보아 당기손익인식지분상품으로부터 발생하는 외환차이는 당기손익으로, 매도가능지분상품의 외환차이는 기타포괄손익에 포함하여 인식됩니다.
2.5 현금및현금성자산
현금및현금성자산은 보유중인 현금, 요구불예금 및 취득일 현재 확정된 금액의 현금으로 전환이 용이하고, 가치변동의 위험이 경미한 매우 유동적인 단기 투자자산으로 구성되어 있습니다.
2. 중요한 회계처리방침, 계속 :
2.6 금융자산
가. 분류
회사는 금융자산을 그 취득목적과 성격에 따라 당기손익인식금융자산과 대여금 및 수취채권, 매도가능금융자산, 만기보유금융자산으로 분류하고 있습니다. 경영진은 최초 인식시점에서 이러한 금융상품의 분류를 결정하고 있습니다.
(1) 당기손익인식금융자산
당기손익인식금융자산은 단기매매목적의 금융상품입니다. 회사는 주로 단기간 내에 매각할 목적으로 취득한 금융자산을 당기손익인식금융자산으로 분류합니다. 또한, 위험회피회계의 대상이 아닌 파생상품이나 내재파생상품을 포함한 금융상품으로부터 분리된 파생상품도 단기매매목적으로 분류합니다. 당기손익인식금융자산은 유동자산으로 분류하고 있습니다.
(2) 대여금 및 수취채권
대여금 및 수취채권은 지급금액이 확정되었거나 결정가능하며 활성시장에서 거래되지 않는 비파생금융자산입니다. 보고기간말 기준으로 만기가 12개월을 초과하는 경우에는 비유동자산으로 분류하며 이외의 경우 유동자산으로 분류하고 있습니다.
(3) 매도가능금융자산
매도가능금융자산은 매도가능금융자산으로 지정하거나, 다른 범주에 포함되지 않은 비파생금융상품입니다. 매도가능금융자산은 보고기간말 기준으로 12개월 이내에 만기가 도래하거나 경영진이 처분할 의도가 있는 경우가 아니면 비유동자산으로 분류됩니다.
2. 중요한 회계처리방침, 계속 :
나. 인식과 측정
금융자산의 정형화된 매매거래는 매매일에 인식됩니다. 금융자산은 최초 인식시점에공정가치로 측정하며, 거래원가는 당기손익인식금융자산을 제외한 금융자산은 공정가치에 가산하고 당기손익인식금융자산의 경우에는 당기비용으로 처리됩니다. 최초 인식 이후 매도가능금융자산과 당기손익인식금융자산은 후속적으로 공정가치로 측정되고, 대여금 및 수취채권과 만기보유금융자산은 유효이자율법을 적용하여 상각후원가로 측정됩니다.
당기손익인식금융자산의 공정가치 변동은 당기손익으로 인식되고, 매도가능금융자산의 공정가치변동은 기타포괄손익에 계상되어 이를 처분하거나 손상을 인식하는 때자본에서 당기손익으로 재분류됩니다.
유효이자율법을 적용하여 계산한 매도가능금융자산 및 만기보유금융자산의 이자는 금융수익으로 손익계산서에 인식되며 매도가능금융자산의 배당금은 회사의 배당금 수취 권리가 확정되는 시점에 기타수익으로 인식하고 있습니다.
2. 중요한 회계처리방침, 계속 : 다. 금융상품의 상계
금융자산과 금융부채는 인식한 자산과 부채에 대해 법적으로 집행가능한 상계 권리를 현재 보유하고 있고, 순액으로 결제하거나 자산을 실현하는 동시에 부채를 결제할의도를 가지고 있는 경우 상계되어 재무상태표에 순액으로 표시됩니다.
라. 금융상품의 제거
회사는 금융자산을 양도한 경우라도 채무자의 채무불이행시의 소구권 등으로 양도한금융자산의 소유에 따른 위험과 보상의 대부분을 회사가 보유하는 경우에는 이를 제거하지 않고 그 양도자산 전체를 계속하여 인식하되, 수취한 대가를 금융부채로 인식하고 있습니다. 해당 금융부채는 재무상태표에 ""차입금""으로 분류됩니다. 2.7. 금융자산의 손상
회사는 금융자산 또는 금융자산 집합의 손상 발생에 대한 객관적인 증거가 있는지를 매 보고기간말에 평가하고, 그 결과 손상되었다는 객관적인 증거가 있으며 손상사건이 신뢰성 있게 추정할 수 있는 금융자산의 추정 미래현금흐름에 영향을 미친 경우에는 손상차손을 인식하고 있습니다. 대여금 및 수취채권의 손상은 대손충당금 계정으로 차감표시되며, 그 외의 금융자산은 장부금
액에서 직접 차감됩니다. 회사는 금융자산을 더 이상 회수하지 못할 것으로 판단되는 때에 해당 금융자산을 제각하고 있습니다.
금융자산이 손상되었다는 객관적인 증거에는 금융자산의 발행자나 지급의무자의 유의적인 재무적 어려움, 이자지급이나 원금상환의 연체, 재무적 어려움으로 당해 금융자산에 대한 활성시장의 소멸 등이 포함됩니다. 또한, 매도가능지분상품의 공정가치가 원가로부터
유의적 또는 지속적으로 하락하는 경우는 손상의 객관적인 증거에 해당됩니다.
2. 중요한 회계처리방침, 계속 :
2.8 매출채권
매출채권은 정상적인 영업과정에서 판매된 재고자산 및 제공된 용역과 관련하여 고객으로부터 수취할 금액입니다. 매출채권의 회수가 1년 이내에 예상되는 경우 유동자산으로 분류하고, 그렇지 않은 경우 비유동자산으로 분류합니다. 매출채권은 최초에 공정가치로 인식하며, 유효이자율을 적용한 상각후원가에서 대손충당금을 차감하여 측정하고 있습니다.
2.9 재고자산
재고자산은 원가와 순실현가능가치 중 작은 금액으로 표시하고 있습니다. 원가는 미착품을 제외하고는 평균법에 따라 결정하고 있습니다. 제품과 재공품의 원가는 원재료비, 직접노무비 및 기타 직접원가와 정상조업도에 근거한 관련 제조간접비로 이루어지며, 유휴생산설비원가나 폐기비용은 제외하고 있습니다. 순실현가능가치는 정상적인 영업과정에서의 추정 판매가격에서 적용 가능한 변동 판매비용을 차감한 금액입니다.
회사는 주기적으로 재고자산평가충당금의 중요한 변동을 발생시킬 가능성이 있는 미래의 제품수요 등을 검토하여 과잉, 진부화 및 시장가치의 하락 등이 발생한 경우 재고자산평가충당금을 계상하고 있으며 재고자산평가손실을 매출원가로 처리하고 있습니다.
2.10 매각예정분류자산집단
비유동자산(또는 처분자산집단)은 장부금액이 매각거래를 통하여 주로 회수되고, 매각될 가능성이 매우 높은 경우에 매각예정으로 분류되며, 그러한 자산은 장부금액과 순공정가치 중 작은 금액으로 측정됩니다.
2. 중요한 회계처리방침, 계속 :
2.11 유형자산
유형자산은 역사적 원가에서 감가상각누계액과 손상차손누계액을 차감하여 표시하고 있습니다. 역사적 원가는 자산의 취득에 직접적으로 관련된 지출을 포함합니다. 후속원가는 자산으로부터 발생하는 미래의 경제적 효익이 회사에 유입될 가능성이 높으며 그 원가를 신뢰성 있게 측정할 수 있는 경우에 한하여 자산의 장부금액에 포함하거나 별도의 자산으로 인식하고 있습니다. 대체된 부분의 장부금액은 제거하고 있으며 그 외의 모든 수선 및 유지비는 발생한 기간의 비용으로 인식하고 있습니다.
회사의 유형자산은 취득원가에서 회사가 추정한 추정내용연수에 따라 정액법에 의하여 상각됩니다. 토지는 상각되지 않으며, 자본화차입금이자를 포함한 장기건설자산의 취득에 사용된 원가는 관련자산의 추정내용연수 동안 상각됩니다.
각 자산별로 회사가 사용하고 있는 대표추정내용연수는 다음과 같습니다.
건물 및 구축물
15, 30 년
기 계 장 치
5 년
기 타
5 년
회사는 매 회계연도 말에 유형자산의 감가상각방법, 잔존가치와 경제적 내용연수를 검토하고 필요한 경우 조정을 하고 있습니다. 자산의 장부금액이 추정 회수가능액을 초과하는 경우 자산의 장부금액을 회수가능액으로 즉시 감소시키고 있습니다. 자산의 처분손익은 처분대가와 자산의 장부금액의 차이로 결정되며, 손익계산서의 기타수익 또는 기타비용으로 표시하고 있습니다.
2. 중요한 회계처리방침, 계속 :
2.12 무형자산
이전대가와 취득자가 이전에 보유하고 있던 피취득자에 대한 지분의 취득일 현재의 공정가치 합계액이 취득한 식별가능한 순자산을 초과하는 금액은 영업권으로 인식합니다. 영업권을 제외한 무형자산은 역사적 원가로 최초 인식되고, 원가에서 상각누계액과 손상차손누계액을 차감한 금액으로 표시됩니다. 내부적으로 창출한 무형자산인 개발비는 기술적 실현가능성, 미래경제적효익 등을 포함한 자산 인식요건이 충족된 시점 이후에 발생한 지출금액의 합계입니다. 회원권은 이용 가능 기간에 대하여 예측가능한 제한이 없으므로 내용연수가 한정되지 않아 상각되지 않습니다. 특허권, 상표권 및 기타무형자산 등 한정된 내용연수를 가지는 무형자산은 추정내용연수동안 정액법에 따라 상각하고 있습니다. 각 자산별 대표추정내용연수는 다음과 같습니다.
개 발 비
2 년
특허권, 상표권 및 기타무형자산
5 년 ~ 10 년
2. 중요한 회계처리방침, 계속 : 2.13 비금융자산의 손상
영업권이나 비한정내용연수를 가진 무형자산은 상각하지 않고 매년 손상검사를 실시하고 있습니다. 상각하는 자산의 경우 매 보고기간말에 장부금액이 회수가능하지 않을 수도 있음을 나타내는 환경의 변화나 사건이 있을 때마다 손상검사를 수행하고 있습니다. 손상차손은 회수가능액을 초과하는 장부금액만큼 인식하고 있습니다. 회수가능액은 순공정가치와 사용가치 중 큰 금액으로 결정하고 있습니다. 손상을 측정하기 위한 목적으로 자산은 별도로 식별 가능한 현금흐름을 창출하는 가장 하위 수준의집단(현금창출단위)으로 그룹화하고 있습니다. 손상차손을 인식한 경우, 영업권 이외의 비금융자산은 매 보고기간말에 손상차손의 환입가능성을 검토하고 있습니다.
2.14 금융부채
가. 분류 및 측정 당기손익인식금융부채는 단기매매목적의 금융상품입니다. 주로 단기간 내에 재매입할 목적으로 부담하는 금융부채는 단기매매금융부채로 분류됩니다. 또한, 위험회피회계의 대상이 아닌 파생상품이나 내재파생상품을 포함한 금융상품으로부터 분리된 파생상품도 단기매매금융부채로 분류됩니다. 당기손익인식금융부채, 금융보증계약, 금융자산의 양도가 제거조건을 충족하지 못하는 경우에 발생하는 금융부채를 제외한 모든 비파생금융부채는 상각후원가로 측정하는 금융부채로 분류되고 있으며, 재무상태표 상 ""매입채무"", ""차입금"" 및 ""기타금융부채"" 등으로 표시됩니다.
나. 제거 금융부채는 계약상 의무가 이행, 취소 또는 만료되어 소멸되거나 기존 금융부채의 조건이 실질적으로 변경된 경우에 재무상태표에서 제거됩니다.
2. 중요한 회계처리방침, 계속 :
2.15 매입채무
매입채무는 정상적인 영업과정에서 공급자로부터 취득한 재고자산 및 제공받은 용역과 관련하여 지급할 의무가 있는 금액입니다. 매입채무의 지급이 12개월 이내에 예상되는 경우 유동부채로 분류하고, 그렇지 아니한 경우 비유동부채로 분류합니다. 매입채무는 최초에 공정가치로 인식하며, 후속적으로 유효이자율법을 사용한 상각후원가로 측정하고 있습니다.
2.16 차입금
차입금은 최초에 공정가치에서 거래비용을 차감한 가액으로 인식하며, 후속적으로 상각후원가로 측정하고 있습니다. 거래비용 차감 후 수취한 금액과 상환금액의 차이는 유효이자율법으로 상각하여 차입기간 동안 손익계산서에 인식하고 있습니다. 또한, 보고기간종료일 이후 12개월 이상 결제를 이연할 수 있는 무조건적인 권리가 있는 경우 비유동부채로 분류하며, 그렇지 않은 경우 유동부채로 분류하고 있습니다.
2.17 충당부채 및 우발부채
과거사건의 결과로 현재의 법적의무나 의제의무가 존재하고, 그 의무를 이행하기 위한 자원의 유출가능성이 높으며, 당해 금액의 신뢰성 있는 추정이 가능한 경우 회사는 충당부채를 인식하고 있습니다. 미래영업손실에 대하여는 충당부채를 인식하지 않습니다.
충당부채는 의무를 이행하기 위하여 예상되는 지출액의 현재가치로 측정하며, 현재가치 평가에 사용하는 할인율은 그 부채의 고유한 위험과 화폐의 시간가치에 대한 현행 시장의 평가를 반영한 세전이자율입니다. 시간경과로 인한 충당부채의 증가는 이자비용으로 인식하고 있습니다.
2. 중요
한 회계처리방침, 계속 : 또한, 과거사건은 발생하였으나 불확실한 미래사건의 발생여부에 의해서 존재여부가확인되는 잠재적인 의무가 있는 경우 또는 과거사건이나 거래의 결과 현재 의무가 존재하나 자원이 유출될 가능성이 높지 않거나 당해 의무를 이행하여야 할 금액을 신뢰성 있게 추정할 수 없는 경우 우발부채로 주석기재하고 있습니다.
2.18 순확정급여자산
회사는 확정급여제도를 운영하고 있습니다.
확정급여제도
는 확정기여제도를 제외한 모든 퇴직연금제도입니다. 일반적으로 확정급여제도는 연령, 근속연수나 급여수준 등의 요소에 의해 종업원이 퇴직할 때 지급받을 퇴직연금급여의 금액을 확정하고 있습니다. 확정급여제도와 관련하여 재무상태표에 계상된 자산은 보고기간말 현재 확정급여채무의 현재가치에서 사외적립자산의 공정가치를 차감한 초과적립액이며, 자산인식상한을 한도로 합니다. 확정급여채무는 매년 독립된 보험계리인에 의해 예측단위적립방식에 따라 산정됩니다. 확정급여채무의 현재가치는 급여가 지급될 통화로 표시되고 관련 확정급여채무의 지급시점과 만기가 유사한 우량회사채의 이자율로 기대미래현금유출액을 할인하여 산정하고 있습니다.
보험수리적 가정의 변경 및 보험수리적 가정과 실제로 발생한 결과의 차이로 인해 발생하는 보험수리적손익은 발생한 기간의 기타포괄손익으로 인식하고 있으며, 과거근무원가는 발생 즉시 당기손익으로 인식하고 있습니다.
2.19 금융보증계약
금융보증계약은 채무상품의 최초 계약조건이나 변경된 계약조건에 따라 지급기일에 특정 채무자가 지급하지 못하여 보유자가 입은 손실을 보상하기 위하여 특정금액을 지급하여야 하는 계약입니다. 금융보증계약은 최초 인식시 공정가치로 측정하며 후속 측정시 최초인식 금액의 미상각잔액을 초과하는 금액은 기타금융부채로 인식하고있습니다.
2. 중요
한 회계처리방침, 계속 :
2.20 당기법인세 및 이연법인세
회사의 법인세비용은 당기법인세와 이연법인세로 구성됩니다. 법인세는 기타포괄손익이나 자본에 직접 인식된 항목과 관련된 금액은 해당 항목에서 직접 인식하며, 이를 제외하고는 당기손익으로 인식됩니다. 법인세비용은 보고기간말 현재 제정되었거나 실질적으로 제정된 세법에 기초하여 측정됩니다. 이연법인세는 자산과 부채의 장부금액과 세무기준액의 차이로 정의되는 일시적 차이에 대하여 장부금액을 회수하거나 결제할 때의 예상 법인세효과로 인식됩니다. 다만,사업결합 이외의 거래에서 자산ㆍ부채를 최초로 인식할 때 발생하는 이연법인세자산과 부채는 그 거래가 회계이익이나 과세소득에 영향을 미치지 않는다면 인식되지 않습니다. 이연법인세자산은 차감할 일시적차이가 사용될 수 있는 미래 과세소득의 발생가능성이 높은 경우에 인식됩니다.
종속기업, 관계기업 및 공동기업 투자지분과 관련된 가산할 일시적차이에 대하여 소멸시점을 통제할 수 있고 예측가능한 미래에 일시적차이가 소멸하지 않을 가능성이 높은 경우를 제외하고 이연법인세부채를 인식하고 있습니다. 또한 이러한 자산으로부터 발생하는 차감할 일시적차이에 대하여 일시적차이가 예측가능한 미래에 소멸할가능성이 높고 일시적차이가 사용될 수 있는 과세소득이 발생할 가능성이 높은 경우에만 이연법인세자산을 인식하고 있습니다.
이연법인세자산과 부채는 당기법인세자산과 당기법인세부채를 상계할 수 있는 법적으로 집행가능한 권리를 회사가 보유하고, 이연법인세자산과 부채가 동일한 과세당국에 의해서 부과되는 법인세와 관련이 있으면서 순액으로 결제할 의도가 있는 경우
에 상계됩니다.
2. 중요한 회계처리방침, 계속 :
2.21 파생상품
회사는 파생상품의 계약에 따라 발생된 권리와 의무를 공정가액으로 평가하여 자산과 부채로 계상하고, 동 계약으로부터 발생한 손익은 발생시점에 당기손익으로 인식하고 있습니다. 다만, 요건을 충족한 현금흐름위험회피와 해외사업장에 대한 순투자에 대한 위험회피금액은 자본항목으로 이연하고 있습니다.
2.22 배당금
배당금은 회사의 주주에 의해 승인된 시점에 부채로 인식하고 있습니다.
2.23 자본금
보통주와 상환의무 없는 우선주는 모두 자본으로 분류하고 있습니다. 회사가 회사의 보통주를 취득하는 경우, 직접거래원가를 포함하는 지급 대가는 그 보통주가 소각되거나 재발행 될 때까지 회사의 자본에서 차감하여 표시하고 있습니다. 이러한 자기주식이 재발행되는 경우, 수취한 대가는 회사의 주주에게 귀속되는 자본에 포함하고 있습니다.
2. 중요한 회계처리방침, 계속 : 2.24 수익인식
수익은 주로 회사의 통상적인 활동에서 발생하는 재화의 판매에 대하여 받았거나 받을 대가의 공정가액으로 구성되어 있습니다. 수익은 부가가치세, 반품, 판매장려금 및 가격 할인액을 차감한 순액으로 인식하고 있습니다.
회사는 수익금액을 신뢰성 있게 측정할 수 있고, 미래의 경제적 효익이 회사에 유입될 가능성이 높으며, 다음에서 설명하고 있는 회사의 활동별 특정 요건을 충족하는 경우에 수익으로 인식하고 있습니다. 회사는 고객의 유형, 거래의 유형 및 개별 거래조건 등의 과거 자료를 바탕으로 판매와 관련된 우발상황을 신뢰성 있게 추정하여 수익금액을 측정하고 있습니다. 판매 계약 등의 각 구성항목이 다수인 경우 각 구성항목의 공정가치는 그 구성항목이 개별적으로 판매되는 경우의 현행 시장가치에 근거하여 결정됩니다. 각 구성항목의 공정가치를 결정할 수 없는 경우 총계약대가에서 제공하지 않은 구성항목의 공정가치를 차감한 가액을 근거로 제공한 구성항목의 공정가치로 계산하고 있습니다.
2. 중요한 회계처리방침, 계속 :
가. 재화의 판매
회사는 제품 및 상품에 대하여 재화의 소유에 따른 중요한 위험과 보상이 이전된 시점에 수익으로 인식하고 있습니다. 수익은 과거에 축적된 경험에 근거하여 판매시점에 과거의 경험에 근거하여 추정한 가격할인 및 반품금액을 차감한 순액으로 인식하고 있습니다.
나. 용역의 제공
용역제공거래에 대하여는 진행기준에 의하여 수익을 인식하고 있으며, 진행률은 총예정원가에 대한 실제누적발생원가의 비율에 따라 산정하고 있습니다.
다. 이자수익
이자수익은 시간의 경과에 따라 유효이자율법에 의하여 인식하고 있습니다. 채권 손상이 발생하는 경우 채권금액의 장부금액은 회수가능액까지 감액되며, 시간의 경과에 따라 증가하는 부분은 이자수익으로 인식하고 있습니다. 한편, 손상채권에 대한 이자수익은 최초 유효이자율에 의하여 인식하고 있습니다.
라. 로열티수익
로열티수익은 계약의 실질에 따라 발생기준에 의하여 인식하고 있습니다.
마. 배당금수익
배당금수익은 배당금을 받을 권리가 확정되는 시점에 인식하고 있습니다.
2. 중요한 회계처리방침, 계속 :
2.25 정부보조금
정부보조금은 보조금의 수취와 정부보조금에 부가된 조건의 준수에 대한 합리적인 확신이 있을 때 공정가치로 인식됩니다. 수익과 관련된 정부보조금은 이연하여 정부보조금의 교부 목적과 관련된 수익 또는 비용과 대응될 수 있는 기간에 손익계산서에인식하고 있습니다. 한편, 특정 자산의 취득과 관련된 정부보조금은 이연수익으로 처리하고, 정부보조금 관련 이연수익은 관련 자산의 내용연수 동안 상각하여 수익으로 인식하고 있습니다.
2.26 주당이익
기본주당이익은 주주에게 귀속되는 손익계산서상 당기순이익을 보고기간 동안의 회사의 가중평균 유통보통주식수로 나누어 산정한 것입니다.
희석주당이익은 주주에게 귀속되는 손익계산서상 당기순이익을 보고기간 동안의 회사의 가중평균 유통보통주식수와 가중평균 잠재적 희석증권주식수로 나누어 산정한 것입니다. 잠재적 희석증권은 희석효과가 발생하는 경우에만 희석주당이익의 계산에반영됩니다.
2.27 재무제표의 승인 회사의 재무제표는
2016년
1월 28
일
이사회에서 승인되었습니다.
3. 중요한 회계추정 및 가정 :
회사는 미래에 대하여 추정 및 가정을 하고 있습니다. 추정 및 가정은 지속적으로 평가되며, 과거 경험과 현재의 상황에서 합리적으로 예측가능한 미래의 사건을 고려하여 이루어집니다. 이러한 회계추정은 실제 결과와 다를 수도 있습니다. 다음 회계연도에 자산 및 부채 장부금액의 조정에 영향을 미칠 수 있는 유의적 위험에 대한 추정 및 가정은 다음과 같습니다.
가. 수익인식
회사는 설치 등의 서비스에 대하여 진행기준을 사용하고 있습니다. 진행기준은 회사가 발생예정원가에 대한 실제발생원가의 비율을 추정할 것을 요구하고 있습니다. 현재의 수익은 장기프로젝트의 초기단계, 프로젝트 수행범위의 변동, 원가의 변동, 공기의 변동 및 고객의 계획변경과 관련 요소들에 의하여 변동될 수 있습니다.
나. 판매보증충당부채
회사는 판매한 제품에 대하여 품질에 대한 보증의무를 부담하고 있습니다. 회사는 매보고기간 말 미래와 현재의 보증의무를 제공하는데 필요하다고 판단되는 최선의 추정치를 기준으로 보증충당부채를 계상하고 있습니다. 이러한 최선의 추정치는 과거 경험에 기초하여 결정하고 있습니다.
다. 금융상품의 공정가치
회사는 활성시장에서 거래되지 않는 금융상품의 공정가치에 대하여 보고기간말 현재주요한 시장상황을 기초로 다양한 평가기법 및 가정을 사용하여 결정하고 있습니다.
3. 중요한 회계추정 및 가정, 계속 :
라. 순확정급여자산
순확정급여자산은 많은 가정을 사용하는 보험수리적 방식에 의해 결정되는 다양한 요소들에 따라 달라질 수 있습니다. 퇴직연금의 순원가(이익)를 결정하는 데 사용되는 가정은 할인율을 포함하고 있으며, 이러한 가정의 변동은 순확정급여자산의 장부금액에 영향을 줄 것입니다. 회사는 매년 말 우량회사채 이자율을 고려하여 적절한 할인율을 결정하고 있으며, 이러한 할인율은 순확정급여자산의 정산 시 발생할 것으로 예상되는 미래의 추정 현금 유출액의 현재가치를 결정할 때 사용되어야 하는 이자율을 나타냅니다. 순확정급여자산과 관련된 다른 주요한 가정들은 일부 현재의 시장 상황에 근거하고 있습니다.
마. 영업권의 손상
회사는 매년 영업권의 손상여부를 검토하고 있습니다. 현금창출단위의 회수가능금액은 사용가치의 계산에 기초하여 결정하고 있습니다. 이러한 계산은 추정에 근거하여 이루어집니다.
바. 법인세
회사는 보고기간말 현재까지의 영업활동의 결과로 미래에 부담할 것으로 예상되는 법인세효과를 최선의 추정과정을 거쳐 당기법인세 및 이연법인세로 인식하였습니다.하지만 실제 미래 최종 법인세부담은 인식한 관련 자산ㆍ부채와 일치하지 않을 수 있으며, 이러한 차이는 최종 세효과가 확정된 시점의 당기법인세 및 이연법인세 자산ㆍ부채에 영향을 줄 수 있습니다.
4
.
현금및현금성자산
:
현금및현금성자산은 보유중인 현금, 요구불예금 및 취득일 현재 확정된 금액의 현금으로 전환이 용이하고 가치변동의 위험이 경미한 매우 유동적인 단기 투자자산으로 구성되어 있습니다. 보고기간종료일 현재 현금및현금성자산의 내역은 다음과 같습니다.
(단위: 백만원)
현금
572
580
예금 등
3,062,388
1,642,738
계
3,062,960
1,643,318
5.
사용제한금융상품 :
보고기간종료일 현재 사용이 제한된 금융상품은 다음과 같습니다.
(단위: 백만원)
단기금융상품
2,498
2,925
6. 범주별 금융상품 :
가. 보고기간종료일 현재 회사의 범주별 금융상품 내역은 다음과 같습니다.
(1) 당기말
(단위: 백만원)
현금및현금성자산
3,062,960
-
3,062,960
단기금융상품
27,763,589
-
27,763,589
단기매도가능금융자산
-
3,021,210
3,021,210
매출채권
20,251,464
-
20,251,464
장기매도가능금융자산
-
3,205,283
3,205,283
기타
3,847,347
-
3,847,347
계
54,925,360
6,226,493
61,151,853
(단위: 백만원)
매입채무
3,887,983
-
3,887,983
단기차입금
-
7,127,527
7,127,527
미지급금
5,834,965
-
5,834,965
유동성장기부채
5,666
-
5,666
사채
62,326
-
62,326
장기미지급금
2,163,903
-
2,163,903
기타
3,335,895
-
3,335,895
계
15,290,738
7,127,527
22,418,265
6. 범주별 금융상품, 계속 :
(2) 전기말
(단위: 백만원)
현금및현금성자산
1,643,318
-
1,643,318
단기금융상품
26,454,093
-
26,454,093
단기매도가능금융자산
-
2,137,533
2,137,533
매출채권
18,940,786
-
18,940,786
장기매도가능금융자산
-
7,106,234
7,106,234
기타
4,784,332
100,051
4,884,383
계
51,822,529
9,343,818
61,166,347
(단위: 백만원)
매입채무
4,677,527
-
4,677,527
단기차입금
-
2,928,182
2,928,182
미지급금
6,358,319
-
6,358,319
유동성장기부채
5,304
-
5,304
사채
63,648
-
63,648
장기미지급금
2,305,055
-
2,305,055
기타
6,952,651
-
6,952,651
계
20,362,504
2,928,182
23,290,686
6. 범주별 금융상품, 계속 :
나. 금융상품 범주별 순손익 구분
(1) 당기
(단위: 백만원)
평가손익(기타포괄손익)
-
-
(576,028)
(576,028)
평가/처분손익(당기손익)
-
-
50,526
50,526
평가손익(손익대체)
-
-
(50,316)
(50,316)
이자수익
-
632,241
94,169
726,410
외환차이(당기손익)
-
60,033
-
60,033
배당수익
-
-
60,000
60,000
손상/환입(당기손익)
-
(26,438)
(326)
(26,764)
(단위: 백만원)
이자비용
-
121,180
167,165
288,345
외환차이(당기손익)
-
(323,248)
36,750
(286,498)
6. 범주별 금융상품, 계속 :
(2) 전기
(단위: 백만원)
평가손익(기타포괄손익)
-
-
(514,077)
(514,077)
평가/처분손익(당기손익)
4,267
-
78,365
82,632
평가손익(손익대체)
-
-
(84,993)
(84,993)
이자수익
-
861,170
87,091
948,261
외환차이(당기손익)
-
(126,895)
-
(126,895)
배당수익
-
-
46,494
46,494
손상/환입(당기손익)
-
10,166
(53,000)
(42,834)
(단위: 백만원)
평가/처분손익(당기손익)
4,119
-
-
4,119
이자비용
-
138,333
86,246
224,579
외환차이(당기손익)
-
(197,452)
53,958
(143,494)
7. 금융자산의 신용건전성 : 외부 신용등급 등을 참조하여 측정한 연체 및 손상되지 않은 주요 금융자산의 신용 건전성에 대한 상세 내역은 다음과 같습니다.
상환능력 우수, 최고 - Aaa~Aa(Moody's), AAA~AA(S&P, Fitch), A1(국내신용평가사) 상환능력 양호 - A(Moody's, S&P, Fitch), A2(국내신용평가사) 상환능력 적정 - Baa(Moody's), BBB(S&P, Fitch), A3(국내신용평가사) 상환가능 - Ba 이하(Moody's), BB 이하(S&P, Fitch), B 이하(국내신용평가사)
Group 1 - 외부신용등급이 없는 연결자회사
Group 2 - 자본잠식경험 및 채무불이행경험이 없는 일반고객
Group 3 - 자본잠식경험 및 채무불이행경험이 있으나 보험 및 담보가 설정되어 채무불이행위험이 해소된 일반고객
가. 매출채권
(단위: 백만원)
외부신용등급이 있는 거래상대방
상환능력 우수, 최고
395,067
608,089
상환능력 양호
731,050
417,334
상환능력 적정
45,004
62,244
상환 가능
125,353
957
소 계
1,296,474
1,088,624
외부신용등급이 없는 거래상대방
Group 1
17,781,245
16,703,909
Group 2
769,096
657,351
Group 3
-
4,845
소 계
18,550,341
17,366,105
연체 및 손상되지 아니한 매출채권 계
19,846,815
18,454,729
7. 금융자산의 신용건전성, 계속 : 나. 현금성자산 및 단기금융상품
(단위: 백만원)
상환능력 우수, 최고수준
2,402,038
-
상환능력 양호
28,423,808
28,096,690
기타(*)
131
141
계
30,825,977
28,096,831
(*) 외부 신용등급이 존재하지 않는 금융기관 예치금(신용금고 등)
8. 금융자산의 양도 :
회사는 당기 및 전기 중 은행과의 매출채권 팩토링 계약을 통해 매출채권을 할인하였습니다. 회사가 매출채권 팩토링 거래에서 제공한 매출채권은 채무자의 채무불이행시의 소구조건 등으로 대부분의 위험과 보상을 회사가 보유하므로 금융자산의 제거요건을 충족하지 않아 제거되지 않았습니다. 이러한 거래에서 인식한 금융부채는 재무상태표에 단기차입금으로 분류되어 있습니다(주석
15
참조).
보고기간종료일 현재 매출채권의 할인된 내역은 다음과 같습니다.
(단위: 백만원)
할인된 매출채권의 장부금액
7,127,527
2,928,182
관련차입금의 장부금액
7,127,527
2,928,182
9. 매도가능금융자산 :
보고기간종료일 현재 회사의 매도가능금융자산 변동내역은 다음과 같습니다.
(단위: 백만원)
기초금액
9,243,767
5,445,479
취득
17,303
5,602,199
처분
(2,197,268)
(2,351,963)
매도가능금융자산평가
(759,931)
(514,077)
손상
(326)
(53,053)
기타(*)
(77,052)
1,115,182
기말금액
6,226,493
9,243,767
단기매도가능금융자산
3,021,210
2,137,533
장기매도가능금융자산
3,205,283
7,106,234
(*) 전
기 중
지분율 하락에 따라 삼성SDI에 대한 관계기업 투자의 공정가치를 매도가능금융자산으로 인식하였습니다.
상기 매도가능금융자산은 보고기간종료일 현재 공정가액에 따라 평가하고 있으며, 자본(기타포괄손익)으로 인식된 매도가능금융자산평가손익의 변동내역은 다음과 같습니다.
(단위: 백만원)
기초잔액
1,645,871
2,244,941
평가액
(759,931)
(514,077)
손익반영액
(66,379)
(84,993)
기말잔액
819,561
1,645,871
자본에 가감되는 법인세효과
(198,334)
(398,301)
계
621,227
1,247,570
9. 매도가능금융자산, 계속 : 가. 단기매도가능금융자산 보고기간종료일 현재 회사의 단기매도가능금융자산의 구성내역은 다음과 같습니다.
(단위: 백만원)
수익증권(*)
-
1,016,878
국공채
271,373
50,256
금융채
2,749,837
1,070,399
계
3,021,210
2,137,533
(*) 보고기간종료일 현재
수익증권의 구성내역은 다음과 같습니다.
(단위: 백만원)
채 권
-
952,931
정 기 예 금 등
-
63,947
계
-
1,016,878
9. 매도가능금융자산, 계속 : 나. 장기매도가능금융자산
보고기간종료일 현재 회사의 장기매도가능금융자산의 구성내역은 다음과 같습니다.
(단위:백만원)
지분증권-상장주식
3,104,942
3,981,755
지분증권-비상장주식
88,213
81,933
채무증권(*)
12,128
3,042,546
계
3,205,283
7,106,234
(*) 보고기간종료일 현재 매도가능금융자산 중 채무증권의 신용위험의 최대노출금액은 장부금액입니다.
9. 매도가능금융자산, 계속 :
(1) 지분증권- 상장주식 보고기간종료일 현재 장기매도가능금융자산 중 상장주식의 내역은 다음과 같습니다.
(단위: 백만원)
삼성SDI
13,462,673
19.6
1,542,857
1,534,745
1,561,670
삼성중공업
40,675,641
17.6
258,299
441,331
811,479
삼성정밀화학(*1)
-
-
-
-
70,795
호텔신라
2,004,717
5.1
13,957
154,965
183,231
제일기획
14,498,725
12.6
223,941
300,124
249,378
아이마켓코리아
647,320
1.8
324
16,377
18,384
에이테크솔루션
1,592,000
15.9
26,348
8,469
7,578
원익아이피에스
3,610,108
4.5
31,625
40,975
50,361
케이티스카이라이프
240,000
0.5
3,344
4,152
4,404
Rambus
4,788,125
4.1
92,682
65,039
58,368
Seagate Technology
12,539,490
4.2
218,543
538,765
916,597
SunEdison Semiconductor Limited(*2)
-
-
-
-
49,510
계
2,411,920
3,104,942
3,981,755
(*1
)
당기 중 회사는 삼성정밀화학 지분 전부를 롯데케미칼에 매각하는 계약을 체결하였습니다. 이에 따라 해당 지분을 매각예정분류자산으로 재분류하였습니다(주석 34 참조).
(*2) 회사는 당기 중 SunEdison Semiconductor 지분 전부를 매각하였습니다.
취득원가는 회수가능액이 취득원가에 미달하여 인식한 매도가능금융자산 손상차손을 차감하지 아니한 금액입니다. 취득원가와 시가의 차액은 자본항목에 직접 반영되는 법인세효과를 감안한 후 기타자본항목(매도가능금융자산평가손익)으로 계상하고 있습니다.
9. 매도가능금융자산, 계속 :
(2) 지분증권- 비상장주식 보고기간종료일 현재 장기매도가능금융자산 중 비상장주식의 구성내역은 다음과 같습니다.
(단위: 백만원)
기협기술금융
1,000,000
17.2
5,000
5,000
5,000
부산신항만
1,135,307
1.0
5,677
5,677
5,677
삼성벤처투자
980,000
16.3
4,900
7,207
6,586
태원전기산업
45,000
15.0
16,544
15,860
17,094
기타
-
-
119,260
54,469
47,576
계
151,381
88,213
81,933
9. 매도가능금융자산, 계속 : (3) 채무증권 보고기간종료일 현재 장기매도가능금융자산 중 채무증권의 내역은 다음과 같습니다.
(단위: 백만원)
회사채
12,128
6,541
국공채
-
272,526
금융채
-
2,763,479
계
12,128
3,042,546
10. 매출채권 및 미수금 :
가. 보고기간종료일 현재 회사의 매출채권 및 미수금의 내역은 다음과 같습니다.
(단위: 백만원)
채권액
20,463,848
2,506,192
19,136,771
3,235,872
차감: 대손충당금
(212,384)
(20,482)
(195,985)
(9,313)
소 계
20,251,464
2,485,710
18,940,786
3,226,559
차감: 장기 채권
-
(170,887)
-
(7,586)
유동항목
20,251,464
2,314,823
18,940,786
3,218,973
당기 및 전기
말 현재 회사가 금융기관 등에 양도한 매출채권 중 담보부 차입금으로 회계처리한 것은 각각
7,127,527백만원
및
2,928,182백만원
입니다
(주석
15
참조)
.
나. 당기 및 전기 중 대손충당금의 변동내역은 다음과 같습니다.
(단위: 백만원)
기초
195,985
9,313
197,296
19,906
대손상각(환입)
17,479
12,164
(740)
(10,552)
제각
(1,573)
(1,017)
(83)
(39)
기타
493
22
(488)
(2)
기말
212,384
20,482
195,985
9,313
10. 매출채권 및 미수금, 계속 : 다. 보
고
기간종료일 현재 회사의
매출
채권 및 미수금 연령분석 내역은 다음과 같습니다.
(단위: 백만원)
연체되지 않은 채권
22,129,307
21,555,813
소 계
22,129,307
21,555,813
연체되었으나 손상되지 않은 채권(*1) :
31일 이하
254,760
249,487
소 계
254,760
249,487
손상채권(*2) :
31일 초과 90일 이하
204,437
167,546
90일 초과
381,536
399,797
소 계
585,973
567,343
계
22,970,040
22,372,643
(*1) 회사는 31일 이하 연체된 매출채권 및 미수금은 손상된 것으로 간주하지 않습니다.
(*2) 보
고기간종료일 현재 손
상채권과 관련하여 설정된 충당금은
232,866백
만
원(
전기:
205,298백만원)입니다.
라. 보고기간종료일 현재 신용위험의 최대 노출금액은 채권의 장부금액입니다. 회사의 주요 채권과 관련하여 보험사와 보험계약을 체결하고 있으며, 보험 계약이 체결되지 않은 채권에 대해서는 연체 실적에 따라 충당금을 설정하고 있습니다.
11. 재고자산
:
보고기간종료일 현재 재고자산의 내역은 다음과 같습니다.
(단위: 백만원)
제품 및 상품
1,597,328
(77,409)
1,519,919
1,003,347
(61,090)
942,257
반제품 및 재공품
4,070,557
(226,609)
3,843,948
3,544,921
(364,146)
3,180,775
원재료 및 저장품
1,229,839
(189,989)
1,039,850
1,371,893
(226,386)
1,145,507
미착품
174,395
-
174,395
285,295
-
285,295
계
7,072,119
(494,007)
6,578,112
6,205,456
(651,622)
5,553,834
당기 중 비용으로 인식한 재고자산의 금액은 99,559,267백만원(전기:99,067,054백만원)입니다. 동 비용에는 재고자산 평가손실 금액이
포함되어 있습니다.
12. 종속기업, 관계기업 및 공동기업 투자 :
가. 당기 및 전기 중 종속기업, 관계기업 및 공동기업 투자의 변동내역은 다음과 같습니다.
(단위: 백만원)
기초장부가액
41,857,431
42,258,049
취득
2,334,935
1,236,303
처분
(68,994)
(48,869)
손상
(15,974)
(82,616)
기타변동액(*)
-
(1,505,436)
기말장부가액
44,107,398
41,857,431
(*) 전기 중 지분율 하락에 따라 삼성SDI에 대한 관계기업 투자를 매도가능금융자산으로 대체하였습니다.
12. 종속기업, 관계기업 및 공동기업 투자, 계속 : 나. 보고기간종료일 현재 주요 관계기업 및 공동기업 투자 현황은 다음과 같습니다 (종속기업 현황은 주석 33 참조). (1) 관계기업 투자
삼성카드
업무제휴
37.5
한국
삼성전기
수동소자, 회로부품, 모듈 등 전자부품의 생산 및 공급
23.7
한국
삼성에스디에스
컴퓨터 프로그래밍, 시스템 통합 및 관리업 등 IT서비스 제공
22.6
한국
(*) 보통주 지분율입니다.
(2) 공동기업 투자
Toshiba Samsung Storage Technology Japan
전자제품 생산 및 공급
49.0
일본
(*) 보통주 지분율입니다.
12. 종속기업, 관계기업 및 공동기업 투자, 계속 : 다. 보고기간종료일 현재 주요 종속기업, 주요 관계기업 및 공동기업의 요약 재무정보는 다음과 같습니다.
(1) 주요 종속기업
1) 당기
(단위: 백만원)
삼성디스플레이
39,225,460
6,586,259
26,397,111
1,673,165
Samsung Electronics America(SEA)
13,937,766
7,181,661
34,448,473
105,258
Samsung (China) Investment(SCIC)
12,748,395
11,040,055
11,461,304
(77,629)
Samsung (China) Semiconductor(SCS)
9,742,388
5,537,446
2,610,462
171,644
Samsung Electronics Europe Holding(SEEH)
6,989,207
5,223,523
-
(31,925)
Samsung Electronics Huizhou(SEHZ)
6,192,974
1,738,095
17,949,623
722,700
Samsung Asia Private(SAPL)
4,227,798
504,256
1,392,926
957,734
Shanghai Samsung Semiconductor(SSS)
3,792,437
3,207,942
14,372,358
141,232
Samsung India Electronics(SIEL)
3,723,127
2,204,333
8,008,884
326,462
Samsung Electronica da Amazonia(SEDA)
3,114,334
1,021,869
5,634,385
322,939
Samsung Suzhou LCD(SSL)
2,784,122
1,634,304
1,024,881
76,099
Tianjin Samsung Telecom Technology(TSTC)
2,075,123
778,133
6,963,943
146,972
Samsung Electronics Europe Logistics(SELS)
1,894,614
1,793,917
12,943,676
(7,745)
Thai Samsung Electronics(TSE)
1,889,410
416,382
3,949,756
179,527
Samsung Electronics Slovakia(SESK)
1,888,341
373,886
3,480,848
107,968
(*) 상기 요약재무정보는 각 종속기업의 별도재무제표 기준입니다.
12. 종속기업, 관계기업 및 공동기업 투자, 계속 : 2) 전기
(단위: 백만원)
삼성디스플레이
37,939,965
6,728,991
24,980,628
1,698,239
Samsung Electronics America(SEA)
10,697,787
5,409,749
14,076,007
(80,403)
Samsung (China) Investment(SCIC)
9,603,679
7,830,941
16,451,983
162,677
Samsung Electronics Europe Holding(SEEH)
7,022,746
5,062,988
-
93,605
Samsung (China) Semiconductor(SCS)
6,765,278
3,911,166
877,508
166,754
Samsung Electronics Huizhou(SEHZ)
4,966,486
1,258,635
17,166,345
829,880
Samsung Electronica da Amazonia(SEDA)
3,797,166
1,330,302
7,936,105
887,715
Samsung Asia Private(SAPL)
3,110,433
671,729
1,423,212
1,057,873
Samsung India Electronics(SIEL)
2,949,605
1,776,936
6,849,389
428,757
Shanghai Samsung Semiconductor(SSS)
2,560,852
2,120,738
13,331,324
125,239
Tianjin Samsung Telecom Technology(TSTC)
2,316,054
789,395
11,413,234
510,357
Samsung Electronics Slovakia(SESK)
1,869,697
405,089
4,248,232
142,416
Thai Samsung Electronics(TSE)
1,654,988
307,109
4,442,707
202,647
Samsung Electronics Europe Logistics(SELS)
1,621,583
1,524,468
13,320,129
38,209
Samsung Electronics Taiwan(SET)
1,583,027
1,299,330
4,472,432
44,559
(*) 상기 요약재무정보는 각 종속기업의 별도재무제표 기준입니다.
12. 종속기업, 관계기업 및 공동기업 투자, 계속 :
(2)
주요 관계기업
1) 당기
(단위: 백만원)
유동자산
19,070,997
2,729,853
3,681,352
비유동자산
4,539,482
2,486,390
유동부채
12,382,672
1,768,136
1,225,978
비유동부채
1,185,816
164,913
순자산
6,688,325
4,315,383
4,776,851
(*) 삼성카드는 재무상태표에 유동과 비유동을 구분하여 표시하지 않습니다.
(단위: 백만원)
구분
수익(매출)
3,274,150
6,704,699
7,853,459
계속영업손익(*)
333,724
11,188
439,020
기타포괄손익(*)
86,666
(176,581)
70,670
총포괄손익(*)
420,390
(165,393)
509,690
(*) 관계기업별 지배기업의 소유주에 귀속될 손익입니다.
12. 종속기업, 관계기업 및 공동기업 투자, 계속 :
2) 전기
(단위: 백만원)
유동자산
17,736,627
3,553,987
3,228,074
비유동자산
4,164,625
2,317,971
유동부채
11,346,281
2,151,002
1,117,969
비유동부채
924,814
214,051
순자산
6,390,346
4,642,796
4,214,025
(*) 삼성카드는 재무상태표에 유동과 비유동을 구분하여 표시하지 않습니다.
(단위: 백만원)
구분
수익(매출)
3,521,846
7,143,746
7,897,748
계속영업손익(*)
656,025
502,704
412,880
기타포괄손익(*)
(387,559)
(65,510)
(83,938)
총포괄손익(*)
268,466
437,194
328,942
(*) 관계기업별 지배기업의 소유주에 귀속될 손익입니다.
12. 종속기업, 관계기업 및 공동기업 투자, 계속 : (3) 주요 공동기업 투자
(단위: 백만원)
Toshiba Samsung Storage Technology Japan
88,989
100,917
395,211
(20,642)
234,785
160,946
183,608
(24,594)
라. 보고기간종료일 현재 시장성 있는 관계기업 투자주식의 내역은 다음과 같습니다
.
(단위: 백만원)
삼성카드
43,393,170
1,338,679
1,455,485
1,917,978
1,455,485
삼성전기
17,693,084
1,112,895
445,244
967,812
445,244
삼성에스디에스
17,472,110
4,437,916
560,827
5,128,064
560,827
13. 유형자산 :
가. 당기 및 전기 중 회사 유형자산의 변동내역은 다음과 같습니다. (1) 당기
(단위: 백만원)
기초장부가액
6,295,538
8,459,613
19,045,504
9,290,646
652,958
43,744,259
취득원가
6,295,538
12,555,904
74,041,997
9,290,646
1,522,759
103,706,844
감가상각누계액 (손상차손누계액 포함)
-
(4,096,291)
(54,996,493)
-
(869,801)
(59,962,585)
일반취득 및 자본적지출
55,638
3,461,007
11,915,003
(3,613,602)
274,445
12,092,491
감가상각
-
(678,409)
(9,203,967)
-
(207,372)
(10,089,748)
처분/폐기
(61,559)
(12,943)
(141,097)
-
(130,197)
(345,796)
손상
-
-
(44,948)
-
-
(44,948)
기타
(495)
8,839
8,392
(219,290)
(5,075)
(207,629)
기말장부가액
6,289,122
11,238,107
21,578,887
5,457,754
584,759
45,148,629
취득원가
6,289,122
15,981,133
83,556,501
5,457,754
1,462,477
112,746,987
감가상각누계액 (손상차손누계액 포함)
-
(4,743,026)
(61,977,614)
-
(877,718)
(67,598,358)
13. 유형자산, 계속 : (2)
전기
(단위: 백만원)
기초장부가액
5,946,296
8,321,327
21,321,365
5,248,370
602,014
41,439,372
취득원가
5,946,296
11,919,933
74,175,971
5,248,370
1,659,337
98,949,907
감가상각누계액 (손상차손누계액 포함)
-
(3,598,606)
(52,854,606)
-
(1,057,323)
(57,510,535)
일반취득 및 자본적지출
350,062
748,984
6,339,109
4,340,717
278,919
12,057,791
감가상각
-
(558,213)
(8,454,436)
-
(206,713)
(9,219,362)
처분/폐기
(820)
(51,684)
(152,922)
-
(7,441)
(212,867)
기타 (*)
-
(801)
(7,612)
(298,441)
(13,821)
(320,675)
기말장부가액
6,295,538
8,459,613
19,045,504
9,290,646
652,958
43,744,259
취득원가
6,295,538
12,555,904
74,041,997
9,290,646
1,522,759
103,706,844
감가상각누계액 (손상차손누계액 포함)
-
(4,096,291)
(54,996,493)
-
(869,801)
(59,962,585)
(*) 기타는 매각예정분류자산으로의 대체액을 포함하고 있습니다.
나. 당기 및 전기 중 계정과목별 유형자산 상각내역은 다음과 같습니다.
(단위: 백만원)
매출원가
8,984,330
8,198,563
판매비와관리비 등
1,105,418
1,020,799
계
10,089,748
9,219,362
14.
무형자산 :
가. 당기 및 전기 중 회사 무형자산의 변동내역은 다음과 같습니다.
(1) 당기
(단위: 백만원)
기초장부가액
925,734
1,239,933
149,712
79,277
656,908
3,051,564
내부개발에 의한 취득
-
1,143,059
-
-
-
1,143,059
개별 취득
198,655
-
1,929
-
22,031
222,615
상각
(151,607)
(607,526)
-
-
(241,405)
(1,000,538)
처분/폐기
(22,036)
-
(48)
-
(364)
(22,448)
손상
-
(76,703)
-
(79,277)
-
(155,980)
기타
(247)
(1,218)
-
-
170,422
168,957
기말장부가액
950,499
1,697,545
151,593
-
607,592
3,407,229
(2) 전기
(단위: 백만원)
기초장부가액
827,953
752,669
145,332
79,277
690,071
2,495,302
내부개발에 의한 취득
-
940,001
-
-
-
940,001
개별 취득
271,831
-
4,380
-
37,896
314,107
상각
(136,339)
(396,078)
-
-
(359,111)
(891,528)
처분/폐기
(39,126)
-
-
-
(370)
(39,496)
손상
-
(56,659)
-
-
-
(56,659)
기타(*)
1,415
-
-
-
288,422
289,837
기말장부가액
925,734
1,239,933
149,712
79,277
656,908
3,051,564
(*) 기타는 매각예정분류자산으로의 대체액을 포함하고 있습니다.
14.
무형자산, 계속 :
나. 영업권 영업권은 식별된 현금창출단위에 배분하고 있으며, 보고기간종료일 현재 영업권 내역은 다음과 같습니다.
(단위: 백만원)
LED 사업
-
79,277
계
-
79,277
회사는 매년 영업권의 손상여부를 검토하고 있으며, 현금창출단위의 회수가능가액은사용가치 계산에 근거하여 결정되었습니다. 사용가치의 계산은 경영진이 승인한 향후 5년치의 재무예산에 근거하여 세전현금흐름추정치를 사용하였습니다. 동 기간을 초과하는 기간에 대한 영구 현금흐름의 산출은 일정 성장률의 가정(단, 산업평균성장률을 초과하지 않음)이 사용되었습니다.
14. 무형자산, 계속 :
손상평가 수행 결과 회사는 LED사업부 영업권에 대한 손상을 인식하였으며 사용가치 계산에 사용된 주요 가정치는 다음과 같습니다.
매출성장률(*1)
1.1
영구성장률(*2)
1.0
세전할인율(*3)
9.5
(*1) 향후 5년간 현금흐름의 예측치를 산정하기 위한 과거 성장치 및 산업 예상 수치를 기초로 산정되었음 (*2) 5년 이후 예상되는 산업 예상 수치와 일관된 성장률 (*3) 예상현금흐름에 적용된 세전할인율 회사는 과거의 실적과 미래의 시장변동에 대한 기대수준에 근거하여 매출액 성장률을 결정하였습니다. 사용된 할인율은 관련된 사업부문의 특수한 위험을 반영한 할인율입니다. 다. 당기 및 전기 중 계정과목별 무형자산 상각내역은 다음과 같습니다.
(단위: 백만원)
매출원가
728,470
495,442
판매비와관리비 등
272,068
396,086
계
1,000,538
891,528
15. 차입금 :
보고기간종료일 현재 회사의 차입금 내역은 다음과 같습니다.
(단위: 백만원)
담보부차입금
우리은행 외
0.3 ~ 13.6
7,127,527
2,928,182
상기 담보부 차입금에 대해서는 매출채권이 담보로 제공되어 있습니다(주
석
8과 10
참조).
16. 사채 :
가. 보고기간종료일 현재 회사의 사채의 내역은 다음과 같습니다.
(단위: 백만원)
US$ denominated Straight Bonds
1997.10.2
2027.10.1
7.7
70,320 (US$60,000천)
70,320
(US$60,000천)
71,448 (US$65,000천)
71,448
(US$65,000천)
1년이내 만기도래분
(5,860)
(5,496)
사채할인발행차금
(2,134)
(2,304)
계
62,326
63,648
상기 사채는 10년 거치 20년 분할 상환되며 이자는 6개월마다 후급됩니다. 나. 보고기간종료일 현재 사채의 연도별 상환계획은 다음과 같습니다.
(단위: 백만원)
2016년
5,860
2017년
5,860
2018년
5,860
2019년
5,860
2020년 이후
46,880
계
70,320
17.
순
확정급여자산 :
가. 보고기간종료일
현재
순확정급여
자
산
와 관련하여 재무상
태표에 인식한 내역은 다음과 같습니다.
(단위: 백만원)
기금이 적립되는 확정급여채무의 현재가치
6,113,042
5,980,071
기금이 적립되지 않는 확정급여채무의 현재가치
10,734
20,973
소 계
6,123,776
6,001,044
사외적립자산의 공정가치
(6,179,950)
(6,136,995)
순확정급여
자산
계
(56,174)
(135,951)
나. 당기 및 전기 중 손익계산서에 인식한 확정급여제도 관련 비용의 세부 내역은 다음과 같습니다.
(단위: 백만원)
당기근무원가
864,601
720,162
순이자원가(수익)
(8,880)
86,492
과거근무원가
-
103,264
계
855,721
909,918
17. 순확정급여
자산
, 계속 : 다. 당기 및 전기 중 손익계산서에 인식한 확정급여제도 관련 비용의 계정과목별 금액은 다음과 같습니다.
(단위: 백만원)
매출원가
338,636
339,985
판매비와관리비 등
517,085
569,933
계
855,721
909,918
라. 당기 및 전기 중 확정급여채무의 변동내역은 다음과 같습니다.
(단위: 백만원)
기초
6,001,044
4,571,803
당기근무원가
864,601
720,162
이자원가
257,507
246,147
과거근무원가
-
103,264
재측정 :
- 인구통계적가정의 변동으로 인한 보험수리적손익
150
55,297
- 재무적가정의 변동으로 인한 보험수리적손익
(279,851)
560,802
- 기타사항에 의한 효과
(133,905)
72,897
급여지급액
(590,134)
(332,498)
기타
4,364
3,170
기말
6,123,776
6,001,044
17. 순확정급여
자산
, 계속 : 마. 당기 및 전기 중 사외적립자산 공정가치의 변동내역은 다음과 같습니다.
(단위: 백만원)
기초
6,136,995
3,071,581
사외적립자산의 이자수익
266,387
159,655
사외적립자산의 재측정요소
(116,709)
(66,114)
사용자의 기여금
146,000
3,110,119
급여지급액
(244,080)
(135,047)
기타
(8,643)
(3,199)
기말
6,179,950
6,136,995
확정급여제도와 관련하여 2016년도에 납입할 것으로 예상되는 사업주 부담금의 합리적인 추
정
치는
1,132,237
백
만원
입니다. 바. 보고기간종료일 현재 회사의 사외적립자산은 원금보장형 고정수익 상품에 투자 되어 있습니다.
사. 보고기간종료일 현재 사용한 주요 보험수리적 가정은 다음과 같습니다.
할인율
3.9%
4.4%
미래임금상승률 (인플레이션 효과 포함)
5.4%
6.6%
17. 순확정급여
자산
, 계속 : 아. 보고기간종료일 현재 주요 가정의 변동에 따른 확정급여채무의 민감도 분석은 다음과 같습니다.
할인율 :
1% 증가
89%
89%
1% 감소
113%
113%
임금상승률 :
1% 증가
112%
112%
1% 감소
89%
89%
자. 보고기간말 현재 확정급여채무의 가중평균만기는
11.59년
입니다.
18
. 충당부채 :
당기 중 충당부채 변동내역은 다음과 같습니다.
(단위: 백만원)
기타충당부채
(라)
기초
215,850
3,811,135
645,833
11,210
4,684,028
순전입액
237,957
790,040
206,509
87,113
1,321,619
사용액
(274,522)
(957,442)
(187,194)
(24,135)
(1,443,293)
기타(*)
-
101,924
-
757
102,681
기말
179,285
3,745,657
665,148
74,945
4,665,035
(*) 기타는 환율변동에 의한 증감액을 포함하고 있습니다. 가. 회사는 출고한 제품에 대한 품질보증, 교환환불, 하자보수 및 그에 따른 사후서비스 등으로 인하여 향후 부담할 것으로 예상되는 비용을 보증기간 및 과거 경험률 등을 기초로 추정하여 충당부채로 설정하고 있습니다.
나. 회사는 협상 진행중인 기술사용계약과 관련하여 향후 지급이 예상되는 기술사용료를 추정하여 충당부채로 계상하고 있습니다. 지급시기 및 금액은 협상경과에 따라 변동될 수 있습니다.
다. 회사는 임원을 대상으로 부여년도를 포함한 향후 3년간의 경영실적에 따라 성과급을 지급하는 장기성과 인센티브를 부여하였는 바, 향후 지급이 예상되는 금액의 경과기간 해당분을 충당부채로 계상하고 있습니다.
18
. 충당부채, 계속 :
라. 회사는 온실가스 배출과 관련하여 회사가 보유한 해당 이행연도분 배출권을 초과하는 배출량에 대해 향후 부담할 것으로 예상되는 비용을 추정하여 충당부채로 계상하고 있습니다.
(1) 보고기간종료일 현재 회사의 이행연도별 무상할당 배출권 및 온실가스 배출량 추정치는 다음과 같습니다.
(단위: 톤)
무상할당 배출권
5,876,732
5,764,037
5,647,947
배출량 추정치
6,594,207
7,425,322
8,004,394
(2) 당기 중 회사의 배출권 변동 내역은 다음과 같습니다.
(단위: 백만원)
기초
-
취득
7,260
기말
7,260
(3) 당기 중 회사의 배출부채 변동 내역은 다음과 같습니다.
(단위: 백만원)
기초
-
전입액
7,947
기말
7,947
19. 우발부채와 약정사항 :
가. 지급보증한 내역
보고기간종료일 현재 회사가 제공한 채무보증내역은 다음과 같습니다.
(단위: 백만원, 백만US$)
임대주택 관련 채무보증(*)
10,778
13,071
해외종속기업에 대한 채무보증 (한도 기준)
US$ 9,484 (원화환산액: \11,115,248)
US$ 9,440 (원화환산액: \10,376,805)
해외종속기업에 대한 채무보증 (실차입금 기준)
US$ 1,791 (원화환산액: \2,099,153)
US$ 2,152 (원화환산액: \2,365,868)
(*) 직원용 임대주택 제공과 관련한 직원들의 금융기관 대출금에 대하여 제공한 채무보증 약정 한도액입니다.
19. 우발부채와 약정사항, 계속 :
보고기간종료일 현재 회사가 해외종속기업의 자금조달 등을 위하여 제공하고 있는 지급보증 내역은 다음과 같으며, 특수관계자로부터 제공받고 있는 담보 및 지급보증은 없습니다.
(단위: 백만원)
Samsung Electronics America(SEA)
SMBC 외
2017-04-10
1,172,000
2,842,100
Samsung Electronics Turkey(SETK)
BTMU 외
2016-12-16
157,781
691,480
Samsung Electronics South Africa(SSA)
Citibank 외
2016-12-16
147,673
392,620
Samsung Electronics Poland Manufacturing(SEPM)
HSBC
2016-06-13
135,358
137,124
Samsung Electronics Digital Appliance Mexico(SEDAM)
Citibank 외
2016-12-16
129,398
516,852
Samsung Japan(SJC)
Mizuho Bank 외
2016-12-16
126,173
1,039,564
Samsung Electronica Colombia(SAMCOL)
Citibank 외
2016-12-16
77,742
147,672
Samsung Electronics Peru(SEPR)
BBVA 외
2016-12-16
68,015
210,960
Simpress
BNP
2016-06-15
42,609
70,320
Samsung R&D Institute Japan(SRJ)
SMBC
2016-02-28
24,300
24,612
Samsung Electronics South Africa Production(SSAP)
SCB
2016-11-08
16,721
35,160
Samsung Electronics Central Eurasia(SECE)
Citibank 외
2016-03-04
1,383
178,144
기타
-
4,828,640
합계
2,099,153
11,115,248
19. 우발부채와 약정사항, 계속 :
나. 소송 (1) 보고기간종료일 현재 Apple사와의 특허관련 소송이 미국에서 진행중입니다. 해당 소송과 관련해서는 2012년 8월 24일 미국 캘리포니아 법원에서 디자인 및 기술특허에 대해 회사의 일부 침해를 인정하고 그에 따른 손해액을 지불해야 한다는 평결이 있었습니다. 그 후 2013년 3월 1일 동 법원의 판사는 손해액 중 일부 금액이 잘못 산정되었기 때문에 동 일부 금액에 대해 새로운 재판을 하도록 결정하였습니다. 그에 따라 2013년 11월 21일 손해액 관련 배심원 평결이 있었으며, 2014년 3월 6일 Apple사의 회사 제품 판매 금지 주장을 기각하고 손해배상액은 배심원 평결 금액으로 하는 1심 판결이 선고되었습니다. 이 중 손해배상 관련 판결에 대해서 2014년 3월 7일 항소를 하여, 2014년 12월 4일 항소심 재판이 진행되었습니다. 2015년 5월 18일 항소심 법원은 2심 판결을 선고하면서 1심 판결 중 일부 판결은 파기 환송하고 일부 판결은 유지하였습니다. 회사는 유지된 일부 판결 중 디자인 침해와 관련하여 2015년 6월 17일 전원합의체 재심리 신청을 하였으나, 2015년 8월 13일 재심리 신청은 불허되었습니다. 이후 1심 법원에서 환송심 절차가 진행되었으며, 2015년 9월 18일 1심 법원은 항소심에서 유지된 일부 판결에 대한 최종판결을 선고하였습니다. 회사는 다시 항소하였으나, 2015년 10월 13일 항소가 기각되었고, 2015년 11월 19일 전원합의체 재심리 신청도 기각되었습니다. 회사는 2015년 12월 11일 일부 판결의 손해액을 Apple사에 지불하였고, 2015년 12월 14일 대법원에 디자인 특허 관련 상고를 제기하였습니다. 이후 일부 판결 관련 부수적 손해 등에 대한 양사 서면이 1심 법원에 제출되었습니다. 별도로, 2016년 3월 28일부터 2016년 4월 5일까지 1심 법원은 항소심에서 파기 환송된 남은 판결 부분에 대한 손해액 재재판을 진행할 예정입니다.
19. 우발부채와 약정사항, 계속 :
또한, 2014년 5월 5일 미국 캘리포니아 법원에서 기술특허 관련한 두번째 소송과 관련해 회사의 일부 침해를 인정하고 그에 따른 손해액을 지불해야 한다는 평결이 있었으며, 2014년 11월 25일 배심원 평결을 확인하는 1심 법원의 판결이 선고되었습니다. 회사는 2014년 11월 25일 1심 판결에 대해 항소하였으며, 2016년 1월 5일 항소심 구두변론이 진행되었습니다. 별도로, 2014년 8월 27일 1심법원은 Apple사의 판매금지청구를 기각하였으나, 항소법원은 2015년 9월 17일 1심 판단을 파기 환송하는 판결을 선고하였고, 2015년 12월 16일 전원합의체 재심리 신청도 기각되었습니다. 2016년 1월 18일 1심 법원은 판매금지결정을 내렸으며, 회사는 회피설계 완료로 대응할 예정입니다. 동 소송을 포함한 Apple사와의 특허 관련 소송 최종 결과 및 그 영향을 보고기간종료일 현재 예측할 수 없습니다.
2014년 8월, 회사와 Apple사는 미국 외 지역에서의 소송을 취하한다는 합의에 이른 바 있으며, 보고서일 현재 미국 외 모든 국가에서 소송 취하가 완료되었습니다.
(2) 이외에도 다수의 회사와 정상적인 영업과정에서 발생한 소송, 분쟁 및 규제기관의 조사 등이 진행 중에 있습니다. 이에 따른 자원의 유출금액 및 시기는 불확실하며 회사의 경영진은 이러한 소송 등의 결과가 회사의 재무상태에 중요한 영향을 미치지 않을 것으로 판단하고 있습니다.
다. 분할과 관련된 연대채무
회사와 삼성디스플레이 주식회사는 분할된 삼성디스플레이 주식회사의 분할 전 채무에 관하여 연대하여 변제할 책임이 있습니다.
19. 우발부채와 약정사항, 계속 :
라. 기타 약정사항 보고기간종료일 현재 회사는 우리은행 외 7개 은행과 무역금융, 상업어음할인 및 외상매출채권담보대출 등의 약정을 맺고 있으며 동 약정에 대한 통합한도액은 9,319,520백만원입니다. 이외에도 회사는 신한은행 외 15개 은행과 한도액 US$ 5,700백만의 무역금융 약정을 체결하고 있으며, 구매대금의 지급과 관련하여 기업은행 외 1개 은행과 한도액 220,000백만원의 외상매출채권담보대출 약정 등을 맺고 있습니다.
20. 자본금 :
회사의 정관에 의한 발행할 주식의 총수는
500,000,000주(1주의 금액 : 5,000원)
이며, 보고기간종료일 현재 회사가 발행한 보통주식 및 우선주식의 수(소각 주식수 제외)는 각각
147,299,337주와 22,833,427
주입니다. 이익소각으로 인하여 발행주식의액면 총액은
850,664백만원(보통주 736,497백만원 및 우선주 114,167백만원
)으로 납입자본금
(897,514백만원)과
상이합니다.
(단위: 주)
전기초
130,915,121
19,853,734
- 주식선택권의 행사로 인한 자기주식의 처분
47,530
-
- 자기주식 취득
(758,055)
(131,250)
전기말
130,204,596
19,722,484
당기초
130,204,596
19,722,484
- 주식선택권의 행사로 인한 자기주식의 처분
5,000
-
- 자기주식 취득
(2,812,748)
(1,174,651)
당기말
127,396,848
18,547,833
(*) 회사는 당기 중 이익소각 목적으로 보통주 1,920,803주 및 우선주 1,055,901주의 자기주식을 취득하였습니다.
21. 이익잉여금 :
가. 보고기간종료일 현재 이익잉여금의 내역은 다음과 같습니다.
(단위: 백만원)
1. 법정적립금
450,789
450,789
이익준비금(*1)
450,789
450,789
2. 임의적립금
131,088,805
119,496,997
재무구조개선적립금
204,815
204,815
기업합리화적립금(*2)
30,512,101
26,512,101
해외시장개척준비금
510,750
510,750
해외투자손실준비금
164,982
164,982
연구및인력개발준비금
65,936,458
59,936,458
수출손실준비금
167,749
167,749
자사주처분손실준비금
3,100,000
3,100,000
시설적립금
30,491,950
28,900,142
3. 미처분이익잉여금
12,089,583
14,516,403
계
143,629,177
134,464,189
(*1) 회사는 상법상의 규정에 따라 납입자본의 50%에 달할 때까지 매 결산기마다 금전에 의한 이익배당액의 10%이상을 이익준비금으로 적립하도록 되어 있으나 당기말 현재 회사의 이익준비금이 납입자본의 50%에 달하였으므로 추가 적립할 의무는 없습니다. (*2) 회사는 2001년까지 조세특례제한법에 의거 세액공제에 상응하는 법인세 상당액을 기업합리화적립금으로 적립하였으나, 2002년부터는 개정된 조세특례제한법에 따라 동 적립금의 적립의무 및 사용제한이 없습니다.
21. 이익잉여금, 계속 :
나. 당기 및 전기의 회사의 이익잉여금처분계산서는 다음과 같습니다. 당기의 이익잉여금처분계산서는 주주총회에서 확정될 예정입니다(전기 처분확정일:
2015년
3월 13일
).
(단위: 백만원)
Ⅰ. 미처분이익잉여금
12,089,583
14,516,403
1. 전기이월이익잉여금
30
30
2. 중간배당액 당기 - 주당배당금(률) : 1,000원(20%) 전기 - 주당배당금(률) : 500원(10%)
(148,916)
(75,408)
3. 당기순이익
12,238,469
14,591,781
Ⅱ. 이익잉여금처분액
12,089,553
14,516,373
1. 기업합리화적립금
3,000,000
4,000,000
2. 배당금 주당배당금(률)
당기 - 보통주 :
20,000원(400%)
우선주 :
20,050원(401%)
전기 -
보통주 :
19,500원(390%)
우선주 :
19,550원(391%)
2,919,821
2,924,564
3. 연구및인력개발준비금
5,000,000
6,000,000
4. 시설적립금
1,169,732
1,591,809
Ⅲ. 차기이월미처분이익잉여금
30
30
22. 주당배당금 :
당기 및 전기 중 배당금 산정내역은 다음과 같습니다. 가. 중간배당 (배당기준일 : 2015년과 2014년 6월 30일)
(단위: 백만원)
배당받은주식
보통주
129,312,651주
130,962,651주
우선주
19,603,734주
19,853,734주
배당률(액면가 기준)
20%
10%
배당금액
배당금액
보통주
129,313
65,481
우선주
19,603
9,927
계
148,916
75,408
나. 기말배당 (배당기준일 : 2015년과 2014년 12월 31일)
(단위: 백만원)
배당받을주식
보통주
127,396,848주
130,204,596주
우선주
18,547,833주
19,722,484주
배당률(액면가 기준)
보통주
400%
390%
우선주
401%
391%
배당금액
보통주
2,547,937
2,538,990
우선주
371,884
385,574
계
2,919,821
2,924,564
23. 기타자본항목 :
가. 보고기간종료일 현재 기타자본항목의 내역은 다음과 같습니다.
(단위: 백만원)
자기주식
(13,442,379)
(8,429,313)
주식선택권
-
806
매도가능금융자산평가손익
597,429
1,222,820
순확정급여부채 재측정요소
(1,441,584)
(1,666,632)
기타
1,760,408
1,759,048
계
(12,526,126)
(7,113,271)
나. 자기주식
회사는 기명식보통주식 및 무의결권우선주식을 취득하여 기타자본항목으로 계상하고 있으며, 향후 이익소각 등의 목적에 사용할 예정입니다. 보고기간종료일 현재 자기주식의 내역은 다음과 같습니다.
(단위: 주,백만원)
주식수
19,902,489
4,285,594
17,094,741
3,110,943
취득가액
11,377,539
2,064,840
7,673,549
755,764
24.
주식기준보상
:
회사는 설립ㆍ경영ㆍ해외영업 또는 기술혁신 등에 기여하거나 기여할 수 있는 임직원을 대상으로 주식선택권을 주주총회의 특별결의 또는 이사회의 결의에 의하여 부여할 수 있습니다. 2005년 12월 20일 이후로는 주식선택권을 부여하지 않고 있으며, 보고기간종료일 현재 모든 주식선택권은 행사가능기간이 종료되었습니다. 주식선택권에 대한 주요 부여조건과 당기말 현재 발행 내역은 다음과 같습니다. ㆍ주식선택권으로 발행할 주식의 종류 : 기명식 보통주식 ㆍ부여방법 : 보통주 신주발행교부(자기주식 지급도 가능) ㆍ행사가능조건 : 부여일 이후 2년 이상 회사의 임직원으로 재직한 자 ㆍ주식선택권으로 발행할 주식의 수량과 1주당 행사가격 (퇴직 등의 사유로 소멸된 주식선택권 제외 후)
부여수량
590,000
10,000
소멸수량
53,061
-
전기초 이전 행사수량
489,409
5,000
전기초 미행사수량
47,530
5,000
전기 행사수량
47,530
-
당기 행사수량
-
5,000
당기말 미행사수량
-
-
부 여 일
2004.4.16
2005.12.20
결 의 기 관
이사회
이사회
행 사 가 격
580,300원
606,700원
당기 행사분의 행사일 가중평균주가
-
1,284,000원
행사가능기간
2006.4.17~ 2014.4.16
2007.12.21~ 2015.12.20
25. 비용의 성격별 분류 :
당기 및 전기 중 비용의 성격별 분류 내역은 다음과 같습니다.
(단위: 백만원)
제품 및 재공품 등의 변동
(1,240,835)
32,200
원재료 등의 사용액 및 상품 매입액 등
75,270,960
74,424,665
급여
9,392,523
9,303,132
퇴직급여
862,227
913,887
감가상각비
10,089,748
9,219,362
무형자산상각비
1,000,538
891,528
복리후생비
1,700,054
1,443,420
지급수수료
3,450,096
3,973,538
기타비용
21,281,519
23,698,821
계(*)
121,806,830
123,900,553
(*) 손익계산서 상의 매출원가 및 판매비와관리비를 합한 금액입니다.
26. 판매비와관리비 :
당기 및 전기 중 판매비와관리비 내역은 다음과 같습니다.
(단위: 백만원)
(1) 판매비와관리비
급여
1,795,010
1,744,060
퇴직급여
161,681
186,627
지급수수료
3,450,096
3,973,538
감가상각비
301,743
277,761
무형자산상각비
137,028
270,239
광고선전비
586,030
734,815
판매촉진비
1,143,870
1,272,946
운반비
587,136
694,515
애프터서비스비
577,794
699,563
기타판매비와관리비
1,799,573
2,041,840
소계
10,539,961
11,895,904
(2) 경상연구개발비
연구개발 총지출액
12,750,592
13,755,937
개발비 자산화
(1,143,059)
(940,001)
소계
11,607,533
12,815,936
계
22,147,494
24,711,840
27. 기타수익
및 기타비용 :
당기 및 전기 중 기타수익 및 기타비용의 내역은 다음과 같습니다.
(단위: 백만원)
(1) 기타수익
배당금수익
570,696
2,524,861
임대료수익
90,416
86,315
투자자산처분이익
60,326
80,712
유형자산처분이익
191,254
98,639
매각예정분류자산처분이익
336,777
-
기타
293,721
716,776
계
1,543,190
3,507,303
(2) 기타비용
유형자산처분손실
45,766
103,405
기부금
374,843
315,752
무형자산손상차손
155,980
56,659
기타
215,469
231,113
계
792,058
706,929
28. 금융수익 및 금융비용 :
가. 당기 및 전기 중 금융수익과 금융비용의 내역은 다음과 같습니다.
(단위: 백만원)
(1) 금융수익
이자수익
726,410
948,261
- 대여금및수취채권
632,241
861,170
- 매도가능금융자산
94,169
87,091
외환차이
4,190,975
3,310,678
파생상품관련이익
-
30,179
계
4,917,385
4,289,118
(2) 금융비용
이자비용
288,345
224,579
- 상각후원가로 측정하는 금융부채
121,180
138,333
- 기타 금융부채
167,165
86,246
외환차이
4,425,770
3,487,474
파생상품관련손실
-
21,792
계
4,714,115
3,733,845
나. 회사는 외화 거래 및 환산으로 발생한 외환차이를 금융수익 및 금융비용으로 인식하고 있습니다.
29. 법인세비용 :
가. 당기 및 전기 중 법인세비용의 주요 구성내역은 다음과 같습니다.
(단위: 백만원)
1. 당기법인세
기간손익에 대한 당기법인세
3,209,758
3,940,377
당기에 인식한 조정사항
6,975
14,830
2. 이연법인세
세액공제의 이월로 인한 이연법인세변동액
220,393
634,775
일시적차이로 인한 이연법인세변동액
(1,322,544)
(1,896,868)
3. 자본에 직접 부가되는 법인세부담액
(434)
(4,254)
법인세비용
2,114,148
2,688,860
나. 회사의 법인세비용차감전순이익에 대한 법인세비용과 적용세율을 사용하여 이론적으로 계산된 금액과의 차이는 다음과 같습니다.
(단위: 백만원)
법인세비용차감전순이익
14,352,617
17,280,641
적용세율에 따른 법인세비용(*)
3,473,333
4,181,915
조정사항
세무상 과세되지 않는 수익
(26,860)
(42,082)
세무상 차감되지 않는 비용
90,927
259,037
세액공제
(571,441)
(1,777,805)
기타
(851,811)
67,795
법인세비용
2,114,148
2,688,860
(*) 보고기간종료일 현재 제정된 세법에서 규정한 법정세율을 적용하여 산정하였습니다.
29. 법인세비용, 계속 :
다. 당기 및 전기 중 누적일시적차이 및 이연법인세자산(부채)의 증감내역은 다음과 같습니다.
(1) 당기
(단위: 백만원)
일시적차이로 인한 이연법인세
조세특례제한법상준비금
(14,368)
7,000
(7,368)
(3,477)
1,694
(1,783)
토지재평가
(3,475,692)
19,734
(3,455,958)
(841,117)
4,775
(836,342)
종속기업, 관계기업 및 공동기업 투자
(3,133,334)
81,894
(3,051,440)
(624,408)
32,695
(591,713)
감가상각누계액 등
68,173
(19,911)
48,262
16,498
(4,819)
11,679
미수수익
(409,422)
166,388
(243,034)
(99,080)
40,266
(58,814)
충당부채 및 미지급비용 등
7,715,903
541,450
8,257,353
1,867,248
131,031
1,998,279
외화평가조정
94,774
43,493
138,267
22,935
10,526
33,461
자산손상
330,477
71,767
402,244
79,975
17,368
97,343
퇴직급여
(3,016,051)
711,206
(2,304,845)
(729,884)
172,112
(557,772)
분할시투자주식평가증(*)
10,586,822
-
10,586,822
-
-
-
기타
(2,253,598)
3,807,057
1,553,459
(473,239)
916,896
443,657
소 계
6,493,684
5,430,078
11,923,762
(784,549)
1,322,544
537,995
세액공제로 인한 이연법인세
세액공제이월액
333,709
(263,346)
70,363
286,393
(220,393)
66,000
자본에 직접 가감하는 이연법인세
매도가능금융자산평가이익 등
(1,645,871)
826,311
(819,560)
(398,301)
199,967
(198,334)
보험수리적평가
2,198,723
(296,897)
1,901,826
532,091
(71,849)
460,242
소 계
552,852
529,414
1,082,266
133,790
128,118
261,908
계
865,903
29. 법인세비용, 계속 :
(2) 전기
(단위: 백만원)
일시적차이로 인한 이연법인세
조세특례제한법상준비금
(27,785)
13,417
(14,368)
(6,724)
3,247
(3,477)
토지재평가
(3,476,104)
412
(3,475,692)
(841,217)
100
(841,117)
종속기업, 관계기업 및 공동기업 투자
(3,461,074)
327,740
(3,133,334)
(685,444)
61,036
(624,408)
감가상각누계액 등
63,462
4,711
68,173
15,358
1,140
16,498
미수수익
(318,375)
(91,047)
(409,422)
(77,047)
(22,033)
(99,080)
충당부채 및 미지급비용 등
8,037,743
(321,840)
7,715,903
1,945,134
(77,886)
1,867,248
외화평가조정
(198,655)
293,429
94,774
(48,074)
71,009
22,935
자산손상
166,030
164,447
330,477
40,179
39,796
79,975
퇴직급여
(750,604)
(2,265,447)
(3,016,051)
(181,646)
(548,238)
(729,884)
분할시투자주식평가증(*)
10,586,822
-
10,586,822
-
-
-
기타
(12,025,815)
9,772,217
(2,253,598)
(2,841,936)
2,368,697
(473,239)
소 계
(1,404,355)
7,898,039
6,493,684
(2,681,417)
1,896,868
(784,549)
세액공제로 인한 이연법인세
세액공제이월액
880,313
(546,604)
333,709
921,168
(634,775)
286,393
자본에 직접 가감하는 이연법인세
매도가능금융자산평가이익 등
(2,244,941)
599,070
(1,645,871)
(543,276)
144,975
(398,301)
보험수리적평가
1,443,613
755,110
2,198,723
349,354
182,737
532,091
소 계
(801,328)
1,354,180
552,852
(193,922)
327,712
133,790
계
(364,366)
(*) 과거 LCD 사업부문 분할로 인하여 교부받은 삼성디스플레이 투자주식에 대한 세무상 장부가액과 회계상 장부가액의 차이입니다. 보고기간종료일 현재 회사는 향후 삼성디스플레이주식을 처분하지 않을 예정이므로, 동 투자주식의 차감할 일시적 차이가 예측가능한 미래에 소멸할 가능성이 높지 않을 것으로 보아 이연법인세자산을 인식하지 아니하였습니다.
29. 법인세비용, 계속 :
라. 보고기간종료일 현재 이연법인세자산 및 부채의 장단기 구분은 다음과 같습니다.
(단위: 백만원)
12개월 이내에 결제될 이연법인세자산(부채)
1,380,678
935,016
12개월 이후에 결제될 이연법인세자산(부채)
(514,775)
(1,299,382)
계
865,903
(364,366)
30. 주당이익 :
가. 기본주당순이익 당기 및 전기 중 기본주당이익 산정내역은 다음과 같습니다. (1) 보통주
(단위: 백만원, 천주)
당기순이익
12,238,469
14,591,781
당기순이익 중 보통주 해당분
10,681,617
12,671,410
÷ 가중평균유통보통주식수
129,190
130,924
기본 보통주 주당이익(단위: 원)
82,682
96,784
(2) 우선주
(단위: 백만원, 천주)
당기순이익
12,238,469
14,591,781
당기순이익 중 우선주 해당분
1,556,852
1,920,371
÷ 가중평균유통우선주식수
19,519
19,849
기본 우선주 주당이익(단위: 원)
79,762
96,749
30. 주당이익, 계속 : 나. 희석주당순이익 회사가 보유하고 있는 희석성 잠재적보통주로는 주식선택권이 있으며 희석주당순이익은 모든 희석성 잠재적보통주가 보통주로 전환된다고 가정하여 조정한 가중평균 유통보통주식수를 적용하여 산정하고 있습니다. 당기 및 전기 중 희석주당이익 산정내역은 다음과 같습니다. (1) 보통주
(단위: 백만원, 천주)
보통주 희석순이익
10,681,618
12,671,474
÷ 가중평균된 유통보통주식수와 희석성 잠재적보통주의 합산 주식수
129,192
130,933
희석 보통주 주당이익(단위: 원)
82,680
96,779
(2) 우선주
(단위: 백만원, 천주)
우선주 희석순이익
1,556,851
1,920,307
÷ 가중평균된 유통우선주식수와 희석성 잠재적우선주의 합산 주식수
19,519
19,849
희석 우선주 주당이익(단위:원)
79,762
96,746
31. 현금흐름표 :
가. 당기 및 전기 중 영업활동현금흐름의 조정내역 및 영업활동으로 인한 자산부채의 변동은 다음과 같습니다. - 조정내역
(단위: 백만원)
1. 법인세비용
2,114,148
2,688,860
2. 금융수익
(1,139,219)
(1,326,674)
3. 금융비용
794,986
681,752
4. 퇴직급여
862,227
913,887
5. 감가상각비
10,089,748
9,219,362
6. 무형자산상각비
1,000,538
891,528
7. 대손상각비 등
156,525
276,343
8. 배당금수익
(570,696)
(2,524,861)
9. 유형자산처분이익
(191,254)
(98,639)
10. 유형자산처분손실
45,766
103,405
11. 무형자산손상차손
155,980
56,659
12. 재고자산평가손실 등
287,739
446,394
13. 투자자산처분이익
(60,326)
(80,712)
14. 매각예정분류자산처분이익
(336,777)
-
15. 기타 수익, 비용
(121,923)
(352,580)
계
13,087,462
10,894,724
31. 현금흐름표, 계속 : - 영업활동으로 인한 자산부채의 변동
(단위: 백만원)
1. 매출채권의 증가
(1,211,194)
(1,348,246)
2. 미수금의 (증가)감소
(246,935)
513,161
3. 선급금의 (증가)감소
(128,192)
30,300
4. 장단기선급비용의 감소(증가)
437,406
(1,937,426)
5. 재고자산의 증가
(1,314,650)
(125,693)
6. 매입채무의 감소
(775,150)
(1,039,814)
7. 장단기미지급금의 증가
155,782
1,451,830
8. 선수금의 증가(감소)
21,167
(1,758)
9. 예수금의 (감소)증가
(256,963)
84,534
10. 미지급비용의 (감소)증가
(1,219,506)
1,614,044
11. 충당부채의 감소
(121,675)
(674,588)
12. 퇴직금의 지급
(590,134)
(332,498)
13. 사외적립자산의 감소(증가)
98,080
(2,975,072)
14. 기타
(416,998)
109,322
계
(5,568,962)
(4,631,904)
31. 현금흐름표, 계속 : 나. 회사의 현금흐름표는 간접법에 의해 작성되었으며, 당기 및 전기 중 현금의 유입과 유출이 없는 주요한 거래는 다음과 같습니다.
(단위: 백만원)
매도가능금융자산평가
(759,931)
(514,077)
유형자산의 본계정 대체
15,219,072
7,283,986
사채의 유동성 대체
5,666
5,304
종속기업, 관계기업 및 공동기업 투자 매도가능금융자산으로 재분류
-
1,218,610
매도가능금융자산 매각예정분류자산으로 대체
77,073
100,051
종속기업, 관계기업 및 공동기업 투자 매각예정분류자산으로 대체
-
289,507
다. 회사는 거래가 빈번하며 총금액이 크고 단기간에 만기가 도래하는 단기금융상품 및 단기차입금으로 인한 현금의 유입과 유출항목을 순증감액으로 기재하였습니다.
32. 재무위험관리 :
회사의 재무위험관리는 영업활동에서 파생되는 시장위험, 신용위험 및 유동성 위험을 최소화하는데 중점을 두고 있습니다. 회사는 이를 위하여 각각의 위험요인에 대해면밀하게 모니터링하고 대응하는 재무위험관리정책 및 프로그램을 운용하고 있습니다. 재무위험관리는 재경팀이 주관하고 있으며, 사업부, 국내외 종속기업과의 공조 하에주기적으로 재무위험의 측정, 평가 및 헷지 등을 실행하고 글로벌 재무위험관리정책을 수립하여 운영하고 있습니다. 또한, 회사는 해외 지역별 중심지(미국, 영국, 싱가포르, 중국, 브라질, 러시아)에 금융관리요원을 파견하여 지역 금융센터를 운영함으로써, 글로벌 재무위험을 관리하고 있습니다. 회사의 재무위험관리의 주요 대상인 금융자산은 현금 및 현금성자산, 단기금융상품, 매도가능금융자산, 매출채권 및 기타채권 등으로 구성되어 있으며, 금융부채는 매입채무, 차입금, 사채 및 기타채무 등으로 구성되어 있습니다.
32. 재무위험관리, 계속 : 가. 시장위험
(1) 환율변동위험
회사는 글로벌 영업활동을 수행함에 따라 보고통화와 다른 외화 수입, 지출이 발생하고 있습니다. 이로 인해 환율변동위험에 노출되는 환포지션의 주요 통화로는 USD, EUR, JPY, CNY 등이 있습니다. 회사는 영업활동에서 발생하는 환위험의 최소화를 위하여 수출입 등의 경상거래 및 예금, 차입 등의 자금거래시 현지통화로 거래하거나 입금 및 지출 통화를 일치시키는것을 원칙으로 함으로써 환포지션 발생을 최대한 억제하고 있습니다. 회사의 환위험관리 규정에서는 환위험의 정의, 측정주기, 관리주체, 관리절차, 헷지 기간, 헷지 비율 등을 정의하고 있습니다.
회사는 투기적 외환거래는 금지하고 있으며, 글로벌 환관리 시스템을 구축하여 각 개별회사의 환위험을 주기적으로 모니터링, 평가 및 관리하고 있습니다.
보고기간종료일 현재
주요 외화에 대한 환
율
5% 변동을 가정한
외화금융자산 및 외화금융부채의 환율변동위험은 다음과 같습니다.
(단위: 백만원)
USD
(168,586)
168,586
134,051
(134,051)
EUR
(12,525)
12,525
53,007
(53,007)
JPY
(7,583)
7,583
(1,254)
1,254
32. 재무위험관리, 계속 : (2) 주가변동위험
회사는 전략적 목적 등으로 매도가능금융자산으로 분류된 지분증권에 투자하고 있습니다. 이를 위하여 직접적 또는 간접적 투자수단을 이용하고 있습니다.
당기말 및 전기말 현재 지분증권(상장주식)의 주가가 약 1% 변동할 경우 당기 및 전기 기타포괄손익(법인세효과 반영 전)의 변동금액은 각각
31,049
백만원 및 39
,818
백만원입니다.
(3) 이자율변동위험
변동금리부 금융상품의 이자율 변동위험은
시
장
금리 변동으로 인한 재무상태표 항목의 가치변동(공정가치) 위험과 투자 및 재무활동으로부터 발생하는 이자수익, 비용의현금흐름이 변동될 위험으로 정의할 수 있습니다. 이러한 회사의 이자율 변동위험은 주로 예금 및 변동금리부 차입금에서 비롯되며, 회사는 이자율 변동으로 인한 불확실성과 금융비용의 최소화를 위한 정책을 수립 및 운용하고 있습니다.
회사는 지역 및 글로벌 자금 공유 체제를 구축하여 외부차입을 최소화함으로써 이자율변동위험의 발생을 제한하고 있으며, 주기적인 금리동향 모니터링 및 대응방안 수립을 통해 이자율 위험을 관리하고 있습니다.
32. 재무위험관리, 계속 :
나. 신용위험
신용위험은 통상적인 거래 및 투자활동에서 발생하며 고객 또는 거래상대방이 계약조건상 의무사항을 지키지 못하였을 때 발생합니다. 이러한 신용위험을 관리하기 위하
여 고객과 거래상대방의 재무상태와 과거 경험 및 기타 요소들을 고려하여 주기적으로 재무신용도를 평가하고 있으며 고객과 거래상대방 각각에 대한 신용한도를 설정, 관리하고 있습니다.
그리고 위험국가에 소재한 거래선의 매출채권은 보험한도내에서 적절하게 위험 관리되고 있습니다.
신용위험은 금융기관과의 거래에서도 발생할 수 있으며 해당거래는 현금 및 현금성자산, 각종 예금 그리고 파생금융상품 등의 금융상품 거래를 포함합니다. 이러한 위험을 줄이기 위해, 회사는 국제 신용등급이 높은 은행들(S&P A등급 이상)에 대해서만 거래를 하는 것을 원칙으로 하고 있으며, 기존에 거래가 없는 금융기관과의 신규 거래는 재경팀의 승인, 관리, 감독 하에 이루어지고 있습니다. 회사가 체결하는 금융계약은 부채비율 제한 조항, 담보제공, 차입금 회수 등의 제약조건이 없는 계약을 위주로 체결하고 있으며, 기타의 경우 별도의 승인을 받아 거래하도록 되어 있습니다.
당기말 및 전기말 현재 회사의 금융자산 장부금액은 손상차손 차감 후 금액으로 회사의 신용위험 최대노출액을 나타내고 있습니다.
32. 재무위험관리, 계속 : 다. 유동성 위험
회사는 대규모 투자가 많은 사업의 특성상 적정 유동성의 유지가 매우 중요합니다. 회사는 적정 유동성의 유지를 위하여 주기적인 자금수지 예측, 필요 현금수준 추정 및 수입, 지출 관리 등을 통하여 적정 유동성을 유지, 관리하고 있습니다. 이와는 별도로 유동성 위험에 대비하여 회사는 무역금융 및 당좌차월 한도를 확보하고 있습니다. 또한, 대규모 시설투자의 경우에는 내부유보 자금의 활용이나 장기차입을 통하여 조달기간을 매치시켜 유동성 위험을 최소화하고 있습니다.
보고기간종료일 현재 금융부채에 대하여 보고기간종료일로부터 계약만기일까지의 잔여만기에 따라 만기별로 구분된 유동성은 다음과 같습니다.
(1) 당기말
(단위: 백만원)
금융부채
21,687,862
255,959
853,015
1,825,999
408,699
(2) 전기말
(단위: 백만원)
금융부채
18,790,886
631,091
1,739,152
2,555,125
59,203
위의 분석에 포함된 금융부채는 보고기간종료일로부터 계약 만기일까지의 잔여기간에 따라 만기별로 구분되었습니다. 계약 만기일까지의 잔여기간에 따른 만기별 구분에 포함된 현금흐름은 현재가치 할인을 하지 않은 금액입니다.
상기 금융부채 외 종속기업 지급보증 및 이행보증 등으로 노출된 유동성 위험의 최대금액은
11,126,026
백만원
(전기: 10,395,553백만원
)입니다.
32. 재무위험관리, 계속 :
라. 자본위험관리
회사의 자본관리목적은 건전한 자본구조를 유지하는 데 있습니다. 회사는 자본관리지표로 부채비율을 이용하고 있으며 이 비율은 총부채를 총자본으로 나누어 산출하고 있으며 총부채 및 총자본은 재무제표의 금액을 기준으로 계산합니다.
회사의 자본위험관리 정책은 전기와 변동이 없었으며 당기말 현재 회사는
S&P로부터 A+, Moody's로부터 A1 평가등급을 받고
있습니다.
당기말 및 전기말 현재 회사의 부채비율은 다음과 같습니다.
(단위: 백만원)
부 채
32,541,375
31,383,508
자 본
136,428,255
132,677,075
부채비율
23.9%
23.7%
32. 재무위험관리, 계속 : 마. 공정가치 측정 (1) 보고기간종료일 현재 금융상품의 장부금액과 공정가치는 다음과 같습니다.
(단위: 백만원)
금융자산
현금및현금성자산
3,062,960
(*)
1,643,318
(*)
단기금융상품
27,763,589
(*)
26,454,093
(*)
단기매도가능금융자산
3,021,210
3,021,210
2,137,533
2,137,533
매출채권
20,251,464
(*)
18,940,786
(*)
장기매도가능금융자산
3,205,283
3,205,283
7,106,234
7,106,234
기타
3,847,347
3,726,699
4,884,383
4,861,921
소계
61,151,853
61,166,347
금융부채
매입채무
3,887,983
(*)
4,677,527
(*)
단기차입금
7,127,527
(*)
2,928,182
(*)
미지급금
5,834,965
(*)
6,358,319
(*)
유동성장기부채
5,666
(*)
5,304
(*)
사채
62,326
93,661
63,648
84,792
장기미지급금
2,163,903
2,026,498
2,305,055
2,390,956
기타
3,335,895
(*)
6,952,651
(*)
소계
22,418,265
23,290,686
(*) 장부금액이 공정가치의 합리적인 근사치이므로 공정가치 공시에서 제외하였습니다.
32. 재무위험관리, 계속 : (2) 보고기간종료일 현재 공정가치로 측정되는 회사 금융상품의 공정가치 서열체계에 따른 수준별 공시는 다음과 같습니다.
(단위: 백만원)
자 산
단기매도가능금융자산
-
3,021,210
-
3,021,210
장기매도가능금융자산
3,104,942
12,128
88,213
3,205,283
(단위: 백만원)
자 산
단기매도가능금융자산
1,016,878
1,120,655
-
2,137,533
장기매도가능금융자산
3,981,755
3,042,546
81,933
7,106,234
기타
-
-
100,051
100,051
공정가치 측정의 투입변수 특징에 따른 공정가치 서열체계는 다음과 같습니다. ㆍLevel 1 : 동일한 자산이나 부채에 대한 시장 공시가격 ㆍLevel 2 : 시장에서 관측가능한 투입변수를 활용한 공정가치 (단, Level 1에 포함된 공시가격은 제외) ㆍLevel 3 : 관측가능하지 않은 투입변수를 활용한 공정가치
32. 재무위험관리, 계속 : 활성시장에서 거래되는 금융상품의 공정가치는 보고기간종료일 현재 고시되는 시장가격에 기초하여 산정됩니다. 거래소, 판매자, 중개인, 산업집단, 평가기관 또는 감독기관을 통해 공시가격이 용이하게 그리고 정기적으로 이용가능하고, 그러한 가격이 독립된 당사자 사이에서 정기적으로 발생한 실제 시장거래를 나타낸다면, 이를 활성시장으로 간주하며, 이러한 상품들은 Level 1에 포함됩니다. Level 1에 포함된 상품들은 대부분 매도가능으로 분류된 상장주식으로 구성됩니다.
활성시장에서 거래되지 아니하는 금융상품의 공정가치는 평가기법을 사용하여 결정하고 있습니다. 이러한 평가기법은 가능한 한 관측가능한 시장정보를 최대한 사용하고 기업고유정보는 최소한으로 사용합니다. 이때, 해당 상품의 공정가치 측정에 요구되는 모든 유의적인 투입변수가 관측가능하다면 해당 상품은 Level 2에 포함됩니다.
만약 하나 이상의 유의적인 투입변수가 관측가능한 시장정보에 기초한 것이 아니라면 해당 상품은 Level 3에 포함됩니다.
회사는 Level 3로 분류되는 공정가치 측정을 포함하여 재무보고 목적의 공정가치를 측정하고 있습니다. 재무보고 일정에 맞추어 공정가치 평가과정 및 그 결과에 대해 협의하고 있고, 공정가치 Level 간 이동을 발생시키는 사건이나 상황의 변동이 일어난 보고기간 말에 Level 변동을 인식하고 있습니다.
금융상품의 공정가치를 측정하는 데에 사용되는 평가기법에는 다음이 포함됩니다.
- 유사한 상품의 공시시장가격 또는 딜러가격
- 파생상품의 공정가치는 보고기간종료일 현재의 선도환율 등을 사용하여 해당 금액을 현재가치로 할인하여 측정
나머지 금융상품에 대해서는 현금흐름의 할인기법 등의 기타 기법을 사용합니다. 유동자산으로 분류된 매출채권 및 기타채권의 경우 장부가액을 공정가치의 합리적인 근사치로 추정하고 있습니다.
32. 재무위험관리, 계속 :
(3) 가치평가기법 및 투입변수
가. 회사는 공정가치 서열체계에서 Level 2로 분류되는 회사채, 국공채, 금융채에 대하여 미래현금흐름을 적정이자율로 할인하는 현재가치법을 사용하고 있습니다.
나. Level 3로 분류된 주요 금융상품에 대하여 사용된 가치평가기법과 투입변수는
다음과 같습니다.
(단위 : 백만원)
태원전기산업
15,860
현금흐름할인법
영구성장률
-1.00%~1.00%(0%)
가중평균자본비용
7.29%~9.29%(8.28%)
삼성벤처투자
7,207
현금흐름할인법
영구성장률
-1.00%~1.00%(0%)
가중평균자본비용
11.37%~13.37%(12.37%)
32. 재무위험관리, 계속 :
(4) Level 3에 해당하는 금융상품의 변동내역
(단위: 백만원)
기초잔액
181,984
288,170
매입
9,554
11,139
매도 등
(2,661)
(1,842)
당기손익으로 인식된 손익
-
(53,053)
기타포괄손익으로 인식된 손익
(613)
(29,272)
기타
(100,051)
(33,158)
기말잔액
88,213
181,984
32. 재무위험관리, 계속 :
(5) Level 3로 분류된 반복적인 공정가치 측정치의 민감도분석 금융상품의 민감도분석은 통계적 기법을 이용한 관측 불가능한 투입변수의 변동에 따른 금융상품의 가치 변동에 기초하여 유리한 변동과 불리한 변동으로 구분하여 이루어집니다. 그리고 공정가치가 두 개 이상의 투입변수에 영향을 받는 경우에는 가장 유리하거나 또는 가장 불리한 금액을 바탕으로 산출됩니다. 민감도 분석 대상인 Level 3으로 분류되는 각 상품별 투입변수의 변동에 따른
기타포괄손익효과(법인세효과 반영 전)에 대한
민감도분석 결과는 다음과 같습니다
.
(단
위 : 백만원)
매도가능금융자산(*)
-
5,418
-
(3,449)
(*) 지분증권은 주요 관측불가능한 투입변수인 성장률(-1%~1%)과 할인
율 사이의 상관관계를 증가 또는 감소시킴으로써 공정가치 변동을 산출하고 있습니다
.
32. 재무위험관리, 계속 : (6) 보고기간종료일 현재 공정가치로 측정되지는 않으나 공정가치가 공시되는 자산과 부채의 공정가치 서열체계에 따른 수준별 현황은 다음과 같습니다.
(단위: 백만원)
(1) 자 산
기타
3,847,347
-
3,726,699
-
3,726,699
(2) 부 채
사채
62,326
-
93,661
-
93,661
장기미지급금
2,163,903
-
2,026,498
-
2,026,498
(단위: 백만원)
(1) 자 산
기타
4,784,332
-
4,761,870
-
4,761,870
(2) 부 채
사채
63,648
-
84,792
-
84,792
장기미지급금
2,305,055
-
2,390,956
-
2,390,956
보고기간말 현재 공정가치로 측정되지는 않으나 공정가치가 공시되는 자산과 부채 중 공정가치 서열체계에 Level 2로 분류된 항목은 미래현금흐름을 적정이자율로 할인하는 현재가치법을 사용하고 있습니다.
33. 특수관계자와의 거래 :
가. 지배, 종속관계 보고기간종료일 현재 회사의 종속기업은 다음과 같습니다.
국내
삼성디스플레이
디스플레이 제조 및 판매
84.8
에스유머티리얼스
디스플레이 부품 생산
50
스테코
반도체 부품생산
70
세메스
반도체/FPD제조장비
91.5
삼성전자서비스
전자제품 수리서비스
99.3
삼성전자판매
전자제품 판매
100
삼성전자로지텍
종합물류대행
100
삼성메디슨
의료기기
68.5
SVIC 14호 신기술투자조합
신기술사업자, 벤처기업 투자
99
SVIC 20호 신기술투자조합
신기술사업자, 벤처기업 투자
99
SVIC 21호 신기술투자조합
신기술사업자, 벤처기업 투자
99
SVIC 22호 신기술투자조합
신기술사업자, 벤처기업 투자
99
SVIC 23호 신기술투자조합
신기술사업자, 벤처기업 투자
99
SVIC 26호 신기술투자조합
신기술사업자, 벤처기업 투자
99
SVIC 27호 신기술투자조합
신기술사업자, 벤처기업 투자
99
SVIC 28호 신기술투자조합
신기술사업자, 벤처기업 투자
99
SVIC 29호 신기술투자조합
신기술사업자, 벤처기업 투자
99
(*) 종속기업 보유 지분율을 포함한 의결권 있는 주식 기준입니다.
33. 특수관계자와의 거래, 계속 :
미주
Samsung Electronics America(SEA)
전자제품 판매
100
NexusDX(Nexus)
의료기기
100
Samsung Receivables(SRC)
채권관리
100
NeuroLogica
의료기기
100
Samsung Semiconductor(SSI)
반도체/디스플레이 판매
100
Samsung Electronics Canada(SECA)
전자제품 판매
100
Samsung Research America(SRA)
R&D
100
Grandis
R&D
100
Samsung Mexicana(SAMEX)
전자제품 생산
100
Samsung International(SII)
TV/모니터 생산
100
Samsung Austin Semiconductor(SAS)
반도체 생산
100
Samsung Electronics Mexico(SEM)
전자제품 판매
99.9
SEMES America(SEMESA)
반도체 장비
100
Samsung Electronics Digital Appliance Mexico(SEDAM)
전자제품 생산
99.9
Samsung Electronics Latinoamerica Miami(SEMI)
전자제품 판매
100
Samsung Electronics Latinoamerica(SELA)
전자제품 판매
100
Samsung Electronics Venezuela(SEVEN)
마케팅 및 서비스
100
Samsung Electronica Colombia(SAMCOL)
전자제품 판매
100
Samsung Electronics Panama(SEPA)
컨설팅
100
Samsung Electronica da Amazonia(SEDA)
전자제품 생산 및 판매
100
Samsung Electronics Argentina(SEASA)
마케팅 및 서비스
100
Samsung Electronics Chile(SECH)
전자제품 판매
100
Samsung Electronics Peru(SEPR)
전자제품 판매
100
RT SV CO-INVEST(RT-SV)
벤처기업 투자
99.9
Quietside
에어컨공조 판매
100
SmartThings
스마트홈기기 판매
100
PrinterOn
프린팅솔루션 판매
100
PrinterOn America
프린팅솔루션 판매
100
Simpress
프린팅솔루션 판매
100
Samsung Pay(구 LoopPay)
모바일 결제 개발 및 서비스
100
YESCO Electronics
LED 디스플레이 제조 및 판매
100
Beijing Integrated Circuit Industry International Fund (Beijing Fund)
벤처기업 투자
99
Stellus Technologies
서버용 반도체 스토리지 시스템 제조 및 판매
100
(*) 종속기업 보유 지분율을 포함한 의결권 있는 주식 기준입니다.
33. 특수관계자와의 거래, 계속 :
유럽/CIS
Samsung Electronics (UK)(SEUK)
전자제품 판매
100
Samsung Electronics Holding(SEHG)
Holding Company
100
Samsung Semiconductor Europe GmbH(SSEG)
반도체/디스플레이 판매
100
Samsung Electronics GmbH(SEG)
전자제품 판매
100
Samsung Electronics Iberia(SESA)
전자제품 판매
100
Samsung Electronics France(SEF)
전자제품 판매
100
Samsung Electronics Hungarian(SEH)
전자제품 생산 및 판매
100
Samsung Electronics Czech and Slovak(SECZ)
전자제품 판매
100
Samsung Electronics Italia(SEI)
전자제품 판매
100
Samsung Electronics Europe Logistics(SELS)
물류
100
Samsung Electronics Benelux(SEBN)
전자제품 판매
100
Samsung Display Slovakia(SDSK)
디스플레이 임가공
100
Samsung Electronics Romania(SEROM)
전자제품 판매
100
Samsung Electronics Overseas(SEO)
전자제품 판매
100
Samsung Electronics Polska(SEPOL)
전자제품 판매
100
Samsung Electronics Portuguesa(SEP)
전자제품 판매
100
Samsung Electronics Nordic(SENA)
전자제품 판매
100
Samsung Semiconductor Europe(SSEL)
반도체/디스플레이 판매
100
Samsung Electronics Austria(SEAG)
전자제품 판매
100
Samsung Electronics Slovakia(SESK)
TV/모니터 생산
100
Samsung Electronics Europe Holding(SEEH)
Holding Company
100
Samsung Electronics Poland Manufacturing(SEPM)
가전제품 생산
100
Samsung Electronics Greece(SEGR)
전자제품 판매
100
Samsung Nanoradio Design Center(SNDC)
R&D
100
(*) 종속기업 보유 지분율을 포함한 의결권 있는 주식 기준입니다.
33. 특수관계자와의 거래, 계속 :
유럽/CIS
SonoAce Deutschland(SMDE)
의료기기
100
Samsung Electronics Rus(SER)
마케팅
100
Samsung Electronics Rus Company(SERC)
전자제품 판매
100
Samsung Electronics Ukraine(SEU)
마케팅
100
Samsung Electronics Baltics(SEB)
전자제품 판매
100
Samsung Electronics Ukraine Company(SEUC)
전자제품 판매
100
Samsung R&D Institute Rus(SRR)
R&D
100
Samsung Electronics Kazakhstan(SEK)
마케팅
100
Samsung Electronics Central Eurasia(SECE)
전자제품 판매
100
Samsung Electronics Rus Kaluga(SERK)
TV 생산
100
Samsung Russia Service Centre(SRSC)
서비스
100
Samsung Electronics(London) Limited(SEL)
Holding Company
100
Samsung Denmark Research Center(SDRC)
R&D
100
Samsung France Research Center(SFRC)
R&D
100
Samsung Cambridge Solution Centre(SCSC)
R&D
100
Samsung Electronics Switzerland GmbH(SESG)
전자제품 판매
100
PrinterOn Europe
프린팅솔루션 판매
100
Samsung Electronics Caucasus(SECC)
마케팅
100
중동 및 아프리카
Samsung Electronics West Africa(SEWA)
마케팅
100
Samsung Electronics East Africa(SEEA)
마케팅
100
Samsung Gulf Electronics(SGE)
전자제품 판매
100
Samsung Electronics Egypt(SEEG)
전자제품 생산 및 판매
100
Samsung Electronics Israel(SEIL)
마케팅
100
Samsung Electronics Tunisia(SETN)
마케팅
100
Samsung Electronics Pakistan(SEPAK)
마케팅
100
Samsung Electronics South Africa(SSA)
전자제품 판매
100
Samsung Electronics Turkey(SETK)
전자제품 판매
100
Samsung Semiconductor Israel R&D Center(SIRC)
R&D
100
Samsung Electronics Levant(SELV)
전자제품 판매
100
Samsung Electronics Maghred Arab(SEMAG)
전자제품 판매
100
Samsung Electronics South Africa Production(SSAP)
TV/모니터 생산
100
(*) 종속기업 보유 지분율을 포함한 의결권 있는 주식 기준입니다.
33. 특수관계자와의 거래, 계속 :
아시아 (중국제외)
Samsung Japan(SJC)
전자제품 판매
100
Samsung R&D Institute Japan(SRJ)
R&D
100
Samsung Electronics Japan(SEJ)
전자제품 판매
100
Samsung Electronics Display (M)(SDMA)
전자제품 생산 및 판매
100
Samsung Electronics (M)(SEMA)
가전제품 생산
100
Samsung Vina Electronics(SAVINA)
전자제품 생산 및 판매
100
Samsung Asia Private(SAPL)
전자제품 판매
100
Samsung India Electronics(SIEL)
전자제품 생산 및 판매
100
Samsung R&D Institute India-Bangalore(SRI-B)
R&D
100
Samsung Electronics Australia(SEAU)
전자제품 판매
100
Samsung Electronics Indonesia(SEIN)
전자제품 생산 및 판매
100
Samsung Telecommunications Indonesia(STIN)
통신시스템 판매 및 서비스
100
Thai Samsung Electronics(TSE)
전자제품 생산 및 판매
91.8
Samsung Electronics Philippines(SEPCO)
전자제품 판매
100
Samsung Malaysia Electronics(SME)
전자제품 판매
100
Samsung R&D Institute Bangladesh(SRBD)
R&D
100
Samsung Electronics Vietnam(SEV)
전자제품 생산
100
Samsung Telecommunications Malaysia(STM)
통신시스템 서비스
100
Samsung Electronics Vietnam THAINGUYEN(SEVT)
통신제품 생산
100
Samsung Medison India(SMIN)
의료기기
100
Samsung Electronics New Zealand(SENZ)
전자제품 판매
100
Samsung Display Vietnam(SDV)
디스플레이 생산
100
Samsung Electronics HCMC CE Complex(SEHC)
CE 생산
100
Future Technology & Service
반도체 설계
100
(*) 종속기업 보유 지분율을 포함한 의결권 있는 주식 기준입니다.
33. 특수관계자와의 거래, 계속
:
중국
Samsung Display Dongguan(SDD)
디스플레이 생산
100
Samsung Display Tianjin(SDT)
디스플레이 생산
95
Samsung Electronics Hong Kong(SEHK)
전자제품 판매
100
Suzhou Samsung Electronics(SSEC)
가전제품 생산
88.3
Samsung Suzhou Electronics Export(SSEC-E)
가전제품 생산
100
Samsung (China) Investment(SCIC)
전자제품 판매
100
Samsung Mobile R&D Center China-Guangzhou (SRC-Guangzhou)
R&D
100
Samsung Tianjin Mobile Development Center(STMC)
R&D
100
Samsung R&D Institute China-Shenzhen(SRC-Shenzhen)
R&D
100
Samsung Electronics Suzhou Semiconductor(SESS)
반도체 임가공
100
Samsung Electronics (Shandong) Digital Printing(SSDP)
프린터 생산
100
Samsung Electronics Huizhou(SEHZ)
전자제품 생산
99.9
Tianjin Samsung Electronics(TSEC)
TV/모니터 생산
91.2
Samsung Electronics Taiwan(SET)
전자제품 판매
100
Beijing Samsung Telecom R&D Center(BST)
R&D
100
Tianjin Samsung Telecom Technology(TSTC)
통신제품 생산
90
Shanghai Samsung Semiconductor(SSS)
반도체/디스플레이 판매
100
Samsung Electronics Suzhou Computer(SESC)
전자제품 생산
100
Samsung Suzhou Module(SSM)
디스플레이 임가공
100
Samsung Suzhou LCD(SSL)
디스플레이 생산
60
Shenzhen Samsung Electronics Telecommunication(SSET)
통신제품 생산
95
Samsung Electronics Shanghai Telecommunication(SSTC)
통신 및 네트워크 제품 판매
100
Samsung Semiconductor (China) R&D(SSCR)
R&D
100
Samsung Electronics China R&D Center(SCRC)
R&D
100
Samsung (China) Semiconductor(SCS)
반도체 생산
100
Samsung Electronics (Beijing) Service(SBSC)
서비스
100
Tianjin Samsung LED(TSLED)
LED 생산
100
Tianjin Samsung Opto-Electronics(TSOE)
카메라/캠코더 생산
90
Samsung R&D Institute China-Xian(SRC-Xian)
R&D
100
SEMES(Xian)
반도체 장비
100
(*) 종속기업 보유 지분율을 포함한 의결권 있는 주식 기준입니다.
33. 특수관계자와의 거래, 계속 :
나. 매출ㆍ매입 등 거래 내역
당기 및 전기 중 특수관계자와의 거래내역은 다음과 같습니다. (1) 당기
(단위: 백만원)
종속기업
삼성디스플레이
639,243
2,640
2,468,945
-
Samsung Electronics America(SEA)
28,949,787
-
271,891
-
Samsung (China) Investment(SCIC)
538,430
-
9,039
-
Samsung (China) Semiconductor(SCS)
146,678
159,132
2,610,462
3,093
Samsung Semiconductor(SSI)
17,045,585
-
278,526
-
Samsung Electronics Vietnam(SEV)
3,009,245
2,366
8,167,472
133
Samsung Electronics Europe Holding(SEEH)
1,167
-
-
-
Samsung Electronics Vietnam THAINGUYEN(SEVT)
2,372,753
13,415
9,318,599
69
Samsung Electronics Huizhou(SEHZ)
2,159,283
110
11,362,618
157
Samsung Austin Semiconductor(SAS)
695
11,668
3,052,409
10,629
Samsung Asia Private(SAPL)
1,355,515
-
8,353
-
Shanghai Samsung Semiconductor(SSS)
8,717,379
-
-
-
Samsung India Electronics(SIEL)
2,635,630
1,809
190,986
-
Samsung Electronica da Amazonia(SEDA)
955,467
41
11,440
80
Samsung Suzhou LCD(SSL)
21,155
-
-
-
Tianjin Samsung Telecom Technology(TSTC)
866,538
-
5,141,613
1,615
Samsung Electronics Europe Logistics(SELS)
3,904,676
10
9,253
-
Thai Samsung Electronics(TSE)
2,008,447
-
1,417,518
34
Samsung Electronics Slovakia(SESK)
474,803
-
4,615
-
Samsung Electronics GmbH(SEG)
3,131,187
-
35,322
-
Samsung Display Dongguan(SDD)
362,217
-
-
-
Samsung Electronics Benelux(SEBN)
284,625
-
-
-
Samsung Electronics Hungarian(SEH)
303,712
-
1,117
-
Samsung Electronics Taiwan(SET)
2,717,071
-
1,270
-
Samsung Electronics (UK)(SEUK)
548,949
-
61,348
-
기타
35,451,296
28,605
21,698,086
24,308
종속기업 계
118,601,533
219,796
66,120,882
40,118
33. 특수관계자와의 거래, 계속 :
(단위: 백만원)
관계기업 및 공동기업
삼성에스디에스
31,255
-
1,418,211
156,703
삼성전기
21,706
-
1,114,865
2
삼성카드
49,380
-
14,689
-
기타
194,833
3,526
349,463
28,634
관계기업 및 공동기업 계
297,174
3,526
2,897,228
185,339
그 밖의 특수관계자
삼성물산(*)
8,950
-
99,259
1,323,944
삼성SDI
43,366
20
482,927
8,948
기타
89,260
-
286,702
66,704
그 밖의 특수관계자 계
141,576
20
868,888
1,399,596
(*)
제
일모직은 당기 중 삼성물산을 흡수합병 후 사명을 삼성물산으로 변경하
였습니다.
33. 특수관계자와의 거래, 계속 : (2) 전기
(단위: 백만원)
종속기업
삼성디스플레이
802,934
-
2,666,926
1,463
Samsung Electronics America(SEA)
12,625,057
-
8,170
-
Samsung (China) Investment(SCIC)
755,971
-
9,741
-
Samsung Semiconductor(SSI)
13,432,528
-
235,801
407
Samsung Electronics Europe Holding(SEEH)
1,722
-
-
-
Samsung (China) Semiconductor(SCS)
11,448
82,794
877,508
-
Samsung Electronics Vietnam(SEV)
2,107,558
3,382
12,310,566
1,183
Samsung Austin Semiconductor(SAS)
294
40,692
2,429,796
53,217
Samsung Telecommunications America(STA)
17,984,552
-
244,663
-
Samsung Electronics Huizhou(SEHZ)
1,402,115
-
11,856,829
1,361
Samsung Electronics Vietnam THAINGUYEN(SEVT)
926,470
3,086
4,587,605
-
Samsung Electronica da Amazonia(SEDA)
1,479,617
-
12,453
-
Samsung Asia Private(SAPL)
1,323,833
-
11,512
-
Samsung India Electronics(SIEL)
2,043,478
-
204,332
-
Shanghai Samsung Semiconductor(SSS)
6,810,676
-
-
-
Tianjin Samsung Telecom Technology(TSTC)
1,372,924
-
3,702,903
865
Samsung Electronics Slovakia(SESK)
457,253
1
4,176
-
Samsung Suzhou LCD(SSL)
8,220
-
-
-
Thai Samsung Electronics(TSE)
1,723,724
55
1,779,344
1,343
Samsung Electronics Europe Logistics(SELS)
4,220,655
-
7,944
-
Samsung Electronics Taiwan(SET)
2,994,614
-
1,180
-
Samsung Electronics Hungarian(SEH)
236,956
-
831
2
Samsung Electronics (UK)(SEUK)
1,588,985
-
73,317
-
Samsung Electronics Benelux(SEBN)
648,780
-
-
-
Samsung Electronics GmbH(SEG)
3,102,459
-
54,141
-
기타
42,663,263
13,113
23,147,234
9,372
종속기업 계
120,726,086
143,123
64,226,972
69,213
33. 특수관계자와의 거래, 계속 :
(단위: 백만원)
관계기업 및 공동기업
삼성에스디에스
22,933
-
1,682,403
173,357
삼성전기
22,631
110
1,015,965
-
삼성카드
7,634
-
16,973
170,739
기타
248,741
11,080
439,192
52,305
관계기업 및 공동기업 계
301,939
11,190
3,154,533
396,401
그 밖의 특수관계자
삼성물산(*)
6,308
-
98,227
374,046
삼성SDI
35,911
324,246
496,217
345,835
기타
112,803
-
286,599
-
그 밖의 특수관계자 계
155,022
324,246
881,043
719,881
(*)
제
일모직은 당기 중 삼성물산을 흡수합병 후 사명을 삼성물산으로 변경하
였습니다.
33. 특수관계자와의 거래, 계속 : 다. 채권ㆍ채무잔액 당기말 및 전기말 현재 특수관계자에 대한 채권ㆍ채무잔액은 다음과 같습니다. (1) 당기
(단위: 백만원)
종속기업
삼성디스플레이
33,891
104,432
Samsung Electronics America(SEA)
4,002,270
91,491
Samsung (China) Investment(SCIC)
41,588
982
Samsung (China) Semiconductor(SCS)
47,117
280,356
Samsung Semiconductor(SSI)
3,759,782
62,708
Samsung Electronics Vietnam(SEV)
421,096
240,041
Samsung Electronics Europe Holding(SEEH)
1,203
-
Samsung Electronics Vietnam THAINGUYEN(SEVT)
372,639
240,281
Samsung Electronics Huizhou(SEHZ)
180,951
817,281
Samsung Austin Semiconductor(SAS)
6,284
370,959
Samsung Asia Private(SAPL)
93,915
10,783
Shanghai Samsung Semiconductor(SSS)
1,787,117
1,181
Samsung India Electronics(SIEL)
1,274,392
17,460
Samsung Electronica da Amazonia(SEDA)
104,956
4,231
Samsung Suzhou LCD(SSL)
3,579
-
33. 특수관계자와의 거래, 계속 :
(단위: 백만원)
종속기업
Tianjin Samsung Telecom Technology(TSTC)
367,530
462,285
Samsung Electronics Europe Logistics(SELS)
1,132,173
2,117
Thai Samsung Electronics(TSE)
226,308
87,749
Samsung Electronics Slovakia(SESK)
71,520
1,364
Samsung Electronics GmbH(SEG)
483,552
2,811
Samsung Display Dongguan(SDD)
25,649
-
Samsung Electronics Benelux(SEBN)
66,306
628
Samsung Electronics Hungarian(SEH)
4,304
17
Samsung Electronics Taiwan(SET)
131,759
15,013
Samsung Electronics (UK)(SEUK)
83,265
21,433
기타
4,609,364
1,478,559
종속기업 계(*1)
19,332,510
4,314,162
관계기업 및 공동기업
삼성에스디에스
3,248
262,038
삼성전기
551
121,623
삼성카드
1,104
1,154,974
기타
56,060
62,687
관계기업 계
60,963
1,601,322
그 밖의 특수관계자
삼성물산(*2)
186,200
1,293,898
삼성SDI
89,390
48,409
기타
14,274
66,696
그 밖의 특수관계자 계
289,864
1,409,003
(*1) 상기의 종속기업 채권금액에 대하여 대손충당금 193,325백만원을 계상하고 있으며, 당기에 인식된 대손상각비는 1,608백만원입니다.
(*2)
제
일모직은 당기 중 삼성물산을 흡수합병 후 사명을 삼성물산으로 변경하
였습니다.
33. 특수관계자와의 거래, 계속 : (2) 전기
(단위: 백만원)
종속기업
삼성디스플레이
66,715
170,584
Samsung Electronics America(SEA)
2,048,116
83,574
Samsung (China) Investment(SCIC)
53,257
1,548
Samsung Semiconductor(SSI)
2,557,253
142,030
Samsung Electronics Europe Holding(SEEH)
3,988
-
Samsung (China) Semiconductor(SCS)
31,386
380,942
Samsung Electronics Vietnam(SEV)
315,779
233,287
Samsung Austin Semiconductor(SAS)
19,409
293,235
Samsung Telecommunications America(STA)
3,387,650
72,413
Samsung Electronics Huizhou(SEHZ)
164,206
780,154
Samsung Electronics Vietnam THAINGUYEN(SEVT)
363,275
150,136
Samsung Electronica da Amazonia(SEDA)
206,198
2,707
Samsung Asia Private(SAPL)
80,995
15,062
Samsung India Electronics(SIEL)
984,352
56,825
Shanghai Samsung Semiconductor(SSS)
1,261,644
686
33. 특수관계자와의 거래, 계속 :
(단위: 백만원)
종속기업
Tianjin Samsung Telecom Technology(TSTC)
135,261
362,123
Samsung Electronics Slovakia(SESK)
33,666
14
Samsung Suzhou LCD(SSL)
2,097
-
Thai Samsung Electronics(TSE)
113,326
101,890
Samsung Electronics Europe Logistics(SELS)
236,265
176
Samsung Electronics Taiwan(SET)
215,328
35,799
Samsung Electronics Hungarian(SEH)
28,830
22
Samsung Electronics (UK)(SEUK)
506,524
30,296
Samsung Electronics Benelux(SEBN)
47,032
657
Samsung Electronics GmbH(SEG)
122,230
8,119
기타
6,186,880
2,031,464
종속기업 계(*1)
19,171,662
4,953,743
관계기업 및 공동기업
삼성에스디에스
2,479
319,291
삼성전기
1,412
145,922
삼성카드
2,687
783,887
기타
61,236
75,634
관계기업 계
67,814
1,324,734
그 밖의 특수관계자
삼성물산(*2)
164,962
201,693
삼성SDI
3,674
56,071
기타
14,139
25,659
그 밖의 특수관계자 계
182,775
283,423
(*1) 상기의 종속기업 채권금액에 대하여 대손충당금 191,717백만원을 계상하였으며,
전기에
인식된 대손상각비는 15,795백만원입니다.
(*2)
제
일모직은 당기 중 삼성물산을 흡수합병 후 사명을 삼성물산으로 변경하
였습니다.
33. 특수관계자와의 거래, 계속 :
라. 회사는 당기 중 Samsung (China) Semiconductor 1,176,100백만원, Samsung Electronics America 623,315백만원, Samsung Asia Private 110,860백만원, Samsung Electronica da Amazonia 70,137백만원 등 총 2,201,335백만원(전기: 총 684,112백만원)을 종속기업에 출자하였으며, 삼성바이오로직스 등 관계기업 및 공동기업에 총 133,600백만원(전기: 총 552,191백만원)을 추가로 출자하였습니다.
마. 주요 경영진에 대한 보상
당기 및 전기 중 회사가 주요 경영진(등기임원)에 대한 보상을 위해 비용으로 반영한 금액은 다음과 같습니다.
(단위: 백만원)
단기급여
23,671
26,969
퇴직급여
560
973
기타 장기급여
8,316
7,137
바. 회사는 보고기간종료일 현재 특수관계자의 채무에 대하여 채무보증을 제공하고 있습니다(
주석 19
참조).
34. 매각예정분류(처분자산집단) :
가. 주요 사항
(1) 삼성테크윈 매각 전기 중 회사의 경영진은 보유중인 삼성테크윈주식회사 지분 전부를 주식회사 한화에 매각하기로 결정하였으며, 2015년 6월 중 매각이 완료되었습니다.
(2) 삼성종합화학 매각 전기 중 회사의 경영진은 보유중인 삼성종합화학주식회사 지분 전부를 한화케미칼주식회사 및 한화에너지주식회사에 매각하기로 결정하였으며, 2015년 4월 중 매각이 완료되었습니다. (3) 광소재 사업 매각 전기 중 회사의 경영진은 광소재 사업을 매각하기로 결정하였으며, 이로 인하여 전기말 현재 해당 사업과 관련된 자산 및 부채는 매각예정으로 표시되었습니다. 해당 사업은 주요 사업계열이 아니므로 관련 손익은 전기의 중단영업으로 표시되지 않았습니다. 해당 계약은 2014년 12월 2일 체결되었으며, 2015년 3월 중 매각이 완료되었습니다. (4) 삼성정밀화학 매각 당기중 회사의 경영진은 보유중인 삼성정밀화학주식회사 지분 전부를 롯데케미칼주식회사에 매각하기로 결정하였습니다. 2015년 10월 30일 계약이 체결되었으며 이후실사를 거쳐 2016년 상반기 이내 진행 예정입니다.
34. 매각예정분류(처분자산집단), 계속 : (5) 삼성라이온즈 매각 당기중 회사의 경영진은 보유중인 주식회사삼성라이온즈 지분 전부를 주식회사제일기획에 매각하기로 결정하였습니다. 2015년 12월 11일 계약이 체결되었으며 2016년 1월 중 매각이 완료되었습니다.
나. 매각예정으로 분류한 자산 및 부채의 내역
(단위: 백만원)
매각예정분류자산
매출채권
-
49,192
재고자산
-
5,928
기타유동자산
-
1,578
유형자산
-
15,150
투자자산
77,073
389,558
기타비유동자산
-
277
계
77,073
461,683
매각예정분류부채
유동부채
-
17,740
비유동부채
-
2,519
계
-
20,259
다. 매각예정으로 분류한 기타자본항목의 내역
(단위: 백만원)
매도가능금융자산평가이익
23,797
24,750
35. 보고기간 후 사건 : 가. 자기주식 매입 및 소각 회사는 보고기간종료일 이후 자기주식 49만주(보통주 31만주, 우선주 18만주)를 추가 취득하였으며, 2015년 10월 29일자 이사회 결의에 의거 2015년 12월부터 2016년 1월까지 취득한 자기주식(취득원가 4,257,086백만원) 총 347만주(보통주 223만주, 우선주 124만주)를 2016년 1월 중 이익소각의 방법으로 소각 완료하였습니다. 또한 회사는 2016년 1월 28일자로 이사회에서 자기주식 취득 및 소각을 결의하였습니다. 취득 예정 주식수는 총 263만주(보통주 210만주, 우선주 53만주)이며, 취득 완료 후 즉시 소각 예정입니다. 취득 종료 예상일은 2016년 4월 28일입니다. 나. 삼성카드 지분 매각 회사는 2016년 1월 28일 이사회 결의에 의거 보유중인 삼성카드주식회사 지분 전부를 삼성생명보험주식회사에 매각하였습니다.
내부회계관리제도 검토의견
내부회계관리제도 검토의견
삼성전자주식회사 내부회계관리제도 검토보고서는 삼성전자주식회사의 2015년 12월 31일자로 종료되는 회계연도의 재무제표에 대한 감사업무를 수행하고 회사의 내부회계관리제도를 검토한 결과 주식회사의외부감사에관한법률 제2조의3에 따라 첨부하는 것입니다. 첨부 : 1. 독립된 감사인의 내부회계관리제도 검토보고서 2. 회사의 내부회계관리제도 운영 실태 평가보고서
독립된 감사인의 내부회계관리제도 검토보고서 =========================================
삼성전자주식회사
대표이사 귀하
2016년
2월 25일
우리는 첨부된 삼성전자주식회사의 2015년 12월 31일 현재의 내부회계관리제도의 운영실태평가보고서에 대하여 검토를 실시하였습니다. 내부회계관리제도를 설계, 운영하고 그에 대한 운영실태평가보고서를 작성할 책임은 삼성전자주식회사(이하""회사"")의 경영
진
에게 있으며, 우리의 책임은 동 보고내용에 대하여 검토를 실시하고 검토결과를 보고하는데 있습니다. 회사의 경영
진
은
첨부된 내부회계관리제도 운영실태 평가보고서에서 ""2015년 12월 31일 현재 내부회계관리제도 운영실태 평가결과, 2015년 12월 31일 현재 당사의 내부회계관리제도는 내부회계관리제도 모범규준에 근거하여 볼 때, 중요성의 관점에서 효과적으로 설계되어 운영되고 있다고 판단된다""고 기술하고 있습니다.
우리는 내부회계관리제도 검토기준에 따라 검토를 실시하였습니다. 이 기준은 우리가 중요성의 관점에서 경영
진
이 제시한 내부회계관리제도의 운영실태평가보고서에 대하여 회계감사보다는 낮은 수준의 확신을 얻을 수 있도록 검토절차를 계획하고 실시할 것을 요구하고 있습니다. 검토는 회사의 내부회계관리제도를 이해하고 경영
진
의 내부회계관리제도의 운영실태보고내용에 대한 질문 및 필요하다고 판단되는 경우제한적 범위 내에서 관련 문서의 확인 등의 절차를 포함하고 있습니다. 회사의 내부회계관리제도는 신뢰할 수 있는 회계정보의 작성 및 공시를 위하여 한국채택국제회계기준에 따라 작성한 재무제표의 신뢰성에 대한 합리적인 확신을 줄 수 있도록 제정한 내부회계관리규정과 이를 관리ㆍ운영하는 조직을 의미합니다. 그러나내부회계관리제도는 내부회계관리제도의 본질적인 한계로 인하여 재무제표에 대한 중요한 왜곡표시를 적발하거나 예방하지 못할 수 있습니다. 또한, 내부회계관리제도의 운영실태보고 내용을 기초로 미래기간의 내용을 추정시에는 상황의 변화 혹은 절차나 정책이 준수되지 않음으로써 내부회계관리제도가 부적절하게 되어 미래기간에 대한 평가 및 추정내용이 달라질 위험에 처할 수 있다는 점을 고려하여야 합니다.
경영
진
의 내부회계관리제도 운영실태평가보고서에 대한 우리의 검토결과, 상기 경영
진
의 운영실태보고 내용이 중요성의 관점에서 내부회계관리제도 모범규준의 규정에 따라 작성되지 않았다고 판단하게 하는 점이 발견되지 아니하였습니다. 우리의 검토는 2015년 12월 31일 현재의 내부회계관리제도를 대상으로 하였으며 2015년 12월 31일 이후의 내부회계관리제도는 검토하지 않았습니다. 본 검토보고서는 주식회사 외부감사에 관한 법률에 근거하여 작성된 것으로서 기타 다른 목적이나 다른 이용자를 위하여는 적절하지 않을 수 있습니다.
삼 일 회 계 법 인 대 표 이 사 안 경 태
'15년 내부회계관리제도 운영실태 보고 결재스캔.jpg
2015년 내부회계관리제도 운영 실태 보고
2015년 내부회계관리제도 운영 실태 보고
외부감사 실시내용
외부감사 실시내용
「주식회사의 외부감사에 관한 법률」제7조의2의 규정에 의하여 외부감사 실시내용을 첨부합니다.
1. 감사대상업무
회 사 명
삼성전자주식회사
감사대상 사업연도
2015.01.01
부터
2015.12.31
까지
2. 감사참여자 구분별 인원수 및 감사시간
(단위 : 명, 시간)
감사참여자 ＼ 인원수 및 시간
품질관리 검토자 (심리실 등)
감사업무 담당 회계사
전산감사ㆍ 세무ㆍ 가치평가 등 전문가
합계
담당이사 (업무수행이사)
등록 공인회계사
수습 공인회계사
투입 인원수
2
1
39
12
52
106
투입시간
분ㆍ반기검토
30
225
15,109
4,163
5,298
24,825
감사
118
209
11,935
1,897
4,944
19,103
합계
148
434
27,044
6,060
10,242
43,928
3. 주요 감사실시내용
구 분
내 역
전반감사계획 (감사착수단계)
수행시기
2015.5.18 ~ 6.5 2015.8.17 ~ 10.11
54
일
주요내용
감사경험, 회사 및 산업에 대한 전반적 이해를 바탕으로 감사위험 평가 및 감사절차의 성격, 시기 및 범위 등을 결정
현장감사 주요내용
수행시기
투입인원
주요 감사업무 수행내용
상주
비상주
2015.6.24 ~ 7.31
28
일
19
명
4
명
시스템 및 내부통제감사
2015.12.7 ~ 12.23
13
일
37
명
13
명
조기입증감사
2016.1.4 ~ 1.28
21
일
33
명
19
명
조회확인 등 입증절차 업데이트
2016.1.29 ~ 2.25
20
일
24
명
18
명
재무제표검증 및 감사종결절차 수행
재고자산실사(입회)
실사(입회)시기
2015.11.30 / 12.1
2
일
실사(입회)장소
수원, 기흥, 구미, 광주 사업장 등
실사(입회)대상
원재료, 재공품, 제품 등
금융자산실사(입회)
실사(입회)시기
2016.1.7
1
일
실사(입회)장소
서초, 기흥 사업장
실사(입회)대상
현금, 유가증권 등
외부조회
금융거래조회
O
채권채무조회
O
변호사조회
O
기타조회
타처보관재고자산조회 등
지배기구와의 커뮤니케이션
커뮤니케이션 횟수
4
회
수행시기
2015.4.28 / 2015.7.29 / 2015.10.28 / 2016.1.27",72103,/Users/june_kim/samsung_audit_nlp/data/raw/감사보고서_2015.htm,2026-03-31T07:17:32.016402+00:00
15,2016,감사의견,"우리의 의견으로는 회사의 재무제표는 삼성전자주식회사의 2016년 12월 31일과 2015년 12월 31일 현재의 재무상태, 동일로 종료되는 양 보고기간의 재무성과 및 현금흐름을 한국채택국제회계기준에 따라 중요성의 관점에서 공정하게 표시하고 있습니다.
우리의 의견으로는 회사의 재무제표는 삼성전자주식회사의 2016년 12월 31일과 2015년 12월 31일 현재의 재무상태, 동일로 종료되는 양 보고기간의 재무성과 및 현금흐름을 한국채택국제회계기준에 따라 중요성의 관점에서 공정하게 표시하고 있습니다.",279,/Users/june_kim/samsung_audit_nlp/data/raw/감사보고서_2016.htm,2026-03-31T07:17:32.223296+00:00
16,2016,감사의견근거,"우리의 책임은 우리가 수행한 감사를 근거로 해당 재무제표에 대하여 의견을 표명하는데 있습니다. 우리는 대한민국의 회계감사기준에 따라 감사를 수행하였습니다. 이 기준은 우리가 윤리적 요구사항을 준수하며 재무제표에 중요한 왜곡표시가 없는지에대한 합리적인 확신을 얻도록 감사를 계획하고 수행할 것을 요구하고 있습니다. 감사는 재무제표의 금액과 공시에 대한 감사증거를 입수하기 위한 절차의 수행을 포함합니다. 절차의 선택은 부정이나 오류로 인한 재무제표의 중요한 왜곡표시위험에 대한 평가 등 감사인의 판단에 따라 달라집니다. 감사인은 이러한 위험을 평가할 때, 상황에 적합한 감사절차를 설계하기 위하여 기업의 재무제표 작성 및 공정한 표시와관련된 내부통제를 고려합니다. 그러나 이는 내부통제의 효과성에 대한 의견을 표명하기 위한 것이 아닙니다. 감사는 또한 재무제표의 전반적 표시에 대한 평가뿐 아니라, 재무제표를 작성하기 위하여 경영진이 적용한 회계정책의 적합성과 경영진이 도출한 회계추정치의 합리성에 대한 평가를 포함합니다.
우리가 입수한 감사증거가 감사의견을 위한 근거로서 충분하고 적합하다고 우리는 믿습니다.",564,/Users/june_kim/samsung_audit_nlp/data/raw/감사보고서_2016.htm,2026-03-31T07:17:32.223296+00:00
17,2016,핵심감사사항,,0,/Users/june_kim/samsung_audit_nlp/data/raw/감사보고서_2016.htm,2026-03-31T07:17:32.223296+00:00
18,2016,재무상태표,"제 48 기 : 2016년 12월 31일 현재
제 47 기 : 2015년 12월 31일 현재
삼성전자주식회사
(단위 : 백만원)
자 산
Ⅰ. 유 동 자 산
69,981,128
67,002,055
1. 현금및현금성자산
4, 6, 7, 31
3,778,371
3,062,960
2. 단기금융상품
5, 6, 7, 31
30,170,656
27,763,589
3. 단기매도가능금융자산
6, 9, 31
-
3,021,210
4. 매출채권
6, 7, 10, 31
23,514,012
20,251,464
5. 미수금
10
2,319,782
2,314,823
6. 선급금
814,300
1,105,216
7. 선급비용
2,375,520
1,980,305
8. 재고자산
11
5,981,634
6,578,112
9. 기타유동자산
743,163
847,303
10. 매각예정분류자산
33
283,690
77,073
Ⅱ. 비 유 동 자 산
104,821,831
101,967,575
1. 장기매도가능금융자산
6, 9, 31
913,989
3,205,283
2. 종속기업, 관계기업 및 공동기업 투자
12
48,743,079
44,107,398
3. 유형자산
13
47,228,830
45,148,629
4. 무형자산
14
2,891,844
3,407,229
5. 장기선급비용
3,507,399
3,845,119
6. 순확정급여자산
17
557,091
56,174
7. 이연법인세자산
28
110,239
865,903
8. 기타비유동자산
869,360
1,331,840
자 산 총 계
174,802,959
168,969,630
부 채
Ⅰ. 유 동 부 채
34,076,122
29,630,488
1. 매입채무
6, 31
6,162,650
3,887,983
2. 단기차입금
6, 8, 15, 31
9,061,167
7,127,527
3. 미지급금
6, 31
7,635,740
5,952,236
4. 선수금
200,445
160,990
5. 예수금
389,528
341,806
6. 미지급비용
6,284,646
6,126,350
7. 미지급법인세
2,055,829
1,802,344
8. 유동성장기부채
6, 16, 31
5,854
5,666
9. 충당부채
18
2,221,717
4,207,745
10. 기타유동부채
58,546
17,841
Ⅱ. 비 유 동 부 채
3,180,075
2,910,887
1. 사채
6, 16, 31
58,542
62,326
2. 장기미지급금
6, 31
2,808,460
2,387,934
3. 장기충당부채
18
312,467
457,290
4. 기타비유동부채
606
3,337
부 채 총 계
37,256,197
32,541,375
자 본
Ⅰ. 자본금
20
897,514
897,514
1. 우선주자본금
119,467
119,467
2. 보통주자본금
778,047
778,047
Ⅱ. 주식발행초과금
4,403,893
4,403,893
Ⅲ. 이익잉여금
21
140,747,574
143,629,177
Ⅳ. 기타자본항목
23
(8,502,219)
(12,526,126)
Ⅴ. 매각예정분류기타자본항목
33
-
23,797
자 본 총 계
137,546,762
136,428,255
부채와자본총계
174,802,959
168,969,630
별첨 주석은 본 재무제표의 일부입니다.",1607,/Users/june_kim/samsung_audit_nlp/data/raw/감사보고서_2016.htm,2026-03-31T07:17:32.223296+00:00
19,2016,포괄손익,"제 48 기 : 2016년 1월 1일부터 2016년 12월 31일까지
제 47 기 : 2015년 1월 1일부터 2015년 12월 31일까지
삼성전자주식회사
(단위 : 백만원)
Ⅰ. 매 출 액
133,947,204
135,205,045
Ⅱ. 매 출 원 가
24
97,290,644
99,659,336
Ⅲ. 매 출 총 이 익
36,656,560
35,545,709
판매비와관리비
24, 25
23,009,124
22,147,494
Ⅳ. 영 업 이 익
13,647,436
13,398,215
기 타 수 익
26
2,185,600
1,543,190
기 타 비 용
26
1,289,594
792,058
금 융 수 익
27
5,803,751
4,917,385
금 융 비 용
27
5,622,119
4,714,115
Ⅴ. 법인세비용차감전순이익
14,725,074
14,352,617
법 인 세 비 용
28
3,145,325
2,114,148
Ⅵ. 당 기 순 이 익
11,579,749
12,238,469
Ⅶ. 주 당 이 익
29
기본주당이익(단위:원)
81,602
82,682
희석주당이익(단위:원)
81,602
82,680
별첨 주석은 본 재무제표의 일부입니다.
포 괄 손 익 계 산 서
제 48 기 : 2016년 1월 1일부터 2016년 12월 31일까지
제 47 기 : 2015년 1월 1일부터 2015년 12월 31일까지
삼성전자주식회사
(단위 : 백만원)
Ⅰ. 당기순이익
11,579,749
12,238,469
Ⅱ. 기타포괄손익
308,057
(401,296)
후속적으로 당기손익으로 재분류되지 않는 포괄손익
729,634
225,048
1. 순확정급여자산 재측정요소
17, 23
729,634
225,048
후속적으로 당기손익으로 재분류되는 포괄손익
(421,577)
(626,344)
1. 매도가능금융자산평가손익
9, 23
(421,577)
(626,344)
Ⅲ. 총포괄이익
11,887,806
11,837,173
별첨 주석은 본 재무제표의 일부입니다.
자 본 변 동 표
제 48 기 : 2016년 1월 1일부터 2016년 12월 31일까지
제 47 기 : 2015년 1월 1일부터 2015년 12월 31일까지
삼성전자주식회사
(단위 : 백만원)
2015.1.1 (전기초)
897,514
4,403,893
134,464,189
(7,113,271)
24,750
132,677,075
Ⅰ. 총포괄손익
1. 당기순이익
-
-
12,238,469
-
-
12,238,469
2. 매도가능금융자산평가
9, 23
-
-
-
(601,594)
(24,750)
(626,344)
3. 순확정급여자산 재측정요소
17, 23
-
-
-
225,048
-
225,048
4. 매각예정분류
-
-
-
(23,797)
23,797
-
Ⅱ. 자본에 직접 인식된 주주와의 거래
1. 배당
21, 22
-
-
(3,073,481)
-
-
(3,073,481)
2. 자기주식의 취득
23
-
-
-
(5,015,112)
-
(5,015,112)
3. 자기주식의 처분
23
-
-
-
3,406
-
3,406
4. 주식선택권
-
-
-
(806)
-
(806)
2015.12.31 (전기말)
897,514
4,403,893
143,629,177
(12,526,126)
23,797
136,428,255
2016.1.1 (당기초)
897,514
4,403,893
143,629,177
(12,526,126)
23,797
136,428,255
Ⅰ. 총포괄손익
1. 당기순이익
-
-
11,579,749
-
-
11,579,749
2. 매도가능금융자산평가
9, 23
-
-
-
(397,780)
(23,797)
(421,577)
3. 순확정급여자산 재측정요소
17, 23
-
-
-
729,634
-
729,634
Ⅱ. 자본에 직접 인식된 주주와의 거래
1. 배당
21, 22
-
-
(3,061,361)
-
-
(3,061,361)
2. 자기주식의 취득
23
-
-
-
(7,707,938)
-
(7,707,938)
3. 자기주식의 소각
23
-
-
(11,399,991)
11,399,991
-
-
2016.12.31 (당기말)
897,514
4,403,893
140,747,574
(8,502,219)
-
137,546,762
별첨 주석은 본 재무제표의 일부입니다.",2091,/Users/june_kim/samsung_audit_nlp/data/raw/감사보고서_2016.htm,2026-03-31T07:17:32.223296+00:00
20,2016,현금흐름,"제 48 기 : 2016년 1월 1일부터 2016년 12월 31일까지
제 47 기 : 2015년 1월 1일부터 2015년 12월 31일까지
삼성전자주식회사
(단위 : 백만원)
Ⅰ. 영업활동 현금흐름
23,984,804
19,287,521
1. 영업에서 창출된 현금흐름
24,901,464
19,756,969
가. 당기순이익
11,579,749
12,238,469
나. 조정
30
14,910,093
13,087,462
다. 영업활동으로 인한 자산부채의 변동
30
(1,588,378)
(5,568,962)
2. 이자의 수취
622,118
890,456
3. 이자의 지급
(208,010)
(153,195)
4. 배당금 수입
903,758
1,914,856
5. 법인세 납부액
(2,234,526)
(3,121,565)
Ⅱ. 투자활동 현금흐름
(14,240,450)
(14,003,962)
1. 단기금융상품의 순증가
(1,407,068)
(2,309,495)
2. 단기매도가능금융자산의 처분
3,010,003
2,143,384
3. 장기금융상품의 처분
700,000
1,700,000
4. 장기금융상품의 취득
(1,700,000)
-
5. 장기매도가능금융자산의 처분
692,547
78,885
6. 장기매도가능금융자산의 취득
(477,744)
(17,303)
7. 종속기업, 관계기업 및 공동기업 투자의 처분
2,416,678
311,310
8. 종속기업, 관계기업 및 공동기업 투자의 취득
(4,648,008)
(2,334,935)
9. 유형자산의 처분
335,288
473,836
10. 유형자산의 취득
(12,161,084)
(12,887,965)
11. 무형자산의 처분
6,357
990
12. 무형자산의 취득
(1,046,676)
(1,365,674)
13. 현금의 기타유입
39,257
203,005
Ⅲ. 재무활동 현금흐름
(9,037,006)
(3,854,887)
1. 단기차입금의 순증가
1,737,871
4,236,095
2. 자기주식의 취득
(7,707,938)
(5,015,112)
3. 자기주식의 처분
-
3,034
4. 사채의 상환
(5,860)
(5,496)
5. 배당금의 지급
(3,061,079)
(3,073,408)
Ⅳ. 외화환산으로 인한 현금의 변동
8,063
(9,030)
Ⅴ. 현금및현금성자산의 증가 (Ⅰ+Ⅱ+Ⅲ)
715,411
1,419,642
Ⅵ. 기초의 현금및현금성자산
3,062,960
1,643,318
Ⅶ. 기말의 현금및현금성자산
3,778,371
3,062,960
별첨 주석은 본 재무제표의 일부입니다.",1258,/Users/june_kim/samsung_audit_nlp/data/raw/감사보고서_2016.htm,2026-03-31T07:17:32.223296+00:00
21,2016,주석,"주석
제 48 기 : 2016년 12월 31일 현재
제 47 기 : 2015년 12월 31일 현재
삼성전자주식회사
1. 일반적 사항
:
삼성전자주식회사(이하 ""회사"")는 1969년 대한민국에서 설립되어 1975년에 대한민국의 증권거래소에 상장하였습니다. 회사의 사업은 CE부문, IM부문, DS부문으로 구성되어 있습니다. CE(Consumer Electronics) 부문은 디지털 TV, 모니터, 에어컨 및 냉장고 등의 사업으로 구성되어 있고, IM(Information technology & Mobilecommunications) 부문은 휴대폰, 통신시스템, 컴퓨터 등의 사업으로 구성되어 있으며, DS(Device Solutions) 부문은 메모리 반도체, 시스템 LSI 등의 반도체 사업으로 구성되어 있습니다. 회사의 본점 소재지는 경기도 수원시입니다.
2. 중요한 회계처리방침 :
다음은 재무제표의 작성에 적용된 주요한 회계정책입니다. 이러한 정책은 별도의 언급이 없다면, 표시된 회계기간에 계속적으로 적용됩니다.
2.1 재무제표 작성기준
이 재무제표는 한국채택국제회계기준에 따라 작성되었으며, 기업회계기준서 제1027호 '별도재무제표'에 따른 별도재무제표입니다. 한국채택국제회계기준은 국제회계기준위원회(""IASB"")가 발표한 기준서와 해석서 중 대한민국이 채택한 내용을 의미합니다.
한국채택국제회계기준은 재무제표 작성시 중요한 회계추정의 사용을 허용하고 있으며, 회계정책을 적용함에 있어 경영진의 판단을 요구하고 있습니다. 보다 복잡하고 높은 수준의 판단이 요구되는 부분이나 중요한 가정 및 추정이 요구되는 부분은 주석3에서 설명하고 있습니다.
2.2 회계정책과 공시의 변경
가. 회사가 채택한 제ㆍ개정 기준서
회사는 2016년 1월 1일로 개시하는 회계기간부터 다음의 제ㆍ개정 기준서를 신규로 적용하였습니다.
- 기업회계기준서 제1001호 '재무제표 표시' 개정 중요성에 따라 공시항목의 생략, 추가, 통합이 가능함을 명확히 하였습니다. 지분법을 적용하는 관계ㆍ공동기업의 기타포괄손익에 대한 지분을 후속적으로 당기손익으로 재분류되는 항목과 후속적으로 재분류되지 않는 항목으로 분리하여 표시함을 명확히 하였습니다. 기타 주석공시 순서 등에 대한 일부 규정을 추가하였습니다. 기업회계기준서 제1001호의 채택으로 인하여 재무제표에 미치는 유의적인 영향은 없습니다.
- 기업회계기준서 제1027호 '별도재무제표' 개정 기업회계기준서 제1027호 '별도재무제표' 개정에 따라 종속기업, 공동기업 및 관계기업에 대한 투자자산은 범주별로 원가법, 기업회계기준서 제1039호에 따른 방법, 또는 기업회계기준서 제1028호에서 규정하는 지분법 중 하나를 선택하여 회계처리 할 수 있습니다. 기업회계기준서 제1027호의 채택으로 회사는 종속기업, 공동기업 및 관계기업에 대한 투자자산을 원가법으로 회계처리하였으며, 재무제표에 미치는 유의적인 영향은 없습니다.
나. 회사가 적용하지 않은 제ㆍ개정 기준서
제정 또는 공표됐으나 2016년 1월 1일 이후 시작하는 회계연도에 시행일이 도래하지 아니하였고, 회사가 조기 적용하지 아니한 제ㆍ개정 기준서는 다음과 같습니다.
- 기업회계기준서 제1007호 '현금흐름표' 개정
재무활동에서 생기는 부채 변동을 현금흐름에서 생기는 변동과 비현금거래로 인한 변동 등으로 구분하여 공시하도록 하였습니다. 동 개정은 2017년 1월1일 이후 최초로 시작되는 회계연도부터 적용하되 조기 적용할 수 있습니다. 회사는 개정 기준서 적용에 따른 영향을 파악하고 있습니다.
- 기업회계기준서 제1109호 '금융상품' 제정
2015년 9월 25일 제정된 기업회계기준서 제1109호 '금융상품'은 2018년 1월 1일 이후 최초로 시작되는 회계연도부터 적용하되 조기 적용할 수 있습니다. 동 기준서는 현행 기업회계기준서 제1039호 '금융상품: 인식과 측정'을 대체할 예정입니다. 회사는 기업회계기준서 제1109호를 2018년 1월 1일 이후 시작되는 회계연도부터 적용할 예정입니다.
새로운 기업회계기준서 제1109호는 소급 적용함이 원칙이나, 금융상품의 분류, 측정, 손상의 경우 비교정보 재작성을 면제하는 등 일부 예외조항을 두고 있고, 위험회피회계의 경우 옵션의 시간가치 회계처리 등 일부 예외조항을 제외하고는 전진적으로 적용합니다.
기업회계기준서 제1109호의 주요 특징으로는 금융자산의 관리를 위한 사업모형과 금융자산의 계약상 현금흐름 특성에 근거한 금융자산의 분류와 측정, 기대신용손실에 기초한 금융상품의 손상모형, 위험회피회계 적용조건을 충족하는 위험회피대상항목과 위험회피수단의 확대 또는 위험회피효과 평가방법의 변경 등을 들 수 있습니다.
기업회계기준서 제1109호의 원활한 도입을 위해서는 일반적으로 재무영향분석 및 회계정책 수립, 회계시스템 구축, 시스템 안정화 등의 준비 작업이 필요합니다. 동 기준서를 최초로 적용하는 회계기간의 재무제표에 미치는 영향은 동 기준서에 따른 회계정책의 선택과 판단뿐 아니라 해당 기간에 회사가 보유하는 금융상품과 경제상황 등에 따라 다를 수 있습니다.
회사는 기업회계기준서 제1109호의 최초 적용에 따른 재무적 영향을 평가하기 위하여 2016년 12월 31일 현재 상황 및 입수 가능한 정보에 기초하여 2016년 재무제표에미치는 잠재적인 영향을 예비 평가하고 있으며, 동 기준서를 적용할 경우 재무제표에미칠 것으로 예상되는 영향은 다음과 같습니다. 회사는 향후 추가적인 정보에 기초하여 보다 구체적인 재무영향을 분석할 예정이고, 예비영향평가 결과는 향후 회사가 이용할 수 있는 추가 정보 등에 따라 변경될 수 있습니다.
① 금융자산의 분류 및 측정
새로운 기업회계기준서 제1109호를 적용할 경우 회사는 금융자산의 관리를 위한 사업모형과 금융자산의 계약상 현금흐름 특성에 근거하여 다음 표와 같이 금융자산을 후속적으로 상각후원가, 기타포괄손익-공정가치, 당기손익-공정가치로 측정되도록 분류하고, 복합계약이 금융자산을 주계약으로 포함하는 경우에는 내재파생상품을 분리하지 않고 해당 복합계약 전체를 기준으로 금융자산을 분류합니다.
계약상 현금흐름 특성/사업모형
원금과 이자만으로 구성
그 외의 경우
계약상 현금흐름 수취 목적
계약상 현금흐름 수취 목적
상각후원가 측정 (*1)
상각후원가 측정 (*1)
당기손익-공정가치 측정 (*2)
당기손익-공정가치 측정 (*2)
계약상 현금흐름 수취 및 매도 목적
계약상 현금흐름 수취 및 매도 목적
기타포괄손익-공정가치 측정 (*1)
기타포괄손익-공정가치 측정 (*1)
매도 목적, 기타
매도 목적, 기타
당기손익-공정가치 측정
당기손익-공정가치 측정
(*1) 회계불일치를 제거하거나 감소시키기 위하여 당기손익-공정가치 측정 항목으로 지정할 수 있음(취소 불가)
(*2) 단기매매목적이 아닌 지분증권의 경우 기타포괄손익-공정가치 측정 항목으로 지정할 수 있음(취소 불가)
기업회계기준서 제1109호에서 금융자산을 상각후원가 또는 기타포괄손익-공정가치측정 대상으로 분류하기 위한 요건이 현행 기업회계기준서 제1039호의 요건보다 엄격하므로, 기업회계기준서 제1109호 도입 시 당기손익-공정가치 측정 대상 금융자산
의 비중이 증가하여 당기손익의 변동성이 확대될 수 있습니다.
회사는 2016년 12월 31일 현재 대여금 및 수취채권
60,879,693
백만원, 매도가능금융자산
913,989
백만원을 보유하고 있습니다. 기업회계기준서 제1109호에 따르면 계약조건에 따라 특정일에 원금과 원금 잔액에 대한 이자만으로 구성된 현금흐름이 발생하고 계약상 현금흐름 수취를 목적으로 하는 채무상품만 상각후원가로 측정할 수 있습니다. 회사는 2016년 12월 31일 현재 대여금 및 수취채권
60,879,693
백만원을 상각후원가로 측정하고 있습니다.
예비영향평가 결과에 따르면 기업회계기준서 제1109호를 2016년 12월 31일 현재 위 금융자산에 적용할 경우, 대부분 계약조건에 따라 특정일에 원금과 원금 잔액에 대한 이자만으로 구성된 현금흐름이 발생하고 계약상 현금흐름 수취를 목적으로 하므로 상각후원가로 측정되는 항목으로 분류되어 재무제표에 중대한 영향을 미치지 않을 것으로 판단합니다.
기업회계기준서 제1109호에 따르면 계약조건에 따라 특정일에 원금과 원금 잔액에 대한 이자만으로 구성된 현금흐름이 발생하고 계약상 현금흐름 수취 및 매도를 목적으로 하는 채무상품을 기타포괄손익-공정가치로 측정합니다. 회사는 2016년 12월 31일 현재 매도가능금융자산으로 분류된 채무상품 4,221백만원을 보유하고 있습니다.
예비영향평가 결과에 따르면 기업회계기준서 제1109호를 2016년 12월 31일 현재 위 매도가능금융자산으로 분류된 채무상품에 적용할 경우, 대부분이 기타포괄손익-공정가치로 측정되는 금융자산으로 분류될 것으로 예상합니다.
기업회계기준서 제1109호에 따르면 단기매매목적으로 보유하지 않는 지분상품은 최초 인식시점에 기타포괄손익-공정가치 측정 항목으로 지정하는 취소불가능한 선택을 할 수 있고, 동 포괄손익은 후속적으로 당기손익으로 재순환(recycling)되지 않습니다. 회사의 2016년 12월 31일 현재 매도가능금융자산으로 분류된 지분상품은
909,768
백만원이고, 2016 회계연도 중 매도가능지분상품 관련 미실현평가손익
47,600백만원이 당기손익으로 재순환되었습니다.
예비영향평가 결과에 따르면 회사는 매도가능지분상품 중 대부분을 차지하는 장기 투자 목적의 지분상품을 기타포괄손익-공정가치 측정 항목으로 지정할 계획을 갖고 있어, 기업회계기준서 제1109호를 적용하더라도 해당 금융자산이 재무제표에 중대한 영향을 미치지는 않을 것으로 판단합니다. 다만 2016년 12월 31일 기준 해당 지분상품과 관련된 후속적으로 당기손익으로 재순환 되지 않을 기타포괄손익-공정가치의 잔액은
199,650
백만원
입니다.
기업회계기준서 제1109호에 따르면 계약조건에 따른 현금흐름이 원금과 원금 잔액에 대한 이자만으로 구성되지 않거나 매매가 주된 목적인 채무상품과 기타포괄손익-공정가치 측정 항목으로 지정하지 않은 지분상품은 당기손익-공정가치로 측정합니다. 2016년 12월 31일 현재 당기손익인식금융자산으로 분류된 채무상품과 지분상품은 없습니다.
예비영향평가 결과에 따르면 기업회계기준서 제1109호를 2016년 12월 31일 현재 당기손익인식금융자산에 적용할 경우, 대부분이 당기손익-공정가치 측정 항목으로 분류되어 해당 금융자산이 재무제표에 미치는 영향은 거의 없을 것으로 판단합니다.
② 금융부채의 분류 및 측정
새로운 기업회계기준서 제1109호에
따르면 당기손익-공정가치 측정 항목으로 지정한 금융부채의 공정가치 변동 중 해당 금융부채의 신용위험 변동으로 인한 부분은 당기손익이 아닌 기타포괄손익으로 표시하고, 동 기타포괄손익은 후속적으로 당기손익으로 재순환하지 않습니다. 다만, 금융부채의 신용위험 변동에 따른 공정가치 변동을기타포괄손익으로 인식하면 회계불일치가 발생하거나 확대될 경우에는 해당 공정가치 변동을 당기손익으로 인식합니다.
현행 기업회계기준서 제1039호에서 모두 당기손익으로 인식했던 당기손익-공정가치 측
정 항목으로 지정한 금융부채의 공정가치 변동 중 일부가 기타포괄손익으로 표시되므로 금융부채의 평가 관련 당기손익이 감소할 수 있습니다.
2016년 12월 31일 현재 당기손익인식금융부채는 없습니다.
예비영향평가 결과에 따르면 2016년 12월 31일 현재 당기손익인식 금융부채는 대부분 만기가 짧고 금융부채의 신용위험 변동이 미미하여, 기업회계기준서 제1109호를 적용하더라도 해당 금융부채가 재무제표에 미치는 영향은 크지 않을 것으로 판단합니다.
③ 손상: 금융자산과 계약자산
현행 기업회계기준서 제1039호에서는 발생손실모형(incurred loss model)에 따라 손상발생의 객관적 증거가 있는 경우에만 손상을 인식하지만, 새로운 기업회계기준서 제1109호에서는 상각후원가 또는 기타포괄손익-공정가치로 측정하는 채무상품, 리스채권, 계약자산, 대출약정, 금융보증계약에 대하여 기대신용손실모형(expected credit loss impairment model)에 따라 손상을 인식합니다.
기업회계기준서 제1109호에서는 금융자산 최초 인식 후 신용위험의 증가 정도에 따라 아래 표와 같이 3단계로 구분하여 12개월 기대신용손실이나 전체기간 기대신용손실에 해당하는 금액으로 손실충당금을 측정하도록 하고 있어 현행 기업회계기준서 제1039호의 발생손실모형에 비하여 신용손실을 조기에 인식할 수 있습니다.
구 분 (*1)
손실충당금
Stage 1
Stage 1
최초 인식 후 신용위험이 유의적으로 증가하지 않은 경우 (*2)
최초 인식 후 신용위험이 유의적으로 증가하지 않은 경우 (*2)
12개월 기대신용손실: 보고기간 종료일 이후 12개월 내에 발생 가능한 금융상품의 채무불이행 사건으로 인한 기대신용손실
12개월 기대신용손실: 보고기간 종료일 이후 12개월 내에 발생 가능한 금융상품의 채무불이행 사건으로 인한 기대신용손실
Stage 2
Stage 2
최초 인식 후 신용위험이 유의적으로 증가한 경우
최초 인식 후 신용위험이 유의적으로 증가한 경우
전체기간 기대신용손실: 기대존속기간에 발생할 수 있는 모든 채무불이행 사건으로 인한 기대신용손실
전체기간 기대신용손실: 기대존속기간에 발생할 수 있는 모든 채무불이행 사건으로 인한 기대신용손실
Stage 3
Stage 3
신용이 손상된 경우
신용이 손상된 경우
(*1) 기업회계기준서 제1115호 '고객과의 계약에서 생기는 수익'의 적용범위에 포함되는 거래에서 생기는 매출채권이나 계약자산의 경우 유의적인 금융요소가 없다면 전체기간 기대신용손실에 해당하는 금액으로 손실충당금을 측정해야 하고, 유의적인금융요소가 있다면 전체기간 기대신용손실에 해당하는 금액으로 손실충당금을 측정하는 것을 회계정책으로 선택할 수 있음. 리스채권도 전체기간 기대신용손실에 해당하는 금액으로 손실충당금을 측정하는 것을 회계정책으로 선택할 수 있음
(*2) 보고기간 종료일 신용위험이 낮은 경우에는 신용위험이 유의적으로 증가하지 않은 것으로 간주할 수 있음
기업회계기준서 제1109호에서는 최초 인식 시점에 신용이 손상된 금융자산은 최초 인식 후 전체기간 기대신용손실의 누적변동분만을 손실충당금으로 계상합니다.
- 기업회계기준서 제1115호 '고객과의 계약에서 생기는 수익' 제정 2015년 11월 6일 제정된 기업회계기준서 제1115호 ‘고객과의 계약에서 생기는 수익’은 2018년 1월 1일 이후 최초로 시작하는 회계연도부터 적용하되 조기 적용할 수도 있습니다. 동 기준서는 현행 기업회계기준서 제1018호 ‘수익’, 제1011호 ‘건설계약’, 기업회계기준해석서 제2031호 ‘수익: 광고용역의 교환거래’, 제2113호 ‘고객충성제도’, 제2115호 ‘부동산건설약정’, 제2118호 ‘고객으로부터의 자산이전’을 대체할 예정입니다. 회사는 기업회계기준서 제1115호를 2018년 1월 1일 이후 시작되는 회계연도부터 적용하되, 기업회계기준서 제1008호 ‘회계정책, 회계추정의 변경 및 오류’에 따라 비교 표시되는 과거 보고기간에 대해서도 소급하여 적용하고, 2017년 1월 1일 현재 완료된 계약 등에 대해서는 재무제표를 재작성하지 않는 실무적 간편법을 적용할 예정입니다. 현행 기업회계기준서 제1018호 등에서는 재화의 판매, 용역의 제공, 이자수익, 로열티수익, 배당수익, 건설계약과 같은 거래 유형별로 수익인식기준을 제시하지만, 새로운 기업회계기준서 제1115호에 따르면 모든 유형의 계약에 5단계 수익인식모형(① 계약 식별 → ② 수행의무 식별 → ③ 거래가격 산정 → ④ 거래가격을 수행의무에 배분 → ⑤ 수행의무 이행 시 수익 인식)을 적용하여 수익을 인식합니다. 회사는 보고기간 종료일 현재 상황 및 입수 가능한 정보에 기초하여 기업회계기준서 제1115호 적용시 2016년 재무제표에 미치는 잠재적인 영향을 예비 평가 중에 있으며 그 중간 결과는 다음과 같습니다. 회사는 향후 추가적인 정보에 기초하여 보다 구체적인 재무영향을 분석할 예정입니다.
1) 수행의무의 식별 회사의 IM(Information technology & Mobile communications)부문은 휴대폰, 통신시스템, 컴퓨터 등의 사업으로 구성되어 있습니다. 회사는 네트워크 통신 시스템 등을 제작 및 설치하여 고객에게 제공하고 있으며, 2016 회계연도 중 관련 수익이 총 수익에서 차지하는 비중은 크지 않습니다. 기업회계기준서 제1115호 적용 시 고객과의 네트워크 통신 시스템 제작 등의 통합 계약에서 (1) 제품 판매, (2) 설치용역, (3) 유지보수 등과 같이 기술지원으로 각각 구별되는 수행의무를 식별합니다. 각각의 수행의무를 한 시점에 이행하는지, 기간에 걸쳐 이행하는지에 따라 수익인식 시점이 변경될 수 있습니다. 2) 변동대가 회사는 제품 및 상품 판매시 반품을 허용하기 때문에 고객에게서 받은 대가가 변동될수 있습니다. 기업회계기준서 제1115호 적용 시 회사는 받을 권리를 갖게 될 대가를 더 잘 예측할 것으로 예상하는 기댓값 방법을 사용하여 변동 대가를 추정하고, 반품기한이 경과할 때 이미 인식한 누적 수익금액 중 유의적인 부분을 되돌리지 않을 가능성이 매우 높은 금액까지만 변동대가를 거래가격에 포함하여 수익을 인식합니다. 기업이 받았거나 받을 대가 중에서 권리를 갖게 될 것으로 예상하지 않는 금액은 환불부채로 계상합니다. 3) 거래가격의 배분 회사는 기업회계기준서 제1115호 적용 시 하나의 계약에서 식별된 여러 수행의무에 상대적 개별 판매가격을 기초로 거래가격을 배분합니다. 회사는 각 수행의무의 개별 판매가격을 추정하기 위하여 '시장평가 조정 접근법'을 사용하며, 예외적으로 일부 거래에 대해서는 예상원가를 예측하고 적절한 이윤을 더하는 '예상원가 이윤 가산 접근법'을 사용할 예정입니다.
2.3 종속기업, 관계기업 및 공동기업 기업회계기준서 제1110호 '연결재무
제표'에 의한 지배회사인 회사는 삼성디스플레이 및 Samsung Electronics America 등
169
개의
종속기업과 삼성전기 등
38
개
의
관계기업 및 공동기업에 투자하고 있습니다. 회사는 별도재무제표에서 종속기업, 관계기업 및 공동기업에 대한 투자를 기업회계기준서 제1027호 ""별도재무제표""에 따라 원가법으로 처리하고 있습니다.
2.4 외화환산
가. 기능통화와 표시통화
회사는 재무제표에 포함되는 항목들을 회사의 영업활동이 이루어지는 주된 경제환경에서의 통화(""기능통화"")를 이용하여 측정하고 있습니다. 회사의 기능통화는 대한민국 원화(KRW)이며 재무제표는 대한민국 원화(KRW)로 표시되어 있습니다.
나. 외화거래와 보고기간 종료일의 외화환산
외화거래는 거래일의 환율 또는 재측정되는 항목인 경우 평가일의 환율을 적용한 기능통화로 인식되고, 외화거래의 결제나 화폐성 외화 자산ㆍ부채의 환산에서 발생하는 외환차이는 당기손익으로 인식됩니다. 비화폐성 금융자산ㆍ부채로부터 발생하는 외환차이는 공정가치 변동손익의 일부로 보아 당기손익인식지분상품으로부터 발생하는 외환차이는 당기손익으로, 매도가능지분상품의 외환차이는 기타포괄손익에 포함하여 인식됩니다.
2.5 현금및현금성자산
현금및현금성자산은 보유중인 현금, 요구불예금 및 취득일 현재 확정된 금액의 현금으로 전환이 용이하고, 가치변동의 위험이 경미한 매우 유동적인 단기 투자자산으로 구성되어 있습니다.
2.6 금융자산
가. 분류
회사는 금융자산을 그 취득목적과 성격에 따라 당기손익인식금융자산과 대여금 및 수취채권, 매도가능금융자산, 만기보유금융자산으로 분류하고 있습니다. 경영진은 최초 인식시점에서 이러한 금융상품의 분류를 결정하고 있습니다.
(1) 당기손익인식금융자산
당기손익인식금융자산은 단기매매목적의 금융상품입니다. 회사는 주로 단기간 내에 매각할 목적으로 취득한 금융자산을 당기손익인식금융자산으로 분류합니다. 또한, 위험회피회계의 대상이 아닌 파생상품이나 내재파생상품을 포함한 금융상품으로부터 분리된 파생상품도 단기매매목적으로 분류합니다. 당기손익인식금융자산은 유동자산으로 분류하고 있습니다.
(2) 대여금 및 수취채권
대여금 및 수취채권은 지급금액이 확정되었거나 결정가능하며 활성시장에서 거래되지 않는 비파생금융자산입니다. 보고기간 종료일 기준으로 만기가 12개월을 초과하는 경우에는 비유동자산으로 분류하며 이외의 경우 유동자산으로 분류하고 있습니다.
(3) 매도가능금융자산
매도가능금융자산은 매도가능금융자산으로 지정하거나, 다른 범주에 포함되지 않은 비파생금융상품입니다. 매도가능금융자산은 보고기간 종료일 기준으로 12개월 이내에 만기가 도래하거나 경영진이 처분할 의도가 있는 경우가 아니면 비유동자산으로 분류됩니다.
나. 인식과 측정
금융자산의 정형화된 매매거래는 매매일에 인식됩니다. 금융자산은 최초 인식시점에공정가치로 측정하며, 거래원가는 당기손익인식금융자산을 제외한 금융자산은 공정가치에 가산하고 당기손익인식금융자산의 경우에는 당기비용으로 처리됩니다. 최초 인식 이후 매도가능금융자산과 당기손익인식금융자산은 후속적으로 공정가치로 측정되고, 대여금 및 수취채권과 만기보유금융자산은 유효이자율법을 적용하여 상각후원가로 측정됩니다.
당기손익인식금융자산의 공정가치 변동은 당기손익으로 인식되고, 매도가능금융자산의 공정가치변동은 기타포괄손익에 계상되어 이를 처분하거나 손상을 인식하는 때자본에서 당기손익으로 재분류됩니다.
유효이자율법을 적용하여 계산한 매도가능금융자산 및 만기보유금융자산의 이자는 금융수익으로 손익계산서에 인식되며 매도가능금융자산의 배당금은 회사의 배당금 수취 권리가 확정되는 시점에 기타수익으로 인식하고 있습니다.
다. 금융상품의 상계
금융자산과 금융부채는 인식한 자산과 부채에 대해 법적으로 집행가능한 상계 권리를 현재 보유하고 있고, 순액으로 결제하거나 자산을 실현하는 동시에 부채를 결제할의도를 가지고 있는 경우 상계되어 재무상태표에 순액으로 표시됩니다. 법적으로 집행가능한 상계권리는 미래사건에 좌우되지 않으며, 정상적인 사업과정의 경우와 채무불이행의 경우 및 지급불능이나 파산의 경우에도 집행가능한 것을 의미합니다.
라. 금융상품의 제거
회사는 금융자산을 양도한 경우라도 채무자의 채무불이행시의 소구권 등으로 양도한금융자산의 소유에 따른 위험과 보상의 대부분을 회사가 보유하는 경우에는 이를 제거하지 않고 그 양도자산 전체를 계속하여 인식하되, 수취한 대가를 금융부채로 인식하고 있습니다. 해당 금융부채는 재무상태표에 ""차입금""으로 분류됩니다. 2.7. 금융자산의 손상
회사는 금융자산 또는 금융자산 집합의 손상 발생에 대한 객관적인 증거가 있는지를 매 보고기간 종료일에 평가하고, 그 결과 손상되었다는 객관적인 증거가 있으며 손상사건이 신뢰성 있게 추정할 수 있는 금융자산의 추정 미래현금흐름에 영향을 미친 경우에는 손상차손을 인식하고 있습니다. 대여금 및 수취채권의 손상은 대손충당금 계정으로 차감표시되며, 그 외의 금융자산은 장부금
액에서 직접 차감됩니다. 회사는 금융자산을 더 이상 회수하지 못할 것으로 판단되는 때에 해당 금융자산을 제각하고 있습니다.
금융자산이 손상되었다는 객관적인 증거에는 금융자산의 발행자나 지급의무자의 유의적인 재무적 어려움, 이자지급이나 원금상환의 연체, 재무적 어려움으로 당해 금융자산에 대한 활성시장의 소멸 등이 포함됩니다. 또한, 매도가능지분상품의 공정가치가 원가로부터
유의적 또는 지속적으로 하락하는 경우는 손상의 객관적인 증거에 해당됩니다.
2.8 매출채권
매출채권은 정상적인 영업과정에서 판매된 재고자산 및 제공된 용역과 관련하여 고객으로부터 수취할 금액입니다. 매출채권의 회수가 1년 이내에 예상되는 경우 유동자산으로 분류하고, 그렇지 않은 경우 비유동자산으로 분류합니다. 매출채권은 최초에 공정가치로 인식하며, 유효이자율을 적용한 상각후원가에서 대손충당금을 차감하여 측정하고 있습니다.
2.9 재고자산
재고자산은 원가와 순실현가능가치 중 작은 금액으로 표시하고 있습니다. 원가는 미착품을 제외하고는 평균법에 따라 결정하고 있습니다. 제품과 재공품의 원가는 원재료비, 직접노무비 및 기타 직접원가와 정상조업도에 근거한 관련 제조간접비로 이루어지며, 유휴생산설비원가나 폐기비용은 제외하고 있습니다. 순실현가능가치는 정상적인 영업과정에서의 추정 판매가격에서 적용 가능한 변동 판매비용을 차감한 금액입니다.
회사는 주기적으로 재고자산평가충당금의 중요한 변동을 발생시킬 가능성이 있는 미래의 제품수요 등을 검토하여 과잉, 진부화 및 시장가치의 하락 등이 발생한 경우 재고자산평가충당금을 계상하고 있으며 재고자산평가손실을 매출원가로 처리하고 있습니다.
2.10 매각예정분류자산집단
비유동자산(또는 처분자산집단)은 장부금액이 매각거래를 통하여 주로 회수되고, 매각될 가능성이 매우 높은 경우에 매각예정으로 분류되며, 그러한 자산은 장부금액과 순공정가치 중 작은 금액으로 측정됩니다.
2.11 유형자산
유형자산은 역사적 원가에서 감가상각누계액과 손상차손누계액을 차감하여 표시하고 있습니다. 역사적 원가는 자산의 취득에 직접적으로 관련된 지출을 포함합니다. 후속원가는 자산으로부터 발생하는 미래의 경제적 효익이 회사에 유입될 가능성이 높으며 그 원가를 신뢰성 있게 측정할 수 있는 경우에 한하여 자산의 장부금액에 포함하거나 별도의 자산으로 인식하고 있습니다. 대체된 부분의 장부금액은 제거하고 있으며 그 외의 모든 수선 및 유지비는 발생한 기간의 비용으로 인식하고 있습니다.
회사의 유형자산은 취득원가에서 회사가 추정한 추정내용연수에 따라 정액법에 의하여 상각됩니다. 토지는 상각되지 않으며, 자본화차입금이자를 포함한 장기건설자산의 취득에 사용된 원가는 관련자산의 추정내용연수 동안 상각됩니다.
각 자산별로 회사가 사용하고 있는 대표추정내용연수는 다음과 같습니다.
건물 및 구축물
15, 30 년
기 계 장 치
5 년
기 타
5 년
회사는 매 회계연도 말에 유형자산의 감가상각방법, 잔존가치와 경제적 내용연수를 검토하고 필요한 경우 조정을 하고 있습니다. 자산의 장부금액이 추정 회수가능액을 초과하는 경우 자산의 장부금액을 회수가능액으로 즉시 감소시키고 있습니다. 자산의 처분손익은 처분대가와 자산의 장부금액의 차이로 결정되며, 손익계산서의 기타수익 또는 기타비용으로 표시하고 있습니다.
2.12 무형자산
이전대가와 취득자가 이전에 보유하고 있던 피취득자에 대한 지분의 취득일 현재의 공정가치 합계액이 취득한 식별가능한 순자산을 초과하는 금액은 영업권으로 인식합니다. 영업권을 제외한 무형자산은 역사적 원가로 최초 인식되고, 원가에서 상각누계액과 손상차손누계액을 차감한 금액으로 표시됩니다. 내부적으로 창출한 무형자산인 개발비는 기술적 실현가능성, 미래경제적효익 등을 포함한 자산 인식요건이 충족된 시점 이후에 발생한 지출금액의 합계입니다. 회원권은 이용 가능 기간에 대하여 예측가능한 제한이 없으므로 내용연수가 한정되지 않아 상각되지 않습니다. 특허권, 상표권 및 기타무형자산 등 한정된 내용연수를 가지는 무형자산은 추정내용연수동안 정액법에 따라 상각하고 있습니다. 각 자산별 대표추정내용연수는 다음과 같습니다.
개 발 비
2 년
특허권, 상표권 및 기타무형자산
5 년 ~ 10 년
2.13 비금융자산의 손상
영업권이나 비한정내용연수를 가진 무형자산은 상각하지 않고 매년 손상검사를 실시하고 있습니다. 상각하는 자산의 경우 매 보고기간 종료일에 장부금액이 회수가능하지 않을 수도 있음을 나타내는 환경의 변화나 사건이 있을 때마다 손상검사를 수행하고 있습니다. 손상차손은 회수가능액을 초과하는 장부금액만큼 인식하고 있습니다. 회수가능액은 순공정가치와 사용가치 중 큰 금액으로 결정하고 있습니다. 손상을 측정하기 위한 목적으로 자산은 별도로 식별 가능한 현금흐름을 창출하는 가장 하위 수준의집단(현금창출단위)으로 그룹화하고 있습니다. 손상차손을 인식한 경우, 영업권 이외의 비금융자산은 매 보고기간 종료일에 손상차손의 환입가능성을 검토하고 있습니다.
2.14 금융부채
가. 분류 및 측정 당기손익인식금융부채는 단기매매목적의 금융상품입니다. 주로 단기간 내에 재매입할 목적으로 부담하는 금융부채는 단기매매금융부채로 분류됩니다. 또한, 위험회피회계의 대상이 아닌 파생상품이나 내재파생상품을 포함한 금융상품으로부터 분리된 파생상품도 단기매매금융부채로 분류됩니다. 당기손익인식금융부채, 금융보증계약, 금융자산의 양도가 제거조건을 충족하지 못하는 경우에 발생하는 금융부채를 제외한 모든 비파생금융부채는 상각후원가로 측정하는 금융부채로 분류되고 있으며, 재무상태표 상 ""매입채무"", ""차입금"" 및 ""기타금융부채"" 등으로 표시됩니다.
나. 제거 금융부채는 계약상 의무가 이행, 취소 또는 만료되어 소멸되거나 기존 금융부채의 조건이 실질적으로 변경된 경우에 재무상태표에서 제거됩니다.
2.15 매입채무
매입채무는 정상적인 영업과정에서 공급자로부터 취득한 재고자산 및 제공받은 용역과 관련하여 지급할 의무가 있는 금액입니다. 매입채무의 지급이 12개월 이내에 예상되는 경우 유동부채로 분류하고, 그렇지 아니한 경우 비유동부채로 분류합니다. 매입채무는 최초에 공정가치로 인식하며, 후속적으로 유효이자율법을 사용한 상각후원가로 측정하고 있습니다.
2.16 차입금
차입금은 최초에 공정가치에서 거래비용을 차감한 가액으로 인식하며, 후속적으로 상각후원가로 측정하고 있습니다. 거래비용 차감 후 수취한 금액과 상환금액의 차이는 유효이자율법으로 상각하여 차입기간 동안 손익계산서에 인식하고 있습니다. 또한, 보고기간 종료일 이후 12개월 이상 결제를 이연할 수 있는 무조건적인 권리가 있는 경우 비유동부채로 분류하며, 그렇지 않은 경우 유동부채로 분류하고 있습니다.
2.17 충당부채 및 우발부채
과거사건의 결과로 현재의 법적의무나 의제의무가 존재하고, 그 의무를 이행하기 위한 자원의 유출가능성이 높으며, 당해 금액의 신뢰성 있는 추정이 가능한 경우 회사는 충당부채를 인식하고 있습니다. 미래영업손실에 대하여는 충당부채를 인식하지 않습니다.
충당부채는 의무를 이행하기 위하여 예상되는 지출액의 현재가치로 측정하며, 현재가치 평가에 사용하는 할인율은 그 부채의 고유한 위험과 화폐의 시간가치에 대한 현행 시장의 평가를 반영한 세전이자율입니다. 시간경과로 인한 충당부채의 증가는 이자비용으로 인식하고 있습니다.
또한, 과거사건은 발생하였으나 불확실한 미래사건의 발생여부에 의해서 존재여부가확인되는 잠재적인 의무가 있는 경우 또는 과거사건이나 거래의 결과 현재 의무가 존재하나 자원이 유출될 가능성이 높지 않거나 당해 의무를 이행하여야 할 금액을 신뢰성 있게 추정할 수 없는 경우 우발부채로 주석기재하고 있습니다.
2.18 순확정급여자산
회사는 확정급여제도를 운영하고 있습니다.
확정급여제도
는 확정기여제도를 제외한 모든 퇴직연금제도입니다. 일반적으로 확정급여제도는 연령, 근속연수나 급여수준 등의 요소에 의해 종업원이 퇴직할 때 지급받을 퇴직연금급여의 금액을 확정하고 있습니다. 확정급여제도와 관련하여 재무상태표에 계상된 자산은 보고기간 종료일 현재 확정급여채무의 현재가치에서 사외적립자산의 공정가치를 차감한 초과적립액이며, 자산인식상한을 한도로 합니다. 확정급여채무는 매년 독립된 보험계리인에 의해 예측단위적립방식에 따라 산정됩니다. 확정급여채무의 현재가치는 급여가 지급될 통화로 표시되고 관련 확정급여채무의 지급시점과 만기가 유사한 우량회사채의 이자율로 기대미래현금유출액을 할인하여 산정하고 있습니다.
보험수리적 가정의 변경 및 보험수리적 가정과 실제로 발생한 결과의 차이로 인해 발생하는 보험수리적손익은 발생한 기간의 기타포괄손익으로 인식하고 있으며, 제도개정, 축소 또는 정산이 발생하는 경우 과거근무원가 또는 정산으로 인한 손익은 발생 즉시 당기손익으로 인식하고 있습니다.
2.19 금융보증계약
금융보증계약은 채무상품의 최초 계약조건이나 변경된 계약조건에 따라 지급기일에 특정 채무자가 지급하지 못하여 보유자가 입은 손실을 보상하기 위하여 특정금액을 지급하여야 하는 계약입니다. 금융보증계약은 최초 인식시 공정가치로 측정하며 후속 측정시 최초인식 금액의 미상각잔액을 초과하는 금액은 기타금융부채로 인식하고있습니다.
2.20 당기법인세 및 이연법인세
회사의 법인세비용은 당기법인세와 이연법인세로 구성됩니다. 법인세는 기타포괄손익이나 자본에 직접 인식된 항목과 관련된 금액은 해당 항목에서 직접 인식하며, 이를 제외하고는 당기손익으로 인식됩니다. 법인세비용은 보고기간 종료일 현재 제정되었거나 실질적으로 제정된 세법에 기초하여 측정됩니다. 이연법인세는 자산과 부채의 장부금액과 세무기준액의 차이로 정의되는 일시적 차이에 대하여 장부금액을 회수하거나 결제할 때의 예상 법인세효과로 인식됩니다. 다만,사업결합 이외의 거래에서 자산ㆍ부채를 최초로 인식할 때 발생하는 이연법인세자산과 부채는 그 거래가 회계이익이나 과세소득에 영향을 미치지 않는다면 인식되지 않습니다. 이연법인세자산은 차감할 일시적차이가 사용될 수 있는 미래 과세소득의 발생가능성이 높은 경우에 인식됩니다.
이연법인세자산과 부채는 당기법인세자산과 당기법인세부채를 상계할 수 있는 법적으로 집행가능한 권리를 회사가 보유하고, 이연법인세자산과 부채가 동일한 과세당국에 의해서 부과되는 법인세와 관련이 있으면서 순액으로 결제할 의도가 있는 경우
에 상계됩니다.
2.21 파생상품
회사는 파생상품의 계약에 따라 발생된 권리와 의무를 공정가액으로 평가하여 자산과 부채로 계상하고, 동 계약으로부터 발생한 손익은 발생시점에 당기손익으로 인식하고 있습니다. 다만, 요건을 충족한 현금흐름위험회피와 해외사업장에 대한 순투자에 대한 위험회피금액은 자본항목으로 이연하고 있습니다.
2.22 배당금
배당금은 회사의 주주에 의해 승인된 시점에 부채로 인식하고 있습니다.
2.23 자본금
보통주와 상환의무 없는 우선주는 모두 자본으로 분류하고 있습니다. 회사가 회사의 보통주를 취득하는 경우, 직접거래원가를 포함하는 지급 대가는 그 보통주가 소각되거나 재발행 될 때까지 회사의 자본에서 차감하여 표시하고 있습니다. 이러한 자기주식이 재발행되는 경우, 수취한 대가는 회사의 주주에게 귀속되는 자본에 포함하고 있습니다.
2.24 수익인식
수익은 주로 회사의 통상적인 활동에서 발생하는 재화의 판매에 대하여 받았거나 받을 대가의 공정가액으로 구성되어 있습니다. 수익은 부가가치세, 반품, 판매장려금 및 가격 할인액을 차감한 순액으로 인식하고 있습니다.
회사는 수익금액을 신뢰성 있게 측정할 수 있고, 미래의 경제적 효익이 회사에 유입될 가능성이 높으며, 다음에서 설명하고 있는 회사의 활동별 특정 요건을 충족하는 경우에 수익으로 인식하고 있습니다. 회사는 고객의 유형, 거래의 유형 및 개별 거래조건 등의 과거 자료를 바탕으로 판매와 관련된 우발상황을 신뢰성 있게 추정하여 수익금액을 측정하고 있습니다. 판매 계약 등의 각 구성항목이 다수인 경우 각 구성항목의 공정가치는 그 구성항목이 개별적으로 판매되는 경우의 현행 시장가치에 근거하여 결정됩니다. 각 구성항목의 공정가치를 결정할 수 없는 경우 총계약대가에서 제공하지 않은 구성항목의 공정가치를 차감한 가액을 근거로 제공한 구성항목의 공정가치로 계산하고 있습니다.
가. 재화의 판매
회사는 제품 및 상품에 대하여 재화의 소유에 따른 중요한 위험과 보상이 이전된 시점에 수익으로 인식하고 있습니다. 수익은 과거에 축적된 경험에 근거하여 판매시점에 과거의 경험에 근거하여 추정한 가격할인 및 반품금액을 차감한 순액으로 인식하고 있습니다.
나. 용역의 제공
용역제공거래에 대하여는 진행기준에 의하여 수익을 인식하고 있으며, 진행률은 총예정원가에 대한 실제누적발생원가의 비율에 따라 산정하고 있습니다.
다. 이자수익
이자수익은 시간의 경과에 따라 유효이자율법에 의하여 인식하고 있습니다. 채권 손상이 발생하는 경우 채권금액의 장부금액은 회수가능액까지 감액되며, 시간의 경과에 따라 증가하는 부분은 이자수익으로 인식하고 있습니다. 한편, 손상채권에 대한 이자수익은 최초 유효이자율에 의하여 인식하고 있습니다.
라. 로열티수익
로열티수익은 계약의 실질에 따라 발생기준에 의하여 인식하고 있습니다.
마. 배당금수익
배당금수익은 배당금을 받을 권리가 확정되는 시점에 인식하고 있습니다.
2.25 정부보조금
정부보조금은 보조금의 수취와 정부보조금에 부가된 조건의 준수에 대한 합리적인 확신이 있을 때 공정가치로 인식됩니다. 수익과 관련된 정부보조금은 이연하여 정부보조금의 교부 목적과 관련된 수익 또는 비용과 대응될 수 있는 기간에 손익계산서에인식하고 있습니다. 한편, 특정 자산의 취득과 관련된 정부보조금은 이연수익으로 처리하고, 정부보조금 관련 이연수익은 관련 자산의 내용연수 동안 상각하여 손익으로 반영하고 있습니다.
2.26 주당이익
기본주당이익은 주주에게 귀속되는 손익계산서상 당기순이익을 보고기간 동안의 회사의 가중평균 유통보통주식수로 나누어 산정한 것입니다.
희석주당이익은 주주에게 귀속되는 손익계산서상 당기순이익을 보고기간 동안의 회사의 가중평균 유통보통주식수와 가중평균 잠재적 희석증권주식수로 나누어 산정한 것입니다. 잠재적 희석증권은 희석효과가 발생하는 경우에만 희석주당이익의 계산에반영됩니다.
2.27 재무제표의 승인 회사의 재무제표는
2017년
1월
24
일
이사회에서 승인되었습니다.
3. 중요한 회계추정 및 가정 :
회사는 미래에 대하여 추정 및 가정을 하고 있습니다. 추정 및 가정은 지속적으로 평가되며, 과거 경험과 현재의 상황에서 합리적으로 예측가능한 미래의 사건을 고려하여 이루어집니다. 이러한 회계추정은 실제 결과와 다를 수도 있습니다. 다음 회계연도에 자산 및 부채 장부금액의 조정에 영향을 미칠 수 있는 유의적 위험에 대한 추정 및 가정은 다음과 같습니다.
가. 수익인식
회사는 설치 등의 서비스에 대하여 진행기준을 사용하고 있습니다. 진행기준은 회사가 발생예정원가에 대한 실제발생원가의 비율을 추정할 것을 요구하고 있습니다. 현재의 수익은 장기프로젝트의 초기단계, 프로젝트 수행범위의 변동, 원가의 변동, 공기의 변동 및 고객의 계획변경과 관련 요소들에 의하여 변동될 수 있습니다.
나. 판매보증충당부채
회사는 판매한 제품에 대하여 품질에 대한 보증의무를 부담하고 있습니다. 회사는 매보고기간 종료일 미래와 현재의 보증의무를 제공하는데 필요하다고 판단되는 최선의 추정치를 기준으로 보증충당부채를 계상하고 있습니다. 이러한 최선의 추정치는 과거 경험에 기초하여 결정하고 있습니다.
다. 금융상품의 공정가치
회사는 활성시장에서 거래되지 않는 금융상품의 공정가치에 대하여 보고기간 종료일현재 주요한 시장상황을 기초로 다양한 평가기법 및 가정을 사용하여 결정하고 있습니다.
라. 순확정급여자산
순확정급여자산은 많은 가정을 사용하는 보험수리적 방식에 의해 결정되는 다양한 요소들에 따라 달라질 수 있습니다. 퇴직연금의 순원가(이익)를 결정하는 데 사용되는 가정은 할인율을 포함하고 있으며, 이러한 가정의 변동은 순확정급여자산의 장부금액에 영향을 줄 것입니다. 회사는 매년 말 우량회사채 이자율을 고려하여 적절한 할인율을 결정하고 있으며, 이러한 할인율은 순확정급여자산의 정산 시 발생할 것으로 예상되는 미래의 추정 현금 유출액의 현재가치를 결정할 때 사용되어야 하는 이자율을 나타냅니다. 순확정급여자산과 관련된 다른 주요한 가정들은 일부 현재의 시장 상황에 근거하고 있습니다.
마. 영업권의 손상
회사는 매년 영업권의 손상여부를 검토하고 있습니다. 현금창출단위의 회수가능금액은 사용가치의 계산에 기초하여 결정하고 있습니다. 이러한 계산은 추정에 근거하여 이루어집니다.
바. 법인세
회사는 보고기간 종료일 현재까지의 영업활동의 결과로 미래에 부담할 것으로 예상되는 법인세효과를 최선의 추정과정을 거쳐 당기법인세 및 이연법인세로 인식하였습니다.하지만 실제 미래 최종 법인세부담은 인식한 관련 자산ㆍ부채와 일치하지 않을 수 있으며, 이러한 차이는 최종 세효과가 확정된 시점의 당기법인세 및 이연법인세 자산ㆍ부채에 영향을 줄 수 있습니다.
4
.
현금및현금성자산
:
현금및현금성자산은 보유중인 현금, 요구불예금 및 취득일 현재 확정된 금액의 현금으로 전환이 용이하고 가치변동의 위험이 경미한 매우 유동적인 단기 투자자산으로 구성되어 있습니다. 보고기간 종료일 현재 현금및현금성자산의 내역은 다음과 같습니다.
(단위: 백만원)
현금
558
572
예금 등
3,777,813
3,062,388
계
3,778,371
3,062,960
5.
사용제한금융상품 :
보고기간 종료일 현재 사용제한금융상품은 다음과 같습니다.
(단위: 백만원)
단기금융상품
9,655
2,498
6. 범주별 금융상품 :
가. 보고기간 종료일 현재 범주별 금융상품 내역은 다음과 같습니다.
(1) 당기말
(단위: 백만원)
현금및현금성자산
3,778,371
-
3,778,371
단기금융상품
30,170,656
-
30,170,656
매출채권
23,514,012
-
23,514,012
장기매도가능금융자산
-
913,989
913,989
기타
3,416,654
-
3,416,654
계
60,879,693
913,989
61,793,682
(단위: 백만원)
매입채무
6,162,650
-
6,162,650
단기차입금
-
9,061,167
9,061,167
미지급금
7,519,413
-
7,519,413
유동성장기부채
5,854
-
5,854
사채
58,542
-
58,542
장기미지급금
2,585,366
-
2,585,366
기타
6,037,993
-
6,037,993
계
22,369,818
9,061,167
31,430,985
(2) 전기말
(단위: 백만원)
현금및현금성자산
3,062,960
-
3,062,960
단기금융상품
27,763,589
-
27,763,589
단기매도가능금융자산
-
3,021,210
3,021,210
매출채권
20,251,464
-
20,251,464
장기매도가능금융자산
-
3,205,283
3,205,283
기타
3,847,347
-
3,847,347
계
54,925,360
6,226,493
61,151,853
(단위: 백만원)
매입채무
3,887,983
-
3,887,983
단기차입금
-
7,127,527
7,127,527
미지급금
5,834,965
-
5,834,965
유동성장기부채
5,666
-
5,666
사채
62,326
-
62,326
장기미지급금
2,163,903
-
2,163,903
기타
3,335,895
-
3,335,895
계
15,290,738
7,127,527
22,418,265
나. 금융상품 범주별 순손익 구분
(1) 당기
(단위: 백만원)
평가손익(기타포괄손익)
-
-
(373,977)
(373,977)
평가/처분손익(당기손익)
-
-
298,158
298,158
평가손익(손익대체)
-
-
(47,600)
(47,600)
이자수익
-
547,658
27,959
575,617
외환차이(당기손익)
-
640,184
-
640,184
배당수익
-
-
103,883
103,883
손상/환입(당기손익)
-
(43,717)
(302,229)
(345,946)
(단위: 백만원)
이자비용
-
127,164
204,353
331,517
외환차이(당기손익)
-
(397,211)
(195,768)
(592,979)
(2) 전기
(단위: 백만원)
평가손익(기타포괄손익)
-
-
(576,028)
(576,028)
평가/처분손익(당기손익)
-
-
50,526
50,526
평가손익(손익대체)
-
-
(50,316)
(50,316)
이자수익
-
632,241
94,169
726,410
외환차이(당기손익)
-
60,033
-
60,033
배당수익
-
-
60,000
60,000
손상/환입(당기손익)
-
(26,438)
(326)
(26,764)
(단위: 백만원)
이자비용
-
121,180
167,165
288,345
외환차이(당기손익)
-
(323,248)
36,750
(286,498)
7. 금융자산의 신용건전성 : 외부 신용등급 등을 참조하여 측정한 연체 및 손상되지 않은 주요 금융자산의 신용 건전성에 대한 상세 내역은 다음과 같습니다.
상환능력 우수, 최고 - Aaa~Aa(Moody's), AAA~AA(S&P, Fitch), A1(국내신용평가사) 상환능력 양호 - A(Moody's, S&P, Fitch), A2(국내신용평가사) 상환능력 적정 - Baa(Moody's), BBB(S&P, Fitch), A3(국내신용평가사) 상환가능 - Ba 이하(Moody's), BB 이하(S&P, Fitch), B 이하(국내신용평가사)
Group 1 - 외부신용등급이 없는 연결자회사
Group 2 - 자본잠식경험 및 채무불이행경험이 없는 일반고객
Group 3 - 자본잠식경험 및 채무불이행경험이 있으나 보험 및 담보가 설정되어 채무불이행위험이 해소된 일반고객
가. 매출채권
(단위: 백만원)
외부신용등급이 있는 거래상대방
상환능력 우수, 최고
474,334
395,067
상환능력 양호
928,447
731,050
상환능력 적정
41,933
45,004
상환 가능
123,296
125,353
소 계
1,568,010
1,296,474
외부신용등급이 없는 거래상대방
Group 1
21,154,159
17,781,245
Group 2
685,511
769,096
Group 3
-
-
소 계
21,839,670
18,550,341
연체 및 손상되지 아니한 매출채권 계
23,407,680
19,846,815
나. 현금성자산 및 단기금융상품
(단위: 백만원)
상환능력 우수, 최고수준
4,300,050
2,402,038
상환능력 양호
29,647,713
28,423,808
기타(*)
706
131
계
33,948,469
30,825,977
(*) 외부 신용등급이 존재하지 않는 금융기관 예치금(신용금고 등)
8. 금융자산의 양도 :
회사는
당기
및 전기 중 은행과의 매출채권 팩토링 계약을 통해 매출채권을 할인하였습니다. 회사가 매출채권 팩토링 거래에서 제공한 매출채권은 채무자의 채무불이행시의 소구조건 등으로 대부분의 위험과 보상을 회사가 보유하므로 금융자산의 제거요건을 충족하지 않아 제거되지 않았습니다. 이러한 거래에서 인식한 금융부채는 재무상태표에 단기차입금으로 분류되어 있습니다(주석
15
참조).
보고기간 종료일 현재 매출채권의 할인된 내역은 다음과 같습니다.
(단위: 백만원)
할인된 매출채권의 장부금액
9,061,167
7,127,527
관련차입금의 장부금액
9,061,167
7,127,527
9. 매도가능금융자산 :
보고기간 종료일 현재 매도가능금융자산 변동내역은 다음과 같습니다.
(단위: 백만원)
기초금액
6,226,493
9,243,767
취득
512,092
17,303
처분
(3,577,711)
(2,197,268)
매도가능금융자산평가
(493,374)
(759,931)
손상
(302,229)
(326)
기타 (*)
(1,451,282)
(77,052)
기말금액
913,989
6,226,493
단기매도가능금융자산
-
3,021,210
장기매도가능금융자산
913,989
3,205,283
(*) 당기 중 지분율 상승에 따라 삼성SDI 및 제일기획에 대한 매도가능금융자산을 관계기업 투자로 계정재분류 하였습니다.
상기 매도가능금융자산은 보고기간 종료일 현재 공정가액에 따라 평가하고 있으며, 자본(기타포괄손익)으로 인식된 매도가능금융자산평가손익의 변동내역은 다음과 같습니다.
(단위: 백만원)
기초잔액
819,561
1,645,871
평가액
(493,374)
(759,931)
손익반영액
(62,797)
(66,379)
기말잔액
263,390
819,561
자본에 가감되는 법인세효과
(63,740)
(198,334)
계
199,650
621,227
가. 단기매도가능금융자산 보고기간 종료일 현재 단기매도가능금융자산의 구성내역은 다음과 같습니다.
(단위: 백만원)
국공채
-
271,373
금융채
-
2,749,837
계
-
3,021,210
나. 장기매도가능금융자산
보고기간 종료일 현재 장기매도가능금융자산의 구성내역은 다음과 같습니다.
(단위:백만원)
지분증권-상장주식
797,693
3,104,942
지분증권-비상장주식
112,075
88,213
채무증권(*)
4,221
12,128
계
913,989
3,205,283
(*) 보고기간 종료일 현재 매도가능금융자산 중 채무증권의 신용위험의 최대노출금액은 장부금액입니다.
(1) 지분증권- 상장주식 보고기간 종료일 현재 장기매도가능금융자산 중 상장주식의 내역은 다음과 같습니다
(단위: 백만원)
삼성SDI(*1)
-
-
-
-
1,534,745
삼성중공업
65,930,982
16.9
473,727
609,862
441,331
호텔신라
2,004,717
5.1
13,957
96,527
154,965
제일기획(*1)
-
-
-
-
300,124
아이마켓코리아
647,320
1.8
324
6,732
16,377
에이테크솔루션
1,592,000
15.9
26,348
16,636
8,469
원익홀딩스 (구 원익아이피에스)(*2)
1,759,171
2.3
15,410
11,857
40,975
원익아이피에스(*2)
1,850,936
4.5
16,214
48,495
케이티스카이라이프
240,000
0.5
3,344
4,152
4,152
용평리조트(*3)
400,000
0.8
1,869
3,432
-
Rambus(*4)
-
-
-
-
65,039
Seagate Technology(*4)
-
-
-
-
538,765
계
551,193
797,693
3,104,942
(*1) 당기 중 지분율 상승에 따라 삼성SDI 및 제일기획에 대한 매도가능금융자산을 관계기업 투자로 계정재분류 하였습니다.
(*2
)
당기 중 원익홀딩스(구 원익아이피에스)는 2016년 4월 1일에 인적분할을 하였으며, 분할존속회사는 원익홀딩스이고 분할신설회사는 원익아이피에스입니다.
(*3) 당기 중 용평리조트는 대한민국의 한국거래소 유가증권시장에 상장되었습니다. (*4) 당기 중 Rambus, Seagate Technology 지분 전부를 매각하였습니다.
취득원가는 회수가능액이 취득원가에 미달하여 인식한 매도가능금융자산 손상차손을 차감하지 아니한 금액입니다. 손상차손 금액을 제외한 취득원가와 시가의 차액은 자본항목에 직접 반영되는 법인세효과를 감안한 후 기타자본항목(매도가능금융자산평가손익)으로 계상하고 있습니다.
(2) 지분증권- 비상장주식 보고기간 종료일 현재 장기매도가능금융자산 중 비상장주식의 구성내역은 다음과 같습니다.
(단위: 백만원)
기협기술금융
1,000,000
17.2
5,000
5,000
5,000
부산신항만(*1)
-
-
-
-
5,677
삼성벤처투자
980,000
16.3
4,900
7,515
7,207
말타니(구 태원전기산업)
45,000
15.0
16,544
16,270
15,860
기타
148,968
83,290
54,469
계
175,412
112,075
88,213
(*1) 당기 중 부산신항만 지분 전부를 매각하였습니다.
(*2) 일부 시장성 없는 지분증권에 대하여 추정 현금흐름의 편차가 유의적이고 다양한 추정치의 발생 확률을 신뢰성 있게 평가할 수 없고 적용할 할인율을 신뢰성 있게 산정할 수 없으므로 취득원가로 평가하였습니다.
취득원가는 회수가능액이 취득원가에 미달하여 인식한 매도가능금융자산 손상차손을 차감하지 아니한 금액입니다. 손상차손 금액을 제외한 취득원가와 시가의 차액은 자본항목에 직접 반영되는 법인세효과를 감안한 후 기타자본항목(매도가능금융자산평가손익)으로 계상하고 있습니다.
(3) 채무증권 보고기간 종료일 현재 장기매도가능금융자산 중 채무증권의 내역은 다음과 같습니다
(단위: 백만원)
회사채
4,221
12,128
계
4,221
12,128
10. 매출채권 및 미수금 :
가. 보고기간 종료일 현재 매출채권 및 미수금의 내역은 다음과 같습니다.
(단위: 백만원)
채권액
23,771,781
2,340,658
20,463,848
2,506,192
차감: 대손충당금
(257,769)
(16,347)
(212,384)
(20,482)
소 계
23,514,012
2,324,311
20,251,464
2,485,710
차감: 장기 채권
-
(4,529)
-
(170,887)
유동항목
23,514,012
2,319,782
20,251,464
2,314,823
보
고기간 종료일 현재 회사가 금융기관 등에 양도한 매출채권 중 담보부 차입금으로 회계처리한 것은
9,061,167
백만원(전
기
:
7,127,
527백만원
)입니다
(주석
15
참조)
.
나. 당기 및 전기 중 대손충당금의 변동내역은 다음과 같습니다.
(단위: 백만원)
기초
212,384
20,482
195,985
9,313
대손상각(환입)
48,063
(3,949)
17,479
12,164
제각
(233)
(45)
(1,573)
(1,017)
기타
(2,445)
(141)
493
22
기말
257,769
16,347
212,384
20,482
다. 보
고
기간 종료일 현재
매출
채권 및 미수금 연령분석 내역은 다음과 같습니다.
(단위: 백만원)
연체되지 않은 채권
25,712,085
22,129,307
소 계
25,712,085
22,129,307
연체되었으나 손상되지 않은 채권(*) :
31일 이하
178,853
254,760
소 계
178,853
254,760
손상채권 :
31일 초과 90일 이하
52,622
204,437
90일 초과
168,879
381,536
소 계
221,501
585,973
계
26,112,439
22,970,040
(*) 회사는 31일 이하 연체된 매출채권 및 미수금은 손상된 것으로 간주하지 않습니다.
라. 보고기간 종료일 현재 신용위험의 최대 노출금액은 채권의 장부금액입니다. 회사의 주요 채권과 관련하여 보험사와 보험계약을 체결하고 있으며, 보험 계약이 체결되지 않은 채권에 대해서는 연체 실적에 따라 충당금을 설정하고 있습니다.
11. 재고자산
:
보고기간 종료일 현재 재고자산의 내역은 다음과 같습니다.
(단위: 백만원)
제품 및 상품
2,698,363
(1,053,757)
1,644,606
1,597,328
(77,409)
1,519,919
반제품 및 재공품
3,152,821
(188,311)
2,964,510
4,070,557
(226,609)
3,843,948
원재료 및 저장품
1,409,118
(398,894)
1,010,224
1,229,839
(189,989)
1,039,850
미착품
362,294
-
362,294
174,395
-
174,395
계
7,622,596
(1,640,962)
5,981,634
7,072,119
(494,007)
6,578,112
(*) 당기 중 회사는 생산 및 판매 중단한 재고자산을 순실현가능가치로 평가하고 원가와의 차이를 평가충당금으로 반영하였습니다.
당기 중 비용으로 인식한 재고자산의 금액은
97,186,967백만원(전기: 99,559,267백만원)입니다.
동 비용에는 재고자산 평가손실 금액이
포함되어 있습니다.
12. 종속기업, 관계기업 및 공동기업 투자 :
가. 당기 및 전기 중 종속기업, 관계기업 및 공동기업 투자의 변동내역은 다음과 같습니다.
(단위: 백만원)
기초장부가액
44,107,398
41,857,431
취득
4,648,008
2,334,935
처분(*1)
(1,544,673)
(68,994)
손상
(19,262)
(15,974)
기타변동액(*2)
1,551,608
-
기말장부가액
48,743,079
44,107,398
(*1) 회사는 당
기 중 삼성카드 지분 전부를 매각하였습니다.
(*2)
당기 중 지분율 상승에 따라 삼성SDI 및 제일기획에 대한 매도가능금융자산을 관계기업투자로 계정재분류 하였습니다. 또한, 물적분할로 취득한 에스프린팅솔루션 및 Samsung Electronics (shandong) Digital Printing(SSDP) 지분 전부가 매각예정분류 요건을 충족함에 따라 매각예정분류자산으로 재분류 되었습니다(주석 33 참조).
나. 보고기간 종료일 현재 주요 관계기업 및 공동기업 투자 현황은 다음과 같습니다 (종속기업 현황은 주석 32 참조). (1) 관계기업 투자
삼성전기
수동소자, 회로부품, 모듈 등 전자부품의 생산 및 공급
23.7
한국
삼성에스디에스
컴퓨터 프로그래밍, 시스템 통합 및 관리업 등 IT서비스 제공
22.6
한국
삼성바이오로직스
신사업 투자
31.5
한국
삼성SDI(*2)
2차전지 등 전자제품의 생산 및 공급
19.6
한국
제일기획
광고 대행업
25.2
한국
(*1) 총발행보통주식수 기준 지분율입니다. (*2) 유통보통주식수 기준 지분율은 20.3%입니다.
(2) 공동기업 투자
Toshiba Samsung Storage Technology Japan
전자제품 생산 및 공급
49.0
일본
(*) 총발행보통주식수 기준 지분율입니다.
다. 보고기간 종료일 현재 주요 종속기업, 주요 관계기업 및 공동기업의 요약 재무정보는 다음과 같습니다.
(1) 주요 종속기업
1) 당기
(단위: 백만원)
삼성디스플레이
43,305,405
8,361,256
24,658,814
1,498,628
Samsung Electronics America(SEA)
21,810,492
9,496,649
34,521,654
246,141
Samsung (China) Investment(SCIC)
13,632,938
11,672,755
8,792,750
298,373
Samsung (China) Semiconductor(SCS)
9,749,448
4,564,793
4,152,137
1,113,218
Samsung Electronics Vietnam(SEV)
9,134,023
1,258,948
19,426,334
2,046,280
Samsung Electronics Europe Holding(SEEH)
8,643,308
6,661,092
-
350,974
Samsung Semiconductor(SSI)
7,804,698
3,746,687
19,911,135
30,247
Samsung Electronics Vietnam THAINGUYEN(SEVT)
7,646,828
2,179,023
23,563,736
2,641,418
Samsung Electronics Huizhou(SEHZ)
6,174,579
1,106,633
12,971,475
764,426
Shanghai Samsung Semiconductor(SSS)
5,862,409
5,166,385
20,983,314
181,041
Samsung Asia Private(SAPL)
5,528,472
592,320
1,458,176
1,056,956
Samsung Electronica da Amazonia(SEDA)
5,200,799
1,510,972
6,092,245
966,821
Samsung Austin Semiconductor(SAS)
4,940,748
1,293,458
3,586,127
104,747
Samsung India Electronics(SIEL)
4,563,407
2,256,194
8,827,028
753,164
Samsung Display Vietnam(SDV)
3,165,239
3,437,791
5,230,581
(98,102)
상기 요약재무정보는 각 종속기업의 별도재무제표 기준입니다.
2) 전기
(단위: 백만원)
삼성디스플레이
39,225,460
6,586,259
26,397,111
1,673,165
Samsung Electronics America(SEA)
14,875,687
7,562,099
35,766,374
268,083
Samsung (China) Investment(SCIC)
12,748,395
11,040,055
11,461,304
(77,629)
Samsung (China) Semiconductor(SCS)
9,742,388
5,537,446
2,610,462
171,644
Samsung Electronics Europe Holding(SEEH)
6,989,207
5,223,523
-
(31,925)
Samsung Electronics Huizhou(SEHZ)
6,192,974
1,738,095
17,949,623
722,700
Samsung Asia Private(SAPL)
4,227,798
504,256
1,392,926
957,734
Shanghai Samsung Semiconductor(SSS)
3,792,437
3,207,942
14,372,358
141,232
Samsung India Electronics(SIEL)
3,723,127
2,204,333
8,008,884
326,462
Samsung Electronica da Amazonia(SEDA)
3,114,334
1,021,869
5,634,385
322,939
Samsung Suzhou LCD(SSL)
2,784,122
1,634,304
1,024,881
76,099
Tianjin Samsung Telecom Technology(TSTC)
2,075,123
778,133
6,963,943
146,972
Samsung Electronics Europe Logistics(SELS)
1,894,614
1,793,917
12,943,676
(7,745)
Thai Samsung Electronics(TSE)
1,889,410
416,382
3,949,756
179,527
Samsung Electronics Slovakia(SESK)
1,888,341
373,886
3,480,848
107,968
상기 요약재무정보는 각 종속기업의 별도재무제표 기준입니다.
(2)
주요 관계기업
1) 당기
(단위: 백만원)
구분
유동자산
2,812,409
4,548,448
1,461,425
3,958,266
1,794,812
비유동자산
4,850,220
2,293,556
6,071,580
10,942,046
356,619
유동부채
2,043,155
1,347,385
2,476,545
2,212,796
1,244,899
비유동부채
1,281,889
203,495
974,089
1,723,405
130,248
순자산
4,337,585
5,291,124
4,082,371
10,964,111
776,284
(단위: 백만원)
구분
수익(매출)
6,033,040
8,180,187
294,622
5,200,823
3,232,594
계속영업손익(*)
14,707
463,858
(176,832)
(878,504)
88,263
세후중단영업이익(*)
-
-
-
1,089,615
-
기타포괄손익(*)
41,212
35,664
108
(222,175)
(13,711)
총포괄손익(*)
55,919
499,522
(176,724)
(11,064)
74,552
(*) 관계기업별 지배기업의 소유주에 귀속될 손익입니다.
2) 전기
(단위: 백만원)
유동자산
19,070,997
2,729,971
3,845,289
192,854
비유동자산
4,539,482
2,486,390
5,767,640
유동부채
12,382,672
1,768,254
1,389,915
1,911,669
비유동부채
1,185,816
164,913
1,273,991
순자산
6,688,325
4,315,383
4,776,851
2,774,834
(*) 삼성카드는 재무상태표에 유동과 비유동을 구분하여 표시하지 않습니다.
(단위: 백만원)
구분
수익(매출)
3,302,194
6,176,258
7,853,459
91,278
계속영업이익(*)
333,724
312,773
439,020
1,920,179
세후중단영업손실(*)
-
(301,585)
-
-
기타포괄손익(*)
79,656
(138,445)
70,670
(8,315)
총포괄손익(*)
413,380
(127,257)
509,690
1,911,864
(*) 관계기업별 지배기업의 소유주에 귀속될 손익입니다.
(3) 주요 공동기업 투자
(단위: 백만원)
Toshiba Samsung Storage Technology Japan
50,004
88,617
117,125
(29,927)
88,989
100,917
395,211
(20,642)
라. 보고기간 종료일 현재 시장성 있는 관계기업 투자주식의 내역은 다음과 같습니다
.
(단위: 백만원)
삼성카드
-
-
-
1,338,679
1,455,485
삼성전기
17,693,084
898,809
445,244
1,112,895
445,244
삼성에스디에스
17,472,110
2,437,359
560,827
4,437,916
560,827
삼성바이오로직스
20,836,832
3,146,362
443,193
(*1)
545,665
삼성SDI
13,462,673
1,467,431
1,242,605
(*2)
-
제일기획
29,038,075
457,350
491,599
(*2)
-
(*1) 당기에 상장되어 전기에 공표된 시장가격이 없어 공시하지 않았습니다. (*2) 당기 중 지분율 상승에 따라 매도가능금융자산을 관계기업 투자로 계정재분류 하였습니다.
13. 유형자산 :
가. 당기 및 전기 중 유형자산의 변동내역은 다음과 같습니다. (1) 당기
(단위: 백만원)
기초장부가액
6,289,122
11,238,107
21,578,887
5,457,754
584,759
45,148,629
취득원가
6,289,122
15,981,133
83,556,501
5,457,754
1,462,477
112,746,987
감가상각누계액 (손상차손누계액 포함)
-
(4,743,026)
(61,977,614)
-
(877,718)
(67,598,358)
일반취득 및 자본적지출
12,892
920,319
5,495,015
5,678,381
251,655
12,358,262
감가상각
-
(754,091)
(8,985,029)
-
(209,427)
(9,948,547)
처분/폐기
(25,944)
(22,182)
(123,758)
-
(5,710)
(177,594)
기타
-
(5,449)
(9,602)
(131,295)
(5,574)
(151,920)
기말장부가액
6,276,070
11,376,704
17,955,513
11,004,840
615,703
47,228,830
취득원가
6,276,070
16,852,926
86,461,021
11,004,840
1,569,937
122,164,794
감가상각누계액 (손상차손누계액 포함)
-
(5,476,222)
(68,505,508)
-
(954,234)
(74,935,964)
(2)
전기
(단위: 백만원)
기초장부가액
6,295,538
8,459,613
19,045,504
9,290,646
652,958
43,744,259
취득원가
6,295,538
12,555,904
74,041,997
9,290,646
1,522,759
103,706,844
감가상각누계액 (손상차손누계액 포함)
-
(4,096,291)
(54,996,493)
-
(869,801)
(59,962,585)
일반취득 및 자본적지출
55,638
3,461,007
11,915,003
(3,613,602)
274,445
12,092,491
감가상각
-
(678,409)
(9,203,967)
-
(207,372)
(10,089,748)
처분/폐기
(61,559)
(12,943)
(141,097)
-
(130,197)
(345,796)
손상
-
-
(44,948)
-
-
(44,948)
기타
(495)
8,839
8,392
(219,290)
(5,075)
(207,629)
기말장부가액
6,289,122
11,238,107
21,578,887
5,457,754
584,759
45,148,629
취득원가
6,289,122
15,981,133
83,556,501
5,457,754
1,462,477
112,746,987
감가상각누계액 (손상차손누계액 포함)
-
(4,743,026)
(61,977,614)
-
(877,718)
(67,598,358)
나. 당기 및 전기 중 계정과목별 유형자산 상각내역은 다음과 같습니다.
(단위: 백만원)
매출원가
8,785,969
8,984,330
판매비와관리비 등
1,162,578
1,105,418
계
9,948,547
10,089,748
14.
무형자산 :
가. 당기 및 전기 중 무형자산의 변동내역은 다음과 같습니다.
(1) 당기
(단위: 백만원)
기초장부가액
950,499
1,697,545
151,593
-
607,592
3,407,229
내부개발에 의한 취득
-
680,962
-
-
-
680,962
개별 취득
239,897
-
-
-
125,817
365,714
상각
(160,144)
(748,573)
-
-
(234,713)
(1,143,430)
처분/폐기
(48,678)
-
(550)
-
(2,363)
(51,591)
손상
-
(449,297)
-
-
-
(449,297)
기타
(37,408)
(19)
-
-
119,684
82,257
기말장부가액
944,166
1,180,618
151,043
-
616,017
2,891,844
(2) 전기
(단위: 백만원)
기초장부가액
925,734
1,239,933
149,712
79,277
656,908
3,051,564
내부개발에 의한 취득
-
1,143,059
-
-
-
1,143,059
개별 취득
198,655
-
1,929
-
22,031
222,615
상각
(151,607)
(607,526)
-
-
(241,405)
(1,000,538)
처분/폐기
(22,036)
-
(48)
-
(364)
(22,448)
손상
-
(76,703)
-
(79,277)
-
(155,980)
기타
(247)
(1,218)
-
-
170,422
168,957
기말장부가액
950,499
1,697,545
151,593
-
607,592
3,407,229
나. 영업권
영업권은 식별된 현금창출단위에 배분하고 있으며, 보고기간 종료일 현재 영
업권은 없습니다.
회사는 매년 영업권의 손상여부를 검토하고 있으며, 현금창출단위의 회수가능가액은사용가치 계산에 근거하여 결정되었습니다. 사용가치의 계산은 경영진이 승인한 향후 5년치의 재무예산에 근거하여 세전현금흐름추정치를 사용하였습니다. 동 기간을 초과하는 기간에 대한 영구 현금흐름의 산출은 일정 성장률의 가정(단, 산업평균성장률을 초과하지 않음)이 사용되었습니다.
전기 중
손상평가 수행 결과 회사는 LED사업부 관련 영업권에 대하여
79,277백만원
의 손상차
손을 인식
하였습니다. 사용가치계산에 사용된 주요 가정치는 다음과 같습니다.
(단위: %)
매출성장률
1.1
영구성장률
1.0
세전할인율(*)
9.5
(*) 예상현금흐름에 적용된 세전할인율
회사는 과거의 실적과 미래의 시장변동에 대한 기대수준에 근거하여 매출액 성장률을 결정하였습니다. 사용된 할인율은 관련된 사업의 특수한 위험을 반영한 할인율입니다.
다. 당기 및 전기 중 계정과목별 무형자산 상각내역은 다음과 같습니다.
(단위: 백만원)
매출원가
875,868
728,470
판매비와관리비 등
267,562
272,068
계
1,143,430
1,000,538
15. 차입금 :
보고기간 종료일 현재 차입금 내역은 다음과 같습니다.
(단위: 백만원)
담보부차입금
우리은행 외
0.1 ~ 12.1
9,061,167
7,127,527
상기 담보부 차입금에 대해서는 매출채권이 담보로 제공되어 있습니다(주
석
8과 10
참조).
16. 사채 :
가. 보고기간 종료일 현재 사채의 내역은 다음과 같습니다.
(단위: 백만원)
US$ denominated Straight Bonds
1997.10.2
2027.10.1
7.7
66,468 (US$55,000천)
70,320 (US$60,000천)
70,320
(US$60,000천)
1년이내 만기도래분
(6,043)
(5,860)
사채할인발행차금
(1,883)
(2,134)
계
58,542
62,326
상기 사채는 10년 거치 20년 분할 상환되며 이자는 6개월마다 후급됩니다. 나. 보고기간 종료일 현재 사채의 연도별 상환계획은 다음과 같습니다.
(단위: 백만원)
2017년
6,043
2018년
6,043
2019년
6,043
2020년
6,043
2021년 이후
42,296
계
66,468
17.
순
확정급여자산 :
가. 보고기간 종료일
현재
순확정급여
자
산
과 관련하여 재무상
태표에 인식한 내역은 다음과 같습니다.
(단위: 백만원)
기금이 적립되는 확정급여채무의 현재가치
5,687,413
6,113,042
기금이 적립되지 않는 확정급여채무의 현재가치
9,247
10,734
소 계
5,696,660
6,123,776
사외적립자산의 공정가치
(6,253,751)
(6,179,950)
순확정급여(
자산
) 계
(557,091)
(56,174)
나. 당기 및 전기 중 손익계산서에 인식한 확정급여제도 관련 비용의 세부 내역은 다음과 같습니다.
(단위: 백만원)
당기근무원가
810,636
864,601
순이자수익
(3,981)
(8,880)
계
806,655
855,721
다. 당기 및 전기 중 손익계산서에 인식한 확정급여제도 관련 비용의 계정과목별 금액은 다음과 같습니다.
(단위: 백만원)
매출원가
316,254
338,636
판매비와관리비 등
490,401
517,085
계
806,655
855,721
라. 당기 및 전기 중 확정급여채무의 변동내역은 다음과 같습니다.
(단위: 백만원)
기초
6,123,776
6,001,044
당기근무원가
810,636
864,601
이자원가
233,484
257,507
재측정 :
- 인구통계적가정의 변동으로 인한 보험수리적손익
-
150
- 재무적가정의 변동으로 인한 보험수리적손익
(859,907)
(279,851)
- 기타사항에 의한 효과
(202,999)
(133,905)
급여지급액
(375,689)
(590,134)
기타
(32,641)
4,364
기말
5,696,660
6,123,776
마. 당기 및 전기 중 사외적립자산 공정가치의 변동내역은 다음과 같습니다.
(단위: 백만원)
기초
6,179,950
6,136,995
사외적립자산의 이자수익
237,465
266,387
사외적립자산의 재측정요소
(100,328)
(116,709)
사용자의 기여금
308,300
146,000
급여지급액
(336,449)
(244,080)
기타
(35,187)
(8,643)
기말
6,253,751
6,179,950
확정급여제도와 관련하여 2017년도에 납입할 것으로 예상되는 사용자 기여금의 합리적인 추
정
치는
1,004,322
백
만원
입니다.
바. 보고기간 종료일 현재 사외적립자산은 원금보장형 고정수익 상품에 투자 되어 있습니다.
사. 보고기간 종료일 현재 사용한 주요 보험수리적 가정은 다음과 같습니다.
할인율
3.9%
3.9%
미래임금상승률 (인플레이션 효과 포함)
4.2%
5.4%
아. 보고기간 종료일 현재 주요 가정의 변동에 따른 확정급여채무의 민감도 분석은 다음과 같습니다.
할인율 :
1% 증가
90%
89%
1% 감소
111%
113%
임금상승률 :
1% 증가
111%
112%
1% 감소
90%
89%
자. 보고기간 종료일 현재 확정급여채무의 가중평균만기는
10.38
년
입니다.
18
. 충당부채 :
당기 중 충당부채 변동내역은 다음과 같습니다.
(단위: 백만원)
기타충당부채
(라, 마)
기초
179,285
3,745,657
665,148
74,945
4,665,035
순전입액(환입액)
287,106
(1,055,496)
166,582
392,822
(208,986)
사용액
(279,728)
(1,287,692)
(197,086)
(121,086)
(1,885,592)
기타(*)
(5,321)
90,821
(9,711)
(112,062)
(36,273)
기말
181,342
1,493,290
624,933
234,619
2,534,184
(*) 기타는 환율변동에 의한 증감액 등을 포함하고 있습니다. 가. 회사는 출고한 제품에 대한 품질보증, 교환환불, 하자보수 및 그에 따른 사후서비스 등으로 인하여 향후 부담할 것으로 예상되는 비용을 보증기간 및 과거 경험률 등을 기초로 추정하여 충당부채로 설정하고 있습니다.
나. 회사는 협상 진행중인 기술사용계약과 관련하여 향후 지급이 예상되는 기술사용료를 추정하여 충당부채로 계상하고 있습니다. 지급시기 및 금액은 협상결과에 따라 변동될 수 있습니다.
다. 회사는 임원을 대상으로 부여년도를 포함한 향후 3년간의 경영실적에 따라 성과급을 지급하는 장기성과 인센티브를 부여하였는 바, 향후 지급이 예상되는 금액의 경과기간 해당분을 충당부채로 계상하고 있습니다.
라. 회사는 생산 및 판매 중단한 제품에 대하여 향후 부담할 것으로 예상되는 비용을 추정하여 충당부채로 계상하고 있습니다.
마. 회사는 온실가스 배출과 관련하여 회사가 보유한 해당 이행연도분 배출권을 초과하는 배출량에 대해 향후 부담할 것으로 예상되는 비용을 추정하여 충당부채로 계상하고 있습니다.
(1) 보고기간 종료일 현재 무상할당 배출권 및 온실가스 배출량 추정치는 다음과 같습니다.
(단위: 만톤)
무상할당 배출권
657
배출량 추정치
743
(2) 당기 중 배출권 변동 내역은 다음과 같습니다.
(단위: 백만원)
기초
7,260
취득
19,538
사용
(8,172)
당기말
18,626
(3) 당기 중 배출부채 변동 내역은 다음과 같습니다.
(단위: 백만원)
기초
7,947
순전입액
12,917
사용액
(8,172)
당기말
12,692
19. 우발부채와 약정사항 :
가. 지급보증한 내역
보고기간 종료일 현재 회사가 제공한 채무보증내역은 다음과 같습니다.
(단위: 백만원, 백만US$)
임대주택 관련 채무보증(*)
8,956
10,778
해외종속기업에 대한 채무보증 (한도 기준)
US$ 9,434 (원화환산액: \11,401,171)
US$ 9,484 (원화환산액: \11,115,248)
해외종속기업에 대한 채무보증 (실차입금 기준)
US$ 1,618 (원화환산액: \1,954,777)
US$ 1,791 (원화환산액: \2,099,153)
(*) 직원용 임대주택 제공과 관련 직원들의 금융기관 대출금에 대하여 제공한 채무보증 약정 한도액입니다.
보고기간 종료일 현재 회사가 해외종속기업의 자금조달 등을 위하여 제공하고 있는 지급보증 내역은 다음과 같으며, 특수관계자로부터 제공받고 있는 담보 및 지급보증은 없습니다.
(단위: 백만원)
Samsung Electronics America(SEA)
SMBC 외
2017-12-16
1,208,500
2,930,613
Samsung Electronics Turkey(SETK)
BTMU 외
2017-12-16
227,037
713,015
Samsung Electronics Digital Appliance Mexico(SEDAM)
Citibank 외
2017-12-16
122,452
472,524
Samsung Electronics South Africa(SSA)
Citibank 외
2017-12-16
41,484
404,848
Samsung Electronics Peru(SEPR)
BBVA 외
2017-12-16
83,071
217,530
Samsung Electronica Colombia(SAMCOL)
Citibank 외
2017-12-16
101,012
188,526
Samsung Electronics Poland Manufacturing(SEPM)
HSBC
2017-06-13
104,982
151,063
Simpress
BNP
2017-11-08
53,813
72,510
Samsung Electronics South Africa Production(SSAP)
SCB
2017-11-08
12,426
36,255
기타
-
6,214,287
합계
1,954,777
11,401,171
나. 소송 등 (1)
보고기간 종료일 현재 Apple사와의 특허관련 소송이 미국에서 진행중입니다. 해당 소송과 관련해서는 2012년 8월 24일 미국 캘리포니아 법원에서 디자인 및 기술특허에 대해 회사의 일부 침해를 인정하고 그에 따른 손해액을 지불해야 한다는 평결이 있었습니다. 그 후 2013년 3월 1일 동 법원의 판사는 손해액 중 일부 금액이 잘못 산정되었기 때문에 동 일부 금액에 대해 새로운 재판을 하도록 결정하였습니다. 그에 따라 2013년 11월 21일 손해액 관련 배심원 평결이 있었으며, 2014년 3월 6일 Apple사의 회사 제품 판매 금지 주장을 기각하고 손해배상액은 배심원 평결 금액으로 하는 1심 판결이 선고되었습니다. 이 중 손해배상 관련 판결에 대해서 2014년 3월 7일 항소를 하여, 2014년 12월 4일 항소심 재판이 진행되었습니다. 2015년 5월 18일 항소심 법원은 2심 판결을 선고하면서 1심 판결 중 일부 판결은 파기 환송하고 일부 판결은 유지하였습니다. 회사는 유지된 일부 판결 중 디자인 침해와 관련하여 2015년 6월 17일 전원합의체 재심리 신청을 하였으나, 2015년 8월 13일 재심리 신청은 불허되었습니다. 이후 1심 법원에서 환송심 절차가 진행되었으며, 2015년 9월 18일 1심 법원은 항소심에서 유지된 일부 판결에 대한 최종판결을 선고하였습니다. 회사는 다시 항소하였으나, 2015년 10월 13일 항소가 기각되었고, 2015년 11월 19일 전원합의체 재심리 신청도 기각되었습니다. 회사는 2015년 12월 11일 일부 판결의 손해액을 Apple사에 지불하였고, 2015년 12월 14일 대법원에 디자인 관련 상고를 제기하였습니다. 이후 일부 판결 관련 부수적 손해 등에 대한 양사 서면이 1심 법원에 제출되었습니다. 2016년 3월 21일 대법원은회사가 제기한 디자인 관련 상고를 허가하였고, 2016년 3월 22일 1심 법원은 2016년3월 28일 시작 예정이었던 손해액 재재판을 포함하여 환송심의 모든 절차를 대법원 상고심 판결 시까지 정지하였습니다. 회사는 디자인 관련 상고심에서 2016년 6월 1일 본안 서면을 제출하였고, 2016년 6월 8일 여러 회사 및 단체 등이 회사 지지 서면을 제출하였습니다.
Apple사는 2016년 7월 29일 반대 서면을 상고심에 제출하였고, 2016년 8월 5일 여러 회사 및 단체 등이 Apple사 지지 서면을 제출하였습니다. 회사는 2016년 8월 29일 반박 서면을 상고심에 제출하였습니다. 관련 상고심 구두변론은2016년 10월 11일 대법원에서 진행되었습니다.
2016년 12월 6일 대법원은 회사 상고를 인용하는 판결을 내리고 사건을 항소심 법원으로 환송하였습니다. 2017년 2월 7일 항소심 법원은 사건을 1심 법원으로 환송하였습니다.
또한, 2014년 5월 5일 미국 캘리포니아 법원에서 기술특허 관련한 두번째 소송과 관련해 회사의 일부 침해를 인정하고 그에 따른 손해액을 지불해야 한다는 평결이 있었으며, 2014년 11월 25일 배심원 평결을 확인하는 1심 법원의 판결이 선고되었습니다. 회사는 2014년 11월 25일 1심 판결에 대해 항소하였으며, 2016년 1월 5일 항소심 구두변론이 진행되었습니다. 별도로, 2014년 8월 27일 1심 법원은 Apple사의 판매금지청구를 기각하였으나, 항소심법원은 2015년 9월 17일 1심 판단을 파기 환송하는 판결을 선고하였고, 2015년 12월 16일 전원합의체 재심리 신청도 기각되었습니다. 2016년 1월 18일 1심 법원은 판매금지결정을 내렸습니다. 2016년 2월 26일 항소심 재판부는 2014년 11월 25일 선고된 1심 판결을 번복하여 Apple사의 기술특허 관련하여 비침해 또는 무효를 판단하고 손해액을 파기하는 판결을 선고하였습니다. 2016년 3월 30일 Apple사는 항소심 재판부 판결에 대해 재심리 신청을 하였습니다. 2016년 10월 7일 항소심 전원합의체는 항소심 재판부 판결을 다시 번복하여, Apple사의 기술특허 관련하여 침해 및 유효를 판단하고 손해액 판결을 내렸습니다. 동 소송을 포함한 Apple사와의 특허 관련 소송 최종 결과 및 그 영향을 보고기간 종료일 현재예측할 수 없습니다.
2014년 8월, 회사와 Apple사는 미국 외 지역에서의 소송을 취하한다는 합의에 이른 바 있으며, 보고기간 종료일 현재 미국 외 모든 국가에서 소송 취하가 완료되었습니다.
(2) 이외에도 다수의 회사와 정상적인 영업과정에서 발생한 소송, 분쟁 및 규제기관의 조사 등이 진행 중에 있습니다. 이에 따른 자원의 유출금액 및 시기는 불확실하며 회사의 경영진은 이러한 소송 등의 결과가 회사의 재무상태에 중요한 영향을 미치지 않을 것으로 판단하고 있습니다.
다. 분할과 관련된 연대채무
회사와 삼성디스플레이 주식회사 등은 분할된 삼성디스플레이 주식회사 등의 분할 전 채무에 관하여 연대하여 변제할 책임이 있습니다.
라. 기타 약정사항
보고기간 종료일 현재 회사는 우리은행 외
6개
은행과 무역금융, 상업어음할인 및 외상매출채권담보대출 등의 약정을 맺고 있으며 동 약정에 대한 통합한도액은
10,116,485
백만원입니다. 이외에도 회사는 산업은행 외
16
개 은행과 한도액 USD
5,050
백만의 무역금융 약정을 체결하고 있으며, 구매대금의 지급과 관련하여 기업은행 외
1개
은행과 한도액
220,000
백만원의 외상매출채권담보대출 약정 등을 맺고 있습니다.
20. 자본금 :
회사의 정관에 의한 발행할 주식의 총수는
500,000,000주(1주의 금액 : 5,000원)
이며, 보고기간 종료일 현재 회사가 발행한 보통주식 및 우선주식의 수(소각 주식수 제외)는 각각
140,679,337주와 20,513,427
주입니다. 이익소각으로 인하여 발행주식의액면 총액은
805,964백만원(보통주 703,397백만원 및 우선주 102,567백만원
)으로 납입자본금
(897,514백만원)과
상이합니다.
(단위: 주)
전기초
130,204,596
19,722,484
- 주식선택권의 행사로 인한 자기주식의 처분
5,000
-
- 자기주식 취득
(2,812,748)
(1,174,651)
전기말
127,396,848
18,547,833
당기초
127,396,848
18,547,833
- 자기주식 취득
(4,699,197)
(1,264,099)
당기말
122,697,651
17,283,734
회사는 2015년 10월 29일, 2016년 1월 28일, 4월 28일, 7월 28일 이사회 결의에 의거 당기 중 취득원가 11,399,991백만원인 보통주 6,620,000주와 우선주 2,320,000주를 소각하였습니다.
21. 이익잉여금 :
가. 보고기간 종료일 현재 이익잉여금의 내역은 다음과 같습니다.
(단위: 백만원)
1. 법정적립금
450,789
450,789
이익준비금(*1)
450,789
450,789
2. 임의적립금
140,258,537
131,088,805
재무구조개선적립금
204,815
204,815
기업합리화적립금(*2)
33,512,101
30,512,101
해외시장개척준비금
510,750
510,750
해외투자손실준비금
164,982
164,982
연구및인력개발준비금
70,936,458
65,936,458
수출손실준비금
167,749
167,749
자사주처분손실준비금
3,100,000
3,100,000
시설적립금
31,661,682
30,491,950
3. 미처분이익잉여금
38,248
12,089,583
계
140,747,574
143,629,177
(*1) 회사는 상법상의 규정에 따라 납입자본의 50%에 달할 때까지 매 결산기마다 금전에 의한 이익배당액의 10% 이상을 이익준비금으로 적립하도록 되어 있으나 보고기간 종료일 현재 회사의 이익준비금이 납입자본의 50%에 달하였으므로 추가 적립할 의무는 없습니다. (*2) 회사는 2001년까지 조세특례제한법에 의거 세액공제에 상응하는 법인세 상당액을 기업합리화적립금으로 적립하였으나, 2002년부터는 개정된 조세특례제한법에 따라 동 적립금의 적립의무 및 사용제한이 없습니다.
나. 당기 및 전기의 회사의 이익잉여금처분계산서는 다음과 같습니다.
당기의 이익잉여금처분계산서는 주주총회에서 확정될 예정입니
다
(전기 처분확정일:
2016년
3월 11일
).
(단위: 백만원)
Ⅰ. 미처분이익잉여금
38,248
12,089,583
1. 전기이월이익잉여금
30
30
2. 분기배당금 당기 - 주당배당금(률) : 1,000원(20%) 전기 - 주당배당금(률) : 1,000원(20%)
(141,540)
(148,916)
3. 자기주식 소각
(11,399,991)
-
4. 당기순이익
11,579,749
12,238,469
Ⅱ. 임의적립금 등의 이입액
3,812,135
-
1. 기업합리화적립금
3,812,135
-
Ⅲ. 이익잉여금처분액
3,850,352
12,089,553
1. 기업합리화적립금
-
3,000,000
2. 배당금 주당배당금(률)
당기 - 보통주 :
27,500원(550%)
우선주 :
27,550원(551%)
전기 -
보통주 :
20,000원(400%)
우선주 :
20,050원(401%)
3,850,352
2,919,821
3. 연구및인력개발준비금
-
5,000,000
4. 시설적립금
-
1,169,732
Ⅳ. 차기이월미처분이익잉여금
31
30
22. 주당배당금 :
당기 및 전기 중 배당금 산정내역은 다음과 같습니다. 가. 분기배당
(배당기준일 : 2016년과 2015년 6월 30일)
(단위: 백만원)
배당받은주식
보통주
123,958,561주
129,312,651주
우선주
17,580,920주
19,603,734주
배당률(액면가 기준)
20%
20%
배당금액
배당금액
보통주
123,958
129,313
우선주
17,581
19,603
계
141,539
148,916
나. 기말배당
(배당기준일 : 2016년과 2015년 12월 31일)
(단위: 백만원)
배당받을주식
보통주
122,697,651주
127,396,848주
우선주
17,283,734주
18,547,833주
배당률(액면가 기준)
보통주
550%
400%
우선주
551%
401%
배당금액
보통주
3,374,185
2,547,937
우선주
476,167
371,884
계
3,850,352
2,919,821
23. 기타자본항목 :
가. 보고기간 종료일 현재 기타자본항목의 내역은 다음과 같습니다.
(단위: 백만원)
자기주식
(9,750,326)
(13,442,379)
매도가능금융자산평가이익
199,649
597,429
순확정급여부채 재측정요소
(711,950)
(1,441,584)
기타
1,760,408
1,760,408
계
(8,502,219)
(12,526,126)
나. 자기주식
회사는 주가안정 및 주주가치 증대를 위하여 기명식보통주식 및 무의결권우선주식을취득하여 기타자본항목으로 계상하고 있습니다. 보고기간 종료일 현재 자기주식의 내역은 다음과 같습니다.
(단위: 주,백만원)
주식수
17,981,686
3,229,693
19,902,489
4,285,594
취득가액
8,871,509
878,817
11,377,539
2,064,840
24. 비용의 성격별 분류 :
당기 및 전기 중 비용의 성격별 분류 내역은 다음과 같습니다.
(단위: 백만원)
제품 및 재공품 등의 변동
754,751
(1,240,835)
원재료 등의 사용액 및 상품 매입액 등
72,357,330
75,270,960
급여
10,161,393
9,392,523
퇴직급여
813,704
862,227
감가상각비
9,948,547
10,089,748
무형자산상각비
1,143,430
1,000,538
복리후생비
1,445,746
1,700,054
지급수수료
3,279,835
3,450,096
기타비용
20,395,032
21,281,519
계(*)
120,299,768
121,806,830
(*) 손익계산서 상의 매출원가 및 판매비와관리비를 합한 금액입니다.
25. 판매비와관리비 :
당기 및 전기 중 판매비와관리비 내역은 다음과 같습니다.
(단위: 백만원)
(1) 판매비와관리비
급여
1,971,689
1,795,010
퇴직급여
155,563
161,681
지급수수료
3,279,835
3,450,096
감가상각비
324,114
301,743
무형자산상각비
126,451
137,028
광고선전비
766,171
586,030
판매촉진비
1,191,542
1,143,870
운반비
528,744
587,136
서비스비
683,992
577,794
기타판매비와관리비
1,856,967
1,799,573
소계
10,885,068
10,539,961
(2) 경상연구개발비
연구개발 총지출액
12,805,018
12,750,592
개발비 자산화
(680,962)
(1,143,059)
소계
12,124,056
11,607,533
계
23,009,124
22,147,494
26. 기타수익
및 기타비용 :
당기 및 전기 중 기타수익 및 기타비용의 내역은 다음과 같습니다.
(단위: 백만원)
(1) 기타수익
배당금수익
560,096
570,696
임대료수익
106,813
90,416
투자자산처분이익
1,052,890
60,326
유형자산처분이익
179,071
191,254
매각예정분류자산처분이익
69,924
336,777
기타
216,806
293,721
계
2,185,600
1,543,190
(2) 기타비용
유형자산처분손실
23,098
45,766
기부금
334,549
374,843
무형자산손상차손
449,297
155,980
투자자산손상차손
321,490
19,436
기타
161,160
196,033
계
1,289,594
792,058
27. 금융수익 및 금융비용 :
가. 당기 및 전기 중 금융수익과 금융비용의 내역은 다음과 같습니다.
(단위: 백만원)
(1) 금융수익
이자수익
575,617
726,410
- 대여금및수취채권
547,658
632,241
- 매도가능금융자산
27,959
94,169
외환차이
5,228,134
4,190,975
계
5,803,751
4,917,385
(2) 금융비용
이자비용
331,517
288,345
- 상각후원가로 측정하는 금융부채
127,164
121,180
- 기타 금융부채
204,353
167,165
외환차이
5,290,602
4,425,770
계
5,622,119
4,714,115
나. 회사는 외화 거래 및 환산으로 발생한 외환차이를 금융수익 및 금융비용으로 인식하고 있습니다.
28. 법인세비용 :
가. 당기 및 전기 중 법인세비용의 주요 구성내역은 다음과 같습니다.
(단위: 백만원)
1. 당기법인세
기간손익에 대한 당기법인세
2,730,152
3,209,758
당기에 인식한 조정사항
(242,141)
6,975
2. 이연법인세
세액공제의 이월로 인한 이연법인세변동액
6,064
220,393
일시적차이로 인한 이연법인세변동액
651,250
(1,322,544)
3. 자본에 직접 부가되는 법인세부담액
-
(434)
법인세비용
3,145,325
2,114,148
나. 회사의 법인세비용차감전순이익에 대한 법인세비용과 적용세율을 사용하여 이론적으로 계산된 금액과의 차이는 다음과 같습니다.
(단위: 백만원)
법인세비용차감전순이익
14,725,074
14,352,617
적용세율에 따른 법인세비용(*)
3,563,468
3,473,333
조정사항
세무상 과세되지 않는 수익
(597,020)
(26,860)
세무상 차감되지 않는 비용
209,410
90,927
세액공제
(141,057)
(571,441)
기타
110,524
(851,811)
법인세비용
3,145,325
2,114,148
(*) 보고기간 종료일 현재 제정된 세법에서 규정한 법정세율을 적용하여 산정하였습니다.
다. 당기 및 전기 중 누적일시적차이 및 이연법인세자산(부채)의 증감내역은 다음과 같습니다.
(1) 당기
(단위: 백만원)
일시적차이로 인한 이연법인세
조세특례제한법상준비금
(7,368)
7,000
(368)
(1,783)
1,694
(89)
토지재평가
(3,455,958)
11,704
(3,444,254)
(836,342)
2,832
(833,510)
종속기업, 관계기업 및 공동기업 투자
(3,051,440)
(573,017)
(3,624,457)
(591,713)
15,975
(575,738)
감가상각누계액 등
48,262
(5,590)
42,672
11,679
(1,353)
10,326
미수수익
(243,034)
7,145
(235,889)
(58,814)
1,729
(57,085)
충당부채 및 미지급비용 등
8,257,353
(589,439)
7,667,914
1,998,279
(142,644)
1,855,635
외화평가조정
138,267
(97,203)
41,064
33,461
(23,523)
9,938
자산손상
402,244
568,937
971,181
97,343
137,683
235,026
퇴직급여
(2,304,845)
489,850
(1,814,995)
(557,772)
118,543
(439,229)
분할시투자주식평가증(*)
10,586,822
-
10,586,822
-
-
-
기타
1,553,459
(3,132,876)
(1,579,417)
443,657
(762,186)
(318,529)
소 계
11,923,762
(3,313,489)
8,610,273
537,995
(651,250)
(113,255)
세액공제로 인한 이연법인세
세액공제이월액
70,363
(4,083)
66,280
66,000
(6,064)
59,936
자본에 직접 가감하는 이연법인세
매도가능금융자산평가이익 등
(819,560)
556,170
(263,390)
(198,334)
134,594
(63,740)
보험수리적평가
1,901,826
(962,578)
939,248
460,242
(232,944)
227,298
소 계
1,082,266
(406,408)
675,858
261,908
(98,350)
163,558
계
110,239
(*) 과거 LCD 사업부문 분할로 인하여 교부받은 삼성디스플레이 투자주식에 대한 세무상 장부가액과 회계상 장부가액의 차이입니다. 보고기간 종료일 현재 회사는 향후 삼성디스플레이주식을 처분하지 않을 예정이므로, 동 투자주식의 차감할 일시적 차이가 예측가능한 미래에 소멸할 가능성이 높지 않을 것으로 보아 이연법인세자산을 인식하지 아니하였습니다.
(2) 전기
(단위: 백만원)
일시적차이로 인한 이연법인세
조세특례제한법상준비금
(14,368)
7,000
(7,368)
(3,477)
1,694
(1,783)
토지재평가
(3,475,692)
19,734
(3,455,958)
(841,117)
4,775
(836,342)
종속기업, 관계기업 및 공동기업 투자
(3,133,334)
81,894
(3,051,440)
(624,408)
32,695
(591,713)
감가상각누계액 등
68,173
(19,911)
48,262
16,498
(4,819)
11,679
미수수익
(409,422)
166,388
(243,034)
(99,080)
40,266
(58,814)
충당부채 및 미지급비용 등
7,715,903
541,450
8,257,353
1,867,248
131,031
1,998,279
외화평가조정
94,774
43,493
138,267
22,935
10,526
33,461
자산손상
330,477
71,767
402,244
79,975
17,368
97,343
퇴직급여
(3,016,051)
711,206
(2,304,845)
(729,884)
172,112
(557,772)
분할시투자주식평가증(*)
10,586,822
-
10,586,822
-
-
-
기타
(2,253,598)
3,807,057
1,553,459
(473,239)
916,896
443,657
소 계
6,493,684
5,430,078
11,923,762
(784,549)
1,322,544
537,995
세액공제로 인한 이연법인세
세액공제이월액
333,709
(263,346)
70,363
286,393
(220,393)
66,000
자본에 직접 가감하는 이연법인세
매도가능금융자산평가이익 등
(1,645,871)
826,311
(819,560)
(398,301)
199,967
(198,334)
보험수리적평가
2,198,723
(296,897)
1,901,826
532,091
(71,849)
460,242
소 계
552,852
529,414
1,082,266
133,790
128,118
261,908
계
865,903
(*) 과거 LCD 사업부문 분할로 인하여 교부받은 삼성디스플레이 투자주식에 대한 세무상 장부가액과 회계상 장부가액의 차이입니다. 보고기간 종료일 현재 회사는 향후 삼성디스플레이주식을 처분하지 않을 예정이므로, 동 투자주식의 차감할 일시적 차이가 예측가능한 미래에 소멸할 가능성이 높지 않을 것으로 보아 이연법인세자산을 인식하지 아니하였습니다.
라. 보고기간 종료일 현재 이연법인세자산 및 부채의 장단기 구분은 다음과 같습니다
(단위: 백만원)
12개월 이내에 결제될 이연법인세자산(부채)
1,482,209
1,380,678
12개월 이후에 결제될 이연법인세자산(부채)
(1,371,970)
(514,775)
계
110,239
865,903
29. 주당이익 :
가. 기본주당순이익 당기 및 전기 중 기본주당이익 산정내역은 다음과 같습니다. (1) 보통주
(단위: 백만원, 천주)
당기순이익
11,579,749
12,238,469
당기순이익 중 보통주 해당분
10,149,221
10,681,617
÷ 가중평균유통보통주식수
124,375
129,190
기본 보통주 주당이익(단위: 원)
81,602
82,682
(2) 우선주
(단위: 백만원, 천주)
당기순이익
11,579,749
12,238,469
당기순이익 중 우선주 해당분
1,430,528
1,556,852
÷ 가중평균유통우선주식수
17,692
19,519
기본 우선주 주당이익(단위: 원)
80,857
79,762
나. 희석주당순이익 회사가 보유하고 있는 희석성 잠재적보통주는 주식선택권이었으며, 희석주당순이익은 모든 희석성 잠재적보통주가 보통주로 전환된다고 가정하여 조정한 가중평균 유통보통주식수를 적용하여 산정하고 있습니다. 전기에 모든 주식선택권이 행사되어, 당기의 기본주당이익과 희석주당이익은 동일합니다. 당기 및 전기 중 희석주당이익 산정내역은 다음과 같습니다. (1) 보통주
(단위: 백만원, 천주)
보통주 희석순이익
10,149,221
10,681,618
÷ 가중평균된 유통보통주식수와 희석성 잠재적보통주의 합산 주식수
124,375
129,192
희석 보통주 주당이익(단위: 원)
81,602
82,680
(2) 우선주
(단위: 백만원, 천주)
우선주 희석순이익
1,430,528
1,556,851
÷ 가중평균된 유통우선주식수와 희석성 잠재적우선주의 합산 주식수
17,692
19,519
희석 우선주 주당이익(단위:원)
80,857
79,762
30. 현금흐름표 :
가. 당기 및 전기 중 영업활동현금흐름의 조정내역 및 영업활동으로 인한 자산부채의 변동은 다음과 같습니다. - 조정내역
(단위: 백만원)
1. 법인세비용
3,145,325
2,114,148
2. 금융수익
(1,418,699)
(1,139,219)
3. 금융비용
1,056,546
794,986
4. 퇴직급여
813,704
862,227
5. 감가상각비
9,948,547
10,089,748
6. 무형자산상각비
1,143,430
1,000,538
7. 대손상각비 등
215,936
156,525
8. 배당금수익
(560,096)
(570,696)
9. 유형자산처분이익
(179,071)
(191,254)
10. 유형자산처분손실
23,098
45,766
11. 무형자산손상차손
449,297
155,980
12. 재고자산평가손실 등
1,231,576
287,739
13. 투자자산처분이익
(1,052,890)
(60,326)
14. 매각예정분류자산처분이익
(69,924)
(336,777)
15. 기타 수익, 비용
163,314
(121,923)
계
14,910,093
13,087,462
- 영업활동으로 인한 자산부채의 변동
(단위: 백만원)
1. 매출채권의 증가
(2,861,360)
(1,211,194)
2. 미수금의 증가
(214,730)
(246,935)
3. 선급금의 감소(증가)
277,917
(128,192)
4. 장단기선급비용의 (증가)감소
(128,505)
437,406
5. 재고자산의 증가
(774,684)
(1,314,650)
6. 매입채무의 증가(감소)
2,175,554
(775,150)
7. 장단기미지급금의 증가
1,846,464
155,782
8. 선수금의 증가
39,898
21,167
9. 예수금의 증가(감소)
47,750
(256,963)
10. 미지급비용의 증가(감소)
22,336
(1,219,506)
11. 충당부채의 감소
(2,094,578)
(121,675)
12. 퇴직금의 지급
(375,689)
(590,134)
13. 사외적립자산의 감소
28,149
98,080
14. 기타
423,100
(416,998)
계
(1,588,378)
(5,568,962)
나. 회사의 현금흐름표는 간접법에 의해 작성되었으며, 당기 및 전기 중 현금의 유입과 유출이 없는 주요한 거래는 다음과 같습니다.
(단위: 백만원)
매도가능금융자산평가
(493,374)
(759,931)
유형자산의 본계정 대체
6,510,128
15,219,072
현금흐름 없는 물적분할대가
218,370
-
매도가능금융자산의 종속기업, 관계기업 및 공 동기업 투자 대체
1,734,203
-
매도가능금융자산의 매각예정분류자산 대체
-
77,073
종속기업, 관계기업 및 공동기업 투자의 매각예정분류자산 대체
400,965
-
다. 회사는 거래가 빈번하며 총금액이 크고 단기간에 만기가 도래하는 단기금융상품 및 단기차입금으로 인한 현금의 유입과 유출항목을 순증감액으로 기재하였습니다.
31. 재무위험관리 :
회사의 재무위험관리는 영업활동에서 파생되는 시장위험, 신용위험 및 유동성 위험을 최소화하는데 중점을 두고 있습니다. 회사는 이를 위하여 각각의 위험요인에 대해면밀하게 모니터링하고 대응하는 재무위험관리정책 및 프로그램을 운용하고 있습니다. 재무위험관리는 재경팀이 주관하고 있으며, 사업부, 국내외 종속기업과의 공조 하에주기적으로 재무위험의 측정, 평가 및 헷지 등을 실행하고 글로벌 재무위험관리정책을 수립하여 운영하고 있습니다. 또한, 회사는 해외 지역별 중심지(미국, 영국, 싱가포르, 중국, 브라질, 러시아)에 금융관리요원을 파견하여 지역 금융센터를 운영함으로써, 글로벌 재무위험을 관리하고 있습니다. 회사의 재무위험관리의 주요 대상인 금융자산은 현금및현금성자산, 단기금융상품, 매도가능금융자산, 매출채권 및 기타채권 등으로 구성되어 있으며, 금융부채는 매입채무, 차입금, 사채 및 기타채무 등으로 구성되어 있습니다.
가. 시장위험
(1) 환율변동위험
회사는 글로벌 영업활동을 수행함에 따라 기능통화와 다른 외화 수입, 지출이 발생하고 있습니다. 이로 인해 환율변동위험에 노출되는 환포지션의 주요 통화로는 USD, EUR, JPY, CNY 등이 있습니다. 회사는 영업활동에서 발생하는 환위험의 최소화를 위하여 수출입 등의 경상거래 및 예금, 차입 등의 자금거래시 현지통화로 거래하거나 입금 및 지출 통화를 일치시키는것을 원칙으로 함으로써 환포지션 발생을 최대한 억제하고 있습니다. 회사의 환위험관리 규정에서는 환위험의 정의, 측정주기, 관리주체, 관리절차, 헷지 기간, 헷지 비율 등을 정의하고 있습니다.
회사는 투기적 외환거래는 금지하고 있으며, 글로벌 환관리 시스템을 구축하여 각 개별회사의 환위험을 주기적으로 모니터링, 평가 및 관리하고 있습니다.
보고기간 종료일 현재
주요 외화에 대한 환
율
5% 변동을 가정한
외화금융자산 및 외화금융부채의 환율변동위험은 다음과 같습니다.
(단위: 백만원)
USD
4,193
(4,193)
(168,586)
168,586
EUR
33,367
(33,367)
(12,525)
12,525
JPY
2,250
(2,250)
(7,583)
7,583
(2) 주가변동위험
회사는 전략적 목적 등으로 매도가능금융자산으로 분류된 지분증권에 투자하고 있습니다. 이를 위하여 직접적 또는 간접적 투자수단을 이용하고 있습니다.
당기말 및 전기말 현재 지분증권(상장주식)의 주가가 약 1% 변동할 경우 당기 및 전기 기타포괄손익(법인세효과 반영 전)의 변동금액은 각
각
7,977
백만
원 및
31,049
백만원입니다.
(3) 이자율변동위험
변동금리부 금융상품의 이자율 변동위험은
시
장
금리 변동으로 인한 재무상태표 항목의 가치변동(공정가치) 위험과 투자 및 재무활동으로부터 발생하는 이자수익, 비용의현금흐름이 변동될 위험으로 정의할 수 있습니다. 이러한 회사의 이자율 변동위험은 주로 예금 및 변동금리부 차입금에서 비롯되며, 회사는 이자율 변동으로 인한 불확실성과 금융비용의 최소화를 위한 정책을 수립 및 운용하고 있습니다.
회사는 지역 및 글로벌 자금 공유 체제를 구축하여 외부차입을 최소화함으로써 이자율변동위험의 발생을 제한하고 있으며, 주기적인 금리동향 모니터링 및 대응방안 수립을 통해 이자율 위험을 관리하고 있습니다.
나. 신용위험
신용위험은 통상적인 거래 및 투자활동에서 발생하며 고객 또는 거래상대방이 계약조건상 의무사항을 지키지 못하였을 때 발생합니다. 이러한 신용위험을 관리하기 위하
여 고객과 거래상대방의 재무상태와 과거 경험 및 기타 요소들을 고려하여 주기적으로 재무신용도를 평가하고 있으며 고객과 거래상대방 각각에 대한 신용한도를 설정, 관리하고 있습니다.
그리고 위험국가에 소재한 거래선의 매출채권은 보험한도내에서 적절하게 위험 관리되고 있습니다.
신용위험은 금융기관과의 거래에서도 발생할 수 있으며 해당거래는 현금 및 현금성자산, 각종 예금 그리고 파생금융상품 등의 금융상품 거래를 포함합니다. 이러한 위험을 줄이기 위해, 회사는 국제 신용등급이 높은 은행들(S&P A등급 이상)에 대해서만 거래를 하는 것을 원칙으로 하고 있으며, 기존에 거래가 없는 금융기관과의 신규 거래는 재경팀의 승인, 관리, 감독 하에 이루어지고 있습니다. 회사가 체결하는 금융계약은 부채비율 제한 조항, 담보제공, 차입금 회수 등의 제약조건이 없는 계약을 위주로 체결하고 있으며, 기타의 경우 별도의 승인을 받아 거래하도록 되어 있습니다.
당기말 및 전기말 현재 회사의 금융자산 장부금액은 손상차손 차감 후 금액으로 회사의 신용위험 최대노출액을 나타내고 있습니다.
다. 유동성 위험
회사는 대규모 투자가 많은 사업의 특성상 적정 유동성의 유지가 매우 중요합니다. 회사는 적정 유동성의 유지를 위하여 주기적인 자금수지 예측, 필요 현금수준 추정 및 수입, 지출 관리 등을 통하여 적정 유동성을 유지, 관리하고 있습니다. 이와는 별도로 유동성 위험에 대비하여 회사는 무역금융 및 당좌차월 한도를 확보하고 있습니다. 또한, 대규모 시설투자의 경우에는 내부유보 자금의 활용이나 장기차입을 통하여 조달기간을 대응시켜 유동성 위험을 최소화하고 있습니다.
보고기간 종료일 현재 금융부채에 대하여 보고기간 종료일로부터 계약만기일까지의 잔여만기에 따라 만기별로 구분된 유동성은 다음과 같습니다.
(1) 당기말
(단위: 백만원)
금융부채
28,516,489
222,095
44,130
2,632,297
46,683
(2) 전기말
(단위: 백만원)
금융부채
21,687,862
255,959
853,015
1,825,999
408,699
위의 분석에 포함된 금융부채는 보고기간 종료일로부터 계약 만기일까지의 잔여기간에 따라 만기별로 구분되었습니다. 계약 만기일까지의 잔여기간에 따른 만기별 구분에 포함된 현금흐름은 현재가치 할인을 하지 않은 금액입니다.
상기 금융부채 외 종속기업 지급보증 및 이행보증 등으로 노출된 유동성 위험의 최대금액은
11,410,127
백만
원
(전기:
11,126,026
백만원
)입니다.
회사의 자본관리목적은 건전한 자본구조를 유지하는 데 있습니다. 회사는 자본관리지표로 부채비율을 이용하고 있으며 이 비율은 총부채를 총자본으로 나누어 산출하고 있으며 총부채 및 총자본은 재무제표의 금액을 기준으로 계산합니다.
회사의 자본위험관리 정책은 전기와 동일하며 보고기간 종료일 현재 회사는
S&P로부터 A+, Moody's로부터 A1 평가등급을 받고
있습니다.
보고기간 종료일 현재 부채비율은 다음과 같습니다.
(단위: 백만원)
부 채
37,256,197
32,541,375
자 본
137,546,762
136,428,255
부채비율
27.1%
23.9%
마. 공정가치 측정 (1) 보고기간 종료일 현재 금융상품의 장부금액과 공정가치는 다음과 같습니다.
(단위: 백만원)
금융자산
현금및현금성자산
3,778,371
(*1)
3,062,960
(*1)
단기금융상품
30,170,656
(*1)
27,763,589
(*1)
단기매도가능금융자산
-
-
3,021,210
3,021,210
매출채권
23,514,012
(*1)
20,251,464
(*1)
장기매도가능금융자산(*2)
913,989
821,478
3,205,283
3,205,283
기타(*3)
3,416,654
361,226
3,847,347
515,317
소계
61,793,682
61,151,853
금융부채
매입채무
6,162,650
(*1)
3,887,983
(*1)
단기차입금
9,061,167
(*1)
7,127,527
(*1)
미지급금
7,519,413
(*1)
5,834,965
(*1)
유동성장기부채
5,854
(*1)
5,666
(*1)
사채
58,542
76,129
62,326
93,661
장기미지급금
2,585,366
2,587,619
2,163,903
2,026,498
기타
6,037,993
(*1)
3,335,895
(*1)
소계
31,430,985
22,418,265
(*1) 장부금액이 공정가치의 합리적인 근사치이므로 공정가치 공시에서 제외하였습니다. (*2) 추정 현금흐름의 편차가 유의적이고 다양한 추정치의 발생확률 및 적용할 할인율을 신뢰성 있게 산정할 수 없어 당기에 취득원가로 평가하여 공정가치 공시에서 제외한 금액은 92,511백만원입니다. (*3) 보고기간 종료일 현재 장부금액이 공정가치의 합리적 근사치이므로 공정가치 공시에서 제외한 금액은 3,004,318백만원(전기: 3,211,381백만원)입니다.
(2) 보고기간 종료일 현재 공정가치로 측정 및 공시되는 금융상품의 공정가치 서열체계에 따른 수준별 공시는 다음과 같습니다.
(단위: 백만원)
(1) 자 산
장기매도가능금융자산
797,693
-
23,785
821,478
기타
-
361,226
-
361,226
(2) 부 채
사채
-
76,129
-
76,129
장기미지급금
-
2,587,619
-
2,587,619
(단위: 백만원)
(1) 자 산
단기매도가능금융자산
-
3,021,210
-
3,021,210
장기매도가능금융자산
3,104,942
12,128
88,213
3,205,283
기타
-
515,317
-
515,317
(2) 부 채
사채
-
93,661
-
93,661
장기미지급금
-
2,026,498
-
2,026,498
공정가치 측정의 투입변수 특징에 따른 공정가치 서열체계는 다음과 같습니다.
ㆍLevel 1 : 동일한 자산이나 부채에 대한 시장 공시가격
ㆍLevel 2 : 시장에서 관측가능한 투입변수를 활용한 공정가치
(단, Level 1에 포함된 공시가격은 제외)
ㆍLevel 3 : 관측가능하지 않은 투입변수를 활용한 공정가치
활성시장에서 거래되는 금융상품의 공정가치는 보고기간 종료일 현재 고시되는 시장가격에 기초하여 산정됩니다. 거래소, 판매자, 중개인, 산업집단, 평가기관 또는 감독기관을 통해 공시가격이 용이하게 그리고 정기적으로 이용가능하고, 그러한 가격이 독립된 당사자 사이에서 정기적으로 발생한 실제 시장거래를 나타낸다면, 이를 활성시장으로 간주하며, 이러한 상품들은 Level 1에 포함됩니다. Level 1에 포함된 상품들은 대부분 매도가능으로 분류된 상장주식으로 구성됩니다.
활성시장에서 거래되지 아니하는 금융상품의 공정가치는 평가기법을 사용하여 결정하고 있습니다. 이러한 평가기법은 가능한 한 관측가능한 시장정보를 최대한 사용하고 기업고유정보는 최소한으로 사용합니다. 이때, 해당 상품의 공정가치 측정에 요구되는 모든 유의적인 투입변수가 관측가능하다면 해당 상품은 Level 2에 포함됩니다.
만약 하나 이상의 유의적인 투입변수가 관측가능한 시장정보에 기초한 것이 아니라면 해당 상품은 Level 3에 포함됩니다.
회사는 Level 3로 분류되는 공정가치 측정을 포함하여 재무보고 목적의 공정가치를 측정하고 있습니다. 재무보고 일정에 맞추어 공정가치 평가과정 및 그 결과에 대해 협의하고 있고, 공정가치 Level 간 이동을 발생시키는 사건이나 상황의 변동이 일어난 보고기간 종료일에 Level 변동을 인식하고 있습니다.
금융상품의 공정가치를 측정하는 데에 사용되는 평가기법에는 다음이 포함됩니다.
- 유사한 상품의 공시시장가격 또는 딜러가격
- 파생상품의 공정가치는 보고기간 종료일 현재의 선도환율 등을 사용하여 해당 금액을 현재가치로 할인하여 측정
나머지 금융상품에 대해서는 현금흐름의 할인기법 등의 기타 기법을 사용합니다. 유동자산으로 분류된 매출채권 및 기타채권의 경우 장부가액을 공정가치의 합리적인 근사치로 추정하고 있습니다.
(3) 가치평가기법 및 투입변수
가. 회사는 공정가치 서열체계에서 Level 2로 분류되는 회사채, 국공채, 금융채 등에 대하여 미래현금흐름을 적정이자율로 할인하는 현재가치법을 사용하고 있습니다.
나. Level 3로 분류된 주요 금융상품에 대하여 사용된 가치평가기법과 투입변수는
다음과 같습니다.
(단위 : 백만원)
말타니(구 태원전기 산업)
16,270
현금흐름할인법
영구성장률
-1.00%~1.00%(0%)
가중평균자본비용
7.45%~9.45%(8.45%)
삼성벤처투자
7,515
현금흐름할인법
영구성장률
-1.00%~1.00%(0%)
가중평균자본비용
21.31%~23.31%(22.31%)
(4) Level 3에 해당하는 금융상품의 변동내역
(단위: 백만원)
기초잔액
88,213
181,984
매입
-
9,554
매도 등
-
(2,661)
당기손익으로 인식된 손익
-
-
기타포괄손익으로 인식된 손익
718
(613)
기타
(65,146)
(100,051)
기말잔액
23,785
88,213
(5) Level 3로 분류된 반복적인 공정가치 측정치의 민감도분석 금융상품의 민감도분석은 통계적 기법을 이용한 관측 불가능한 투입변수의 변동에 따른 금융상품의 가치 변동에 기초하여 유리한 변동과 불리한 변동으로 구분하여 이루어집니다. 그리고 공정가치가 두 개 이상의 투입변수에 영향을 받는 경우에는 가장 유리하거나 또는 가장 불리한 금액을 바탕으로 산출됩니다. 민감도 분석 대상인 Level 3으로 분류되는 각 상품별 투입변수의 변동에 따른
기타포괄손익효과(법인세효과 반영 전)에 대한
민감도분석 결과는 다음과 같습니다
.
(단
위 : 백만원)
매도가능금융자산(*)
-
5,127
-
(3,309)
(*) 지분증권은 주요 관측불가능한 투입변수인 성장률(-1%~1%)과 할인
율 사이의 상관관계를 증가 또는 감소시킴으로써 공정가치 변동을 산출하고 있습니다
.
32. 특수관계자와의 거래 :
가. 지배, 종속관계 보고기간 종료일 현재 회사의 종속기업은 다음과 같습니다.
국내
삼성디스플레이
디스플레이 생산 및 판매
84.8
에스유머티리얼스
디스플레이 부품 생산
50.0
스테코
반도체 부품생산
70.0
세메스
반도체/FPD제조장비
91.5
삼성전자서비스
전자제품 수리서비스
99.3
삼성전자판매
전자제품 판매
100.0
삼성전자로지텍
종합물류대행
100.0
삼성메디슨
의료기기
68.5
SVIC 20호 신기술투자조합
신기술사업자, 벤처기업 투자
99.0
SVIC 21호 신기술투자조합
신기술사업자, 벤처기업 투자
99.0
SVIC 22호 신기술투자조합
신기술사업자, 벤처기업 투자
99.0
SVIC 23호 신기술투자조합
신기술사업자, 벤처기업 투자
99.0
SVIC 26호 신기술투자조합
신기술사업자, 벤처기업 투자
99.0
SVIC 27호 신기술투자조합
신기술사업자, 벤처기업 투자
99.0
SVIC 28호 신기술투자조합
신기술사업자, 벤처기업 투자
99.0
SVIC 29호 신기술투자조합
신기술사업자, 벤처기업 투자
99.0
SVIC 32호 신기술투자조합
신기술사업자, 벤처기업 투자
99.0
SVIC 33호 신기술투자조합
신기술사업자, 벤처기업 투자
99.0
미래로시스템
반도체 공정불량 및 품질관리 소프트웨어
74.7
에스프린팅솔루션
프린팅솔루션 사업
100.0
(*) 종속기업 보유 지분율을 포함한 의결권 있는 주식 기준입니다.
미주
Samsung Electronics America(SEA)
전자제품 판매
100.0
NexusDX(Nexus)
의료기기
100.0
Samsung Receivables(SRC)
채권관리
100.0
NeuroLogica
의료기기
100.0
Samsung Semiconductor(SSI)
반도체/디스플레이 판매
100.0
Samsung Electronics Canada(SECA)
전자제품 판매
100.0
Samsung Research America(SRA)
R&D
100.0
Samsung Mexicana(SAMEX)
전자제품 생산
100.0
Samsung International(SII)
TV/모니터 생산
100.0
Samsung Austin Semiconductor(SAS)
반도체 생산
100.0
Samsung Electronics Mexico(SEM)
전자제품 판매
99.9
SEMES America(SEMESA)
반도체 장비
100.0
Samsung Electronics Digital Appliance Mexico(SEDAM)
전자제품 생산
99.9
Samsung Electronics Latinoamerica Miami(SEMI)
전자제품 판매
100.0
Samsung Electronics Latinoamerica(SELA)
전자제품 판매
100.0
Samsung Electronics Venezuela(SEVEN)
마케팅 및 서비스
100.0
Samsung Electronica Colombia(SAMCOL)
전자제품 판매
100.0
Samsung Electronics Panama(SEPA)
컨설팅
100.0
Samsung Electronica da Amazonia(SEDA)
전자제품 생산 및 판매
100.0
Samsung Electronics Argentina(SEASA)
마케팅 및 서비스
100.0
Samsung Electronics Chile(SECH)
전자제품 판매
100.0
Samsung Electronics Peru(SEPR)
전자제품 판매
100.0
RT SV CO-INVEST(RT-SV)
벤처기업 투자
99.9
Quietside
에어컨공조 판매
100.0
SmartThings
스마트홈기기 판매
100.0
PrinterOn
프린팅솔루션 판매
100.0
PrinterOn America
프린팅솔루션 판매
100.0
Simpress
프린팅솔루션 판매
100.0
Samsung Pay
모바일 결제 개발 및 서비스
100.0
Prismview(구 YESCO Electronics)
LED 디스플레이 생산 및 판매
100.0
Beijing Integrated Circuit Industry International Fund (Beijing Fund)
벤처기업 투자
61.4
Stellus Technologies
반도체 시스템 생산 및 판매
100.0
Samsung Oak Holdings(SHI)
Holding Company
100.0
AdGear Technologies
디지털광고 플랫폼
100.0
Joyent
클라우드 서비스
100.0
(*) 종속기업 보유 지분율을 포함한 의결권 있는 주식 기준입니다.
미주
Samsung Next
Holding Company
100.0
Samsung Next Fund
신기술사업자, 벤처기업 투자
100.0
Dacor Holdings
Holding Company
100.0
Dacor
가전제품
생산 및 판매
100.0
Dacor Canada
가전제품
판매
100.0
EverythingDacor.com
가전제품
판매
100.0
Distinctive Appliances of California
가전제품
판매
100.0
Viv Labs
인공지능관련 신기술 연구
100.0
NewNet Communication Technologies Canada
RCS(Rich Communication Service)
100.0
유럽/CIS
Samsung Electronics (UK)(SEUK)
전자제품 판매
100.0
Samsung Electronics Holding(SEHG)
Holding Company
100.0
Samsung Semiconductor Europe GmbH(SSEG)
반도체/디스플레이 판매
100.0
Samsung Electronics GmbH(SEG)
전자제품 판매
100.0
Samsung Electronics Iberia(SESA)
전자제품 판매
100.0
Samsung Electronics France(SEF)
전자제품 판매
100.0
Samsung Electronics Hungarian(SEH)
전자제품 생산 및 판매
100.0
Samsung Electronics Czech and Slovak(SECZ)
전자제품 판매
100.0
Samsung Electronics Italia(SEI)
전자제품 판매
100.0
Samsung Electronics Europe Logistics(SELS)
물류
100.0
Samsung Electronics Benelux(SEBN)
전자제품 판매
100.0
Samsung Display Slovakia(SDSK)
디스플레이 임가공
100.0
Samsung Electronics Romania(SEROM)
전자제품 판매
100.0
Samsung Electronics Overseas(SEO)
전자제품 판매
100.0
Samsung Electronics Polska(SEPOL)
전자제품 판매
100.0
Samsung Electronics Portuguesa(SEP)
전자제품 판매
100.0
Samsung Electronics Nordic(SENA)
전자제품 판매
100.0
Samsung Semiconductor Europe(SSEL)
반도체/디스플레이 판매
100.0
Samsung Electronics Austria(SEAG)
전자제품 판매
100.0
Samsung Electronics Slovakia(SESK)
TV/모니터 생산
100.0
Samsung Electronics Europe Holding(SEEH)
Holding Company
100.0
Samsung Electronics Poland Manufacturing(SEPM)
가전제품 생산
100.0
Samsung Electronics Greece(SEGR)
전자제품 판매
100.0
Samsung Nanoradio Design Center(SNDC)
R&D
100.0
(*) 종속기업 보유 지분율을 포함한 의결권 있는 주식 기준입니다.
유럽/CIS
Samsung Electronics Rus(SER)
마케팅
100.0
Samsung Electronics Rus Company(SERC)
전자제품 판매
100.0
Samsung Electronics Ukraine(SEU)
마케팅
100.0
Samsung Electronics Baltics(SEB)
전자제품 판매
100.0
Samsung Electronics Ukraine Company(SEUC)
전자제품 판매
100.0
Samsung R&D Institute Rus(SRR)
R&D
100.0
Samsung Electronics Central Eurasia(SECE)
전자제품 판매
100.0
Samsung Electronics Rus Kaluga(SERK)
TV 생산
100.0
Samsung Electronics(London) Limited(SEL)
Holding Company
100.0
Samsung Denmark Research Center(SDRC)
R&D
100.0
Samsung France Research Center(SFRC)
R&D
100.0
Samsung Cambridge Solution Centre(SCSC)
R&D
100.0
Samsung Electronics Switzerland GmbH(SESG)
전자제품 판매
100.0
PrinterOn Europe
프린팅솔루션 판매
100.0
Samsung Electronics Caucasus(SECC)
마케팅
100.0
Joyent(UK)
클라우드 서비스
100.0
중동 및 아프리카
Samsung Electronics West Africa(SEWA)
마케팅
100.0
Samsung Electronics East Africa(SEEA)
마케팅
100.0
Samsung Gulf Electronics(SGE)
전자제품 판매
100.0
Samsung Electronics Egypt(SEEG)
전자제품 생산 및 판매
100.0
Samsung Electronics Israel(SEIL)
마케팅
100.0
Samsung Electronics Tunisia(SETN)
마케팅
100.0
Samsung Electronics Pakistan(SEPAK)
마케팅
100.0
Samsung Electronics South Africa(SSA)
전자제품 판매
100.0
Samsung Electronics Turkey(SETK)
전자제품 판매
100.0
Samsung Semiconductor Israel R&D Center(SIRC)
R&D
100.0
Samsung Electronics Levant(SELV)
전자제품 판매
100.0
Samsung Electronics Maghreb Arab(SEMAG)
전자제품 판매
100.0
Samsung Electronics South Africa Production(SSAP)
TV/모니터 생산
100.0
(*) 종속기업 보유 지분율을 포함한 의결권 있는 주식 기준입니다.
아시아 (중국제외)
Samsung Japan(SJC)
전자제품 판매
100.0
Samsung R&D Institute Japan(SRJ)
R&D
100.0
Samsung Electronics Japan(SEJ)
전자제품 판매
100.0
Samsung Electronics Display (M)(SDMA)
전자제품 생산
100.0
Samsung Electronics (M)(SEMA)
가전제품 생산
100.0
Samsung Vina Electronics(SAVINA)
전자제품 판매
100.0
Samsung Asia Private(SAPL)
전자제품 판매
100.0
Samsung India Electronics(SIEL)
전자제품 생산 및 판매
100.0
Samsung R&D Institute India-Bangalore(SRI-B)
R&D
100.0
Samsung Electronics Australia(SEAU)
전자제품 판매
100.0
Samsung Electronics Indonesia(SEIN)
전자제품 생산 및 판매
100.0
Samsung Telecommunications Indonesia(STIN)
통신시스템 판매 및 서비스
100.0
Thai Samsung Electronics(TSE)
전자제품 생산 및 판매
91.8
Samsung Electronics Philippines(SEPCO)
전자제품 판매
100.0
Samsung Malaysia Electronics(SME)
전자제품 판매
100.0
Samsung R&D Institute Bangladesh(SRBD)
R&D
100.0
Samsung Electronics Vietnam(SEV)
전자제품 생산
100.0
Samsung Electronics Vietnam THAINGUYEN(SEVT)
통신제품 생산 및 판매
100.0
Samsung Medison India(SMIN)
의료기기
100.0
Samsung Electronics New Zealand(SENZ)
전자제품 판매
100.0
Samsung Display Vietnam(SDV)
디스플레이 생산
100.0
Samsung Electronics HCMC CE Complex(SEHC)
전자제품 생산 및 판매
100.0
Laos Samsung Electronics Sole(LSE)
마케팅
100.0
(*) 종속기업 보유 지분율을 포함한 의결권 있는 주식 기준입니다.
중국
Samsung Display Dongguan(SDD)
디스플레이 생산
100.0
Samsung Display Tianjin(SDT)
디스플레이 생산
95.0
Samsung Electronics Hong Kong(SEHK)
전자제품 판매
100.0
Suzhou Samsung Electronics(SSEC)
가전제품 생산
88.3
Samsung Suzhou Electronics Export(SSEC-E)
가전제품 생산
100.0
Samsung (China) Investment(SCIC)
전자제품 판매
100.0
Samsung Mobile R&D Center China-Guangzhou (SRC-Guangzhou)
R&D
100.0
Samsung Tianjin Mobile Development Center(STMC)
R&D
100.0
Samsung R&D Institute China-Shenzhen(SRC-Shenzhen)
R&D
100.0
Samsung Electronics Suzhou Semiconductor(SESS)
반도체 임가공
100.0
Samsung Electronics (Shandong) Digital Printing(SSDP)
프린터 생산
100.0
Samsung Electronics Huizhou(SEHZ)
전자제품 생산
99.9
Tianjin Samsung Electronics(TSEC)
TV/모니터 생산
91.2
Samsung Electronics Taiwan(SET)
전자제품 판매
100.0
Beijing Samsung Telecom R&D Center(BST)
R&D
100.0
Tianjin Samsung Telecom Technology(TSTC)
통신제품 생산
90.0
Shanghai Samsung Semiconductor(SSS)
반도체/디스플레이 판매
100.0
Samsung Electronics Suzhou Computer(SESC)
전자제품 생산
100.0
Samsung Suzhou Module(SSM)
디스플레이 임가공
100.0
Samsung Suzhou LCD(SSL)
디스플레이 생산
60.0
Shenzhen Samsung Electronics Telecommunication(SSET)
통신제품 생산
95.0
Samsung Semiconductor (China) R&D(SSCR)
R&D
100.0
Samsung Electronics China R&D Center(SCRC)
R&D
100.0
Samsung (China) Semiconductor(SCS)
반도체 생산
100.0
Samsung Electronics (Beijing) Service(SBSC)
서비스
100.0
Tianjin Samsung LED(TSLED)
LED 생산
100.0
Tianjin Samsung Opto-Electronics(TSOE)
카메라/캠코더 생산
90.0
SEMES(Xian)
반도체 장비
100.0
Samsung Semiconductor Xian(SSCX)
반도체/디스플레이 판매
100.0
(*) 종속기업 보유 지분율을 포함한 의결권 있는 주식 기준입니다.
나. 매출ㆍ매입 등 거래 내역
당기 및 전기 중 특수관계자와의 거래내역은 다음과 같습니다. (1) 당기
(단위: 백만원)
종속기업
삼성디스플레이
407,536
-
1,309,566
6,958
Samsung Electronics America(SEA)
27,304,190
-
165,596
-
Samsung (China) Investment(SCIC)
531,943
-
8,069
-
Samsung (China) Semiconductor(SCS)
250,323
73,599
4,141,842
9,496
Samsung Electronics Vietnam(SEV)
2,832,861
2,732
10,270,592
44
Samsung Electronics Europe Holding(SEEH)
630
-
-
-
Samsung Semiconductor(SSI)
15,747,630
-
342,441
4
Samsung Electronics Vietnam THAINGUYEN(SEVT)
3,542,388
26,966
11,462,924
2,700
Samsung Electronics Huizhou(SEHZ)
1,134,957
261
8,337,689
1,519
Shanghai Samsung Semiconductor(SSS)
13,574,341
-
-
-
Samsung Asia Private(SAPL)
1,360,136
-
6,378
-
Samsung Electronica da Amazonia(SEDA)
896,001
29
5,449
-
Samsung Austin Semiconductor(SAS)
421
61,495
3,586,127
4,410
Samsung India Electronics(SIEL)
2,304,904
2,011
172,035
-
Samsung Display Vietnam(SDV)
512,671
-
-
-
Samsung Electronics Europe Logistics(SELS)
3,882,166
6
9,735
-
Samsung Suzhou LCD(SSL)
27,238
-
-
-
Thai Samsung Electronics(TSE)
1,866,325
171
1,595,265
-
Samsung Electronics Slovakia(SESK)
407,437
27
1,338
-
Samsung Electronics Taiwan(SET)
2,333,465
-
801
-
Samsung Electronics HCMC CE Complex(SEHC)
356,867
30,370
1,266,630
-
Samsung Electronics Hungarian(SEH)
160,358
2
3,213
108
Samsung Electronics GmbH(SEG)
3,164,653
-
28,507
-
Samsung Display Dongguan(SDD)
296,104
-
-
-
Samsung Electronics (UK)(SEUK)
449,346
-
56,269
-
기타
34,476,164
8,757
22,563,761
4,402
종속기업 계
117,821,055
206,426
65,334,227
29,641
(단위: 백만원)
관계기업 및 공동기업
삼성에스디에스
36,930
-
1,403,488
159,494
삼성전기
14,946
23
844,338
-
삼성SDI(*1)
44,777
397
282,032
16,210
제일기획(*2)
466
-
212,393
-
기타
201,760
113
374,384
3,793
관계기업 및 공동기업 계
298,879
533
3,116,635
179,497
그 밖의 특수관계자
삼성물산(*3)
39,780
74
187,615
2,662,091
기타
207,580
1,557,589
326,894
50,833
그 밖의 특수관계자 계
247,360
1,557,663
514,509
2,712,924
기타(*4)
삼성엔지니어링
15,465
-
15,733
1,078,940
에스원
23,670
-
257,397
23,459
기타
46,945
83,298
608,229
60
기타 계
86,080
83,298
881,359
1,102,459
(*1) 당기 중 유통보통주식수 기준의 지분율이 상승하여 관계기업에 포함되었습니다. (*2) 당기 중 지분 취득으로 관계기업에 포함되었습니다. (*3)
제
일모직은 전기 중 삼성물산을 흡수합병 후 사명을 삼성물산으로 변경하
였습니다.
(*4) 기업회계기준서 제
1024호
특수관계자 범위에 포함되지 않으나 독점규제 및 공정거래에 관한 법률에 따른 동일한 대규모기업집단 소속회사입니다.
(2) 전기
(단위: 백만원)
종속기업
삼성디스플레이
639,243
2,640
2,468,945
-
Samsung Electronics America(SEA)
28,949,787
-
271,891
-
Samsung (China) Investment(SCIC)
538,430
-
9,039
-
Samsung (China) Semiconductor(SCS)
146,678
159,132
2,610,462
3,093
Samsung Semiconductor(SSI)
17,045,585
-
278,526
-
Samsung Electronics Vietnam(SEV)
3,009,245
2,366
8,167,472
133
Samsung Electronics Europe Holding(SEEH)
1,167
-
-
-
Samsung Electronics Vietnam THAINGUYEN(SEVT)
2,372,753
13,415
9,318,599
69
Samsung Electronics Huizhou(SEHZ)
2,159,283
110
11,362,618
157
Samsung Austin Semiconductor(SAS)
695
11,668
3,052,409
10,629
Samsung Asia Private(SAPL)
1,355,515
-
8,353
-
Shanghai Samsung Semiconductor(SSS)
8,717,379
-
-
-
Samsung India Electronics(SIEL)
2,635,630
1,809
190,986
-
Samsung Electronica da Amazonia(SEDA)
955,467
41
11,440
80
Samsung Suzhou LCD(SSL)
21,155
-
-
-
Tianjin Samsung Telecom Technology(TSTC)
866,538
-
5,141,613
1,615
Samsung Electronics Europe Logistics(SELS)
3,904,676
10
9,253
-
Thai Samsung Electronics(TSE)
2,008,447
-
1,417,518
34
Samsung Electronics Slovakia(SESK)
474,803
-
4,615
-
Samsung Electronics GmbH(SEG)
3,131,187
-
35,322
-
Samsung Display Dongguan(SDD)
362,217
-
-
-
Samsung Electronics Benelux(SEBN)
284,625
-
-
-
Samsung Electronics Hungarian(SEH)
303,712
-
1,117
-
Samsung Electronics Taiwan(SET)
2,717,071
-
1,270
-
Samsung Electronics (UK)(SEUK)
548,949
-
61,348
-
기타
35,451,296
28,605
21,698,086
24,308
종속기업 계
118,601,533
219,796
66,120,882
40,118
(단위: 백만원)
관계기업 및 공동기업
삼성에스디에스
31,255
-
1,418,211
156,703
삼성전기
21,706
-
1,114,865
2
기타
244,213
3,526
364,152
28,634
관계기업 및 공동기업 계
297,174
3,526
2,897,228
185,339
그 밖의 특수관계자
삼성물산(*1)
8,950
-
99,259
1,323,944
삼성SDI
43,366
20
482,927
8,948
기타
89,260
-
286,702
66,704
그 밖의 특수관계자 계
141,576
20
868,888
1,399,596
기타(*2)
삼성엔지니어링
6,084
-
15,882
620,044
에스원
30,451
-
223,861
24,776
기타
66,032
88
695,747
112,883
기타 계
102,567
88
935,490
757,703
(*1)
제
일모직은 전기 중 삼성물산을 흡수합병 후 사명을 삼성물산으로 변경하
였습니다.
(*2) 기업회계기준서 제 1024호 특수관계자 범위에 포함되지 않으나 독점규제 및 공정거래에 관한 법률에 따른 동일한 대규모기업집단 소속회사입니다.
다. 채권ㆍ채무잔액 당기말 및 전기말 현재 특수관계자에 대한 채권ㆍ채무잔액은 다음과 같습니다. (1) 당기
(단위: 백만원)
종속기업
삼성디스플레이
26,017
105,445
Samsung Electronics America(SEA)
4,200,871
430,475
Samsung (China) Investment(SCIC)
50,354
1,006
Samsung (China) Semiconductor(SCS)
51,611
320,006
Samsung Electronics Vietnam(SEV)
381,759
1,902,614
Samsung Electronics Europe Holding(SEEH)
1,447
36
Samsung Semiconductor(SSI)
3,123,618
98,931
Samsung Electronics Vietnam THAINGUYEN(SEVT)
749,996
650,219
Samsung Electronics Huizhou(SEHZ)
151,613
1,123,574
Shanghai Samsung Semiconductor(SSS)
3,448,765
840
Samsung Asia Private(SAPL)
54,231
12,350
Samsung Electronica da Amazonia(SEDA)
162,997
1,445
Samsung Austin Semiconductor(SAS)
37,391
298,150
Samsung India Electronics(SIEL)
1,056,157
14,177
Samsung Display Vietnam(SDV)
40,894
-
Samsung Electronics Europe Logistics(SELS)
1,284,610
2,283
Samsung Suzhou LCD(SSL)
4,855
-
(단위: 백만원)
종속기업
Thai Samsung Electronics(TSE)
140,628
167,454
Samsung Electronics Slovakia(SESK)
91,094
40
Samsung Electronics Taiwan(SET)
249,588
30,651
Samsung Electronics HCMC CE Complex(SEHC)
119,320
173,261
Samsung Electronics Hungarian(SEH)
21,454
194
Samsung Electronics GmbH(SEG)
678,964
6,237
Samsung Display Dongguan(SDD)
34,823
-
Samsung Electronics (UK)(SEUK)
130,999
27,646
기타
6,042,123
2,011,144
종속기업 계(*1)
22,336,179
7,378,178
관계기업 및 공동기업
삼성에스디에스
5,484
326,518
삼성전기
642
52,589
삼성SDI(*2)
89,491
27,005
제일기획(*3)
36
433,914
기타
80,716
82,520
관계기업 및 공동기업 계
176,369
922,546
그 밖의 특수관계자
삼성물산(*4)
207,463
268,839
기타
21,488
1,582,645
그 밖의 특수관계자 계
228,951
1,851,484
기타(*5)
삼성엔지니어링
10,611
99,802
에스원
2,949
35,153
기타
1,924
23,095
기타 계
15,484
158,050
(*1) 상기의 종속기업 채권금액에 대하여 대손충당금
223,362
백
만원을 계상하고 있으며, 당기에 인식된 대손상각비는
30,037
백만원입니다. (*2) 당기 중 유통보통주식수 기준의 지분율이 상승하여 관계기업에 포함되었습니다. (*3) 당기 중 지분 취득으로 관계기업에 포함되었습니다. (
*4)
제
일모직은 전기 중 삼성물산을 흡수합병 후 사명을 삼성물산으로 변경하
였습니다.
(*5) 기업회계기준서 제 1024호 특수관계자 범위에 포함되지 않으나 독점규제 및 공정거래에 관한 법률에 따른 동일한 대규모기업집단 소속회사입니다.
(2) 전기
(단위: 백만원)
종속기업
삼성디스플레이
33,891
104,432
Samsung Electronics America(SEA)
4,002,270
91,491
Samsung (China) Investment(SCIC)
41,588
982
Samsung (China) Semiconductor(SCS)
47,117
280,356
Samsung Semiconductor(SSI)
3,759,782
62,708
Samsung Electronics Vietnam(SEV)
421,096
240,041
Samsung Electronics Europe Holding(SEEH)
1,203
-
Samsung Electronics Vietnam THAINGUYEN(SEVT)
372,639
240,281
Samsung Electronics Huizhou(SEHZ)
180,951
817,281
Samsung Austin Semiconductor(SAS)
6,284
370,959
Samsung Asia Private(SAPL)
93,915
10,783
Shanghai Samsung Semiconductor(SSS)
1,787,117
1,181
Samsung India Electronics(SIEL)
1,274,392
17,460
Samsung Electronica da Amazonia(SEDA)
104,956
4,231
Samsung Suzhou LCD(SSL)
3,579
-
(단위: 백만원)
종속기업
Tianjin Samsung Telecom Technology(TSTC)
367,530
462,285
Samsung Electronics Europe Logistics(SELS)
1,132,173
2,117
Thai Samsung Electronics(TSE)
226,308
87,749
Samsung Electronics Slovakia(SESK)
71,520
1,364
Samsung Electronics GmbH(SEG)
483,552
2,811
Samsung Display Dongguan(SDD)
25,649
-
Samsung Electronics Benelux(SEBN)
66,306
628
Samsung Electronics Hungarian(SEH)
4,304
17
Samsung Electronics Taiwan(SET)
131,759
15,013
Samsung Electronics (UK)(SEUK)
83,265
21,433
기타
4,609,364
1,478,559
종속기업 계(*1)
19,332,510
4,314,162
관계기업 및 공동기업
삼성에스디에스
3,248
262,038
삼성전기
551
121,623
기타
57,164
1,217,661
관계기업 및 공동기업 계
60,963
1,601,322
그 밖의 특수관계자
삼성물산(*2)
186,200
1,293,898
삼성SDI
89,390
48,409
기타
14,274
66,696
그 밖의 특수관계자 계
289,864
1,409,003
기타(*3)
삼성엔지니어링
3,627
433,047
에스원
2,044
31,481
기타
2,945
368,221
기타 계
8,616
832,749
(*1) 상기의 종속기업 채권금액에 대하여 대손충당금 193,325백만원을 계상하였으며,
전기에
인식된 대손상각비는 1,608백만원입니다.
(*2)
제
일모직은 전기 중 삼성물산을 흡수합병 후 사명을 삼성물산으로 변경하
였습니다.
(*3) 기업회계기준서 제 1024호 특수관계자 범위에 포함되지 않으나 독점규제 및 공정거래에 관한 법률에 따른 동일한 대규모기업집단 소속회사입니다.
라.
회사는 당기 중 Samsung Electronics America
4,411,886
백만원, SVIC 28호 신기술투자조합
92,466
백만원 등 총
4,633,203
백만원(전기: 총 2,201,335백만원)을 종속기업에 출자하였으며, 관계기업 및 공동기업에 총
14,805
백만원(전기: 총 133,600백만원)을 추가로 출자하였습니다. 또한, 기업회계기준서 제 1024호 특수관계자 범위에 포함되지 않으나 독점규제 및 공정거래에 관한 법률에 따른 동일한 대규모기업집단 소속회사인 삼성중공업에 대하여 181,081백만원을 추가로 출자하였습니다.
마. 주요 경영진에 대한 보상
당기 및 전기 중 회사가 주요 경영진(등기임원)에 대한 보상을 위해 비용으로 반영한 금액은 다음과 같습니다.
(단위: 백만원)
단기급여
16,481
23,671
퇴직급여
640
560
기타 장기급여
8,671
8,316
바. 회사는 보고기간 종료일 현재 특수관계자의 채무에 대하여 채무보증을 제공하고 있습니다(
주석 19
참조).
33. 매각예정분류(처분자산집단) :
가. 주요 사항
(1) 삼성정밀화학 매각
전기 중 회사의 경영진은 보유중인 삼성정밀화학주식회사 지분 전부를 롯데케미칼주식회사에 매각하기로 결정하였으며, 2016년 2월 중 매각이 완료되었습니다.
(2) 삼성바이오로직스 매각
당기 중
회사의 경영진은
삼성바이오로직스 지분 일부를 매각하기로 결정하였으며, 2016년 11월 중 매각이 완료되었습니다.
(3) 프린팅솔루션 사업부 매각 당기 중 회사의 경영진은 2016년 9월 12일 프린팅솔루션 사업부문을 HP Inc.에게 매각하는 계약을 체결하였습니다. 2016년 11월 1일자로 분할을 완료하였으며, 이후 실사를 거쳐 1년 이내에 매각이 진행될 예정입니다.
분할 신설회사명
분할 신설회사명
에스프린팅솔루션 주식회사
에스프린팅솔루션 주식회사
본점소재지
본점소재지
경기도 수원시 영통구 삼성로129(매탄동)
경기도 수원시 영통구 삼성로129(매탄동)
사업부문
사업부문
프린팅솔루션 사업
프린팅솔루션 사업
분할기일
분할기일
2016년 11월 01일
2016년 11월 01일
나. 매각예정으로 분류한 자산 및 부채의 내역
(단위: 백만원)
투자자산
283,690
77,073
당기 중 매각예정으로 분류한 부채는 없습니다.
다. 매각예정으로 분류한 기타자본항목의 내역
(단위: 백만원)
매도가능금융자산평가이익
-
23,797
34. 보고기간 후 사건 :
회사는 2017년 1월 24일자로 이사회에서 자기주식 취득 및 소각을 결의하였습니다. 취득 예정 주식수는 총 127만 5천주(보통주 102만주, 우선주 25만 5천주)이며,취득 완료 후 즉시 소각 예정입니다. 취득 종료 예상일은 2017년 4월 24일입니다.
내부회계관리제도 검토의견
내부회계관리제도 검토의견
삼성전자주식회사 내부회계관리제도 검토보고서는 삼성전자주식회사의 2016년 12월 31일자로 종료되는 회계연도의 재무제표에 대한 감사업무를 수행하고 회사의 내부회계관리제도를 검토한 결과 주식회사의외부감사에관한법률 제2조의3에 따라 첨부하는 것입니다. 첨부 : 1. 독립된 감사인의 내부회계관리제도 검토보고서 2. 회사의 내부회계관리제도 운영 실태 평가보고서
독립된 감사인의 내부회계관리제도 검토보고서 =========================================
삼성전자주식회사
대표이사 귀하
2017년
2월
27
일
우리는 첨부된 삼성전자주식회사의 2016년 12월 31일 현재의 내부회계관리제도의 운영실태평가보고서에 대하여 검토를 실시하였습니다. 내부회계관리제도를 설계, 운영하고 그에 대한 운영실태평가보고서를 작성할 책임은 삼성전자주식회사(이하""회사"")의 경영
진
에게 있으며, 우리의 책임은 동 보고내용에 대하여 검토를 실시하고 검토결과를 보고하는데 있습니다. 회사의 경영
진
은
첨부된 내부회계관리제도 운영실태 평가보고서에서 ""2016년 12월 31일 현재 내부회계관리제도 운영실태 평가결과, 2016년 12월 31일 현재 당사의 내부회계관리제도는 내부회계관리제도 모범규준에 근거하여 볼 때, 중요성의 관점에서 효과적으로 설계되어 운영되고 있다고 판단된다""고 기술하고 있습니다.
우리는 내부회계관리제도 검토기준에 따라 검토를 실시하였습니다. 이 기준은 우리가 중요성의 관점에서 경영
진
이 제시한 내부회계관리제도의 운영실태평가보고서에 대하여 회계감사보다는 낮은 수준의 확신을 얻을 수 있도록 검토절차를 계획하고 실시할 것을 요구하고 있습니다. 검토는 회사의 내부회계관리제도를 이해하고 경영
진
의 내부회계관리제도의 운영실태보고내용에 대한 질문 및 필요하다고 판단되는 경우제한적 범위 내에서 관련 문서의 확인 등의 절차를 포함하고 있습니다. 회사의 내부회계관리제도는 신뢰할 수 있는 회계정보의 작성 및 공시를 위하여 한국채택국제회계기준에 따라 작성한 재무제표의 신뢰성에 대한 합리적인 확신을 줄 수 있도록 제정한 내부회계관리규정과 이를 관리ㆍ운영하는 조직을 의미합니다. 그러나내부회계관리제도는 내부회계관리제도의 본질적인 한계로 인하여 재무제표에 대한 중요한 왜곡표시를 적발하거나 예방하지 못할 수 있습니다. 또한, 내부회계관리제도의 운영실태보고 내용을 기초로 미래기간의 내용을 추정시에는 상황의 변화 혹은 절차나 정책이 준수되지 않음으로써 내부회계관리제도가 부적절하게 되어 미래기간에 대한 평가 및 추정내용이 달라질 위험에 처할 수 있다는 점을 고려하여야 합니다.
경영
진
의 내부회계관리제도 운영실태평가보고서에 대한 우리의 검토결과, 상기 경영
진
의 운영실태보고 내용이 중요성의 관점에서 내부회계관리제도 모범규준의 규정에 따라 작성되지 않았다고 판단하게 하는 점이 발견되지 아니하였습니다. 우리의 검토는 2016년 12월 31일 현재의 내부회계관리제도를 대상으로 하였으며 2016년 12월 31일 이후의 내부회계관리제도는 검토하지 않았습니다. 본 검토보고서는 주식회사 외부감사에 관한 법률에 근거하여 작성된 것으로서 기타 다른 목적이나 다른 이용자를 위하여는 적절하지 않을 수 있습니다.
삼 일 회 계 법 인 대 표 이 사 김 영 식
170124 제48기 내부회계관리제도 운영실태 보고(서명본).jpg
2016년 내부회계관리제도 운영 실태 보고
2016년 내부회계관리제도 운영 실태 보고
외부감사 실시내용
외부감사 실시내용
「주식회사의 외부감사에 관한 법률」제7조의2의 규정에 의하여 외부감사 실시내용을 첨부합니다.
1. 감사대상업무
회 사 명
삼성전자주식회사
감사대상 사업연도
2016년 01월 01일
부터
2016년 12월 31일
까지
2. 감사참여자 구분별 인원수 및 감사시간
(단위 : 명, 시간)
감사참여자 ＼ 인원수 및 시간
품질관리 검토자 (심리실 등)
감사업무 담당 회계사
전산감사ㆍ 세무ㆍ가치평가 등 전문가
건설계약 등 수주산업 전문가
합계
담당이사 (업무수행이사)
등록 공인회계사
수습 공인회계사
당기
전기
당기
전기
당기
전기
당기
전기
당기
전기
당기
전기
당기
전기
투입 인원수
2
2
1
1
38
39
17
12
56
52
-
-
114
106
투입시간
분ㆍ반기검토
35
30
436
225
12,627
15,109
4,304
4,163
5,536
5,298
-
-
22,938
24,825
감사
76
118
474
209
10,061
11,935
3,521
1,897
6,929
4,944
-
-
21,061
19,103
합계
111
148
910
434
22,688
27,044
7,825
6,060
12,465
10,242
-
-
43,999
43,928
3. 주요 감사실시내용
구 분
내 역
전반감사계획 (감사착수단계)
수행시기
2016.5.3 ~ 6.3 2016.9.26 ~ 10.7 2017.1.3 ~ 1.7
39
일
주요내용
감사경험, 회사 및 산업에 대한 전반적 이해를 바탕으로 감사위험 평가 및 감사절차의 성격, 시기 및 범위 등을 결정
현장감사 주요내용
수행시기
투입인원
주요 감사업무 수행내용
상주
비상주
2016.6.22 ~ 7.29
28
일
32
명
10
명
시스템 및 내부통제감사
2016.12.5 ~ 12.23
15
일
32
명
12
명
조기입증감사
2017.1.4 ~ 1.23
14
일
40
명
12
명
조회확인 등 입증절차 업데이트
2017.1.24 ~ 2.27
25
일
21
명
11
명
재무제표검증 및 감사종결절차 수행
재고자산실사(입회)
실사(입회)시기
2016.11.30 ~ 12.1
2
일
실사(입회)장소
수원, 기흥, 구미, 광주 사업장 등
실사(입회)대상
원재료, 재공품, 제품 등
금융자산실사(입회)
실사(입회)시기
2017.1.3 ~ 1.4
2
일
실사(입회)장소
태평로, 기흥 사업장 등
실사(입회)대상
현금, 유가증권 등
외부조회
금융거래조회
O
채권채무조회
O
변호사조회
O
기타조회
타처보관재고자산조회 등
지배기구와의 커뮤니케이션
커뮤니케이션 횟수
4
회
수행시기
2016.4.27 / 2016.7.27 / 2016.10.26 / 2017.1.23",78161,/Users/june_kim/samsung_audit_nlp/data/raw/감사보고서_2016.htm,2026-03-31T07:17:32.223296+00:00
22,2017,감사의견,"우리의 의견으로는 회사의 재무제표는 삼성전자주식회사의 2017년 12월 31일과 2016년 12월 31일 현재의 재무상태, 동일로 종료되는 양 보고기간의 재무성과 및 현금흐름을 한국채택국제회계기준에 따라 중요성의 관점에서 공정하게 표시하고 있습니다.
서울특별시 용산구 한강대로 92
우리의 의견으로는 회사의 재무제표는 삼성전자주식회사의 2017년 12월 31일과 2016년 12월 31일 현재의 재무상태, 동일로 종료되는 양 보고기간의 재무성과 및 현금흐름을 한국채택국제회계기준에 따라 중요성의 관점에서 공정하게 표시하고 있습니다.
서울특별시 용산구 한강대로 92",315,/Users/june_kim/samsung_audit_nlp/data/raw/감사보고서_2017.htm,2026-03-31T07:17:32.440029+00:00
23,2017,감사의견근거,"우리의 책임은 우리가 수행한 감사를 근거로 해당 재무제표에 대하여 의견을 표명하는데 있습니다. 우리는 대한민국의 회계감사기준에 따라 감사를 수행하였습니다. 이 기준은 우리가 윤리적 요구사항을 준수하며 재무제표에 중요한 왜곡표시가 없는지에대한 합리적인 확신을 얻도록 감사를 계획하고 수행할 것을 요구하고 있습니다.
감사는 재무제표의 금액과 공시에 대한 감사증거를 입수하기 위한 절차의 수행을 포함합니다. 절차의 선택은 부정이나 오류로 인한 재무제표의 중요한 왜곡표시위험에 대한 평가 등 감사인의 판단에 따라 달라집니다. 감사인은 이러한 위험을 평가할 때, 상황에 적합한 감사절차를 설계하기 위하여 기업의 재무제표 작성 및 공정한 표시와관련된 내부통제를 고려합니다. 그러나 이는 내부통제의 효과성에 대한 의견을 표명하기 위한 것이 아닙니다. 감사는 또한 재무제표의 전반적 표시에 대한 평가뿐 아니라, 재무제표를 작성하기 위하여 경영진이 적용한 회계정책의 적합성과 경영진이 도출한 회계추정치의 합리성에 대한 평가를 포함합니다.
우리가 입수한 감사증거가 감사의견을 위한 근거로서 충분하고 적합하다고 우리는 믿습니다.",564,/Users/june_kim/samsung_audit_nlp/data/raw/감사보고서_2017.htm,2026-03-31T07:17:32.440029+00:00
24,2017,핵심감사사항,,0,/Users/june_kim/samsung_audit_nlp/data/raw/감사보고서_2017.htm,2026-03-31T07:17:32.440029+00:00
25,2017,재무상태표,"제 49 기 : 2017년 12월 31일 현재
제 48 기 : 2016년 12월 31일 현재
삼성전자주식회사
(단위 : 백만원)
자 산
Ⅰ. 유 동 자 산
70,155,189
69,981,128
1. 현금및현금성자산
4, 6, 7, 31
2,763,768
3,778,371
2. 단기금융상품
5, 6, 7, 31
25,510,064
30,170,656
3. 매출채권
6, 7, 10, 31
27,881,777
23,514,012
4. 미수금
6, 10
2,201,402
2,319,782
5. 선급금
1,097,598
814,300
6. 선급비용
2,281,179
2,375,520
7. 재고자산
11
7,837,144
5,981,634
8. 기타유동자산
6
582,257
743,163
9. 매각예정분류자산
-
283,690
Ⅱ. 비 유 동 자 산
128,086,171
104,821,831
1. 장기매도가능금융자산
6, 9, 31
973,353
913,989
2. 종속기업, 관계기업 및 공동기업 투자
12
55,671,759
48,743,079
3. 유형자산
13
62,816,961
47,228,830
4. 무형자산
14
2,827,035
2,891,844
5. 장기선급비용
3,031,327
3,507,399
6. 순확정급여자산
17
811,210
557,091
7. 이연법인세자산
28
586,161
110,239
8. 기타비유동자산
6
1,368,365
869,360
자 산 총 계
198,241,360
174,802,959
부 채
Ⅰ. 유 동 부 채
44,495,084
34,076,122
1. 매입채무
6, 31
6,398,629
6,162,650
2. 단기차입금
6, 8, 15, 31
12,229,701
9,061,167
3. 미지급금
6, 31
9,598,654
7,635,740
4. 선수금
214,007
200,445
5. 예수금
6
500,740
389,528
6. 미지급비용
6
6,657,674
6,284,646
7. 미지급법인세
6,565,781
2,055,829
8. 유동성장기부채
6, 16, 31
5,201
5,854
9. 충당부채
18
2,273,688
2,221,717
10. 기타유동부채
51,009
58,546
Ⅱ. 비 유 동 부 채
2,176,501
3,180,075
1. 사채
6, 16, 31
46,808
58,542
2. 장기미지급금
6, 31
1,750,379
2,808,460
3. 장기충당부채
18
379,201
312,467
4. 기타비유동부채
113
606
부 채 총 계
46,671,585
37,256,197
자 본
Ⅰ. 자본금
20
897,514
897,514
1. 우선주자본금
119,467
119,467
2. 보통주자본금
778,047
778,047
Ⅱ. 주식발행초과금
4,403,893
4,403,893
Ⅲ. 이익잉여금
21
150,928,724
140,747,574
Ⅳ. 기타자본항목
23
(4,660,356)
(8,502,219)
자 본 총 계
151,569,775
137,546,762
부채와자본총계
198,241,360
174,802,959
별첨 주석은 본 재무제표의 일부입니다.",1543,/Users/june_kim/samsung_audit_nlp/data/raw/감사보고서_2017.htm,2026-03-31T07:17:32.440029+00:00
26,2017,포괄손익,"제 49 기 : 2017년 1월 1일부터 2017년 12월 31일까지
제 48 기 : 2016년 1월 1일부터 2016년 12월 31일까지
삼성전자주식회사
(단위 : 백만원)
Ⅰ. 매 출 액
161,915,007
133,947,204
Ⅱ. 매 출 원 가
24
101,399,657
97,290,644
Ⅲ. 매 출 총 이 익
60,515,350
36,656,560
판매비와관리비
24, 25
25,658,259
23,009,124
Ⅳ. 영 업 이 익
34,857,091
13,647,436
기 타 수 익
26
2,767,967
2,185,600
기 타 비 용
26
1,065,014
1,289,594
금 융 수 익
27
4,075,602
5,803,751
금 융 비 용
27
4,102,094
5,622,119
Ⅴ. 법인세비용차감전순이익
36,533,552
14,725,074
법 인 세 비 용
28
7,732,715
3,145,325
Ⅵ. 당 기 순 이 익
28,800,837
11,579,749
Ⅶ. 주 당 이 익
29
기본주당이익(단위:원)
208,881
81,602
희석주당이익(단위:원)
208,881
81,602
별첨 주석은 본 재무제표의 일부입니다.
포 괄 손 익 계 산 서
제 49 기 : 2017년 1월 1일부터 2017년 12월 31일까지
제 48 기 : 2016년 1월 1일부터 2016년 12월 31일까지
삼성전자주식회사
(단위 : 백만원)
Ⅰ. 당기순이익
28,800,837
11,579,749
Ⅱ. 기타포괄손익
319,724
308,057
후속적으로 당기손익으로 재분류되지 않는 포괄손익
349,950
729,634
1. 순확정급여자산 재측정요소
17, 23
349,950
729,634
후속적으로 당기손익으로 재분류되는 포괄손익
(30,226)
(421,577)
1. 매도가능금융자산평가손익
9, 23
(30,226)
(421,577)
Ⅲ. 총포괄이익
29,120,561
11,887,806
별첨 주석은 본 재무제표의 일부입니다.
자 본 변 동 표
제 49 기 : 2017년 1월 1일부터 2017년 12월 31일까지
제 48 기 : 2016년 1월 1일부터 2016년 12월 31일까지
삼성전자주식회사
(단위 : 백만원)
2016.1.1 (전기초)
897,514
4,403,893
143,629,177
(12,526,126)
23,797
136,428,255
Ⅰ. 총포괄손익
1. 당기순이익
-
-
11,579,749
-
-
11,579,749
2. 매도가능금융자산평가
9, 23
-
-
-
(397,780)
(23,797)
(421,577)
3. 순확정급여자산 재측정요소
17, 23
-
-
-
729,634
-
729,634
Ⅱ. 자본에 직접 인식된 주주와의 거래
1. 배당
21, 22
-
-
(3,061,361)
-
-
(3,061,361)
2. 자기주식의 취득
23
-
-
-
(7,707,938)
-
(7,707,938)
3. 자기주식의 소각
23
-
-
(11,399,991)
11,399,991
-
-
2016.12.31 (전기말)
897,514
4,403,893
140,747,574
(8,502,219)
-
137,546,762
2017.1.1 (당기초)
897,514
4,403,893
140,747,574
(8,502,219)
-
137,546,762
Ⅰ. 총포괄손익
-
1. 당기순이익
-
-
28,800,837
-
-
28,800,837
2. 매도가능금융자산평가
9, 23
-
-
-
(30,226)
-
(30,226)
3. 순확정급여자산 재측정요소
17, 23
-
-
-
349,950
-
349,950
Ⅱ. 자본에 직접 인식된 주주와의 거래
-
1. 배당
21, 22
-
-
(6,747,124)
-
-
(6,747,124)
2. 자기주식의 취득
23
-
-
-
(8,350,424)
-
(8,350,424)
3. 자기주식의 소각
23
-
-
(11,872,563)
11,872,563
-
-
2017.12.31 (당기말)
897,514
4,403,893
150,928,724
(4,660,356)
-
151,569,775
별첨 주석은 본 재무제표의 일부입니다.",2025,/Users/june_kim/samsung_audit_nlp/data/raw/감사보고서_2017.htm,2026-03-31T07:17:32.440029+00:00
27,2017,현금흐름,"제 49 기 : 2017년 1월 1일부터 2017년 12월 31일까지
제 48 기 : 2016년 1월 1일부터 2016년 12월 31일까지
삼성전자주식회사
(단위 : 백만원)
Ⅰ. 영업활동 현금흐름
38,906,190
23,984,804
1. 영업에서 창출된 현금흐름
41,350,471
24,901,464
가. 당기순이익
28,800,837
11,579,749
나. 조정
30
18,012,976
14,910,093
다. 영업활동으로 인한 자산부채의 변동
30
(5,463,342)
(1,588,378)
2. 이자의 수취
491,501
622,118
3. 이자의 지급
(265,364)
(208,010)
4. 배당금 수입
1,118,779
903,758
5. 법인세 납부액
(3,789,197)
(2,234,526)
Ⅱ. 투자활동 현금흐름
(28,118,806)
(14,240,450)
1. 단기금융상품의 순감소(증가)
2,960,592
(1,407,068)
2. 단기매도가능금융자산의 처분
-
3,010,003
3. 장기금융상품의 처분
1,700,000
700,000
4. 장기금융상품의 취득
(500,000)
(1,700,000)
5. 장기매도가능금융자산의 처분
98,265
692,547
6. 장기매도가능금융자산의 취득
(163,765)
(477,744)
7. 종속기업, 관계기업 및 공동기업 투자의 처분
1,438,362
2,416,678
8. 종속기업, 관계기업 및 공동기업 투자의 취득
(7,492,843)
(4,648,008)
9. 유형자산의 처분
244,033
335,288
10. 유형자산의 취득
(25,641,229)
(12,161,084)
11. 무형자산의 처분
456
6,357
12. 무형자산의 취득
(843,096)
(1,046,676)
13. 현금의 기타유입
80,419
39,257
Ⅲ. 재무활동 현금흐름
(11,801,987)
(9,037,006)
1. 단기차입금의 순증가
3,300,611
1,737,871
2. 자기주식의 취득
(8,350,424)
(7,707,938)
3. 사채의 상환
(6,043)
(5,860)
4. 배당금의 지급
(6,746,131)
(3,061,079)
Ⅳ. 외화환산으로 인한 현금의 변동
-
8,063
Ⅴ. 현금및현금성자산의 (감소)증가 (Ⅰ+Ⅱ+Ⅲ+Ⅳ)
(1,014,603)
715,411
Ⅵ. 기초의 현금및현금성자산
3,778,371
3,062,960
Ⅶ. 기말의 현금및현금성자산
2,763,768
3,778,371
별첨 주석은 본 재무제표의 일부입니다.",1243,/Users/june_kim/samsung_audit_nlp/data/raw/감사보고서_2017.htm,2026-03-31T07:17:32.440029+00:00
28,2017,주석,"주석
제 49 기 : 2017년 12월 31일 현재
제 48 기 : 2016년 12월 31일 현재
삼성전자주식회사
1. 일반적 사항
:
삼성전자주식회사(이하 ""회사"")는 1969년 대한민국에서 설립되어 1975년에 대한민국의 증권거래소에 상장하였습니다. 회사의 사업은 CE부문, IM부문, DS부문으로 구성되어 있습니다. CE(Consumer Electronics) 부문은 디지털 TV, 모니터, 에어컨 및 냉장고 등의 사업으로 구성되어 있고, IM(Information technology & Mobilecommunications) 부문은 휴대폰, 통신시스템, 컴퓨터 등의 사업으로 구성되어 있으며, DS(Device Solutions) 부문은 메모리 반도체,
Foundry, System LSI 등
의 반도체 사업으로 구성되어 있습니다. 회사의 본점 소재지는 경기도 수원시입니다.
이 재무제표는 한국채택국제회계기준에 따라 작성되었으며, 기업회계기준서 제1027 호 '별도재무제표'에 따른 별도 재무제표입니다.
2. 중요한 회계처리방침 :
다음은 재무제표의 작성에 적용된 주요한 회계정책입니다. 이러한 정책은 별도의 언급이 없다면, 표시된 회계기간에 계속적으로 적용됩니다.
2.1 재무제표 작성기준
이 재무제표는 한국채택국제회계기준에 따라 작성되었으며, 기업회계기준서 제1027호 '별도재무제표'에 따른 별도재무제표입니다. 한국채택국제회계기준은 국제회계기준위원회(""IASB"")가 발표한 기준서와 해석서 중 대한민국이 채택한 내용을 의미합니다.
한국채택국제회계기준은 재무제표 작성시 중요한 회계추정의 사용을 허용하고 있으며, 회계정책을 적용함에 있어 경영진의 판단을 요구하고 있습니다. 보다 복잡하고 높은 수준의 판단이 요구되는 부분이나 중요한 가정 및 추정이 요구되는 부분은 주석3에서 설명하고 있습니다.
2.2 회계정책과 공시의 변경
가. 회사가 채택한 제ㆍ개정 기준서
회사는 2017년 1월 1일로 개시하는 회계기간부터 다음의 제ㆍ개정 기준서를 신규로 적용하였습니다.
- 기업회계기준서 제1007호 '현금흐름표' 개정 재무활동에서 생기는 부채 변동을 현금흐름에서 생기는 변동과 비현금거래로 인한 변동 등으로 구분하여 공시하도록 하였습니다.
나. 회사가 적용하지 않은 제ㆍ개정 기준서
제정 또는 공표됐으나 2017년 1월 1일 이후 시작하는 회계연도에 시행일이 도래하지 아니하였고, 회사가 조기 적용하지 아니한 제ㆍ개정 기준서는 다음과 같습니다.
- 기업회계기준해석서 제2122호 '외화 거래와 선지급·선수취 대가' 제정 제정된 해석서에 따르면, 관련 자산, 비용, 수익(또는 그 일부)의 최초 인식에 적용할 환율을 결정하기 위한 거래일은 대가를 선지급하거나 선수취하여 비화폐성자산이나 비화폐성부채를 최초로 인식하는 날입니다. 또한, 선지급이나 선수취가 여러 차례에 걸쳐 이루어지는 경우 대가의 선지급이나 선수취로 인한 거래일을 각각 결정합니다. 동 해석서는 2018년 1월 1일 이후 최초로 시작되는 회계연도부터 적용하되 조기 적용이 허용됩니다. 회사는 동 해석서의 제정으로 인해 재무제표에 미치는 유의적인 영향은 없을 것으로 예상하고 있습니다.
- 기업회계기준서 제1109호 '금융상품' 제정
2015년 9월 25일 제정된 기업회계기준서 제1109호 '금융상품'은 2018년 1월 1일 이후 최초로 시작되는 회계연도부터 적용하되 조기 적용할 수 있습니다. 동 기준서는 현행 기업회계기준서 제1039호 '금융상품: 인식과 측정'을 대체할 예정입니다. 회사는 기업회계기준서 제1109호를 2018년 1월 1일 이후 시작되는 회계연도부터 적용할 예정입니다.
새로운 기업회계기준서 제1109호는 소급 적용함이 원칙이나, 금융상품의 분류, 측정, 손상의 경우 비교정보 재작성을 면제하는 등 일부 예외조항을 두고 있고, 위험회피회계의 경우 옵션의 시간가치 회계처리 등 일부 예외조항을 제외하고는 전진적으로 적용합니다.
기업회계기준서 제1109호의 주요 특징으로는 금융자산의 관리를 위한 사업모형과 금융자산의 계약상 현금흐름 특성에 근거한 금융자산의 분류와 측정, 기대신용손실에 기초한 금융상품의 손상모형, 위험회피회계 적용조건을 충족하는 위험회피대상항목과 위험회피수단의 확대 또는 위험회피효과 평가방법의 변경 등을 들 수 있습니다.
기업회계기준서 제1109호의 원활한 도입을 위해서는 일반적으로 재무영향분석 및 회계정책 수립, 회계시스템 구축, 시스템 안정화 등의 준비 작업이 필요합니다. 동 기준서를 최초로 적용하는 회계기간의 재무제표에 미치는 영향은 동 기준서에 따른 회계정책의 선택과 판단뿐 아니라 해당 기간에 회사가 보유하는 금융상품과 경제상황 등에 따라 다를 수 있습니다.
회사는 기업회계기준서 제1109호의 적용을 위하여 금융상품 보고와 관련한 내부관리 프로세스 정비 또는 회계처리시스템 변경 작업을 완료하였습니다. 회사가 동 기준서의 최초 적용에 따른 영향을 평가하기 위하여 2017년 12월 31일 현재 상황 및 입수 가능한 정보에 기초하여 2017년 재무제표에 미치는 재무적 영향을 분석한 결과 동 기준서의 주요 사항별로 재무제표에 미칠 것으로 예상되는 재무적 영향은 다음과 같습니다.
(1) 금융자산의 분류 및 측정
새로운 기업회계기준서 제1109호를 적용할 경우 회사는 금융자산의 관리를 위한 사업모형과 금융자산의 계약상 현금흐름 특성에 근거하여 다음 표와 같이 금융자산을 후속적으로 상각후원가, 기타포괄손익-공정가치, 당기손익-공정가치로 측정되도록 분류하고, 복합계약이 금융자산을 주계약으로 포함하는 경우에는 내재파생상품을 분리하지 않고 해당 복합계약 전체를 기준으로 금융자산을 분류합니다.
계약상 현금흐름 특성/사업모형
원금과 이자만으로 구성
그 외의 경우
계약상 현금흐름 수취 목적
계약상 현금흐름 수취 목적
상각후원가 측정 (*1)
상각후원가 측정 (*1)
당기손익-공정가치 측정 (*2)
당기손익-공정가치 측정 (*2)
계약상 현금흐름 수취 및 매도 목적
계약상 현금흐름 수취 및 매도 목적
기타포괄손익-공정가치 측정 (*1)
기타포괄손익-공정가치 측정 (*1)
매도 목적, 기타
매도 목적, 기타
당기손익-공정가치 측정
당기손익-공정가치 측정
(*1) 회계불일치를 제거하거나 감소시키기 위하여 당기손익-공정가치 측정 항목으로 지정할 수 있음(취소 불가)
(*2) 단기매매목적이 아닌 지분증권의 경우 기타포괄손익-공정가치 측정 항목으로 지정할 수 있음(취소 불가)
기업회계기준서 제1109호에서 금융자산을 상각후원가 또는 기타포괄손익-공정가치측정 대상으로 분류하기 위한 요건이 현행 기업회계기준서 제1039호의 요건보다 엄격하므로, 기업회계기준서 제1109호 도입 시 당기손익-공정가치 측정 대상 금융자산
의 비중이 증가하여 당기손익의 변동성이 확대될 수 있습니다.
회사는
2017년 12월 31일 현재 대여금 및 수취채권
59,778,872
백만원, 매도가능금융자산
973,353
백만원을 보유하고 있습니다.
기업회계기준서 제1109호에 따르면 계약조건에 따라 특정일에 원금과 원금 잔액에 대한 이자만으로 구성된 현금흐름이 발생하고 계약상 현금흐름 수취를 목적으로 하는 채무상품만 상각후원가로 측정할 수 있습니다. 회사는 2017년 12월 31일 현재 대여금 및 수취채권
59,778,872
백만원을
상각후원가로 측정하고 있습니다.
기업회계기준서 제1109호를 2017년
12월
31일
현재 위 금융자산에 적용할 경우, 대부분 계약조건에 따라 특정일에 원금과 원금 잔액에 대한 이자만으로 구성된 현금흐름이 발생하고 계약상 현금흐름 수취를 목적으로 하므로 상각후원가로 측정되는 항목으로 분류되어 재무제표에 중대한 영향을 미치지
미치지 않을 것으로
파악되었습니다.
기업회계기준서 제1109호에 따르면 계약조건에 따라 특정일에 원금과 원금 잔액에 대한 이자만으로 구성된 현금흐름이 발생하고 계약상 현금흐름 수취 및 매도를 목적으로 하는 채무상품을 기타포괄손익-공정가치로 측정합니다.
회사는 2017년 12월 31일 현재 매도가능금융자산으로 분류된 채무상품 930백만원을 보유하고 있습니다.
기
업회계기준서 제1109호를 2017년
12월
31일
현재 위 매도가능금융자산으로 분류된 채무상품에 적용할 경우,
당기손익-공정가치로 측정되는 금융자산으로 분류
되
어
재무제표에 중대한 영향을 미치지 않을 것으로 파악되었습니다.
기업회계기준서 제1109호에 따르면 단기매매목적으로 보유하지 않는 지분상품은 최초 인식시점에 기타포괄손익-공정가치 측정 항목으로 지정하는 취소불가능한 선택을 할 수 있고, 동 포괄손익은 후속적으로 당기손익으로 재순환(recycling)되지 않습니다.
회사의 2017년 12월 31일 현재 매도가능금융자산으로 분류된 지분상품은 972,423백만원이고, 2017 회계연도 중 매도가능지분상품 관련 미실현평가손익이 당기손익으로 재순환된 금액은 없습니다.
회사는 매도가능금융상품 중 장기 투자 목적의 지분상품을
기타포괄손익-공정가치 측정 항목으로 지정하여 기업회계기준서 제1109호를 적용하더라도 해당
금융자산이
재무제표에 중대한 영향
을 미치지 않
을 것으로
파악되었
습니
다.
기업회계기준서 제1109호에 따르면 계약조건에 따른 현금흐름이 원금과 원금 잔액에 대한 이자만으로 구성되지 않거나 매매가 주된 목적인 채무상품과 기타포괄손익-공정가치 측정 항목으로 지정하지 않은 지분상품은 당기손익-공정가치로 측정합니다.
2017년 12월 31일 현재 당기손익인식금융자산으로 분류된 채무상품과 지분상품은 없습니다.
(2) 금융부채의 분류 및 측정
새로운 기업회계기준서 제1109호에
따르면 당기손익-공정가치 측정 항목으로 지정한 금융부채의 공정가치 변동 중 해당 금융부채의 신용위험 변동으로 인한 부분은 당기손익이 아닌 기타포괄손익으로 표시하고, 동 기타포괄손익은 후속적으로 당기손익으로 재순환하지 않습니다. 다만, 금융부채의 신용위험 변동에 따른 공정가치 변동을기타포괄손익으로 인식하면 회계불일치가 발생하거나 확대될 경우에는 해당 공정가치 변동을 당기손익으로 인식합니다.
현행 기업회계기준서 제1039호에서 모두 당기손익으로 인식했던 당기손익-공정가치 측
정 항목으로 지정한 금융부채의 공정가치 변동 중 일부가 기타포괄손익으로 표시되므로 금융부채의 평가 관련 당기손익이 감소할 수 있습니다.
2017년 12월 31일 현재 당기손익인식금융부채는 없습니다.
(3) 손상: 금융자산과 계약자산
현행 기업회계기준서 제1039호에서는 발생손실모형(incurred loss model)에 따라 손상발생의 객관적 증거가 있는 경우에만 손상을 인식하지만, 새로운 기업회계기준서 제1109호에서는 상각후원가 또는 기타포괄손익-공정가치로 측정하는 채무상품, 리스채권, 계약자산, 대출약정, 금융보증계약에 대하여 기대신용손실모형(expected credit loss impairment model)에 따라 손상을 인식합니다.
기업회계기준서 제1109호에서는 금융자산 최초 인식 후 신용위험의 증가 정도에 따라 아래 표와 같이 3단계로 구분하여 12개월 기대신용손실이나 전체기간 기대신용손실에 해당하는 금액으로 손실충당금을 측정하도록 하고 있어 현행 기업회계기준서 제1039호의 발생손실모형에 비하여 신용손실을 조기에 인식할 수 있습니다.
구 분 (*1)
손실충당금
Stage 1
Stage 1
최초 인식 후 신용위험이 유의적으로 증가하지 않은 경우 (*2)
최초 인식 후 신용위험이 유의적으로 증가하지 않은 경우 (*2)
12개월 기대신용손실: 보고기간 종료일 이후 12개월 내에 발생 가능한 금융상품의 채무불이행 사건으로 인한 기대신용손실
12개월 기대신용손실: 보고기간 종료일 이후 12개월 내에 발생 가능한 금융상품의 채무불이행 사건으로 인한 기대신용손실
Stage 2
Stage 2
최초 인식 후 신용위험이 유의적으로 증가한 경우
최초 인식 후 신용위험이 유의적으로 증가한 경우
전체기간 기대신용손실: 기대존속기간에 발생할 수 있는 모든 채무불이행 사건으로 인한 기대신용손실
전체기간 기대신용손실: 기대존속기간에 발생할 수 있는 모든 채무불이행 사건으로 인한 기대신용손실
Stage 3
Stage 3
신용이 손상된 경우
신용이 손상된 경우
(*1) 기업회계기준서 제1115호 '고객과의 계약에서 생기는 수익'의 적용범위에 포함되는 거래에서 생기는 매출채권이나 계약자산의 경우 유의적인 금융요소가 없다면 전체기간 기대신용손실에 해당하는 금액으로 손실충당금을 측정해야 하고, 유의적인금융요소가 있다면 전체기간 기대신용손실에 해당하는 금액으로 손실충당금을 측정하는 것을 회계정책으로 선택할 수 있음. 리스채권도 전체기간 기대신용손실에 해당하는 금액으로 손실충당금을 측정하는 것을 회계정책으로 선택할 수 있음
(*2) 보고기간 종료일 신용위험이 낮은 경우에는 신용위험이 유의적으로 증가하지 않은 것으로 간주할 수 있음
기업회계기준서 제1109호에서는 최초 인식 시점에 신용이 손상된 금융자산은 최초 인식 후 전체기간 기대신용손실의 누적변동분만을 손실충당금으로 계상합니다.
회사는 2017년
12월
31일
현
재
대여금 및 수취채권으로 분류되어 상각후원가로 측정하는 채무상품
60,113,455
백만원
과 매도가능금융자산으로 분류되어 기타포괄손익-공정가치로 측정하는 채무상품 930백만원을
보유하고 있고, 이들 자산에 대하여
손
실충당금
334,583
백만원을
설
정하고 있습니다.
회사는 기업회계기준서 제1109호 적용 시 유의적인 금융요소가 있는 매출채권 및 계약자산과 리스채권에 대하여 전체기간 기대신용손실에 해당하는 금액으로 손실충당금을 측정하고, 보고기간 말 현재 신용위험이 낮은 경우 신용위험이 유의적으로 증가하지 않은 것으로 보는 간편법을 사용할 계획입니다.
기업회계기준서 제1109호
도입으로
재
무
제표에 중대한 영향을 미치지 않을 것으로 파악되었습니다.
- 기업회계기준서 제1115호 '고객과의 계약에서 생기는 수익' 제정 2015년 11월 6일 제정된 기업회계기준서 제1115호 '고객과의 계약에서 생기는 수익'은 2018년 1월 1일 이후 최초로 시작하는 회계연도부터 적용하되 조기 적용할 수도 있습니다. 동 기준서는 현행 기업회계기준서 제1018호 '수익', 제1011호 '건설계약', 기업회계기준해석서 제2031호 '수익: 광고용역의 교환거래', 제2113호 '고객충성제도', 제2115호 '부동산건설약정', 제2118호 '고객으로부터의 자산이전'을 대체할 예정입니다. 회사는 기업회계기준서 제1115호를 2018년 1월 1일 이후 시작되는 회계연도부터 적용하되, 이 기준서의 최초 적용 누적효과를 최초 적용일이 포함되는 회계연도의 이익잉여금(또는 적절하다면 다른 자본요소)의 기초 잔액을 조정하여 인식하고, 해당 경과규정에 따라 최초 적용일에 완료되지 않은 계약에만 이 기준서를 소급하여 적용할 예정입니다. 현행 기업회계기준서 제1018호 등에서는 재화의 판매, 용역의 제공, 이자수익, 로열티수익, 배당수익, 건설계약과 같은 거래 유형별로 수익인식기준을 제시하지만, 새로운 기업회계기준서 제1115호에 따르면 모든 유형의 계약에 5단계 수익인식모형(① 계약 식별 → ② 수행의무 식별 → ③ 거래가격 산정 → ④ 거래가격을 수행의무에 배분 → ⑤ 수행의무 이행 시 수익 인식)을 적용하여 수익을 인식합니다.
회사는 기업회계기준서 제1115호 도입 준비를 위하여 2017년 12월 31일 현재 회계 부서 소속직원과 외부자문사인 회계법인으로 구성되고 필요 시 전산 등 실무 부서의 도움을 받는 TF팀을 운영하고 있습니다. 이러한 과정을 통해 회사의 수익구조를 분석하여 관련 내부관리 프로세스를 정비하고 일부 회계처리시스템을 변경하였습니다.
기업회계기준서 제1115호는 회계처리뿐만 아니라 제품판매 전략, 영업행태를 비롯한 전반적인 사업 관행에도 영향을 줄 것으로 판단되므로 임직원을 대상으로 새로운 기준서 도입에 따른 변화에 관한 교육을 실시하고 있고, 도입 추진 계획과 진행상황을 경영진에게 주기적으로 보고하고 있습니다.
(1) 수행의무의 식별
회사는
Incoterms Group C
조건(무역조건 CIF 등)
따라 다양한 제품 및 상품을 수출하고 있습니다. 기업회계기준서 제1115호에 따르면 고객에게 통제가 이전된 이후 매도인이 운송서비스를 제공하므로 해당 운송서비스(보험 포함)를 별도의 수행의무로 인식하여야 합니다. 회사는
Incoterms Group C
조건(무역조건 CIF 등)
관련 계약을
분석한 결과, 통제가 이전된 이후 운송서비스를 제공하는 경우 해당 운송서비스를 재화의 판매와 구분하여 별도의 수행의무로 인식하는 것이 적절하다고 판단하
였으며,
기
업회계기준서 제1115호
도입으로
재
무
제표에 중대한 영향을 미치지 않을 것으로 파악되었습니다.
(2) 기간에 걸쳐 이행하는 수행의무
: CE 사업부문
회사의 CE 사업부문은 조달청을 통해 수주되는 시스템에어컨 도급공사계약에 따라 고객에게 제품을 납품하고 설치를 수행하고 있습니다. 기업회계기준서 제1115호에 따르면 기업이 수행하여 만들어지거나 가치가 높아지는 대로 고객이 통제하는 자산을 기업이 만들거나 그 자산가치를 높이는 경우 진행기준을 적용하여 수익을 인식하여야 합니다. 회사는 계약 조건을 분석한 결과, 시스템에어컨 설치용역의 경우 용역 수행 경과에 따른 결과물을 고객이 직접 통제하기 때문에 진행기준을 적용하여 수익을 인식해야 한다고 판단하
였으며,
기
업회계기준서 제1115호
도입으로
재
무
제표에 중대한 영향을 미치지 않을 것으로 파악되었습니다.
(3) 기간에 걸쳐 이행하는 수행의무
: DS 사업부문
회사의 DS 사업부문은 고객의 주문에 따라 반도체 제품을 공급하고 있습니다. 기업회계기준서 제1115호에 따르면 기업이 의무를 수행하여 수행하여 만든 자산이 기업자체에는 대체용도가 없고, 지금까지 의무수행을 완료한 부분에 대해 집행가능한 지급청구권이 기업에 있는 경우에는 진행기준을 적용하여 수익을 인식합니다. 회사는 계약 조건을 분석 결과, 대체용도가 없고 집행가능한 지급청구권이 있는 고객주문형 반도체 공급계약은 진행기준을 적용하여 수익을 인식해야 한다고 판단하
였으며,
기
업회계기준서 제1115호
도입으로
재
무
제표에 중대한 영향을 미치지 않을 것으로 파악되었습니다.
(4) 변동대가 기업회계기준서 제1115호에 따르면 고객에게서 받은 대가의 일부나 전부를 고객에게 환불할 것으로 예상하는 경우에는 환불부채를 인식하며 해당 부채를 결제할 때 고객에게서 회수할 제품에 대한 기업의 권리를 자산(환불자산)으로 별도로 인식합니다. 회사는 본 조항의 적용을 위해 관련 금액을 환불부채와 환불자산으로 구분표시해야 한다고 판단
하
였으며,
기
업회계기준서 제1115호
도입으로
재
무
제표에 중대한 영향을 미치지 않을 것으로 파악되었습니다.
- 기준서 제1116호 '리스' 제정
2017년 5월 22일 제정된 기업회계기준서 제1116호 '리스'는 2019년 1월 1일 이후 최초로 시작되는 회계연도부터 적용하되 조기 적용할 수도 있습니다. 동 기준서는 현행 기업회계기준서 제1017호 '리스', 기업회계기준해석서 제2104호 '약정에 리스가 포함되어 있는지의 결정', 기업회계기준해석서 제2015호 '운용리스: 인센티브', 기업회계기준해석서 제2027호 '법적 형식상의 리스를 포함하는 거래의 실질에 대한 평가'를 대체할 예정입니다. 회사는 계약의 약정시점에, 계약 자체가 리스인지, 계약이 리스를 포함하는지를 판단하며, 최초 적용일에도 동 기준서에 따라 계약이 리스인지, 리스를 포함하고 있는지를 식별합니다. 다만, 회사는 최초 적용일 이전 계약에 대해서는 실무적 간편법을 적용하여 모든 계약에 대해 다시 판단하지 않을 수 있습니다. 리스이용자 및 리스제공자는 리스계약이나 리스를 포함하는 계약에서 계약의 각 리스요소를 리스가 아닌 요소(이하 '비리스요소'라고 함)와 분리하여 리스로 회계처리해야 합니다. 리스이용자는 기초자산을 사용할 권리를 나타내는 사용권자산(리스자산)과 리스료를 지급할 의무를 나타내는 리스부채를 인식해야 합니다. 다만, 단기리스(리스개시일에 리스기간이 12개월 이하인 리스)와 소액자산(예: 기초자산 $5,000 이하) 리스의 경우 동 기준서의 예외규정을 선택할 수 있습니다. 또한, 리스이용자는 실무적 간편법으로 비리스요소를 리스요소와 분리하지 않고 각 리스요소와 관련 비리스요소를 하나의 리스요소로 회계처리하는 방법을 기초자산의 유형별로 선택하여 적용할 수 있습니다.
리스제공자 회계처리는 현행 기업회계기준서 제1017호의 회계처리와 유의적으로 변동되지 않았습니다.
(1) 리스이용자로서의 회계처리 리스이용자는 기업회계기준서 제1008호 '회계정책, 회계추정의 변경 및 오류'에 따라 표시되는 각 과거 보고기간에 소급 적용하는 방법(완전 소급법)과, 최초 적용일에 최초 적용 누적효과를 인식하도록 소급 적용하는 방법(누적효과 일괄조정 경과조치) 중 하나의 방법으로 적용할 수 있습니다. 회사는 아직 그 적용방법을 선택하지 않았습니다.
회사는 보고기간 종료일 현재 상황 및 입수 가능한 정보에 기초하여 기업회계기준서 제1116호 적용시 2017년 재무제표에 미치는 잠재적인 영향을 예비 평가 중에 있으며, 향후 추가적인 정보에 기초하여 보다 구체적인 재무
적
영향을 분석할 예정입니다.
(2) 리스제공자로서의 회계처리 회사는 리스제공자로서 현재의 리스 회계처리가 기업회계기준서 제1116호를 적용하더라도 유의적으로 달라지지 않아 재무제표에 미치는 영향도 유의적이지 않을 것으로 예상합니다.
2.3 종속기업, 관계기업 및 공동기업 기업회계기준서 제1110호 '연결재무
제표'에 의한 지배회사인 회사는 삼성디스플레이 및 Samsung Electronics America 등
270
개의
종속기업과 삼성전기 등
41
개
의
관계기업 및 공동기업에 투자하고 있습니다. 회사는 별도재무제표에서 종속기업, 관계기업 및 공동기업에 대한 투자를 기업회계기준서 제1027호 ""별도재무제표""에 따라 원가법으로 처리하고 있습니다.
2.4 외화환산
가. 기능통화와 표시통화
회사는 재무제표에 포함되는 항목들을 회사의 영업활동이 이루어지는 주된 경제환경에서의 통화(""기능통화"")를 이용하여 측정하고 있습니다. 회사의 기능통화는 대한민국 원화(KRW)이며 재무제표는 대한민국 원화(KRW)로 표시되어 있습니다.
나. 외화거래와 보고기간 종료일의 외화환산
외화거래는 거래일의 환율 또는 재측정되는 항목인 경우 평가일의 환율을 적용한 기능통화로 인식되고, 외화거래의 결제나 화폐성 외화 자산ㆍ부채의 환산에서 발생하는 외환차이는 당기손익으로 인식됩니다. 비화폐성 금융자산ㆍ부채로부터 발생하는 외환차이는 공정가치 변동손익의 일부로 보아 당기손익인식지분상품으로부터 발생하는 외환차이는 당기손익으로, 매도가능지분상품의 외환차이는 기타포괄손익에 포함하여 인식됩니다.
2
.5 현금및현금성자산
현금및현금성자산은 보유중인 현금, 요구불예금 및 취득일 현재 확정된 금액의 현금으로 전환이 용이하고, 가치변동의 위험이 경미한 매우 유동적인 단기 투자자산으로 구성되어 있습니다.
2.6 금융자산
가. 분류
회사는 금융자산을 그 취득목적과 성격에 따라 당기손익인식금융자산과 대여금 및 수취채권, 매도가능금융자산, 만기보유금융자산으로 분류하고 있습니다. 경영진은 최초 인식시점에서 이러한 금융상품의 분류를 결정하고 있습니다.
(1) 당기손익인식금융자산
당기손익인식금융자산은 단기매매목적의 금융상품입니다. 회사는 주로 단기간 내에 매각할 목적으로 취득한 금융자산을 당기손익인식금융자산으로 분류합니다. 또한, 위험회피회계의 대상이 아닌 파생상품이나 내재파생상품을 포함한 금융상품으로부터 분리된 파생상품도 단기매매목적으로 분류합니다. 당기손익인식금융자산은 유동자산으로 분류하고 있습니다.
(2)
대여금 및 수취채권
대여금 및 수취채권은 지급금액이 확정되었거나 결정가능하며 활성시장에서 거래되지 않는 비파생금융자
산입니다. 보고기간 종료일 기준으로 만기가 12개월을 초과하는 경우에는 비유동자산으로 분류하며 이외 경우 유동자산으로 분류하고 있습니다.
(3) 매도가능금융자산
매도가능금융자산은 매도가능금융자산으로 지정하거나, 다른 범주에 포함되지 않은 비파생금융상품입니다. 매도가능금융자산은 보고기간 종료일 기준으로 12개월 이내에 만기가 도래하거나 경영진이 처분할 의도가 있는 경우가 아니면 비유동자산으로 분류됩니다.
나. 인식과 측정
금융자산의 정형화된 매매거래는 매매일에 인식됩니다. 금융자산은 최초 인식시점에공정가치로 측정하며, 거래원가는 당기손익인식금융자산을 제외한 금융자산은 공정가치에 가산하고 당기손익인식금융자산의 경우에는 당기비용으로 처리됩니다. 최초 인식 이후 매도가능금융자산과 당기손익인식금융자산은 후속적으로 공정가치로 측정되고, 대여금 및 수취채권과 만기보유금융자산은 유효이자율법을 적용하여 상각후원가로 측정됩니다.
당기손익인식금융자산의 공정가치 변동은 당기손익으로 인식되고, 매도가능금융자산의 공정가치변동은 기타포괄손익에 계상되어 이를 처분하거나 손상을 인식하는 때자본에서 당기손익으로 재분류됩니다.
유효이자율법을 적용하여 계산한 매도가능금융자산 및 만기보유금융자산의 이자는 금융수익으로 손익계산서에 인식되며 매도가능금융자산의 배당금은 회사의 배당금 수취 권리가 확정되는 시점에 기타수익으로 인식하고 있습니다.
다. 금융상품의 상계
금융자산과 금융부채는 인식한 자산과 부채에 대해 법적으로 집행가능한 상계 권리를 현재 보유하고 있고, 순액으로 결제하거나 자산을 실현하는 동시에 부채를 결제할의도를 가지고 있는 경우 상계되어 재무상태표에 순액으로 표시됩니다. 법적으로 집행가능한 상계권리는 미래사건에 좌우되지 않으며, 정상적인 사업과정의 경우와 채무불이행의 경우 및 지급불능이나 파산의 경우에도 집행가능한 것을 의미합니다.
라. 금융상품의 제거
회사는 금융자산을 양도한 경우라도 채무자의 채무불이행시의 소구권 등으로 양도한금융자산의 소유에 따른 위험과 보상의 대부분을 회사가 보유하는 경우에는 이를 제거하지 않고 그 양도자산 전체를 계속하여 인식하되, 수취한 대가를 금융부채로 인식하고 있습니다. 해당 금융부채는 재무상태표에 ""차입금""으로 분류됩니다.
2.7. 금융자산의 손상
회사는 금융자산 또는 금융자산 집합의 손상 발생에 대한 객관적인 증거가 있는지를 매 보고기간 종료일에 평가하고, 그 결과 손상되었다는 객관적인 증거가 있으며 손상사건이 신뢰성 있게 추정할 수 있는 금융자산의 추정 미래현금흐름에 영향을 미친 경우에는 손상차손을 인식하고 있습니다. 대여금 및 수취채권의 손상은 대손충당금 계정으로 차감표시되며, 그 외의 금융자산은 장부금
액에서 직접 차감됩니다. 회사는 금융자산을 더 이상 회수하지 못할 것으로판단되는 때에 해당 금융자산을 제각하고 있습니다.
금융자산이 손상되었다는 객관적인 증거에는 금융자산의 발행자나 지급의무자의 유의적인 재무적 어려움, 이자지급이나 원금상환의 연체, 재무적 어려움으로 당해 금융자산에 대한 활성시장의 소멸 등이 포함됩니다. 또한, 매도가능지분상품의 공정가치가 원가로부터
유의적 또는 지속적으로 하락하는 경우는 손상의 객관적인 증거에 해당됩니다.
2.8 매출채권
매출채권은 정상적인 영업과정에서 판매된 재고자산 및 제공된 용역과 관련하여 고객으로부터 수취할 금액입니다. 매출채권의 회수가 1년 이내에 예상되는 경우 유동자산으로 분류하고, 그렇지 않은 경우 비유동자산으로 분류합니다. 매출채권은 최초에 공정가치로 인식하며, 유효이자율을 적용한 상각후원가에서 대손충당금을 차감하여 측정하고 있습니다.
2.9 재고자산
재고자산은 원가와 순실현가능가치 중 작은 금액으로 표시하고 있습니다. 원가는 미착품을 제외하고는 평균법에 따라 결정하고 있습니다. 제품과 재공품의 원가는 원재료비, 직접노무비 및 기타 직접원가와 정상조업도에 근거한 관련 제조간접비로 이루어지며, 유휴생산설비원가나 폐기비용은 제외하고 있습니다. 순실현가능가치는 정상적인 영업과정에서의 추정 판매가격에서 적용 가능한 변동 판매비용을 차감한 금액입니다.
회사는 주기적으로 재고자산평가충당금의 중요한 변동을 발생시킬 가능성이 있는 미래의 제품수요 등을 검토하여 과잉, 진부화 및 시장가치의 하락 등이 발생한 경우 재고자산평가충당금을 계상하고 있으며 재고자산평가손실을 매출원가로 처리하고 있습니다.
2.10 매각예정분류자산집단
비유동자산(또는 처분자산집단)은 장부금액이 매각거래를 통하여 주로 회수되고, 매각될 가능성이 매우 높은 경우에 매각예정으로 분류되며, 그러한 자산은 장부금액과 순공정가치 중 작은 금액으로 측정됩니다. 매각예정분류자산집단의 처분손익은 처분대가와 자산의 장부금액의 차이로 결정되며, 손익계산서의 기타수익 또는 기타비용으로 표시하고 있습니다.
2.11 유형자산
유형자산은 역사적 원가에서 감가상각누계액과 손상차손누계액을 차감하여 표시하고 있습니다. 역사적 원가는 자산의 취득에 직접적으로 관련된 지출을 포함합니다. 후속원가는 자산으로부터 발생하는 미래의 경제적 효익이 회사에 유입될 가능성이 높으며 그 원가를 신뢰성 있게 측정할 수 있는 경우에 한하여 자산의 장부금액에 포함하거나 별도의 자산으로 인식하고 있습니다. 대체된 부분의 장부금액은 제거하고 있으며 그 외의 모든 수선 및 유지비는 발생한 기간의 비용으로 인식하고 있습니다.
회사의 유형자산은 취득원가에서 회사가 추정한 추정내용연수에 따라 정액법에 의하여 상각됩니다. 토지는 상각되지 않으며, 자본화차입금이자를 포함한 장기건설자산의 취득에 사용된 원가는 관련자산의 추정내용연수 동안 상각됩니다.
각 자산별로 회사가 사용하고 있는 대표추정내용연수는 다음과 같습니다.
건물 및 구축물
15, 30 년
기 계 장 치
5 년
기 타
5 년
회사는 매 회계연도 말에 유형자산의 감가상각방법, 잔존가치와 경제적 내용연수를 검토하고 필요한 경우 조정을 하고 있습니다. 자산의 장부금액이 추정 회수가능액을 초과하는 경우 자산의 장부금액을 회수가능액으로 즉시 감소시키고 있습니다. 자산의 처분손익은 처분대가와 자산의 장부금액의 차이로 결정되며, 손익계산서의 기타수익 또는 기타비용으로 표시하고 있습니다.
2.12 무형자산
이전대가와 취득자가 이전에 보유하고 있던 피취득자에 대한 지분의 취득일 현재의 공정가치 합계액이 취득한 식별가능한 순자산을 초과하는 금액은 영업권으로 인식합
니다. 영업권을 제외한 무형자산은 역사적 원가로 최초 인식되고, 원가에서 상각누계액과 손상차손누계액을 차감한 금액으로 표시됩니다. 내부적으로 창출한 무형자산인 개발비는 기술적 실현가능성, 미래경제적효익 등을 포함한 자산 인식요건이 충족된 시점 이후에 발생한 지출금액의 합계입니다. 회원권 및 특정 상표권은 이용 가능 기간에 대하여 예측가능한 제한이 없으므로 내용연수가 한정되지 않아 상각되지 않습니다. 하지만 회원권의 시장가치 하락 등 손상 징후를 발견시 합리적으로 추정하여 손상을 반영합니다. 특허권, 상표권 및 기타무형자산 등 한정된 내용연수를 가지는 무형자산은 추정내용연수동안 정액법에 따라 상각하고 있습니다. 각 자산별 대표추정내용연수는 다음과 같습니다.
개 발 비
2 년
특허권, 상표권 및 기타무형자산
5 년 ~ 10 년
2.13 비금융자산의 손상
영업권이나 비한정내용연수를 가진 무형자산은 상각하지 않고 매년 손상검사를 실시하고 있습니다. 상각하는 자산의 경우 매 보고기간 종료일에 장부금액이 회수가능하지 않을 수도 있음을 나타내는 환경의 변화나 사건이 있을 때마다 손상검사를 수행하고 있습니다. 손상차손은 회수가능액을 초과하는 장부금액만큼 인식하고 있습니다. 회수가능액은 순공정가치와 사용가치 중 큰 금액으로 결정하고 있습니다. 손상을 측정하기 위한 목적으로 자산은 별도로 식별 가능한 현금흐름을 창출하는 가장 하위 수준의집단(현금창출단위)으로 그룹화하고 있습니다. 손상차손을 인식한 경우, 영업권 이외의 비금융자산은 매 보고기간 종료일에 손상차손의 환입가능성을 검토하고 있습니다.
2.14 금융부채
가. 분류 및 측정 당기손익인식금융부채는 단기매매목적의 금융상품입니다. 주로 단기간 내에 재매입
할 목적으로 부담하는 금융부채는 단기매매금융부채로 분류됩니다. 또한, 위험회피회계의 대상이 아닌 파생상품이나 내재파생상품을 포함한 금융상품으로부터 분리된 파생상품도 단기매매금융부채로 분류됩니다. 당기손익인식금융부채, 금융보증계약, 금융자산의 양도가 제거조건을 충족하지 못하는 경우에 발생하는 금융부채를 제외한 모든 비파생금융부채는 상각후원가로 측정하는 금융부채로 분류되고 있으며, 재무상태표 상 ""매입채무"", ""차입금"" 및 ""기타금융부채"" 등으로 표시됩니다.
나. 제거 금융부채는 계약상 의무가 이행, 취소 또는 만료되어 소멸되거나 기존 금융부채의 조건이 실질적으로 변경된 경우에 재무상태표에서 제거됩니다.
2.15 매입채무
매입채무는 정상적인 영업과정에서 공급자로부터 취득한 재고자산 및 제공받은 용역과 관련하여 지급할 의무가 있는 금액입니다. 매입채무의 지급이 12개월 이내에 예상되는 경우 유동부채로 분류하고, 그렇지 아니한 경우 비유동부채로 분류합니다. 매입채무는 최초에 공정가치로 인식하며, 후속적으로 유효이자율법을 사용한 상각후원가로 측정하고 있습니다.
2.16 차입금
차입금은 최초에 공정가치에서 거래비용을 차감한 가액으로 인식하며, 후속적으로 상각후원가로 측정하고 있습니다. 거래비용 차감 후 수취한 금액과 상환금액의 차이는 유효이자율법으로 상각하여 차입기간 동안 손익계산서에 인식하고 있습니다. 또한, 보고기간 종료일 이후 12개월 이상 결제를 이연할 수 있는 무조건적인 권리가 있는 경우 비유동부채로 분류하며, 그렇지 않은 경우 유동부채로 분류하고 있습니다.
2.17 충당부채 및 우발부채
과거사건의 결과로 현재의 법적의무나 의제의무가 존재하고, 그 의무를 이행하기 위한 자원의 유출가능성이 높으며, 당해 금액의 신뢰성 있는 추정이 가능한 경우 회사는 충당부채를 인식하고 있습니다. 미래영업손실에 대하여는 충당부채를 인식하지 않습니다.
충당부채는 의무를 이행하기 위하여 예상되는 지출액의 현재가치로 측정하며, 현재가치 평가에 사용하는 할인율은 그 부채의 고유한 위험과 화폐의 시간가치에 대한 현행 시장의 평가를 반영한 세전이자율입니다. 시간경과로 인한 충당부채의 증가는 이자비용으로 인식하고 있습니다.
또한, 과거사건은 발생하였으나 불확실한 미래사건의 발생여부에 의해서 존재여부가확인되는 잠재적인 의무가 있는 경우 또는 과거사건이나 거래의 결과 현재 의무가 존재하나 자원이 유출될 가능성이 높지 않거나 당해 의무를 이행하여야 할 금액을 신뢰성 있게 추정할 수 없는 경우 우발부채로 주석기재하고 있습니다.
2.18 종업원급여
회사의 퇴직연금제도는 확정기여제도와 확정급여제도를 운영하고 있습니다.
확정기여제도는 회사가 고정된 금액의 기여금을 별도 기금에 지급하는 퇴직연금제도이며, 기여금은 종업원이 근무 용역을 제공했을 때 비용으로 인식됩니다. 확정급여제도
는 확정기여제도를 제외한 모든 퇴직연금제도입니다. 일반적으로 확정급여제도는 연령, 근속연수나 급여수준 등의 요소에 의해 종업원이 퇴직할 때 지급받을 퇴직연금급여의 금액을 확정하고 있습니다. 확정급여제도와 관련하여 재무상태표에 계상된 자산은 보고기간 종료일 현재 확정급여채무의 현재가치에서 사외적립자산의 공정가치를 차감한 초과적립액이
며, 자산인식상한을 한도로 합니다. 확정급여채무는 매년 독립된 보험계리인에 의해 예측단위적립방식에 따라 산정됩니다. 확정급여채무의 현재가치는 급여가 지급될 통화로 표시되고 관련 확정급여채무의 지급시점과 만기가 유사한 우량회사채의 이자율로 기대미래현금유출액을 할인하여 산정하고 있습니다.
보험수리적 가정의 변경 및 보험수리적 가정과 실제로 발생한 결과의 차이로 인해 발생하는 보험수리적손익은 발생한 기간의 기타포괄손익으로 인식하고 있으며, 제도개정, 축소 또는 정산이 발생하는 경우 과거근무원가 또는 정산으로 인한 손익은 발생 즉시 당기손익으로 인식하고 있습니다.
2.19 금융보증계약
금융보증계약은 채무상품의 최초 계약조건이나 변경된 계약조건에 따라 지급기일에 특정 채무자가 지급하지 못하여 보유자가 입은 손실을 보상하기 위하여 특정금액을 지급하여야 하는 계약입니다. 금융보증계약은 최초 인식시 공정가치로 측정하며 후속 측정시 최초인식 금액의 미상각잔액을 초과하는 금액은 기타금융부채로 인식하고있습니다.
2.20 당기법인세 및 이연법인세
회사의 법인세비용은 당기법인세와 이연법인세로 구성됩니다. 법인세는 기타포괄손익이나 자본에 직접 인식된 항목과 관련된 금액은 해당 항목에서 직접 인식하며, 이를 제외하고는 당기손익으로 인식됩니다. 법인세비용은 보고기간 종료일 현재 제정되었거나 실질적으로 제정된 세법에 기초하여 측정됩니다. 이연법인세는 자산과 부채의 장부금액과 세무기준액의 차이로 정의되는 일시적 차이에 대하여 장부금액을 회수하거나 결제할 때의 예상 법인세효과로 인식됩니다. 다만,사업결합 이외의 거래에서 자산ㆍ부채를 최초로 인식할 때 발생하는 이연법인세자산과 부채는 그 거래가 회계이익이나 과세소득에 영향을 미치지 않는다면 인식되지 않습니다. 이연법인세자산은 차감할 일시적차이가 사용될 수 있는 미래 과세소득의 발
생가능성이 높은 경우에 인식됩니다.
이연법인세자산과 부채는 당기법인세자산과 당기법인세부채를 상계할 수 있는 법적으로 집행가능한 권리를 회사가 보유하고, 이연법인세자산과 부채가 동일한 과세당국에 의해서 부과되는 법인세와 관련이 있으면서 순액으로 결제할 의도가 있는 경우
에 상계됩니다.
2.21 파생상품
회사는 파생상품의 계약에 따라 발생된 권리와 의무를 공정가액으로 평가하여 자산과 부채로 계상하고, 동 계약으로부터 발생한 손익은 발생시점에 당기손익으로 인식하고 있습니다. 다만, 요건을 충족한 현금흐름위험회피와 해외사업장에 대한 순투자에 대한 위험회피금액은 자본항목으로 이연하고 있습니다.
2.22 배당금
배당금은 회사의 주주에 의해 승인된 시점에 부채로 인식하고 있습니다.
2.23 자본금
보통주와 상환의무 없는 우선주는 모두 자본으로 분류하고 있습니다. 회사가 회사의 보통주를 취득하는 경우, 직접거래원가를 포함하는 지급 대가는 그 보통주가 소각되거나 재발행 될 때까지 회사의 자본에서 차감하여 표시하고 있습니다. 이러한 자기주식이 재발행되는 경우, 수취한 대가는 회사의 주주에게 귀속되는 자본에 포함하고 있습니다.
2.24 수익인식
수익은 주로 회사의 통상적인 활동에서 발생하는 재화의 판매에 대하여 받았거나 받을 대가의 공정가액으로 구성되어 있습니다. 수익은 부가가치세, 반품, 판매장려금 및 가격 할인액을 차감한 순액으로 인식하고 있습니다.
회사는 수익금액을 신뢰성 있게 측정할 수 있고, 미래의 경제적 효익이 회사에 유입될 가능성이 높으며, 다음에서 설명하고 있는 회사의 활동별 특정 요건을 충족하는 경우에 수익으로 인식하고 있습니다. 회사는 고객의 유형, 거래의 유형 및 개별 거래조건 등의 과거 자료를 바탕으로 판매와 관련된 우발상황을 신뢰성 있게 추정하여 수익금액을 측정하고 있습니다. 판매 계약 등의 각 구성항목이 다수인 경우 각 구성항목의 공정가치는 그 구성항목이 개별적으로 판매되는 경우의 현행 시장가치에 근거하여 결정됩니다. 각 구성항목의 공정가치를 결정할 수 없는 경우 총계약대가에서 제공하지 않은 구성항목의 공정가치를 차감한 가액을 근거로 제공한 구성항목의 공정가치로 계산하고 있습니다.
가. 재화의 판매
회사는 제품 및 상품에 대하여 재화의 소유에 따른 중요한 위험과 보상이 이전된 시점에 수익으로 인식하고 있습니다. 수익은 과거에 축적된 경험에 근거하여 판매시점에 과거의 경험에 근거하여 추정한 가격할인 및 반품금액을 차감한 순액으로 인식하고 있습니다.
나. 용역의 제공
용역제공거래에 대하여는 진행기준에 의하여 수익을 인식하고 있으며, 진행률은 총예정원가에 대한 실제누적발생원가의 비율에 따라 산정하고 있습니다.
다. 이자수익
이자수익은 시간의 경과에 따라 유효이자율법에 의하여 인식하고 있습니다. 채권 손상이 발생하는 경우 채권금액의 장부금액은 회수가능액까지 감액되며, 시간의 경과에 따라 증가하는 부분은 이자수익으로 인식하고 있습니다. 한편, 손상채권에 대한 이자수익은 최초 유효이자율에 의하여 인식하고 있습니다.
라. 로열티수익
로열티수익은 계약의 실질에 따라 발생기준에 의하여 인식하고 있습니다.
마. 배당금수익
배당금수익은 배당금을 받을 권리가 확정되는 시점에 인식하고 있습니다.
2.25 리스 리스는 리스제공자가 자산의 사용권을 일정기간 동안 리스이용자에게 이전하고 리스이용자는 그 대가로 사용료를 리스제공자에게 지급하는 계약입니다. 리스자산의 소유에 따른 위험과 보상의 대부분이 리스이용자인 회사에게 이전되지 않은 리스는 운용리스로 분류되고, 리스지급액은 리스기간 동안 정액기준으로 비용인식됩니다. 리스자산의 소유에 따른 위험과 보상의 대부분이 리스이용자인 회사에게 이전되는 리스는 금융리스로 분류되고 리스자산의 공정가치와 최소 리스료의 현재가치 중 작은 금액이 리스기간 개시일에 각각 리스자산과 리스부채로 계상됩니다. 회사가 리스제공자인 경우 리스약정일에 리스자산의 소유에 따른 위험과 보상의 대부분을 이전하는 리스는 금융리스로 분류되고, 금융리스 이외의 모든 리스는 운용리스로 분류됩니다. 운용리스로부터 발생하는 리스료 수익은 리스기간에 걸쳐 정액기준으로 인식되고, 운용리스의 협상 및 계약단계에서 발생한 리스개설 직접원가는 리스자산의 장부금액에 가산한 후 리스료 수익에 대응하여 리스기간 동안 비용으로 인식됩니다.
2.26 정부보조금
정부보조금은 보조금의 수취와 정부보조금에 부가된 조건의 준수에 대한 합리적인 확신이 있을 때 공정가치로 인식됩니다. 수익과 관련된 정부보조금은 이연하여 정부보조금의 교부 목적과 관련된 수익 또는 비용과 대응될 수 있는 기간에 손익계산서에인식하고 있습니다. 한편, 특정 자산의 취득과 관련된 정부보조금은 이연수익으로 처리하고, 정부보조금 관련 이연수익은 관련 자산의 내용연수 동안 상각하여 손익으로 반영하고 있습니다.
2.27 주당이익
기본주당이익은 주주에게 귀속되는 손익계산서상 당기순이익을 보고기간 동안의 회사의 가중평균 유통보통주식수로 나누어 산정한 것입니다.
희석주당이익은 주주에게 귀속되는 손익계산서상 당기순이익을 보고기간 동안의 회사의 가중평균 유통보통주식수와 가중평균 잠재적 희석증권주식수로 나누어 산정한 것입니다. 잠재적 희석증권은 희석효과가 발생하는 경우에만 희석주당이익의 계산에반영됩니다.
2.28 재무제표의 승인 회사의 재무제표는
2018년
1월
31
일
이사회에서 승
인되었습니다.
3. 중요한 회계추정 및 가정 :
회사는 미래에 대하여 추정 및 가정을 하고 있습니다. 추정 및 가정은 지속적으로 평가되며, 과거 경험과 현재의 상황에서 합리적으로 예측가능한 미래의 사건을 고려하여 이루어집니다. 이러한 회계추정은 실제 결과와 다를 수도 있습니다. 다음 회계연도에 자산 및 부채 장부금액의 조정에 영향을 미칠 수 있는 유의적 위험에 대한 추정 및 가정은 다음과 같습니다.
가. 수익인식
회사는 설치 등의 서비스에 대하여 진행기준을 사용하고 있습니다. 진행기준은 회사가 발생예정원가에 대한 실제발생원가의 비율을 추정할 것을 요구하고 있습니다. 현재의 수익은 장기프로젝트의 초기단계, 프로젝트 수행범위의 변동, 원가의 변동, 공기의 변동 및 고객의 계획변경과 관련 요소들에 의하여 변동될 수 있습니다.
나. 판매보증충당부채
회사는 판매한 제품에 대하여 품질에 대한 보증의무를 부담하고 있습니다. 회사는 매보고기간 종료일 미래와 현재의 보증의무를 제공하는데 필요하다고 판단되는 최선의 추정치를 기준으로 보증충당부채를 계상하고 있습니다. 이러한 최선의 추정치는 과거 경험에 기초하여 결정하고 있습니다.
다. 금융상품의 공정가치
회사는 활성시장에서 거래되지 않는 금융상품의 공정가치에 대하여 보고기간 종료일현재 주요한 시장상황을 기초로 다양한 평가기법 및 가정을 사용하여 결정하고 있습니다.
라. 순확정급여자산
순확정급여자산은 많은 가정을 사용하는 보험수리적 방식에 의해 결정되는 다양한 요소들에 따라 달라질 수 있습니다. 퇴직연금의 순원가(이익)를 결정하는 데 사용되는 가정은 할인율을 포함하고 있으며, 이러한 가정의 변동은 순확정급여자산의 장부금액에 영향을 줄 것입니다. 회사는 매년 말 우량회사채 이자율을 고려하여 적절한 할인율을 결정하고 있으며, 이러한 할인율은 순확정급여자산의 정산 시 발생할 것으로 예상되는 미래의 추정 현금 유출액의 현재가치를 결정할 때 사용되어야 하는 이자율을 나타냅니다. 순확정급여자산과 관련된 다른 주요한 가정들은 일부 현재의 시장 상황에 근거하고 있습니다.
마. 영업권의 손상
회사는 매년 영업권의 손상여부를 검토하고 있습니다. 현금창출단위의 회수가능금액은 사용가치의 계산에 기초하여 결정하고 있습니다. 이러한 계산은 추정에 근거하여 이루어집니다.
바. 법인세
회사는 보고기간 종료일 현재까지의 영업활동의 결과로 미래에 부담할 것으로 예상되는 법인세효과를 최선의 추정과정을 거쳐 당기법인세 및 이연법인세로 인식하였습니다.하지만 실제 미래 최종 법인세부담은 인식한 관련 자산ㆍ부채와 일치하지 않을 수 있으며, 이러한 차이는 최종 세효과가 확정된 시점의 당기법인세 및 이연법인세 자산ㆍ부채에 영향을 줄 수 있습니다.
4
.
현금및현금성자산
:
현금및현금성자산은 보유중인 현금, 요구불예금 및 취득일 현재 확정된 금액의 현금으로 전환이 용이하고 가치변동의 위험이 경미한 매우 유동적인 단기 투자자산으로 구성되어 있습니다. 보고기간 종료일 현재 현금및현금성자산의 내역은 다음과 같습니다.
(단위: 백만원)
현금
554
558
예금 등
2,763,214
3,777,813
계
2,763,768
3,778,371
5.
사용제한금융상품 :
보고기간 종료일 현재 사용제한금융상품은 다음과 같습니다.
(단위: 백만원)
단기금융상품
12,697
9,655
6. 범주별 금융상품 :
가. 보고기간 종료일 현재 범주별 금융상품 내역은 다음과 같습니다.
(1) 당기말
(단위: 백만원)
현금및현금성자산
2,763,768
-
2,763,768
단기금융상품
25,510,064
-
25,510,064
매출채권
27,881,777
-
27,881,777
장기매도가능금융자산
-
973,353
973,353
기타
3,623,263
-
3,623,263
계
59,778,872
973,353
60,752,225
(단위: 백만원)
매입채무
6,398,629
-
6,398,629
단기차입금
-
12,229,701
12,229,701
미지급금
9,465,685
-
9,465,685
유동성장기부채
5,201
-
5,201
사채
46,808
-
46,808
장기미지급금
1,537,329
-
1,537,329
기타
3,549,549
-
3,549,549
계
21,003,201
12,229,701
33,232,902
(*) 기타금융부채는 범주별 금융부채의 적용을 받지 않는 담보부차입금 등을 포함하고 있습니다.
(2) 전기말
(단위: 백만원)
현금및현금성자산
3,778,371
-
3,778,371
단기금융상품
30,170,656
-
30,170,656
매출채권
23,514,012
-
23,514,012
장기매도가능금융자산
-
913,989
913,989
기타
3,416,654
-
3,416,654
계
60,879,693
913,989
61,793,682
(단위: 백만원)
매입채무
6,162,650
-
6,162,650
단기차입금
-
9,061,167
9,061,167
미지급금
7,519,413
-
7,519,413
유동성장기부채
5,854
-
5,854
사채
58,542
-
58,542
장기미지급금
2,585,366
-
2,585,366
기타
6,037,993
-
6,037,993
계
22,369,818
9,061,167
31,430,985
(*) 기타금융부채는 범주별 금융부채의 적용을 받지 않는 담보부차입금 등을 포함하고 있습니다.
나. 금융상품 범주별 순손익 구분
(1) 당기
(단위: 백만원)
평가손익(기타포괄손익)
-
(30,226)
(30,226)
평가/처분손익(당기손익)
-
264
264
이자수익
482,608
40
482,648
외환차이(당기손익)
(718,549)
-
(718,549)
배당수익
-
1,218
1,218
손상/환입(당기손익)
(60,096)
(4,832)
(64,928)
(단위: 백만원)
이자비용
105,029
260,789
365,818
외환차이(당기손익)
381,858
132,076
513,934
(2) 전기
(단위: 백만원)
평가손익(기타포괄손익)
-
(373,977)
(373,977)
평가/처분손익(당기손익)
-
298,158
298,158
평가손익(손익대체)
-
(47,600)
(47,600)
이자수익
547,658
27,959
575,617
외환차이(당기손익)
640,184
-
640,184
배당수익
-
103,883
103,883
손상/환입(당기손익)
(43,717)
(302,229)
(345,946)
(단위: 백만원)
이자비용
127,164
204,353
331,517
외환차이(당기손익)
(397,211)
(195,768)
(592,979)
7. 금융자산의 신용건전성 : 외부 신용등급 등을 참조하여 측정한 연체 및 손상되지 않은 주요 금융자산의 신용 건전성에 대한 상세 내역은 다음과 같습니다.
상환능력 우수, 최고 - Aaa~Aa(Moody's), AAA~AA(S&P, Fitch), A1(국내신용평가사) 상환능력 양호 - A(Moody's, S&P, Fitch), A2(국내신용평가사) 상환능력 적정 - Baa(Moody's), BBB(S&P, Fitch), A3(국내신용평가사) 상환가능 - Ba 이하(Moody's), BB 이하(S&P, Fitch), B 이하(국내신용평가사)
Group 1 - 외부신용등급이 없는 연결자회사
Group 2 - 자본잠식경험 및 채무불이행경험이 없는 일반고객
Group 3 - 자본잠식경험 및 채무불이행경험이 있으나 보험 및 담보가 설정되어 채무불이행위험이 해소된 일반고객
가. 매출채권
(단위: 백만원)
외부신용등급으로 관리하고 있는 거래상대방
상환능력 우수, 최고
400,140
474,334
상환능력 양호
1,408,226
928,447
상환능력 적정
45,263
41,933
상환 가능
444,029
123,296
소 계
2,297,658
1,568,010
내부신용등급으로 관리하고 있는 거래상대방
Group 1
25,225,576
21,154,159
Group 2
395,650
685,511
소 계
25,621,226
21,839,670
연체 및 손상되지 아니한 매출채권 계
27,918,884
23,407,680
나. 현금성자산 및 단기금융상품
(단위: 백만원)
상환능력 우수, 최고수준
1,903,403
4,300,050
상환능력 양호
26,369,243
29,647,713
기타(*)
632
706
계
28,273,278
33,948,469
(*) 외부 신용등급이 존재하지 않는 금융기관 예치금(신용금고 등)
8. 금융자산의 양도 :
회사는
당기
및 전기 중 은행과의 매출채권 팩토링 계약을 통해 매출채권을 할인하였습니다. 회사가 매출채권 팩토링 거래에서 제공한 매출채권은 채무자의 채무불이행시의 소구조건 등으로 대부분의 위험과 보상을 회사가 보유하므로 금융자산의 제거요건을 충족하지 않아 제거되지 않았습니다. 이러한 거래에서 인식한 금융부채는 재무상태표에 단기차입금으로 분류되어 있습니다(주석
15
참조).
보고기간 종료일 현재 매출채권의 할인된 내역은 다음과 같습니다.
(단위: 백만원)
할인된 매출채권의 장부금액
12,229,701
9,061,167
관련차입금의 장부금액
12,229,701
9,061,167
9. 매도가능금융자산 :
보고기간 종료일 현재 매도가능금융자산 변동내역은 다음과 같습니다.
(단위: 백만원)
기초금액
913,989
6,226,493
취득
163,765
512,092
처분
(69,877)
(3,577,711)
매도가능금융자산평가
(29,703)
(493,374)
손상
(4,832)
(302,229)
기타(*)
11
(1,451,282)
기말금액
973,353
913,989
장기매도가능금융자산
973,353
913,989
(*) 전기 중 지분율 상승에 따라 삼성SDI 및 제일기획에 대한 매도가능금융자산을 관계기업 투자로 계정재분류 하였습니다. 상기 매도가능금융자산은 보고기간 종료일 현재 공정가액에 따라 평가하고 있으며, 자본(기타포괄손익)으로 인식된 매도가능금융자산평가손익의 변동내역은 다음과 같습니다.
(단위: 백만원)
기초잔액
263,390
819,561
평가액
(29,703)
(493,374)
손익반영액
-
(62,797)
기말잔액
233,687
263,390
자본에 가감되는 법인세효과
(64,264)
(63,740)
계
169,423
199,650
가. 단기매도가능금융자산
보고기간 종료일 현재 회사가 보유하고 있는 단기매도가능금융자산은 없습니다.
나. 장기매도가능금융자산
보고기간 종료일 현재 장기매도가능금융자산의 구성내역은 다음과 같습니다.
(단위:백만원)
지분증권-상장주식
872,749
797,693
지분증권-비상장주식
99,674
112,075
채무증권(*)
930
4,221
계
973,353
913,989
(*) 보고기간 종료일 현재 매도가능금융자산 중 채무증권의 신용위험의 최대노출금액은 장부금액입니다.
(1) 지분증권- 상장주식 보고기간종료일 현재 장기매도가능금융자산 중 상장주식의 내역은 다음과 같습니다.
(단위: 백만원)
삼성중공업
65,930,982
16.9
473,727
483,275
609,862
호텔신라
2,004,717
5.1
13,957
170,200
96,527
아이마켓코리아
647,320
1.8
324
5,832
6,732
에이테크솔루션
1,592,000
15.9
26,348
19,423
16,636
원익홀딩스 (구. 원익아이피에스)
1,759,171
2.3
15,410
13,880
11,857
원익아이피에스
1,850,936
4.5
16,214
61,821
48,495
케이티스카이라이프
240,000
0.5
3,344
3,228
4,152
동진쎄미캠
2,467,894
4.8
48,277
54,540
-
솔브레인
835,110
4.8
55,618
56,370
-
용평리조트
400,000
0.8
1,869
4,180
3,432
계
655,088
872,749
797,693
(*) 총발행보통주식수 기준 지분율입니다.
취득원가는 회수가능액이 취득원가에 미달하여 인식한 매도가능금융자산 손상차손을 차감하지 아니한 금액입니다. 손상차손 금액을 제외한 취득원가와 시가의 차액은 자본항목에 직접 반영되는 법인세효과를 감안한 후 기타자본항목(매도가능금융자산평가손익)으로 계상하고 있습니다.
(2) 지분증권- 비상장주식 보고기간 종료일 현재 장기매도가능금융자산 중 비상장주식의 구성내역은 다음과 같습니다.
(단위: 백만원)
기협기술금융
1,000,000
1,000,000
17.2
17.2
5,000
5,000
5,000
5,000
5,000
5,000
삼성벤처투자
980,000
980,000
16.3
16.3
4,900
4,900
7,784
7,784
7,515
7,515
말타니(구 태원전기산업)
45,000
45,000
15.0
15.0
16,544
16,544
15,137
15,137
16,270
16,270
기타
141,376
141,376
71,753
71,753
83,290
83,290
계
167,820
167,820
99,674
99,674
112,075
112,075
(*1) 일부 시장성 없는 지분증권에 대하여 추정 현금흐름의 편차가 유의적이고 다양한 추정치의 발생 확률을 신뢰성 있게 평가할 수 없고 적용할 할인율을 신뢰성 있게 산정할 수 없으므로 취득원가로 평가하였습니다. 취득원가는 회수가능액이 취득원가에 미달하여 인식한 매도가능금융자산 손상차손을 차감하지 아니한 금액입니다. 손상차손 금액을 제외한 취득원가와 시가의 차액은 자본항목에 직접 반영되는 법인세효과를 감안한 후 기타자본항목(매도가능금융자산평가손익)으로 계상하고 있습니다.
(3) 채무증권 보고기간 종료일 현재 장기매도가능금융자산 중 채무증권의 내역은 다음과 같습니다
(단위: 백만원)
회사채
930
4,221
계
930
4,221
10. 매출채권 및 미수금 :
가. 보고기간 종료일 현재 매출채권 및 미수금의 내역은 다음과 같습니다.
(단위: 백만원)
채권액
28,303,421
2,242,026
23,771,781
2,340,658
차감: 대손충당금
(315,020)
(18,045)
(257,769)
(16,347)
소 계
27,988,401
2,223,981
23,514,012
2,324,311
차감: 장기 채권
(106,624)
(22,579)
-
(4,529)
유동항목
27,881,777
2,201,402
23,514,012
2,319,782
보
고기간 종료일 현재 회사가 은행에 양도한 매출채권은 담보부 차입금으로 회계처리 되
었으며, 보고기간 종료일 현재
12,229,701
백만원(전
기
:
9,061,167
백만원
)입니다
(주석
15
참조)
.
나. 당기 및 전기 중 대손충당금의 변동내역은 다음과 같습니다.
(단위: 백만원)
기초
257,769
16,347
212,384
20,482
대손상각(환입)
57,822
2,408
48,063
(3,949)
제각
(488)
(710)
(233)
(45)
기타
(83)
-
(2,445)
(141)
기말
315,020
18,045
257,769
16,347
다. 보
고
기간 종료일 현재
매출
채권 및 미수금 연령분석 내역은 다음과 같습니다.
(단위: 백만원)
연체되지 않은 채권
29,938,625
25,712,085
소 계
29,938,625
25,712,085
연체되었으나 손상되지 않은 채권(*) :
31일 이하
283,883
178,853
소 계
283,883
178,853
손상채권 :
31일 초과 90일 이하
108,588
52,622
90일 초과
214,351
168,879
소 계
322,939
221,501
계
30,545,447
26,112,439
(*) 회사는 31일 이하 연체된 매출채권 및 미수금은 손상된 것으로 간주하지 않습니다.
라. 보고기간 종료일 현재 신용위험의 최대 노출금액은 채권의 장부금액입니다. 회사의 주요 채권과 관련하여 보험사와 보험계약을 체결하고 있으며, 보험 계약이 체결되지 않은 채권에 대해서는 연체 실적에 따라 충당금을 설정하고 있습니다.
11. 재고자산
:
보고기간 종료일 현재 재고자산의 내역은 다음과 같습니다.
(단위: 백만원)
제품 및 상품
2,187,441
(484,364)
1,703,077
2,698,363
(1,053,757)
1,644,606
반제품 및 재공품
4,512,627
(124,510)
4,388,117
3,152,821
(188,311)
2,964,510
원재료 및 저장품
1,643,250
(263,886)
1,379,364
1,409,118
(398,894)
1,010,224
미착품
366,586
-
366,586
362,294
-
362,294
계
8,709,904
(872,760)
7,837,144
7,622,596
(1,640,962)
5,981,634
(*) 당기 중 회사는 생산 및 판매 중단한 재고자산을 순실현가능가치로 평가하고 원가와의 차이를 평가충당금으로 반영하였습니다.
당기 중 비용으로 인식한 재고자산의 금액은
101,232,087
백만원(전기: 97,186,967백만원)입니다.
동 비용에는 재고자산 평가손실 금액이
포함되어 있습니다.
12. 종속기업, 관계기업 및 공동기업 투자 :
가. 당기 및 전기 중 종속기업, 관계기업 및 공동기업 투자의 변동내역은 다음과 같습니다.
(단위: 백만원)
기초장부가액
48,743,079
44,107,398
취득
7,492,843
4,648,008
처분(*1)
(303,411)
(1,544,673)
손상
(260,752)
(19,262)
기타변동액(*2)
-
1,551,608
기말장부가액
55,671,759
48,743,079
(*1) 회사는 전
기 중 삼성카드 지분 전부를 매각하였습니다.
(*2)
전기 중 지분율 상승에 따라 삼성SDI 및 제일기획에 대한 매도가능금융자산을 관계기업투자로 계정재분류 하였습니다. 또한, 물적분할로 취득한 에스프린팅솔루션 및 Samsung Electronics (shandong) Digital Printing(SSDP) 지분 전부가 매각예정분류 요건을 충족함에 따라 매각예정분류자산으로 재분류 되었으
며
당기 중 매각이 완료되었습니다.
나. 보고기간 종료일 현재 주요 관계기업 투자 현황은 다음과 같습니다 (종속기업 현황은 주석 32 참조).
삼성전기
수동소자, 회로부품, 모듈 등 전자부품의 생산 및 공급
23.7
한국
12월
삼성에스디에스
컴퓨터 프로그래밍, 시스템 통합/관리업 등 IT서비스 및 물류서비스 제공
22.6
한국
12월
삼성바이오로직스
신사업 투자
31.5
한국
12월
삼성SDI(*2)
2차전지 등 전자제품의 생산 및 공급
19.6
한국
12월
제일기획
광고 대행업
25.2
한국
12월
(*1) 총발행보통주식수 기준 지분율입니다. (*2) 유통보통주식수 기준 지분율은 20.6%입니다.
다. 보고기간 종료일 현재 주요 종속기업, 주요 관계기업의 요약 재무정보는 다음과 같습니다.
(1) 주요 종속기업
1) 당기
(단위: 백만원)
삼성디스플레이
50,723,199
12,243,688
30,111,427
3,352,802
Samsung Electronics America(SEA)
26,266,636
8,980,828
33,329,340
(70,198)
Harman과 그 종속기업(*2)
14,676,715
5,391,669
7,103,437
209,015
Samsung (China) Investment(SCIC)
13,409,281
11,297,307
5,133,676
268,481
Samsung Display Vietnam(SDV)
10,460,755
9,495,803
18,193,257
1,257,300
Samsung Semiconductor(SSI)
10,125,193
5,376,696
28,870,987
83,113
Samsung Electronics Vietnam THAINGUYEN(SEVT)
10,044,337
2,325,221
28,323,302
3,043,210
Samsung Electronics Vietnam(SEV)
9,592,074
1,875,105
19,344,045
2,007,876
Samsung Electronics Europe Holding(SEEH)
9,474,960
7,241,753
-
18,294
Samsung (China) Semiconductor(SCS)
8,076,107
1,499,220
4,513,291
1,359,007
Samsung Electronics Huizhou(SEHZ)
6,440,564
980,064
13,521,077
689,594
Samsung India Electronics(SIEL)
6,200,351
3,406,484
10,393,877
654,408
Samsung Asia Private(SAPL)
6,138,652
481,546
1,848,905
1,293,924
Samsung Electronica da Amazonia(SEDA)
5,838,533
1,514,891
7,108,691
1,449,426
Shanghai Samsung Semiconductor(SSS)
5,169,438
4,182,832
24,198,255
236,410
(*1) 상기 요약재무정보는 각 종속기업의 별도재무제표 기준입니다. (*2) Harman International Industries, Inc. 및 그 종속기업이 포함된 중간지배기업의 연결재무정보입니다.
2) 전기
(단위: 백만원)
삼성디스플레이
43,305,405
8,361,256
24,658,814
1,498,628
Samsung Electronics America(SEA)
21,810,492
9,496,649
34,521,654
246,141
Samsung (China) Investment(SCIC)
13,632,938
11,672,755
8,792,750
298,373
Samsung (China) Semiconductor(SCS)
9,749,448
4,564,793
4,152,137
1,113,218
Samsung Electronics Vietnam(SEV)
9,134,023
1,258,948
19,426,334
2,046,280
Samsung Electronics Europe Holding(SEEH)
8,643,308
6,661,092
-
350,974
Samsung Semiconductor(SSI)
7,804,698
3,746,687
19,911,135
30,247
Samsung Electronics Vietnam THAINGUYEN(SEVT)
7,646,828
2,179,023
23,563,736
2,641,418
Samsung Electronics Huizhou(SEHZ)
6,174,579
1,106,633
12,971,475
764,426
Shanghai Samsung Semiconductor(SSS)
5,862,409
5,166,385
20,983,314
181,041
Samsung Asia Private(SAPL)
5,528,472
592,320
1,458,176
1,056,956
Samsung Electronica da Amazonia(SEDA)
5,200,799
1,510,972
6,092,245
966,821
Samsung Austin Semiconductor(SAS)
4,940,748
1,293,458
3,586,127
104,747
Samsung India Electronics(SIEL)
4,563,407
2,256,194
8,827,028
753,164
Samsung Display Vietnam(SDV)
3,165,239
3,437,791
5,230,581
(98,102)
(*) 상기 요약재무정보는 각 종속기업의 별도재무제표 기준입니다.
(2)
주요 관계기업
1) 당기
(단위: 백만원)
구분
유동자산
2,478,798
5,117,499
620,995
3,605,076
1,889,096
비유동자산
5,288,605
2,160,262
6,562,096
12,146,401
349,197
유동부채
2,454,110
1,324,862
2,287,442
2,670,360
1,281,293
비유동부채
981,802
233,469
919,198
1,629,117
101,012
순자산
4,331,491
5,719,430
3,976,451
11,452,000
855,988
(단위: 백만원)
구분
매출
6,838,474
9,299,206
464,629
6,321,561
3,374,987
계속영업손익(*)
161,739
530,348
(96,972)
657,236
127,153
기타포괄손익(*)
(132,298)
(63,585)
(8,957)
27,870
(25,115)
총포괄손익(*)
29,441
466,763
(105,929)
685,106
102,038
(*) 관계기업별 지배기업의 소유주에 귀속될 손익입니다.
2) 전기
(단위: 백만원)
유동자산
2,812,409
4,548,448
1,461,425
3,958,266
1,794,812
비유동자산
4,850,220
2,293,556
6,071,580
10,942,046
356,619
유동부채
2,043,155
1,347,385
2,476,545
2,212,796
1,244,899
비유동부채
1,281,889
203,495
974,089
1,723,405
130,248
순자산
4,337,585
5,291,124
4,082,371
10,964,111
776,284
(단위: 백만원)
구분
매출
6,033,040
8,180,187
294,622
5,200,823
3,232,594
계속영업이익(*)
14,707
463,858
(176,832)
(878,504)
88,263
세후중단영업이익(*)
-
-
-
1,089,615
-
기타포괄손익(*)
41,212
35,664
108
(222,175)
(13,711)
총포괄손익(*)
55,919
499,522
(176,724)
(11,064)
74,552
(*) 관계기업별 지배기업의 소유주에 귀속될 손익입니다.
라. 보고기간종료일 현재 시장성 있는 관계기업 투자주식의 내역은 다음과 같습니다
.
(단위: 주, 백만원)
삼성전기
17,693,084
1,769,308
445,244
898,809
445,244
삼성에스디에스
17,472,110
3,494,422
560,827
2,437,359
560,827
삼성바이오로직스
20,836,832
7,730,465
443,193
3,146,362
443,193
삼성SDI
13,462,673
2,753,117
1,242,605
1,467,431
1,242,605
제일기획
29,038,075
615,607
491,599
457,350
491,599
13. 유형자산 :
가. 당기 및 전기 중 유형자산의 변동내역은 다음과 같습니다. (1) 당기
(단위: 백만원)
기초장부가액
6,276,070
11,376,704
17,955,513
11,004,840
615,703
47,228,830
취득원가
6,276,070
16,852,926
86,461,021
11,004,840
1,569,937
122,164,794
감가상각누계액 (손상차손누계액 포함)
-
(5,476,222)
(68,505,508)
-
(954,234)
(74,935,964)
일반취득 및 자본적지출
1,588,975
3,989,253
22,089,776
(1,504,886)
397,138
26,560,256
감가상각
-
(904,081)
(9,365,343)
-
(229,979)
(10,499,403)
처분/폐기
(32,156)
(11,906)
(57,689)
-
(3,018)
(104,769)
기타
-
(2,679)
(6,100)
(360,459)
1,285
(367,953)
기말장부가액
7,832,889
14,447,291
30,616,157
9,139,495
781,129
62,816,961
취득원가
7,832,889
20,818,067
105,582,797
9,139,495
1,840,581
145,213,829
감가상각누계액 (손상차손누계액 포함)
-
(6,370,776)
(74,966,640)
-
(1,059,452)
(82,396,868)
(2)
전기
(단위: 백만원)
기초장부가액
6,289,122
11,238,107
21,578,887
5,457,754
584,759
45,148,629
취득원가
6,289,122
15,981,133
83,556,501
5,457,754
1,462,477
112,746,987
감가상각누계액 (손상차손누계액 포함)
-
(4,743,026)
(61,977,614)
-
(877,718)
(67,598,358)
일반취득 및 자본적지출
12,892
920,319
5,495,015
5,678,381
251,655
12,358,262
감가상각
-
(754,091)
(8,985,029)
-
(209,427)
(9,948,547)
처분/폐기
(25,944)
(22,182)
(123,758)
-
(5,710)
(177,594)
기타
-
(5,449)
(9,602)
(131,295)
(5,574)
(151,920)
기말장부가액
6,276,070
11,376,704
17,955,513
11,004,840
615,703
47,228,830
취득원가
6,276,070
16,852,926
86,461,021
11,004,840
1,569,937
122,164,794
감가상각누계액 (손상차손누계액 포함)
-
(5,476,222)
(68,505,508)
-
(954,234)
(74,935,964)
나. 당기 및 전기 중 계정과목별 유형자산 상각내역은 다음과 같습니다.
(단위: 백만원)
매출원가
9,310,603
8,785,969
판매비와관리비 등
1,188,800
1,162,578
계
10,499,403
9,948,547
14.
무형자산 :
가. 당기 및 전기 중 무형자산의 변동내역은 다음과 같습니다.
(1) 당기
(단위: 백만원)
기초장부가액
944,166
1,180,618
151,043
616,017
2,891,844
내부개발에 의한 취득
-
447,540
-
-
447,540
개별 취득
200,512
-
57,560
137,484
395,556
상각
(168,707)
(687,365)
-
(230,226)
(1,086,298)
처분/폐기
(21,284)
-
(1,124)
(41)
(22,449)
손상
-
(110,409)
(23,617)
-
(134,026)
기타
-
-
6,686
328,182
334,868
기말장부가액
954,687
830,384
190,548
851,416
2,827,035
(2) 전기
(단위: 백만원)
기초장부가액
950,499
1,697,545
151,593
607,592
3,407,229
내부개발에 의한 취득
-
680,962
-
-
680,962
개별 취득
239,897
-
-
125,817
365,714
상각
(160,144)
(748,573)
-
(234,713)
(1,143,430)
처분/폐기
(48,678)
-
(550)
(2,363)
(51,591)
손상
-
(449,297)
-
-
(449,297)
기타
(37,408)
(19)
-
119,684
82,257
기말장부가액
944,166
1,180,618
151,043
616,017
2,891,844
다. 당기 및 전기 중 계정과목별 무형자산 상각내역은 다음과 같습니다.
(단위: 백만원)
매출원가
817,658
875,868
판매비와관리비 등
268,640
267,562
계
1,086,298
1,143,430
15. 차입금 :
보고기간 종료일 현재 차입금 내역은 다음과 같습니다.
(단위: 백만원)
담보부차입금
우리은행 외
0.1 ~ 11.1
12,229,701
9,061,167
상기 담보부 차입금에 대해서는 매출채권이 담보로 제공되어 있습니다(주
석
8과 10
참조).
16. 사채 :
가. 보고기간 종료일 현재 사채의 내역은 다음과 같습니다.
(단위: 백만원)
US$ denominated Straight Bonds
1997.10.2
2027.10.1
7.7
53,570 (US$50,000천)
66,468 (US$55,000천)
1년이내 만기도래분
(5,357)
(6,043)
사채할인발행차금
(1,405)
(1,883)
계
46,808
58,542
상기 사채는 10년 거치 20년 분할 상환되며 이자는 6개월마다 후급됩니다. 나. 보고기간 종료일 현재 사채의 연도별 상환계획은 다음과 같습니다.
(단위: 백만원)
2018년
5,357
2019년
5,357
2020년
5,357
2021년
5,357
2022년 이후
32,142
계
53,570
17.
순
확정급여자산 :
가. 보고기간 종료일
현재
순확정급여
자
산
과 관련하여 재무상
태표에 인식한 내역은 다음과 같습니다.
(단위: 백만원)
기금이 적립되는 확정급여채무의 현재가치
5,609,870
5,687,413
기금이 적립되지 않는 확정급여채무의 현재가치
12,717
9,247
소 계
5,622,587
5,696,660
사외적립자산의 공정가치
(6,433,797)
(6,253,751)
순확정급여
(자산
) 계
(811,210)
(557,091)
나. 당기 및 전기 중 손익계산서에 인식한 확정급여제도 관련 비용의 세부 내역은 다음과 같습니다.
(단위: 백만원)
당기근무원가
656,087
810,636
순이자수익
(23,644)
(3,981)
계
632,443
806,655
다. 당기 및 전기 중 손익계산서에 인식한 확정급여제도 관련 비용의 계정과목별 금액은 다음과 같습니다.
(단위: 백만원)
매출원가
239,556
316,254
판매비와관리비 등
392,887
490,401
계
632,443
806,655
라. 당기 및 전기 중 확정급여채무의 변동내역은 다음과 같습니다.
(단위: 백만원)
기초
5,696,660
6,123,776
당기근무원가
656,087
810,636
이자원가
216,543
233,484
재측정 :
- 인구통계적가정의 변동으로 인한 보험수리적손익
(17,864)
-
- 재무적가정의 변동으로 인한 보험수리적손익
(408,961)
(859,907)
- 기타사항에 의한 효과
(115,201)
(202,999)
급여지급액
(414,058)
(375,689)
기타
9,381
(32,641)
기말
5,622,587
5,696,660
마. 당기 및 전기 중 사외적립자산 공정가치의 변동내역은 다음과 같습니다.
(단위: 백만원)
기초
6,253,751
6,179,950
사외적립자산의 이자수익
240,187
237,465
사외적립자산의 재측정요소
(125,621)
(100,328)
사용자의 기여금
250,000
308,300
급여지급액
(185,679)
(336,449)
기타
1,159
(35,187)
기말
6,433,797
6,253,751
확정급여제도와 관련하여 2018년도에 납입할 것으로 예상되는 사용자 기여금의 합리적인 추
정
치는
677,819
백
만원
입니다.
바. 보고기간 종료일 현재 사외적립자산은 원금보장형 고정수익 상품에 투자 되어 있습니다.
사. 보고기간 종료일 현재 사용한 주요 보험수리적 가정은 다음과 같습니다.
(단위: %)
할인율
3.9
3.9
미래임금상승률 (인플레이션 효과 포함)
3.4
4.2
아. 보고기간 종료일 현재 주요 가정의 변동에 따른 확정급여채무의 민감도 분석은 다음과 같습니다.
(단위: %)
할인율 :
1% 증가
92
90
1% 감소
109
111
임금상승률 :
1% 증가
109
111
1% 감소
92
90
자. 보고기간 종료일 현재 확정급여채무의 가중평균만기는
8.58
년
입니다.
18
. 충당부채 :
당기 중 충당부채 변동내역은 다음과 같습니다.
(단위: 백만원)
기타충당부채
(라),(마)
기초
181,342
1,493,290
624,933
234,619
2,534,184
순전입액(환입액)
277,882
738,148
439,942
140,039
1,596,011
사용액
(270,891)
(429,776)
(487,695)
(255,950)
(1,444,312)
기타(*)
-
(138,233)
-
105,239
(32,994)
기말
188,333
1,663,429
577,180
223,947
2,652,889
(*) 기타는 환율변동에 의한 증감액 등을 포함하고 있습니다.
가. 회사는 출고한 제품에 대한 품질보증, 교환환불, 하자보수 및 그에 따른 사후서비스 등으로 인하여 향후 부담할 것으로 예상되는 비용을 보증기간 및 과거 경험률 등을 기초로 추정하여 충당부채로 설정하고 있습니다.
나. 회사는 협상 진행중인 기술사용계약과 관련하여 향후 지급이 예상되는 기술사용료를 추정하여 충당부채로 계상하고 있습니다. 지급시기 및 금액은 협상결과에 따라 변동될 수 있습니다.
다. 회사는 임원을 대상으로 부여년도를 포함한 향후 3년간의 경영실적에 따라 성과급을 지급하는 장기성과 인센티브를 부여하였는 바, 향후 지급이 예상되는 금액의 경과기간 해당분을 충당부채로 계상하고 있습니다.
라. 회사는 생산 및 판매 중단한 제품에 대하여 향후 부담할 것으로 예상되는 비용을 추정하여 충당부채로 계상하고 있습니다.
마.
회사는 온실가스 배출과 관련하여 회사가 보유한 해당 이행연도분 배출권의 장부금액과 이를 초과하는 배출량에 대해 향후 부담할 것으로 예상되는 비용을 추정하여 충당부채로 계상하고 있습니다.
(1) 보고기간 종료일 현재 무상할당 배출권 및 온실가스 배출량 추정치는 다음과 같습니다.
(단위: 만톤)
무상할당 배출권
750
배출량 추정치
821
(2) 당기 중 배출권 변동 내역은 다음과 같습니다.
(단위: 백만원)
기초
18,626
취득
15,926
매각
(5,934)
사용
(3,559)
당기말
25,059
(3) 당기 중 배출부채 변동 내역은 다음과 같습니다.
(단위: 백만원)
기초
12,692
순전입액
3,983
사용액
(3,559)
당기말
13,116
19. 우발부채와 약정사항 :
가. 지급보증한 내역
보고기간 종료일 현재 회사가 제공한 채무보증내역은 다음과 같습니다.
(단위: 백만원, 백만US$)
임대주택 관련 채무보증(*)
7,323
8,956
해외종속기업에 대한 채무보증 (한도 기준)
US$ 8,294 (원화환산액: \
8,885,708
)
US$ 9,434 (원화환산액: \11,401,171)
해외종속기업에 대한 채무보증 (실차입금 기준)
US$ 441 (원화환산액: \
473,014
)
US$ 1,618 (원화환산액: \1,954,777)
(*)
보고기간 종료일 현재
직원용 임대주택 관련 직원들의 금융기관 대출금에 대하여 제공한
지급보증 한도액은
47,470
백만원
입
니다.
보고기간 종료일 현재 회사가 해외종속기업의 자금조달 등을 위하여 제공하고 있는 지급보증 내역은 다음과 같으며, 특수관계자로부터 제공받고 있는 담보 및 지급보증은 없습니다.
(단위: 백만원)
Samsung Electronics Turkey(SETK)
BTMU 외
2018-12-16
259,648
808,907
Samsung Electronics Peru(SEPR)
BBVA 외
2018-12-16
43,017
192,852
Samsung Electronics Chile Limitada(SECH)
Citibank 외
2018-12-16
15,684
190,709
Samsung Electronica Columbia(SAMCOL)
Citibank 외
2018-12-16
71,718
179,995
Samsung Electronics Poland Manufacturing(SEPM)
HSBC
2018-06-13
82,947
133,925
기타
-
7,379,320
합계
473,014
8,885,708
나. 리스계약
(1) 운
용리스
- 리스이용자
보고기간 종료일 현재 회사가 체결하고 있는 해지불능운용리스의 미래 최소리스료는 1년 이하 35,944백만원, 1년 초과 5년 이하 109,775백만원, 5년 초과 1,097백만원, 총 146,816백만원이며,
동 운용리스계약과 관련하여 당기 중 인식한 리스료 비용은 43,627백만원입니다.
(2) 운
용리스
- 리스제공자
보고기간 종료일 현재 회사는 부동산 임대 관련 해지불능운용리스 계약을 체결하고 있으며, 동 계약에 따른 미래 최소리스료는 1년 이하 81,427백만원, 1년 초과 5년 이하 50,442백만원, 5년 초과 12,885백만원, 총 144,754백만원이며, 동
운용리스계약과 관련하여 당기 중 인식한 리스료 수익은 148,509백만원입니다.
다. 소송 등 (1) 보고기간 종료일 현재 Apple사와의 특허관련 소송이 미국에서 진행중입니다. 해당 소송과 관련해서는 2012년 8월 24일 미국 캘리포니아 법원에서 디자인 및 기술특허에 대해 회사의 일부 침해를 인정하고 그에 따른 손해액을 지불해야 한다는 평결이 있었습니다. 그 후 2013년 3월 1일 동 법원의 판사는 손해액 중 일부 금액이 잘못 산정되었기 때문에 동 일부 금액에 대해 새로운 재판을 하도록 결정하였습니다. 그에 따라 2013년 11월 21일 손해액 관련 배심원 평결이 있었으며, 2014년 3월 6일 Apple사의 회사 제품 판매금지 주장을 기각하고 손해배상액은 배심원 평결 금액으로 하는 1심 판결이 선고되었습니다. 이 중 손해배상 관련 판결에 대해서 2014년 3월 7일 항소를 하여, 2014년 12월 4일 항소심 재판이 진행되었습니다. 2015년 5월 18일 항소심 법원은 2심 판결을 선고하면서 1심 판결 중 일부 판결은 파기 환송하고 일부 판결은 유지하였습니다. 회사는 유지된 일부 판결 중 디자인 침해와 관련하여 2015년 6월 17일 전원합의체 재심리 신청을 하였으나, 2015년 8월 13일 재심리 신청은 불허되었습니다. 이후 1심 법원에서 환송심 절차가 진행되었으며, 2015년 9월 18일 1심 법원은 항소심에서 유지된 일부 판결에 대한 최종판결을 선고하였습니다. 회사는 다시 항소하였으나, 2015년 10월 13일 항소가 기각되었고, 2015년 11월 19일 전원합의체 재심리 신청도 기각되었습니다.
회사는 2015년 12월 11일 일부 판결의 손해액을 Apple사에 지불하였고, 2015년 12월 14일 대법원에 디자인 관련 상고를 제기하였습니다. 이후 일부 판결 관련 부수적 손해 등에 대한 양사 서면이 1심 법원에 제출되었습니다. 2016년 3월 21일 대법원은 회사가 제기한 디자인 관련 상고를 허가하였고, 2016년 3월 22일 1심 법원은 2016년 3월 28일 시작 예정이었던 손해액 재재판을 포함하여 환송심의 모든 절차를 대법원 상고심 판결 시까지 정지하였습니다. 회사는 디자인 관련 상고심에서 2016년 6월 1일 본안 서면을 제출하였고, 2016년 6월 8일 여러 회사 및 단체 등이 회사 지지 서면을 제출하였습니다. Apple사는 2016년 7월 29일 반대 서면을 상고심에 제출하였고, 2016년 8월 5일 여러 회사 및 단체 등이 Apple사 지지 서면을 제출하였습니다. 회사는 2016년 8월 29일 반박 서면을 상고심에 제출하였습니다. 관련 상고심 구두변론은 2016년 10월 11일 대법원에서 진행되었습니다.
2016년 12월 6일 대법원은 회사 상고를 인용하는 판
결을 내리고 사건을 항소심 법원으로 환송하였습니다. 2017년 2월 7일 항소심 법원은 사건을 1심 법원으로 환송하였습
니다.
2017년 10월 12일 1심 법원은 디자인 관련 재재판 필요성에 대한 심리를 진행한 후 2017년 10월 22일 디자인 관련 재재판 진행 결정을 내렸습니다.
또한, 2014년 5월 5일 미국 캘리포니아 법원에서 기술특허 관련한 두번째 소송과 관련해 회사의 일부 침해를 인정하고 그에 따른 손해액을 지불해야 한다는 평결이 있었으며, 2014년 11월 25일 배심원 평결을 확인하는 1심 법원의 판결이 선고되었습니다. 회사는 2014년 11월 25일 1심 판결에 대해 항소하였으며, 2016년 1월 5일항소심 구두변론이 진행되었습니다. 별도로, 2014년 8월 27일 1심 법원은 Apple사의 판매금지청구를 기각하였으나, 항소심법원은 2015년 9월 17일 1심 판단을 파기 환송하는 판결을 선고하였고, 2015년 12월 16일 전원합의체 재심리 신청도 기각되었습니다. 2016년 1월 18일 1심 법원은 판매금지결정을 내렸습니다. 2016년 2월 26일 항소심 재판부는 2014년 11월 25일 선고된 1심 판결을 번복하여 Apple사의 기술특허 관련하여 비침해 또는 무효를 판단하고 손해액을 파기하는 판결을 선고하였습니다. 2016년 3월 30일 Apple사는 항소심 재판부 판결에 대해 재심리 신청을 하였습니다. 2016년 10월 7일 항소심 전원합의체는 항소심 재판부 판결을 다시 번복하여, Apple사의 기술특허 관련하여 침해 및 유효를 판단하고 손해액 판결을 내렸습니다. 2017년 3월 10일 회사는 항소심 전원합의체 판결에 불복하여 대법원에 상고하였습니다. 2017년 10월 4일 미국 법무부는 당사 상고에 반대하는 법정조언서를 대법원에 제출하였습니다. 2017년 11월 6일 대법원은 당사 상고를 기각하였습니다. 2018년 1월 11일 1심 법원은 추가 손해액 인정 여부에 대한 심리를 진행하였습니다. 동 소송을 포함한 Apple사와의 특허 관련 소송 최종 결과 및 그 영향을 보고기간 종료일 현재 예측할 수 없습니다.
2014년 8월, 회사와 Apple사는 미국 외 지역에서의 소송을 취하한다는 합의에 이른 바 있으며, 보고기간 종료일 현재 미국 외 모든 국가에서 소송 취하가 완료되었습니다.
(2) 이외에도 다수의 회사와 정상적인 영업과정에서 발생한 소송, 분쟁 및 규제기관의 조사 등이 진행 중에 있습니다. 이에 따른 자원의 유출금액 및 시기는 불확실하며 회사의 경영진은 이러한 소송 등의 결과가 회사의 재무상태에 중요한 영향을 미치지 않을 것으로 판단하고 있습니다.
라. 분할과 관련된 연대채무
회사와 삼성디스플레이 주식회사 등은 분할된 삼성디스플레이 주식회사 등의 분할 전 채무에 관하여 연대하여 변제할 책임이 있습니다.
마. 기타 약정사항
보고기간 종료일 현재 회사는 우리은행 외
6개
은행과 무역금융, 상업어음할인 및 외상매출채권담보대출 등의 약정을 맺고 있으며 동 약정에 대한 통합한도액은
10,476,754
백만원입니다. 이외에도 회사는 산업은행 외
17
개 은행과 한도액 USD
8,650
백만의 무역금융 약정을 체결하고 있으며, 구매대금의 지급과 관련하여 기업은행 외
5
개
은행과 한도액
2,651,950
백만원의 외상매출채권담보대출 약정 등을 맺고 있습니다.
20. 자본금 :
회사의 정관에 의한 발행할 주식의 총수는
500,000,000주(1주의 금액 : 5,000원)
이며,
보고기간 종료일 현재 회사가 발행한 보통주식 및 우선주식의 수(소각 주식수 제외)는 각각
129,098,494주와 18,250,580주입니다. 이익소각으로 인하여 발행주식의액면 총액은 736,745백만원(보통주 645,492백만원 및 우선주 91,253백만원)
으로 납입자본금
(897,514백만원)과
상이합니다.
(단위: 주)
전기초
127,396,848
18,547,833
- 자기주식 취득
(4,699,197)
(1,264,099)
전기말
122,697,651
17,283,734
당기초
122,697,651
17,283,734
- 자기주식 취득
(3,009,282)
(753,325)
당기말
119,688,369
16,530,409
회사는 2017년 1월 24일, 4월 27일, 7월 27일 이사회 결의에 의거 당기 중 취득원가 11,872,563백만원인 보통주 11,580,843주와 우선주 2,262,847주를 소각하였습니다
.
21. 이익잉여금 :
가. 보고기간 종료일 현재 이익잉여금의 내역은 다음과 같습니다.
(단위: 백만원)
1. 법정적립금
450,789
450,789
이익준비금(*1)
450,789
450,789
2. 임의적립금
136,446,402
140,258,537
재무구조개선적립금
204,815
204,815
기업합리화적립금(*2)
29,699,966
33,512,101
해외시장개척준비금
510,750
510,750
해외투자손실준비금
164,982
164,982
연구및인력개발준비금
70,936,458
70,936,458
수출손실준비금
167,749
167,749
자사주처분손실준비금
3,100,000
3,100,000
시설적립금
31,661,682
31,661,682
3. 미처분이익잉여금
14,031,533
38,248
계
150,928,724
140,747,574
(*1) 회사는 상법상의 규정에 따라 납입자본의 50%에 달할 때까지 매 결산기마다 금전에 의한 이익배당액의 10% 이상을 이익준비금으로 적립하도록 되어 있으나 보고기간 종료일 현재 회사의 이익준비금이 납입자본의 50%에 달하였으므로 추가 적립할 의무는 없습니다. (*2) 회사는 2001년까지 조세특례제한법에 의거 세액공제에 상응하는 법인세 상당액을 기업합리화적립금으로 적립하였으나, 2002년부터는 개정된 조세특례제한법에 따라 동 적립금의 적립의무 및 사용제한이 없습니다.
나. 당기 및 전기의 회사의 이익잉여금처분계산서는 다음과 같습니다.
당기의 이익잉여금처분계산서는 주주총회에서 확정될 예정입니
다
(전기 처분확정일:
2017년
3월 24일
).
(단위: 백만원)
Ⅰ. 미처분이익잉여금
14,031,533
38,248
1. 전기이월이익잉여금
31
30
2. 분기배당금 당기 - 주당배당금(률) : 21,000원(420%) 전기 - 주당배당금(률) : 1,000원(20%)
(2,896,772)
(141,540)
3. 자기주식 소각
(11,872,563)
(11,399,991)
4. 당기순이익
28,800,837
11,579,749
Ⅱ. 임의적립금 등의 이입액
-
3,812,135
1. 기업합리화적립금
-
3,812,135
Ⅲ. 이익잉여금처분액
14,031,503
3,850,352
1. 기업합리화적립금
3,000,000
-
2. 배당금 주당배당금(률)
당기 - 보통주 :
21,500원(430%)
우선주 :
21,550원(431%)
전기 -
보통주 :
27,500원(550%)
우선주 :
27,550원(551%)
2,929,530
3,850,352
3. 연구및인력개발준비금
8,000,000
-
4. 시설적립금
101,973
-
Ⅳ. 차기이월미처분이익잉여금
30
31
22. 주당배당금 :
당기 및 전기 중 배당금 산정내역은 다음과 같습니다.
가. 분기배당
(배당기준일 :
2017년 3월 31일, 6월 30일, 9월 30일과 2016년 6월 30일
)
(단위: 백만원)
1분기
배당받을 주식
보통주
121,840,851주
-
우선주
17,069,534주
-
배당률(액면가 기준)
140%
-
배당금액
보통주
852,886
-
우선주
119,487
-
계
972,373
-
2분기
배당받을 주식
보통주
121,038,051주
123,958,561주
우선주
16,868,834주
17,580,920주
배당률(액면가 기준)
140%
20%
배당금액
보통주
847,266
123,958
우선주
118,082
17,581
계
965,348
141,539
3분기
배당받을 주식
보통주
120,316,189주
-
우선주
16,691,095주
-
배당률(액면가 기준)
140%
-
배당금액
보통주
842,213
-
우선주
116,838
-
계
959,051
-
나. 기말배당 (배당기준일
:
2017년과 2016년 12월 31일
)
(단위: 백만원)
배당받을주식
보통주
119,688,369주
122,697,651주
우선주
16,530,409주
17,283,734주
배당률(액면가 기준)
보통주
430%
550%
우선주
431%
551%
배당금액
보통주
2,573,300
3,374,185
우선주
356,230
476,167
계
2,929,530
3,850,352
23. 기타자본항목 :
가. 보고기간 종료일 현재 기타자본항목의 내역은 다음과 같습니다.
(단위: 백만원)
자기주식
(6,228,187)
(9,750,326)
매도가능금융자산평가이익
169,423
199,649
순확정급여부채 재측정요소
(362,000)
(711,950)
기타
1,760,408
1,760,408
계
(4,660,356)
(8,502,219)
나. 자기주식
회사는 주가안정 및 주주가치 증대를 위하여 기명식보통주식 및 무의결권우선주식을취득하여 기타자본항목으로 계상하고 있습니다. 보고기간 종료일 현재 자기주식의 내역은 다음과 같습니다.
(단위: 주,백만원)
주식수
9,410,125
1,720,171
17,981,686
3,229,693
취득가액
5,560,506
667,681
8,871,509
878,817
24. 비용의 성격별 분류 :
당기 및 전기 중 비용의 성격별 분류 내역은 다음과 같습니다.
(단위: 백만원)
제품 및 재공품 등의 변동
(1,482,078)
754,751
원재료 등의 사용액 및 상품 매입액 등
75,238,170
72,357,330
급여
10,747,188
10,161,393
퇴직급여
641,891
813,704
감가상각비
10,499,403
9,948,547
무형자산상각비
1,086,298
1,143,430
복리후생비
1,567,565
1,445,746
지급수수료
3,635,146
3,279,835
광고선전비
1,429,380
766,171
판매촉진비
1,424,143
1,191,542
기타비용
22,270,810
18,437,319
계(*)
127,057,916
120,299,768
(*) 손익계산서 상의 매출원가 및 판매비와관리비를 합한 금액입니다.
25. 판매비와관리비 :
당기 및 전기 중 판매비와관리비 내역은 다음과 같습니다.
(단위: 백만원)
(1) 판매비와관리비
급여
2,033,141
1,971,689
퇴직급여
132,693
155,563
지급수수료
3,635,146
3,279,835
감가상각비
336,257
324,114
무형자산상각비
126,034
126,451
광고선전비
1,429,380
766,171
판매촉진비
1,424,143
1,191,542
운반비
555,860
528,744
서비스비
704,684
683,992
기타판매비와관리비
2,106,572
1,856,967
소계
12,483,910
10,885,068
(2) 경상연구개발비
연구개발 총지출액
13,621,889
12,805,018
개발비 자산화
(447,540)
(680,962)
소계
13,174,349
12,124,056
계
25,658,259
23,009,124
26. 기타수익
및 기타비용 :
당기 및 전기 중 기타수익 및 기타비용의 내역은 다음과 같습니다.
(단위: 백만원)
(1) 기타수익
배당금수익
1,732,247
560,096
임대료수익
152,488
106,813
투자자산처분이익
692
1,052,890
유형자산처분이익
150,121
179,071
기타
732,419
286,730
계
2,767,967
2,185,600
(2) 기타비용
유형자산처분손실
15,994
23,098
기부금
250,465
334,549
무형자산손상차손
134,026
449,297
투자자산손상차손
265,584
321,490
기타
398,945
161,160
계
1,065,014
1,289,594
27. 금융수익 및 금융비용 :
가. 당기 및 전기 중 금융수익과 금융비용의 내역은 다음과 같습니다.
(단위: 백만원)
(1) 금융수익
이자수익
482,648
575,617
- 대여금및수취채권
482,608
547,658
- 매도가능금융자산
40
27,959
외환차이
3,592,954
5,228,134
계
4,075,602
5,803,751
(2) 금융비용
이자비용
365,818
331,517
- 상각후원가로 측정하는 금융부채
105,029
127,164
- 기타 금융부채
260,789
204,353
외환차이
3,736,276
5,290,602
계
4,102,094
5,622,119
나. 회사는 외화 거래 및 환산으로 발생한 외환차이를 금융수익 및 금융비용으로 인식하고 있습니다.
28. 법인세비용 :
가. 당기 및 전기 중 법인세비용의 주요 구성내역은 다음과 같습니다.
(단위: 백만원)
1. 당기법인세
기간손익에 대한 당기법인세
8,017,777
2,730,152
당기에 인식한 조정사항
281,372
(242,141)
2. 이연법인세
세액공제의 이월로 인한 이연법인세변동액
27,302
6,064
일시적차이로 인한 이연법인세변동액
(593,736)
651,250
3. 자본에 직접 부가되는 법인세부담액
-
-
법인세비용
7,732,715
3,145,325
나. 회사의 법인세비용차감전순이익에 대한 법인세비용과 적용세율을 사용하여 이론적으로 계산된 금액과의 차이는 다음과 같습니다.
(단위: 백만원)
법인세비용차감전순이익
36,533,552
14,725,074
적용세율에 따른 법인세비용(*)
8,841,119
3,563,468
조정사항
세무상 과세되지 않는 수익
(25,704)
(597,020)
세무상 차감되지 않는 비용
168,642
209,410
세액공제
(1,186,137)
(141,057)
기타
(65,205)
110,524
법인세비용
7,732,715
3,145,325
(*) 보고기간 종료일 현재 제정된 세법에서 규정한 법정세율을 적용하여 산정하였습니다.
다. 당기 및 전기 중 누적일시적차이 및 이연법인세자산(부채)의 증감내역은 다음과 같습니다.
(1) 당기
(단위: 백만원)
일시적차이로 인한 이연법인세
조세특례제한법상준비금
(368)
-
(368)
(89)
(12)
(101)
토지재평가
(3,444,254)
19,021
(3,425,233)
(833,510)
(108,429)
(941,939)
종속기업, 관계기업 및 공동기업 투자
(3,624,457)
(404,334)
(4,028,791)
(575,738)
(206,889)
(782,627)
감가상각누계액 등
42,672
169,789
212,461
10,326
48,101
58,427
미수수익
(235,889)
107,888
(128,001)
(57,085)
21,885
(35,200)
충당부채 및 미지급비용 등
7,667,914
(280,517)
7,387,397
1,855,635
175,889
2,031,524
외화평가조정
41,064
(233,233)
(192,169)
9,938
(62,784)
(52,846)
자산손상
971,181
418,362
1,389,543
235,026
147,098
382,124
퇴직급여
(1,814,995)
404,818
(1,410,177)
(439,229)
51,430
(387,799)
분할시투자주식평가증(*)
10,586,822
-
10,586,822
-
-
-
기타
(1,579,417)
2,045,941
466,524
(318,529)
527,447
208,918
소 계
8,610,273
2,247,735
10,858,008
(113,255)
593,736
480,481
세액공제로 인한 이연법인세
세액공제이월액
66,280
(33,646)
32,634
59,936
(27,302)
32,634
자본에 직접 가감하는 이연법인세
매도가능금융자산평가이익 등
(263,390)
29,703
(233,687)
(63,740)
(524)
(64,264)
순확정급여부채 재측정요소
939,248
(439,938)
499,310
227,298
(89,988)
137,310
소 계
675,858
(410,235)
265,623
163,558
(90,512)
73,046
계
586,161
(*) 과거 LCD 사업부문 분할로 인하여 교부받은 삼성디스플레이 투자주식에 대한 세무상 장부가액과 회계상 장부가액의 차이입니다. 보고기간 종료일 현재 회사는 향후 삼성디스플레이주식을 처분하지 않을 예정이므로, 동 투자주식의 차감할 일시적 차이가 예측가능한 미래에 소멸할 가능성이 높지 않을 것으로 보아 이연법인세자산을 인식하지 아니하였습니다.
(2) 전기
(단위: 백만원)
일시적차이로 인한 이연법인세
조세특례제한법상준비금
(7,368)
7,000
(368)
(1,783)
1,694
(89)
토지재평가
(3,455,958)
11,704
(3,444,254)
(836,342)
2,832
(833,510)
종속기업, 관계기업 및 공동기업 투자
(3,051,440)
(573,017)
(3,624,457)
(591,713)
15,975
(575,738)
감가상각누계액 등
48,262
(5,590)
42,672
11,679
(1,353)
10,326
미수수익
(243,034)
7,145
(235,889)
(58,814)
1,729
(57,085)
충당부채 및 미지급비용 등
8,257,353
(589,439)
7,667,914
1,998,279
(142,644)
1,855,635
외화평가조정
138,267
(97,203)
41,064
33,461
(23,523)
9,938
자산손상
402,244
568,937
971,181
97,343
137,683
235,026
퇴직급여
(2,304,845)
489,850
(1,814,995)
(557,772)
118,543
(439,229)
분할시투자주식평가증(*)
10,586,822
-
10,586,822
-
-
-
기타
1,553,459
(3,132,876)
(1,579,417)
443,657
(762,186)
(318,529)
소 계
11,923,762
(3,313,489)
8,610,273
537,995
(651,250)
(113,255)
세액공제로 인한 이연법인세
세액공제이월액
70,363
(4,083)
66,280
66,000
(6,064)
59,936
자본에 직접 가감하는 이연법인세
매도가능금융자산평가이익 등
(819,560)
556,170
(263,390)
(198,334)
134,594
(63,740)
순확정급여부채 재측정요소
1,901,826
(962,578)
939,248
460,242
(232,944)
227,298
소 계
1,082,266
(406,408)
675,858
261,908
(98,350)
163,558
계
110,239
(*) 과거 LCD 사업부문 분할로 인하여 교부받은 삼성디스플레이 투자주식에 대한 세무상 장부가액과 회계상 장부가액의 차이입니다. 보고기간 종료일 현재 회사는 향후 삼성디스플레이주식을 처분하지 않을 예정이므로, 동 투자주식의 차감할 일시적 차이가 예측가능한 미래에 소멸할 가능성이 높지 않을 것으로 보아 이연법인세자산을 인식하지 아니하였습니다.
라. 보고기간 종료일 현재 이연법인세자산 및 부채의 장단기 구분은 다음과 같습니다
(단위: 백만원)
12개월 이내에 결제될 이연법인세자산(부채)
1,199,449
1,482,209
12개월 이후에 결제될 이연법인세자산(부채)
(613,288)
(1,371,970)
계
586,161
110,239
29. 주당이익 :
가. 기본주당순이익 당기 및 전기 중 기본주당이익 산정내역은 다음과 같습니다. (1) 보통주
(단위: 백만원, 천주)
당기순이익
28,800,837
11,579,749
당기순이익 중 보통주 해당분
25,302,196
10,149,221
÷ 가중평균유통보통주식수
121,132
124,375
기본 보통주 주당이익(단위: 원)
208,881
81,602
(2) 우선주
(단위: 백만원, 천주)
당기순이익
28,800,837
11,579,749
당기순이익 중 우선주 해당분
3,498,641
1,430,528
÷ 가중평균유통우선주식수
16,893
17,692
기본 우선주 주당이익(단위: 원)
207,108
80,857
나. 희석주당순이익
회사가 보유하고 있는 희석성 잠재적보통주는 없으며, 당기 및 전기의 기본주당이익과 희석주당이익은 동일합니다.
30. 현금흐름표 :
가. 당기 및 전기 중 영업활동현금흐름의 조정내역 및 영업활동으로 인한 자산부채의 변동은 다음과 같습니다. - 조정내역
(단위: 백만원)
1. 법인세비용
7,732,715
3,145,325
2. 금융수익
(1,006,372)
(1,418,699)
3. 금융비용
935,742
1,056,546
4. 퇴직급여
641,891
813,704
5. 감가상각비
10,499,403
9,948,547
6. 무형자산상각비
1,086,298
1,143,430
7. 대손상각비(환입)
57,822
48,063
8. 배당금수익
(1,732,247)
(560,096)
9. 유형자산처분이익
(150,121)
(179,071)
10. 유형자산처분손실
15,994
23,098
11. 무형자산손상차손
134,026
449,297
12. 재고자산평가손실 등
63,009
1,231,576
13. 투자자산처분이익
(544,444)
(1,052,890)
14. 기타 수익, 비용
279,260
261,263
계
18,012,976
14,910,093
- 영업활동으로 인한 자산부채의 변동
(단위: 백만원)
1. 매출채권의 증가
(5,012,981)
(2,861,360)
2. 미수금의 감소(증가)
384,556
(214,730)
3. 선급금의 (증가)감소
(285,473)
277,917
4. 장단기선급비용의 감소(증가)
570,413
(128,505)
5. 재고자산의 증가
(1,898,309)
(774,684)
6. 매입채무의 증가
346,249
2,175,554
7. 장단기미지급금의 증가
159,839
1,846,464
8. 선수금의 증가
13,563
39,898
9. 예수금의 증가
111,212
47,750
10. 미지급비용의 증가
472,269
22,336
11. 충당부채의 증가(감소)
151,698
(2,094,578)
12. 퇴직금의 지급
(423,506)
(375,689)
13. 사외적립자산의
(증가)감소
(64,321)
28,149
14. 기타
11,449
423,100
계
(5,463,342)
(1,588,378)
나. 회사의 현금흐름표는 간접법에 의해 작성되었으며, 당기 및 전기 중 현금의 유입과 유출이 없는 주요한 거래는 다음과 같습니다.
(단위: 백만원)
매도가능금융자산평가
(29,703)
(493,374)
유형자산의 본계정 대체
27,887,298
6,510,128
현금흐름 없는 물적분할대가
-
218,370
매도가능금융자산의 종속기업, 관계기업 및 공 동기업 투자 대체
-
1,734,203
종속기업, 관계기업 및 공동기업 투자의 매각예정분류자산 대체
-
400,965
다. 회사는 거래가 빈번하며 총금액이 크고 단기간에 만기가 도래하는 단기금융상품 및 단기차입금으로 인한 현금의 유입과 유출항목을 순증감액으로 기재하였습니다. 라. 당기 중 재무활동현금흐름에서 생기는 부채의 조정내역은 다음과 같습니다.
(단위: 백만원)
단기차입금
9,061,167
3,300,611
-
(132,077)
12,229,701
사채
64,396
(6,043)
311
(6,655)
52,009
계
9,125,563
3,294,568
311
(138,732)
12,281,710
(*) 환율변동에 의한 증감액 등을 포함하고 있습니다.
31. 재무위험관리 :
회사의 재무위험관리는 영업활동에서 파생되는 시장위험, 신용위험 및 유동성 위험을 최소화하는데 중점을 두고 있습니다. 회사는 이를 위하여 각각의 위험요인에 대해면밀하게 모니터링하고 대응하는 재무위험관리정책 및 프로그램을 운용하고 있습니다. 재무위험관리는 재경팀이 주관하고 있으며, 사업부, 국내외 종속기업과의 공조 하에주기적으로 재무위험의 측정, 평가 및 헷지 등을 실행하고 글로벌 재무위험관리정책을 수립하여 운영하고 있습니다. 또한, 회사는
해외 주요 권역별로(미국, 영국, 싱가포르, 중국, 브라질, 러시아) 지역 금융센터를 운영하여 글로벌 재무위험을 관리하고 있습니다.
회사의 재무위험관리의 주요 대상인 금융자산은 현금및현금성자산, 단기금융상품, 매도가능금융자산, 매출채권 및 기타채권 등으로 구성되어 있으며, 금융부채는 매입채무, 차입금, 사채 및 기타채무 등으로 구성되어 있습니다.
가. 시장위험
(1) 환율변동위험
회사는 글로벌 영업활동을 수행함에 따라 기능통화와 다른 외화 수입, 지출이 발생하고 있습니다. 이로 인해 환율변동위험에 노출되는 환포지션의 주요 통화로는 USD, EUR, JPY, INR 등이 있습니다. 회사는 영업활동에서 발생하는 환위험의 최소화를 위하여 수출입 등의 경상거래 및 예금, 차입 등의 자금거래시 현지통화로 거래하거나 입금 및 지출 통화를 일치시키는것을 원칙으로 함으로써 환포지션 발생을 최대한 억제하고 있습니다. 회사의 환위험관리 규정에서는 환위험의 정의, 측정주기, 관리주체, 관리절차, 헷지 기간, 헷지 비율 등을 정의하고 있습니다.
회사는 투기적 외환거래는 금지하고 있으며, 글로벌 환관리 시스템을 구축하여 각 개별회사의 환위험을 주기적으로 모니터링, 평가 및 관리하고 있습니다.
보고기간 종료일 현재
주요 외화에 대한 환
율
5% 변동을 가정한
외화금융자산 및 외화금융부채의 환율변동위험은 다음과 같습니다.
(단위: 백만원)
USD
8,221
(8,221)
4,193
(4,193)
EUR
19,560
(19,560)
33,367
(33,367)
JPY
1,134
(1,134)
2,250
(2,250)
INR
77,966
(77,966)
38,861
(38,861)
(2) 주가변동위험
회사는 전략적 목적 등으로 매도가능금융자산으로 분류된 지분증권에 투자하고 있습니다. 이를 위하여 직접적 또는 간접적 투자수단을 이용하고 있습니다.
당기말 및 전기말 현재 지분증권(상장주식)의 주가가 약 1% 변동할 경우 당기 및 전기 기타포괄손익(법인세효과 반영 전)의 변동금액은 각
각
8,727
백만
원 및
7,977
백만원입니다.
(3) 이자율변동위험
변동금리부 금융상품의 이자율 변동위험은
시
장
금리 변동으로 인한 재무상태표 항목의 가치변동(공정가치) 위험과 투자 및 재무활동으로부터 발생하는 이자수익, 비용의현금흐름이 변동될 위험으로 정의할 수 있습니다. 이러한 회사의 이자율 변동위험은 주로 예금 및 변동금리부 차입금에서 비롯되며, 회사는 이자율 변동으로 인한 불확실성과 금융비용의 최소화를 위한 정책을 수립 및 운용하고 있습니다.
회사는 지역 및 글로벌 자금 공유 체제를 구축하여 외부차입을 최소화함으로써 이자율변동위험의 발생을 제한하고 있으며, 주기적인 금리동향 모니터링 및 대응방안 수립을 통해 이자율 위험을 관리하고 있습니다.
나. 신용위험
신용위험은 통상적인 거래 및 투자활동에서 발생하며 고객 또는 거래상대방이 계약조건상 의무사항을 지키지 못하였을 때 발생합니다. 이러한 신용위험을 관리하기 위하
여 고객과 거래상대방의 재무상태와 과거 경험 및 기타 요소들을 고려하여 주기적으로 재무신용도를 평가하고 있으며 고객과 거래상대방 각각에 대한 신용한도를 설정, 관리하고 있습니다.
그리고 위험국가에 소재한 거래선의 매출채권은 보험한도내에서 적절하게 위험 관리되고 있습니다.
신용위험은 금융기관과의 거래에서도 발생할 수 있으며 해당거래는 현금 및 현금성자산, 각종 예금 그리고 파생금융상품 등의 금융상품 거래를 포함합니다. 이러한 위험을 줄이기 위해, 회사는 국제 신용등급이 높은 은행들(S&P A등급 이상)에 대해서만 거래를 하는 것을 원칙으로 하고 있으며, 기존에 거래가 없는 금융기관과의 신규 거래는 재경팀의 승인, 관리, 감독 하에 이루어지고 있습니다. 회사가 체결하는 금융계약은 부채비율 제한 조항, 담보제공, 차입금 회수 등의 제약조건이 없는 계약을 위주로 체결하고 있으며, 기타의 경우 별도의 승인을 받아 거래하도록 되어 있습니다.
당기말 및 전기말 현재 회사의 금융자산 장부금액은 손상차손 차감 후 금액으로 회사의 신용위험 최대노출액을 나타내고 있습니다.
다. 유동성 위험
회사는 대규모 투자가 많은 사업의 특성상 적정 유동성의 유지가 매우 중요합니다. 회사는 주기적인 자금수지 예측, 필요 현금수준 추정 및 수입, 지출 관리 등을 통하여 적정 유동성을 유지, 관리하고 있습니다. 이와는 별도로 유동성 위험에 대비하여 회사는 무역금융 및 당좌차월 한도를 확보하고 있습니다. 또한, 대규모 시설투자의 경우에는 내부유보 자금의 활용이나 장기차입을 통하여 조달기간을 대응시켜 유동성 위험을 최소화하고 있습니다.
보고기간 종료일 현재 금융부채에 대하여 보고기간 종료일로부터 계약만기일까지의 잔여만기에 따라 만기별로 구분된 유동성은 다음과 같습니다.
(1) 당기말
(단위: 백만원)
금융부채
30,508,538
615,721
540,620
1,322,675
366,651
(2) 전기말
(단위: 백만원)
금융부채
28,516,489
222,095
44,130
2,632,297
46,683
위의 분석에 포함된 금융부채는 보고기간 종료일로부터 계약 만기일까지의 잔여기간에 따라 만기별로 구분되었습니다. 계약 만기일까지의 잔여기간에 따른 만기별 구분에 포함된 현금흐름은 현재가치 할인을 하지 않은 금액입니다.
상기 금융부채 외 종속기업 지급보증 및 이행보증 등으로 노출된 유동성 위험의 최대금액은
8,915,428
백만
원
(전기:
11,410,127
백만원
)입니다.
라. 자본위험관리
회사의 자본관리목적은 건전한 자본구조를 유지하는 데 있습니다. 회사는 자본관리지표로 부채비율을 이용하고 있으며 이 비율은 총부채를 총자본으로 나누어 산출하고 있으며 총부채 및 총자본은 재무제표의 금액을 기준으로 계산합니다.
회사의 자본위험관리 정책은 전기와 동일하며 보고기간 종료일 현재 회사는
S&P로부터 AA-, Moody's로부터 A1 평가등급을 받고
있습니다.
보고기간 종료일 현재 부채비율은 다음과 같습니다.
(단위: 백만원)
부 채
46,671,585
37,256,197
자 본
151,569,775
137,546,762
부채비율
30.8%
27.1%
마. 공정가치 측정 (1) 보고기간 종료일 현재 금융상품의 장부금액과 공정가치는 다음과 같습니다.
(단위: 백만원)
금융자산
현금및현금성자산
2,763,768
(*1)
3,778,371
(*1)
단기금융상품
25,510,064
(*1)
30,170,656
(*1)
매출채권
27,881,777
(*1)
23,514,012
(*1)
장기매도가능금융자산(*2)
973,353
895,670
913,989
821,478
기타(*3)
3,623,263
(*3)
3,416,654
361,226
소계
60,752,225
61,793,682
금융부채
매입채무
6,398,629
(*1)
6,162,650
(*1)
단기차입금
12,229,701
(*1)
9,061,167
(*1)
미지급금
9,465,685
(*1)
7,519,413
(*1)
유동성장기부채
5,201
(*1)
5,854
(*1)
사채
46,808
61,943
58,542
76,129
장기미지급금
1,537,329
(*1)
2,585,366
2,587,619
기타
3,549,549
(*1)
6,037,993
(*1)
소계
33,232,902
31,430,985
(*1) 장부금액이 공정가치의 합리적인 근사치이므로 공정가치 공시에서 제외하였습니다. (*2) 추정 현금흐름의 편차가 유의적이고 다양한 추정치의 발생확률 및 적용할 할인율을 신뢰성 있게 산정할 수 없어 당기에 취득원가로 평가하여 공정가치 공시에서 제외한 금액은
77,683
백만원(전기: 92,511백만원)입
니다. (*3) 보고기간 종료일 현재 장부금액이 공정가치의 합리적 근사치이므로 공정가치 공시에서 제외한 금액은
3,623,263
백만원
(전기: 3,004,318백만원)입니다.
(2) 보고기간 종료일 현재 공정가치로 측정 및 공시되는 금융상품의 공정가치 서열체계에 따른 수준별 공시는 다음과 같습니다.
(단위: 백만원)
(1) 자 산
장기매도가능금융자산
872,749
-
22,921
895,670
(2) 부 채
사채
-
61,943
-
61,943
(단위: 백만원)
(1) 자 산
장기매도가능금융자산
797,693
-
23,785
821,478
기타
-
361,226
-
361,226
(2) 부 채
사채
-
76,129
-
76,129
장기미지급금
-
2,587,619
-
2,587,619
공정가치 측정의 투입변수 특징에 따른 공정가치 서열체계는 다음과 같습니다. ㆍLevel 1 : 동일한 자산이나 부채에 대한 시장 공시가격 ㆍLevel 2 : 시장에서 관측가능한 투입변수를 활용한 공정가치 (단, Level 1에 포함된 공시가격은 제외) ㆍLevel 3 : 관측가능하지 않은 투입변수를 활용한 공정가치
활성시장에서 거래되는 금융상품의 공정가치는 보고기간 종료일 현재 고시되는 시장가격에 기초하여 산정됩니다. 거래소, 판매자, 중개인, 산업집단, 평가기관 또는 감독기관을 통해 공시가격이 용이하게 그리고 정기적으로 이용가능하고, 그러한 가격이 독립된 당사자 사이에서 정기적으로 발생한 실제 시장거래를 나타낸다면, 이를 활성시장으로 간주하며, 이러한 상품들은 Level 1에 포함됩니다. Level 1에 포함된 상품들은 대부분 매도가능으로 분류된 상장주식으로 구성됩니다.
활성시장에서 거래되지 아니하는 금융상품의 공정가치는 평가기법을 사용하여 결정하고 있습니다. 이러한 평가기법은 가능한 한 관측가능한 시장정보를 최대한 사용하고 기업고유정보는 최소한으로 사용합니다. 이때, 해당 상품의 공정가치 측정에 요구되는 모든 유의적인 투입변수가 관측가능하다면 해당 상품은 Level 2에 포함됩니다.
만약 하나 이상의 유의적인 투입변수가 관측가능한 시장정보에 기초한 것이 아니라면 해당 상품은 Level 3에 포함됩니다.
회사는 Level 3로 분류되는 공정가치 측정을 포함하여 재무보고 목적의 공정가치를 측정하고 있습니다. 재무보고 일정에 맞추어 공정가치 평가과정 및 그 결과에 대해 협의하고 있고, 공정가치 Level 간 이동을 발생시키는 사건이나 상황의 변동이 일어난 보고기간 종료일에 Level 변동을 인식하고 있습니다.
금융상품의 공정가치를 측정하는 데에 사용되는 평가기법에는 다음이 포함됩니다.
- 유사한 상품의 공시시장가격 또는 딜러가격
- 파생상품의 공정가치는 보고기간 종료일 현재의 선도환율 등을 사용하여 해당 금액을 현재가치로 할인하여 측정
나머지 금융상품에 대해서는 현금흐름의 할인기법 등의 기타 기법을 사용합니다. 유동자산으로 분류된 매출채권 및 기타채권의 경우 장부가액을 공정가치의 합리적인 근사치로 추정하고 있습니다.
(3) 가치평가기법 및 투입변수
가. 회사는 공정가치 서열체계에서 Level 2로 분류되는 회사채, 국공채, 금융채 등에 대하여 미래현금흐름을 적정이자율로 할인하는 현재가치법을 사용하고 있습니다.
나. Level 3로 분류된 주요 금융상품에 대하여 사용된 가치평가기법과 투입변수는
다음과 같습니다.
(단위 : 백만원)
말타니
15,137
현금흐름할인법
영구성장률
-1.00%~1.00%(0%)
가중평균자본비용
7.69%~9.69%(8.69%)
삼성벤처투자
7,784
현금흐름할인법
영구성장률
-1.00%~1.00%(0%)
가중평균자본비용
19.56%~21.56%(20.56%)
(4) Level 3에 해당하는 금융상품의 변동내역
(단위: 백만원)
기초잔액
23,785
88,213
기타포괄손익으로 인식된 손익
(864)
718
기타
-
(65,146)
기말잔액
22,921
23,785
(5) Level 3로 분류된 반복적인 공정가치 측정치의 민감도분석 금융상품의 민감도분석은 통계적 기법을 이용한 관측 불가능한 투입변수의 변동에 따른 금융상품의 가치 변동에 기초하여 유리한 변동과 불리한 변동으로 구분하여 이루어집니다. 그리고 공정가치가 두 개 이상의 투입변수에 영향을 받는 경우에는 가장 유리하거나 또는 가장 불리한 금액을 바탕으로 산출됩니다. 민감도 분석 대상인 Level 3으로 분류되는 각 상품별 투입변수의 변동에 따른
기타포괄손익효과(법인세효과 반영 전)에 대한
민감도분석 결과는 다음과 같습니다
.
(단
위 : 백만원)
장기
매도가능금융자산(*)
-
4,798
-
(3,142)
(*) 지분증권은 주요 관측불가능한 투입변수인 성장률(-1%~1%)과 할인
율 사이의 상관관계를 증가 또는 감소시킴으로써 공정가치 변동을 산출하고 있습니다
.
32. 특수관계자와의 거래 :
가. 지배, 종속관계
보고기간 종료일 현재 회사의 종속기업은 다음과 같습니다.
국내
삼성디스플레이
디스플레이 생산 및 판매
84.8
에스유머티리얼스
디스플레이 부품 생산
50.0
스테코
반도체 부품생산
70.0
세메스
반도체/FPD제조장비 생산
91.5
삼성전자서비스
전자제품 수리서비스
99.3
삼성전자판매
전자제품 판매
100.0
삼성전자로지텍
종합물류대행
100.0
삼성메디슨
의료기기
68.5
SVIC 21호 신기술투자조합
신기술사업자, 벤처기업 투자
99.0
SVIC 22호 신기술투자조합
신기술사업자, 벤처기업 투자
99.0
SVIC 23호 신기술투자조합
신기술사업자, 벤처기업 투자
99.0
SVIC 26호 신기술투자조합
신기술사업자, 벤처기업 투자
99.0
SVIC 27호 신기술투자조합
신기술사업자, 벤처기업 투자
99.0
SVIC 28호 신기술투자조합
신기술사업자, 벤처기업 투자
99.0
SVIC 29호 신기술투자조합
신기술사업자, 벤처기업 투자
99.0
SVIC 32호 신기술투자조합
신기술사업자, 벤처기업 투자
99.0
SVIC 33호 신기술투자조합
신기술사업자, 벤처기업 투자
99.0
SVIC 37호 신기술투자조합
신기술사업자, 벤처기업 투자
99.0
미래로시스템
반도체 공정불량 및 품질관리 소프트웨어 개발 및 공급
99.9
반도체성장 전문투자형 사모 투자신탁
반도체산업 투자
66.7
하만인터내셔널코리아
소프트웨어 개발 및 공급 등
100.0
레드벤드소프트웨어코리아
소프트웨어 개발 및 공급
100.0
(*) 종속기업 보유 지분율을 포함한 의결권 있는 주식 기준입니다.
미주
Samsung Electronics America(SEA)
전자제품 판매
100.0
NexusDX(Nexus)
의료기기
100.0
NeuroLogica
의료기기
100.0
Samsung Semiconductor(SSI)
반도체/디스플레이 판매
100.0
Samsung Electronics Canada(SECA)
전자제품 판매
100.0
Samsung Research America(SRA)
R&D
100.0
Samsung Mexicana(SAMEX)
전자제품 생산
100.0
Samsung International(SII)
TV/모니터 생산
100.0
Samsung Austin Semiconductor(SAS)
반도체 생산
100.0
Samsung Electronics Mexico(SEM)
전자제품 판매
99.9
SEMES America(SEMESA)
반도체 장비
100.0
Samsung Electronics Digital Appliance Mexico(SEDAM)
전자제품 생산
99.9
Samsung Electronics Latinoamerica Miami(SEMI)
전자제품 판매
100.0
Samsung Electronics Latinoamerica(SELA)
전자제품 판매
100.0
Samsung Electronics Venezuela(SEVEN)
마케팅 및 서비스
100.0
Samsung Electronica Colombia(SAMCOL)
전자제품 판매
100.0
Samsung Electronics Panama(SEPA)
컨설팅
100.0
Samsung Electronica da Amazonia(SEDA)
전자제품 생산 및 판매
100.0
Samsung Electronics Argentina(SEASA)
마케팅 및 서비스
100.0
Samsung Electronics Chile(SECH)
전자제품 판매
100.0
Samsung Electronics Peru(SEPR)
전자제품 판매
100.0
RT SV CO-INVEST(RT-SV)
벤처기업 투자
99.9
Samsung HVAC(구 Quietside)
에어컨공조 판매
100.0
SmartThings
스마트홈기기 판매
100.0
Samsung Pay
모바일 결제 개발 및 서비스
100.0
Prismview
LED 디스플레이 생산 및 판매
100.0
Beijing Integrated Circuit Industry International Fund (Beijing Fund)
벤처기업 투자
61.4
Stellus Technologies
반도체 시스템 생산 및 판매
100.0
Samsung Oak Holdings(SHI)
Holding Company
100.0
AdGear Technologies
디지털광고 플랫폼
100.0
Joyent
클라우드 서비스
100.0
(*) 종속기업 보유 지분율을 포함한 의결권 있는 주식 기준입니다.
미주
Samsung Next
Holding Company
100.0
Samsung Next Fund
신기술사업자, 벤처기업 투자
100.0
Dacor Holdings
Holding Company
100.0
Dacor
가전제품
생산 및 판매
100.0
Dacor Canada
가전제품
판매
100.0
EverythingDacor.com
가전제품
판매
100.0
Distinctive Appliances of California
가전제품
판매
100.0
Viv Labs
인공지능관련 신기술 연구
100.0
SigMast Communications (구 NewNet Communication Technologies (Canada))
RCS (Rich Communication Service)
100.0
AMX Holding Corporation
Holding Company
100.0
AMX LLC
Holding Company
100.0
Harman Becker Automotive Systems
오디오제품 생산, 판매, R&D
100.0
Harman Connected Services Engineering
Connected Service Provider
100.0
Harman Connected Services Holding
Connected Service Provider
100.0
Harman Connected Services, Inc.
Connected Service Provider
100.0
Harman Connected Services South America
Connected Service Provider
100.0
Harman da Amazonia Industria Electronica e Participacoes
오디오제품 생산, 판매
100.0
Harman de Mexico S. de R.L.
de C.V.
오디오제품 생산
100.0
Harman do Brasil Industria Electronica e Participacoes.
오디오제품 판매, R&D
100.0
Harman Financial Group
Management Company
100.0
Harman International Industries Canada
오디오제품 판매
100.0
Harman International Industries, Inc.
Holding Company
100.0
Harman International Mexico S de RL de CV
오디오제품 판매
100.0
Harman Investment Group, LLC
Financing Company
100.0
Harman KG Holding, LLC
Holding Company
100.0
Harman Professional
오디오제품 판매, R&D
100.0
Red Bend Software
소프트웨어 디자인
100.0
S1NN USA
R&D
100.0
Southern Vision Systems
영상 감지 장치 개발
100.0
Triple Play Integration
Connected Service Provider
100.0
Samsung Electronics Home Appliances America(SEHA)
가전제품 생산
100.0
China Materialia
벤처기업 투자
98.0
(*) 종속기업 보유 지분율을 포함한 의결권 있는 주식 기준입니다.
유럽/CIS
Samsung Electronics (UK)(SEUK)
전자제품 판매
100.0
Samsung Electronics Holding(SEHG)
Holding Company
100.0
Samsung Semiconductor Europe GmbH(SSEG)
반도체/디스플레이 판매
100.0
Samsung Electronics GmbH(SEG)
전자제품 판매
100.0
Samsung Electronics Iberia(SESA)
전자제품 판매
100.0
Samsung Electronics France(SEF)
전자제품 판매
100.0
Samsung Electronics Hungarian(SEH)
전자제품 생산 및 판매
100.0
Samsung Electronics Czech and Slovak(SECZ)
전자제품 판매
100.0
Samsung Electronics Italia(SEI)
전자제품 판매
100.0
Samsung Electronics Europe Logistics(SELS)
물류
100.0
Samsung Electronics Benelux(SEBN)
전자제품 판매
100.0
Samsung Display Slovakia(SDSK)
디스플레이 임가공
100.0
Samsung Electronics Romania(SEROM)
전자제품 판매
100.0
Samsung Electronics Overseas(SEO)
전자제품 판매
100.0
Samsung Electronics Polska(SEPOL)
전자제품 판매
100.0
Samsung Electronics Portuguesa(SEP)
전자제품 판매
100.0
Samsung Electronics Nordic(SENA)
전자제품 판매
100.0
Samsung Semiconductor Europe(SSEL)
반도체/디스플레이 판매
100.0
Samsung Electronics Austria(SEAG)
전자제품 판매
100.0
Samsung Electronics Slovakia(SESK)
TV/모니터 생산
100.0
Samsung Electronics Europe Holding(SEEH)
Holding Company
100.0
Samsung Electronics Poland Manufacturing(SEPM)
가전제품 생산
100.0
Samsung Electronics Greece(SEGR)
전자제품 판매
100.0
Samsung Nanoradio Design Center(SNDC)
R&D
100.0
Samsung Electronics Air Conditioner Europe B.V.(SEACE)
에어컨공조 판매
100.0
Samsung Electronics Rus Company(SERC)
전자제품 판매
100.0
Samsung Electronics Baltics(SEB)
전자제품 판매
100.0
Samsung Electronics Ukraine Company(SEUC)
전자제품 판매
100.0
Samsung R&D Institute Rus(SRR)
R&D
100.0
Samsung Electronics Central Eurasia(SECE)
전자제품 판매
100.0
Samsung Electronics Rus Kaluga(SERK)
TV 생산
100.0
Samsung Electronics(London) Limited(SEL)
Holding Company
100.0
Samsung Denmark Research Center(SDRC)
R&D
100.0
Samsung France Research Center(SFRC)
R&D
100.0
Samsung Cambridge Solution Centre(SCSC)
R&D
100.0
Samsung Electronics Switzerland GmbH(SESG)
전자제품 판매
100.0
(*) 종속기업 보유 지분율을 포함한 의결권 있는 주식 기준입니다.
유럽/CIS
Samsung Electronics Caucasus(SECC)
마케팅
100.0
Joyent(UK)
클라우드 서비스
100.0
Harman Connected Services OOO
Connected Service Provider
100.0
Harman RUS CIS LLC
오디오제품 판매
100.0
Aditi Technologies Europe
오디오제품 판매 등
100.0
AKG Acoustics
오디오제품 생산, 판매
100.0
AMX (Germany)
오디오제품 판매
100.0
AMX UK
오디오제품 판매
100.0
Duran Audio B.V.
오디오제품 판매, R&D
100.0
Duran Audio Iberia Espana
오디오제품 판매
100.0
Endeleo
오디오제품 판매, R&D
100.0
Harman Automotive UK
오디오제품 생산
100.0
Harman Becker Automotive Systems (Germany)
오디오제품 생산, 판매, R&D
100.0
Harman Becker Automotive Systems Italy
오디오제품 판매
100.0
Harman Becker Automotive Systems Manufacturing Kft
오디오제품 생산, R&D
100.0
Harman Belgium
오디오제품 판매
100.0
Harman Connected Services AB.
Connected Service Provider
100.0
Harman Connected Services Finland OY
Connected Service Provider
100.0
Harman Connected Services (Germany)
Connected Service Provider
100.0
Harman Connected Services
Connected Service Provider
100.0
Harman Connected Services Poland Sp.zoo
Connected Service Provider
100.0
Harman Connected Services UK
Connected Service Provider
100.0
Harman Consumer Division Nordic A/S
오디오제품 판매
100.0
Harman Consumer Finland OY
오디오제품 판매
100.0
Harman Consumer Nederland B.V.
오디오제품 판매
100.0
Harman Deutschland
오디오제품 판매
100.0
Harman Finance International GP S.a.r.l
Holding Company
100.0
Harman Finance International SCA
Financing Company
100.0
Harman France SNC
오디오제품 판매
100.0
Harman Holding & Co. KG
Management Company
100.0
Harman Hungary Financing
Financing Company
100.0
Harman Inc. & Co. KG
Holding Company
100.0
Harman International Estonia OU
R&D
100.0
(*) 종속기업 보유 지분율을 포함한 의결권 있는 주식 기준입니다.
유럽/CIS
Harman International Industries (UK)
오디오제품 판매 등
100.0
Harman International Romania SRL
R&D
100.0
Harman International s.r.o
오디오제품 생산
100.0
Harman International SNC
오디오제품 판매
100.0
Harman Management
Holding Company
100.0
Harman Professional Kft
오디오제품 생산, R&D
100.0
Inspiration Matters
오디오제품 판매, R&D
100.0
Knight Image
오디오제품 판매, R&D
100.0
Martin Manufacturing (UK)
오디오제품 생산
100.0
Harman Professional Denmark ApS (구 Martin Professional ApS)
오디오제품 판매, R&D
100.0
Harman Professional France SAS (구 Martin Professional France)
오디오제품 판매
100.0
Harman Professional Germany GmbH (구 Martin Professional GmbH)
오디오제품 판매
100.0
R&D International
오디오제품 생산
100.0
Red Bend Software (UK)
소프트웨어 디자인
100.0
Red Bend Software
SAS
소프트웨어 디자인
100.0
Studer Professional Audio
오디오제품 판매, R&D
100.0
Innoetics E.P.E.
소프트웨어 개발
100.0
ARCAM
Holding Company
100.0
A&R Cambridge
오디오제품 판매
100.0
(*) 종속기업 보유 지분율을 포함한 의결권 있는 주식 기준입니다.
중동 및 아프리카
Samsung Electronics West Africa(SEWA)
마케팅
100.0
Samsung Electronics East Africa(SEEA)
마케팅
100.0
Samsung Gulf Electronics(SGE)
전자제품 판매
100.0
Samsung Electronics Egypt(SEEG)
전자제품 생산 및 판매
100.0
Samsung Electronics Israel(SEIL)
마케팅
100.0
Samsung Electronics Tunisia(SETN)
마케팅
100.0
Samsung Electronics Pakistan(SEPAK)
마케팅
100.0
Samsung Electronics South Africa(SSA)
전자제품 판매
100.0
Samsung Electronics Turkey(SETK)
전자제품 판매
100.0
Samsung Semiconductor Israel R&D Center(SIRC)
R&D
100.0
Samsung Electronics Levant(SELV)
전자제품 판매
100.0
Samsung Electronics Maghreb Arab(SEMAG)
전자제품 판매
100.0
Samsung Electronics South Africa Production(SSAP)
TV/모니터 생산
100.0
Broadsense
서비스
100.0
Global Symphony Technology Group
Holding Company
100.0
Harman Connected Services Morocco
Connected Service Provider
100.0
Harman Industries Holdings Mauritius
Holding Company
100.0
iOnRoad
R&D
100.0
iOnRoad Technologies
R&D
100.0
Red Bend
오디오제품 생산
100.0
TowerSec (Israel)
R&D
100.0
(*) 종속기업 보유 지분율을 포함한 의결권 있는 주식 기준입니다.
아시아 (중국제외)
Samsung Japan(SJC)
전자제품 판매
100.0
Samsung R&D Institute Japan(SRJ)
R&D
100.0
Samsung Electronics Japan(SEJ)
전자제품 판매
100.0
Samsung Electronics Display (M)(SDMA)
전자제품 생산
100.0
Samsung Electronics (M)(SEMA)
가전제품 생산
100.0
Samsung Vina Electronics(SAVINA)
전자제품 판매
100.0
Samsung Asia Private(SAPL)
전자제품 판매
100.0
Samsung India Electronics(SIEL)
전자제품 생산 및 판매
100.0
Samsung R&D Institute India-Bangalore(SRI-B)
R&D
100.0
Samsung Nepal Services(SNSL)
서비스
100.0
Samsung Electronics Australia(SEAU)
전자제품 판매
100.0
Samsung Electronics Indonesia(SEIN)
전자제품 생산 및 판매
100.0
Samsung Telecommunications Indonesia(STIN)
전자제품 판매 및 서비스
100.0
Thai Samsung Electronics(TSE)
전자제품 생산 및 판매
91.8
Samsung Electronics Philippines(SEPCO)
전자제품 판매
100.0
Samsung Malaysia Electronics(SME)
전자제품 판매
100.0
Samsung R&D Institute Bangladesh(SRBD)
R&D
100.0
Samsung Electronics Vietnam(SEV)
전자제품 생산
100.0
Samsung Electronics Vietnam THAINGUYEN(SEVT)
통신제품 생산 및 판매
100.0
Samsung Medison India(SMIN)
의료기기
100.0
Samsung Electronics New Zealand(SENZ)
전자제품 판매
100.0
Samsung Display Vietnam(SDV)
디스플레이 생산
100.0
Samsung Electronics HCMC CE Complex(SEHC)
전자제품 생산 및 판매
100.0
Laos Samsung Electronics Sole(LSE)
마케팅
100.0
AMX Products and Solutions Private
오디오제품 판매
100.0
Harman Connected Services India
Connected Service Provider
100.0
Harman Connected Services Technologies
Connected Service Provider
100.0
Harman International (India) Private
오디오제품 판매, R&D
100.0
Harman International Industries PTY
Holding Company
100.0
Harman International Singapore
오디오제품 판매
100.0
Harman Malaysia Sdn. Bhd.
오디오제품 판매
100.0
Harman Professional Singapore Pte.
오디오제품 판매
100.0
INSP India Software Development Pvt.
소프트웨어 개발 및 공급
100.0
Martin Professional Pte.
오디오제품 판매
100.0
(*) 종속기업 보유 지분율을 포함한 의결권 있는 주식 기준입니다.
아시아 (중국제외)
Harman Connected Services Japan
Connected Service Provider
100.0
Harman International Japan
오디오제품 판매, R&D
100.0
Red Bend Software
Japan
소프트웨어 디자인
100.0
Studer Japan
Holding Company
100.0
중국
Samsung Display Dongguan(SDD)
디스플레이 생산
100.0
Samsung Display Tianjin(SDT)
디스플레이 생산
95.0
Samsung Electronics Hong Kong(SEHK)
전자제품 판매
100.0
Suzhou Samsung Electronics(SSEC)
가전제품 생산
88.3
Samsung Suzhou Electronics Export(SSEC-E)
가전제품 생산
100.0
Samsung (China) Investment(SCIC)
전자제품 판매
100.0
Samsung Mobile R&D Center China-Guangzhou (SRC-Guangzhou)
R&D
100.0
Samsung Tianjin Mobile Development Center(STMC)
R&D
100.0
Samsung R&D Institute China-Shenzhen (SRC-Shenzhen)
R&D
100.0
Samsung Electronics Suzhou Semiconductor(SESS)
반도체 임가공
100.0
Samsung Electronics Huizhou(SEHZ)
전자제품 생산
99.9
Tianjin Samsung Electronics(TSEC)
TV/모니터 생산
91.2
Samsung Electronics Taiwan(SET)
전자제품 판매
100.0
Beijing Samsung Telecom R&D Center(BST)
R&D
100.0
Tianjin Samsung Telecom Technology(TSTC)
통신제품 생산
90.0
Shanghai Samsung Semiconductor(SSS)
반도체/디스플레이 판매
100.0
Samsung Electronics Suzhou Computer(SESC)
전자제품 생산
100.0
Samsung Suzhou Module(SSM)
디스플레이 임가공
100.0
Samsung Suzhou LCD(SSL)
디스플레이 생산
60.0
Shenzhen Samsung Electronics Telecommunication (SSET)
통신제품 생산
95.0
Samsung Semiconductor (China) R&D(SSCR)
R&D
100.0
Samsung Electronics China R&D Center(SCRC)
R&D
100.0
Samsung (China) Semiconductor(SCS)
반도체 생산
100.0
Samsung Electronics (Beijing) Service(SBSC)
서비스
100.0
(*) 종속기업 보유 지분율을 포함한 의결권 있는 주식 기준입니다.
중국
Tianjin Samsung LED(TSLED)
LED 생산
100.0
SEMES (Xian)
반도체 장비
100.0
Samsung Semiconductor Xian(SSCX)
반도체/디스플레이 판매
100.0
Harman (China) Technologies
오디오제품 생산
100.0
Harman (Suzhou) Audio and Infotainment Systems
오디오제품 판매
100.0
Harman Automotive Electronic Systems (Suzhou)
오디오제품 생산, R&D
100.0
Harman Commercial (Shanghai)
오디오제품 판매
100.0
Harman Connected Services Taiwan
Connected Service Provider
100.0
Harman Holding
오디오제품 판매
100.0
Harman International (China) Holdings
오디오제품 판매, R&D
100.0
Harman Automotive Info
T
ech (Dalian) (구 Harman NeusoftAutomotive Infotech (Dalian))
소프트웨어 개발 및 공급
100.0
Harman Technology (Shenzhen)
오디오제품 판매, R&D
100.0
Harman Connected Services
Solutions (Beijing)
Connected Service Provider
100.0
Harman Connected Services
Solutions (Chengdu)
Connected Service Provider
100.0
(*) 종속기업 보유 지분율을 포함한 의결권 있는 주식 기준입니다.
나. 매출ㆍ매입 등 거래 내역
당기 및 전기 중 특수관계자와의 거래내역은 다음과 같습니다. (1) 당기
(단위: 백만원)
종속기업
삼성디스플레이
278,032
79
1,098,062
41
Samsung Electronics America(SEA)
27,246,032
-
174,849
-
Harman International Industries, Inc.(*2)
-
-
16,157
-
Samsung (China) Investment(SCIC)
304,640
-
7,393
-
Samsung Display Vietnam(SDV)
1,195,236
-
-
-
Samsung Semiconductor(SSI)
24,779,232
-
412,473
-
Samsung Electronics Vietnam THAINGUYEN(SEVT)
4,767,103
535
14,008,235
287
Samsung Electronics Vietnam(SEV)
3,395,513
3,723
9,627,343
1,210
Samsung Electronics Europe Holding(SEEH)
-
-
-
-
Samsung (China) Semiconductor(SCS)
359,197
27,005
4,513,168
30,803
Samsung Electronics Huizhou(SEHZ)
1,858,320
19
10,607,639
261
Samsung India Electronics(SIEL)
3,159,903
-
188,076
-
Samsung Asia Private(SAPL)
1,815,733
-
17,867
-
Samsung Electronica da Amazonia(SEDA)
1,351,802
203
11,002
-
Shanghai Samsung Semiconductor(SSS)
17,175,980
-
-
-
Samsung Austin Semiconductor(SAS)
557
67,379
3,473,547
4,495
Thai Samsung Electronics(TSE)
1,873,213
928
2,031,006
-
Samsung Electronics Slovakia(SESK)
870,500
325
3,063
179
Samsung Suzhou LCD(SSL)
35,818
-
-
-
Samsung Electronics Europe Logistics(SELS)
3,109,695
-
16,326
-
Samsung Electronics Hungarian(SEH)
288,328
368
1,437
-
Samsung Electronics HCMC CE Complex(SEHC)
563,927
562
2,774,317
-
Samsung Electronics GmbH(SEG)
3,449,542
-
25,699
-
Samsung Electronics (UK)(SEUK)
302,114
-
60,618
433
Samsung Electronics Indonesia(SEIN)
1,196,099
78
701,164
55
기타
44,443,049
12,299
21,593,582
10,183
종속기업 계
143,819,565
113,503
71,363,023
47,947
(*1) 회사와 특수관계에 있는 개별회사와의 거래 금액입니다. (*2) Harman International Industries, Inc. 및 그 종속기업이 포함된 중간지배기업과의 거래 금액입니다.
(단위: 백만원)
관계기업 및 공동기업
삼성에스디에스
53,318
-
1,767,847
259,287
삼성전기
25,657
-
854,389
302
삼성SDI
46,972
-
272,771
50,973
제일기획
11,655
-
731,436
1,079
기타
246,458
-
535,896
2,750
관계기업 및 공동기업 계
384,060
-
4,162,339
314,391
그 밖의 특수관계자
삼성물산
123,333
68
232,600
3,079,642
기타
136,846
35
383,866
70,853
그 밖의 특수관계자 계
260,179
103
616,466
3,150,495
기타(*2)
삼성엔지니어링
8,734
-
38,466
1,227,972
에스원
29,156
-
278,913
45,939
기타
61,418
3
158,146
330
기타 계
99,308
3
475,525
1,274,241
(*1) 회사와 특수관계에 있는 개별회사와의 거래 금액입니다.
(*2) 기업회계기준서 제
1024호
특수관계자 범위에 포함되지 않으나 독점규제 및 공정거래에 관한 법률에 따른 동일한 대규모기업집단 소속회사입니다.
(2) 전기
(단위: 백만원)
종속기업
삼성디스플레이
407,536
-
1,309,566
6,958
Samsung Electronics America(SEA)
27,304,190
-
165,596
-
Samsung (China) Investment(SCIC)
531,943
-
8,069
-
Samsung (China) Semiconductor(SCS)
250,323
73,599
4,141,842
9,496
Samsung Electronics Vietnam(SEV)
2,832,861
2,732
10,270,592
44
Samsung Electronics Europe Holding(SEEH)
630
-
-
-
Samsung Semiconductor(SSI)
15,747,630
-
342,441
4
Samsung Electronics Vietnam THAINGUYEN(SEVT)
3,542,388
26,966
11,462,924
2,700
Samsung Electronics Huizhou(SEHZ)
1,134,957
261
8,337,689
1,519
Shanghai Samsung Semiconductor(SSS)
13,574,341
-
-
-
Samsung Asia Private(SAPL)
1,360,136
-
6,378
-
Samsung Electronica da Amazonia(SEDA)
896,001
29
5,449
-
Samsung Austin Semiconductor(SAS)
421
61,495
3,586,127
4,410
Samsung India Electronics(SIEL)
2,304,904
2,011
172,035
-
Samsung Display Vietnam(SDV)
512,671
-
-
-
Samsung Electronics Europe Logistics(SELS)
3,882,166
6
9,735
-
Samsung Suzhou LCD(SSL)
27,238
-
-
-
Thai Samsung Electronics(TSE)
1,866,325
171
1,595,265
-
Samsung Electronics Slovakia(SESK)
407,437
27
1,338
-
Samsung Electronics Taiwan(SET)
2,333,465
-
801
-
Samsung Electronics HCMC CE Complex(SEHC)
356,867
30,370
1,266,630
-
Samsung Electronics Hungarian(SEH)
160,358
2
3,213
108
Samsung Electronics GmbH(SEG)
3,164,653
-
28,507
-
Samsung Display Dongguan(SDD)
296,104
-
-
-
Samsung Electronics (UK)(SEUK)
449,346
-
56,269
-
기타
34,476,164
8,757
22,563,761
4,402
종속기업 계
117,821,055
206,426
65,334,227
29,641
(*1) 회사와 특수관계에 있는 개별회사와의 거래 금액입니다.
(단위: 백만원)
관계기업 및 공동기업
삼성에스디에스
36,930
-
1,403,488
159,494
삼성전기
14,946
23
844,338
-
삼성SDI(*2)
44,777
397
282,032
16,210
제일기획(*3)
466
-
212,393
-
기타
201,760
113
374,384
3,793
관계기업 및 공동기업 계
298,879
533
3,116,635
179,497
그 밖의 특수관계자
삼성물산
39,780
74
187,615
2,662,091
기타
207,580
1,557,589
326,894
50,833
그 밖의 특수관계자 계
247,360
1,557,663
514,509
2,712,924
기타(*4)
삼성엔지니어링
15,465
-
15,733
1,078,940
에스원
23,670
-
257,397
23,459
기타
46,945
83,298
608,229
60
기타 계
86,080
83,298
881,359
1,102,459
(*1) 회사와 특수관계에 있는 개별회사와의 거래 금액입니다.
(*2) 유통보통주식수 기준의 지분율이 상승하여 관계기업에 포함되었습니다. (*3) 지분 취득으로 관계기업에 포함되었습니다.
(*4) 기업회계기준서 제 1024호 특수관계자 범위에 포함되지 않으나 독점규제 및 공정거래에 관한 법률에 따른 동일한 대규모기업집단 소속회사입니다
.
다. 채권ㆍ채무잔액 당기말 및 전기말 현재 특수관계자에 대한 채권ㆍ채무잔액은 다음과 같습니다. (1) 당기
(단위: 백만원)
기업명
(*1)
종속기업
삼성디스플레이
12,598
122,269
Samsung Electronics America(SEA)
5,255,201
78,931
Harman International Industries, Inc.
-
4,204
Samsung (China) Investment(SCIC)
31,580
1,556
Samsung Display Vietnam(SDV)
111,479
-
Samsung Semiconductor(SSI)
4,993,262
127,706
Samsung Electronics Vietnam THAINGUYEN(SEVT)
723,655
1,601,102
Samsung Electronics Vietnam(SEV)
517,266
1,368,151
Samsung Electronics Europe Holding(SEEH)
828
-
Samsung (China) Semiconductor(SCS)
62,820
354,866
Samsung Electronics Huizhou(SEHZ)
199,187
811,510
Samsung India Electronics(SIEL)
1,821,881
14,594
Samsung Asia Private(SAPL)
122,014
16,021
Samsung Electronica da Amazonia(SEDA)
338,256
553
Shanghai Samsung Semiconductor(SSS)
3,093,641
11
Samsung Austin Semiconductor(SAS)
19,658
290,978
Thai Samsung Electronics(TSE)
150,896
152,273
Samsung Electronics Slovakia(SESK)
475,672
409
(*1) 회사와 특수관계에 있는 개별회사에 대한 채권ㆍ채무 금액입니다.
(단위: 백만원)
기업명
(*1)
종속기업
Samsung Suzhou LCD(SSL)
4,724
-
Samsung Electronics Europe Logistics(SELS)
892,789
6,885
Samsung Electronics Hungarian(SEH)
24,965
164
Samsung Electronics HCMC CE Complex(SEHC)
58,983
238,522
Samsung Electronics GmbH(SEG)
831,102
2,484
Samsung Electronics (UK)(SEUK)
71,493
16,517
Samsung Electronics Indonesia(SEIN)
185,909
55,394
기타
7,160,968
2,122,030
종속기업 계(*2)
27,160,827
7,387,130
관계기업 및 공동기업
삼성에스디에스
14,005
378,894
삼성전기
3,521
132,156
삼성SDI
87,830
58,261
제일기획
58
498,262
기타
55,035
101,234
관계기업 및 공동기업 계
160,449
1,168,807
그 밖의 특수관계자
삼성물산
218,983
617,069
기타(*3)
17,901
1,233,887
그 밖의 특수관계자 계
236,884
1,850,956
기타(*4)
삼성엔지니어링
2,426
410,763
에스원
649
42,590
기타
2,621
28,772
기타 계
5,696
482,125
(*1) 회사와 특수관계에 있는 개별회사에 대한 채권ㆍ채무 금액입니다.
(*2) 상기의 종속기업 채권금액에 대하여 대손충당금 271,608백만원을 계상하고 있으며, 당기에 인식된 대손상각비는 48,246백만원입니다. (*3)
채무 등 금액에는 삼성카드와의 구매카드 미결제금액 1,111,129백만원이 포함되어 있습니다. 삼성카드와의 연간 구매카드 약정금액은 1,800,000백만원이며, 당기중 사용 및 상환한 금액은 각각 4,267,894백만원 및 4,447,462백만원입니다.
(*4) 기업회계기준서 제 1024호 특수관계자 범위에 포함되지 않으나 독점규제 및 공정거래에 관한 법률에 따른 동일한 대규모기업집단 소속회사입니다.
(2) 전기
(단위: 백만원)
종속기업
삼성디스플레이
26,017
105,445
Samsung Electronics America(SEA)
4,200,871
430,475
Samsung (China) Investment(SCIC)
50,354
1,006
Samsung (China) Semiconductor(SCS)
51,611
320,006
Samsung Electronics Vietnam(SEV)
381,759
1,902,614
Samsung Electronics Europe Holding(SEEH)
1,447
36
Samsung Semiconductor(SSI)
3,123,618
98,931
Samsung Electronics Vietnam THAINGUYEN(SEVT)
749,996
650,219
Samsung Electronics Huizhou(SEHZ)
151,613
1,123,574
Shanghai Samsung Semiconductor(SSS)
3,448,765
840
Samsung Asia Private(SAPL)
54,231
12,350
Samsung Electronica da Amazonia(SEDA)
162,997
1,445
Samsung Austin Semiconductor(SAS)
37,391
298,150
Samsung India Electronics(SIEL)
1,056,157
14,177
Samsung Display Vietnam(SDV)
40,894
-
Samsung Electronics Europe Logistics(SELS)
1,284,610
2,283
Samsung Suzhou LCD(SSL)
4,855
-
Thai Samsung Electronics(TSE)
140,628
167,454
Samsung Electronics Slovakia(SESK)
91,094
40
(*1) 회사와 특수관계에 있는 개별회사에 대한 채권ㆍ채무 금액입니다.
(단위: 백만원)
종속기업
Samsung Electronics Taiwan(SET)
249,588
30,651
Samsung Electronics HCMC CE Complex(SEHC)
119,320
173,261
Samsung Electronics Hungarian(SEH)
21,454
194
Samsung Electronics GmbH(SEG)
678,964
6,237
Samsung Display Dongguan(SDD)
34,823
-
Samsung Electronics (UK)(SEUK)
130,999
27,646
기타
6,042,123
2,011,144
종속기업 계(*2)
22,336,179
7,378,178
관계기업 및 공동기업
삼성에스디에스
5,484
326,518
삼성전기
642
52,589
삼성SDI(*3)
89,491
27,005
제일기획(*4)
36
433,914
기타
80,716
82,520
관계기업 및 공동기업 계
176,369
922,546
그 밖의 특수관계자
삼성물산
207,463
268,839
기타
21,488
1,582,645
그 밖의 특수관계자 계
228,951
1,851,484
기타(*5)
삼성엔지니어링
10,611
99,802
에스원
2,949
35,153
기타
1,924
23,095
기타 계
15,484
158,050
(*1) 회사와 특수관계에 있는 개별회사에 대한 채권ㆍ채무 금액입니다. (*2) 상기의 종속기업 채권금액에 대하여 대손충당금
223,362
백
만원을 계상하고 있으며, 전기에 인식된 대손상각비는
30,037
백만원입니다. (*3) 유통보통주식수 기준의 지분율이 상승하여 관계기업에 포함되었습니다. (*4) 지분 취득으로 관계기업에 포함되었습니다.
(*5) 기업회계기준서 제 1024호 특수관계자 범위에 포함되지 않으나 독점규제 및 공정거래에 관한 법률에 따른 동일한 대규모기업집단 소속회사입니다.
라. 회사는 당기 중 Samsung Electronics America 6,990,725백만원 등 총
7,492,843
백만원(전기:
4,633,203백만원)
을 종속기업에 출자하였으며, 종속기업으로부터 출자원금
253,646백만원
(전기 87,188백만원)을 회수하였습니다.
당기 중 관계기업 및 공동기업에 추가 출자한 내역은 없으며(전기: 14,805백만원), 관계기업 및 공동기업으로부터 출자원금 49,766백만원(전기: 2,102백만원)을 회수하였습니다.
또한, 전기 중 기업회계기준서 제 1024호 특수관계자 범위에 포함되지 않으나 독점규제 및 공정거래에 관한 법률에 따른 동일한 대규모기업집단 소속회사인 삼성중공업에 대하여 181,081백만원을 추가로 출자하였습니다.
마. 회사가 당기 중 특수관계자에게 지급결의한 배당금은 1,165,659백만원(전기 : 505,296백만원)입니다. 당기말과 전기말 현재 배당과 관련한 미지급금은 존재하지 않습니다. 또한, 기업회계기준서 제1024호 특수관계자 범위에 포함되지 않으나 독점규제 및 공정거래에 관한 법률에 따른 동일한 대규모기업집단 소속회사에게 당기 중 지급결의한 배당금은 90,034백만원(전기 : 38,983백만원)입니다. 당기말과 전기말 현재 배당과 관련한 미지급금은 존재하지 않습니다.
바. 주요 경영진에 대한 보상
당기 및 전기 중 회사가 주요 경영진(등기임원)에 대한 보상을 위해 비용으로 반영한 금액은 다음과 같습니다.
(단위: 백만원)
단기급여
27,788
16,481
퇴직급여
792
640
기타 장기급여
8,617
8,671
사. 회사는 보고기간 종료일 현재 특수관계자의 채무에 대하여 채무보증을 제공하고 있습니다
(
주석 19
참조).
33. 매각예정분류(처분자산집단) : 가. 주요 사항 (1) 프린팅솔루션 사업부 매각 전기 중 회사의 경영진은 프린팅솔루션 사업부문을 HP Inc.에게 매각하기로 결정하였으며, 2017년 11월 1일 매각이 완료되었습니다.
나. 전기말 현재 매각예정으로 분류한 자산 및 부채의 내역
(단위: 백만원)
투자자산
283,690
계
283,690
다. 매각예정으로 분류한 기타자본항목의 내역 보고기간종료일 현재 매각예정으로 분류한 기타자본항목은 없습니다.
34. 보고기간 후 사건 : 회사는 보고기간 종료일 이후 2017년 10월 31일자 이사회 결의에 의거 2017년 11월1일부터 2018년 1월 26일까지 자기주식(취득원가 2,228,135백만원) 총 89.0만주(보통주 71.2만주, 우선주 17.8만주)를 취득하였으며, 2018년 1월 30일에 이익 소각의 방법으로 소각 완료하였습니다. 회사는 보고기간 종료일 이후 2018년 1월 31일자 이사회 결의에 의거 보통주 및 우선주 1주당 액면금액을 5,000원에서 100원으로 변경하는 주식분할을 결정하였으며,2018년 5월 16일에 주식분할로 인한 주권 변경상장이 예정되어있습니다. 2018년 1월 30일의 주식소각 완료 이후 동 주식분할의 효과를 반영할 경우 회사가 발행한 보통주 및 우선주 수는 각각 6,419,324,700주와 903,629,000주가 됩니다.
내부회계관리제도 검토의견
내부회계관리제도 검토의견
삼성전자주식회사 내부회계관리제도 검토보고서는 삼성전자주식회사의 2017년 12월 31일자로 종료되는 회계연도의 재무제표에 대한 감사업무를 수행하고 회사의 내부회계관리제도를 검토한 결과 주식회사의외부감사에관한법률 제2조의3에 따라 첨부하는 것입니다. 첨부 : 1. 독립된 감사인의 내부회계관리제도 검토보고서 2. 회사의 내부회계관리제도 운영 실태 평가보고서
독립된 감사인의 내부회계관리제도 검토보고서 =========================================
삼성전자주식회사
대표이사 귀하
2018년
2월
27
일
우리는 첨부된 삼성전자주식회사의 2017년 12월 31일 현재의 내부회계관리제도의 운영실태평가보고서에 대하여 검토를 실시하였습니다. 내부회계관리제도를 설계, 운영하고 그에 대한 운영실태평가보고서를 작성할 책임은 삼성전자주식회사(이하""회사"")의 경영
진
에게 있으며, 우리의 책임은 동 보고내용에 대하여 검토를 실시하고 검토결과를 보고하는데 있습니다. 회사의 경영
진
은
첨부된 내부회계관리제도 운영실태 평가보고서에서 ""2017년 12월 31일 현재 내부회계관리제도 운영실태 평가결과, 2017년 12월 31일 현재 당사의 내부회계관리제도는 내부회계관리제도 모범규준에 근거하여 볼 때, 중요성의 관점에서 효과적으로 설계되어 운영되고 있다고 판단된다""고 기술하고 있습니다.
우리는 내부회계관리제도 검토기준에 따라 검토를 실시하였습니다. 이 기준은 우리가 중요성의 관점에서 경영
진
이 제시한 내부회계관리제도의 운영실태평가보고서에 대하여 회계감사보다는 낮은 수준의 확신을 얻을 수 있도록 검토절차를 계획하고 실시할 것을 요구하고 있습니다. 검토는 회사의 내부회계관리제도를 이해하고 경영
진
의 내부회계관리제도의 운영실태보고내용에 대한 질문 및 필요하다고 판단되는 경우제한적 범위 내에서 관련 문서의 확인 등의 절차를 포함하고 있습니다. 회사의 내부회계관리제도는 신뢰할 수 있는 회계정보의 작성 및 공시를 위하여 한국채택국제회계기준에 따라 작성한 재무제표의 신뢰성에 대한 합리적인 확신을 줄 수 있도록 제정한 내부회계관리규정과 이를 관리ㆍ운영하는 조직을 의미합니다. 그러나내부회계관리제도는 내부회계관리제도의 본질적인 한계로 인하여 재무제표에 대한 중요한 왜곡표시를 적발하거나 예방하지 못할 수 있습니다. 또한, 내부회계관리제도의 운영실태보고 내용을 기초로 미래기간의 내용을 추정시에는 상황의 변화 혹은 절차나 정책이 준수되지 않음으로써 내부회계관리제도가 부적절하게 되어 미래기간에 대한 평가 및 추정내용이 달라질 위험에 처할 수 있다는 점을 고려하여야 합니다.
경영
진
의 내부회계관리제도 운영실태평가보고서에 대한 우리의 검토결과, 상기 경영
진
의 운영실태보고 내용이 중요성의 관점에서 내부회계관리제도 모범규준의 규정에 따라 작성되지 않았다고 판단하게 하는 점이 발견되지 아니하였습니다. 우리의 검토는 2017년 12월 31일 현재의 내부회계관리제도를 대상으로 하였으며 2017년 12월 31일 이후의 내부회계관리제도는 검토하지 않았습니다. 본 검토보고서는 주식회사 외부감사에 관한 법률에 근거하여 작성된 것으로서 기타 다른 목적이나 다른 이용자를 위하여는 적절하지 않을 수 있습니다.
삼 일 회 계 법 인 대 표 이 사 김 영 식
내부회계관리제도 운영 실태 보고.jpg
내부회계관리제도 운영 실태 보고
내부회계관리제도 운영 실태 보고
외부감사 실시내용
외부감사 실시내용
「주식회사의 외부감사에 관한 법률」제7조의2의 규정에 의하여 외부감사 실시내용을 첨부합니다.
1. 감사대상업무
회 사 명
삼성전자주식회사
감사대상 사업연도
2017년 01월 01일
부터
2017년 12월 31일
까지
2. 감사참여자 구분별 인원수 및 감사시간
(단위 : 명, 시간)
감사참여자 ＼ 인원수 및 시간
품질관리 검토자 (심리실 등)
감사업무 담당 회계사
전산감사ㆍ 세무ㆍ가치평가 등 전문가
건설계약 등 수주산업 전문가
합계
담당이사 (업무수행이사)
등록 공인회계사
수습 공인회계사
당기
전기
당기
전기
당기
전기
당기
전기
당기
전기
당기
전기
당기
전기
투입 인원수
3
2
1
1
37
38
19
17
66
56
-
-
126
114
투입시간
분ㆍ반기검토
14
35
234
436
15,578
12,627
3,298
4,304
4,513
5,536
-
-
23,637
22,938
감사
35
76
263
474
9,446
10,061
3,513
3,521
9,682
6,929
-
-
22,939
21,061
합계
49
111
497
910
25,024
22,688
6,811
7,825
14,195
12,465
-
-
46,576
43,999
3. 주요 감사실시내용
구 분
내 역
전반감사계획 (감사착수단계)
수행시기
2017.05.26 ~ 09.28 2018.01.02 ~ 01.09
38
일
주요내용
감사경험, 회사 및 산업에 대한 전반적 이해를 바탕으로 감사위험 평가 및 감사절차의 성격, 시기 및 범위 등을 결정
현장감사 주요내용
수행시기
투입인원
주요 감사업무 수행내용
상주
비상주
2017.09.04 ~ 09.29
20
일
21
명
8
명
시스템 및 내부통제감사
2017.12.11 ~ 12.29
14
일
39
명
7
명
조기입증감사
2018.01.08 ~ 01.26
15
일
51
명
7
명
조회확인 등 입증절차 업데이트
2018.01.27 ~ 02.27
22
일
28
명
8
명
재무제표검증 및 감사종결절차 수행
재고자산실사(입회)
실사(입회)시기
2017.11.30 ~ 12.01 2017.12.03 ~ 12.04
4
일
실사(입회)장소
수원, 기흥, 구미, 광주사업장 등
실사(입회)대상
원재료, 재공품, 제품 등
금융자산실사(입회)
실사(입회)시기
2018.01.04 ~ 01.05
2
일
실사(입회)장소
태평로, 기흥사업장 등
실사(입회)대상
현금, 유가증권 등
외부조회
금융거래조회
O
채권채무조회
O
변호사조회
O
기타조회
타처보관재고자산조회 등
지배기구와의 커뮤니케이션
커뮤니케이션 횟수
4
회
수행시기
2017.04.26 / 2017.07.26 / 2017.10.30 / 2018.01.30",85652,/Users/june_kim/samsung_audit_nlp/data/raw/감사보고서_2017.htm,2026-03-31T07:17:32.440029+00:00
29,2018,감사의견,"우리는 삼
성전자 주식회사의 재무제표를 감사하였습니다. 해당 재
무제표는
2018년 12월 31일과 2017년 12월 31일
현재의 재무상태표, 동일로 종료되는 양 보고기간의 손익계산서, 포괄손익계산서, 자본변동표, 현금흐름표 그리고 유의적인 회계정책의 요약을 포함한 재무제표의 주석으로 구성되어 있습니다.
우리의 의견으로는 별첨된 회사의 재무제표는 회사의
2018년12월31일과 2017년 12월 31일
현재의 재무상태와 동일로 종료되는 양 보고기간의 재무성과 및 현금흐름을 한국채택국제회계기준에 따라, 중요성의 관점에서 공정하게 표시하고 있습니다.",308,/Users/june_kim/samsung_audit_nlp/data/raw/감사보고서_2018.htm,2026-03-31T07:17:32.706926+00:00
30,2018,감사의견근거,"우리는 대한민국의 회계감사기준에 따라 감사를 수행하였습니다. 이 기준에 따른 우리의 책임은 이 감사보고서의 재무제표감사에 대한 감사인의 책임 단락에 기술되어 있습니다. 우리는 재무제표감사와 관련된 대한민국의 윤리적 요구사항에 따라 회사로부터 독립적이며, 그러한 요구사항에 따른 기타의 윤리적 책임들을 이행하였습니다. 우리가 입수한 감사증거가 감사의견을 위한 근거로서 충분하고 적합하다고 우리는 믿습니다.",225,/Users/june_kim/samsung_audit_nlp/data/raw/감사보고서_2018.htm,2026-03-31T07:17:32.706926+00:00
31,2018,핵심감사사항,"핵심감사사항은 우리의 전문가적 판단에 따라 당기 재무제표감사에서 가장 유의적인 사항들입니다. 해당 사항들은 재무제표 전체에 대한 감사의 관점에서 우리의 의견형성 시 다루어졌으며, 우리는 이런 사항에 대하여 별도의 의견을 제공하지는 않습니다.
가. 재화의 판매 관련 매출장려활동
핵심감사사항으로 결정한 이유
CE(Consumer Electronics) 부문 및 IM(Information technology & Mobile communications) 부문에서 재화의 판매 시 회사는 유통업자 및 통신업자 등과 매출장려활동을 수행합니다.
이러한 활동에는 할인 및 장려금
등을 제공하는 명시적이거나 암
묵적인 약정이 포함되어 있습니다.
회사는 매출장려활동에 대한 예상지출액을 추정하여 재화의 판매에 따른 수익에서 차감합니다
(주석 2.23 및 주석 3 참조).
수
익 차감 금액 및 인식 시기와 관련하여 회사 경영진의 유의적인 추정 및 판단이 수반되고, 수익이 재무제표에서 차지하는 금액이 유의적이므로 재화의 판매 관련 매출장려활동의 회계처리를 핵심감사사항으로 판단하였습니다.
핵심감사사항이 감사에서 다루어진 방법
회사의 재화의 판매 관련 매출장려활동 등의 회계처리에 대하여 우리가 수행한 주요 감사절차는 다음과 같습니다.
·매출차감 회계정책의 적절성 검토
·매출차감 조건, 금액 산출에 대한 승인 등 내부 통제에 대한 이해와 평가
·표본추출을 통하여 전기 추정치와 당기 정산 금액 비교를 통한 추정의 합리성 확인
·표본추출을 통하여 매출 차감 거래의 사전 승인 여부 및 근거 문서검사를 통한 추정의 정확성 확인
·표본추출을 통하여 당기말 추정치와
보고기간 종
료일
이후 정산 금액 비교를 통한 매출차감금액의 정확성 및 완전성 확인
나. 감가상각 개시시점의 적절성
핵심감사사항
2018년 12월 31일 현재 회사는 총 70,602,493 백만원의 유형자산을 보유하고 있으며, 해당 유형자산은 건물 및 기계장치 등을 포함하고 있습니다. 이 중 당기 중 취득으로 인한 증가금액은 21,870,542 백만원입니다
(주석 13 참조)
.
회사는 라인 및 설비의 사용가능시점을 판단하여 각 자산에 대한 감가상각을 개시합니다(주석 2.9 참조).
회사의 투자규모
가 크고
사용가능시점 판단에 따
른
감가상각
금액이
재무제표에 미치는 영향이
유의적이
므로
우리는 감가상각 개시시점의 적절성 관련 회계처리를 핵
심감사사항으로 판단하였습니다.
핵심감사사항이 감사에서 다루어진 방법
회사의 감
가상각 개시시점의 적절성 관련 회계처리에 대하여 우리가 수행한 주요 감사절차는 다음과 같습니다.
·자산의 사용가능시점 판단에 대한 연결회사의 내부통제 이해와 평가 ·감가상각 개시시점의 적절성을 확인하기 위한 주요 신규라인 가동여부 등 질문 및 관찰
·표본추출을 통하여 감가상각 개시시점의 적절성을 확인하기 위한 사용가능시점 판단근거 문서검사
재무제표에 대한 경영진과 지배기구의 책임
경영진은 한국채택국제회계기준에 따라 이 재무제표를 작성하고 공정하게 표시할 책임이 있으며, 부정이나 오류로 인한 중요한 왜곡표시가 없는 재무제표를 작성하는데 필요하다고 결정한 내부통제에 대해서도 책임이 있습니다. 경영진은 재무제표를 작성할 때, 회사의 계속기업으로서의 존속능력을 평가하고 해당되는 경우, 계속기업 관련 사항을 공시할 책임이 있습니다. 그리고 경영진이 기업을 청산하거나 영업을 중단할 의도가 없는 한, 회계의 계속기업전제의 사용에 대해서도 책임이 있습니다. 지배기구는 회사의 재무보고절차의 감시에 대한 책임이 있습니다.
재무제표에 대한 감사인의 책임
우리의 목적은 회사의 재무제표에 전체적으로 부정이나 오류로 인한 중요한 왜곡표시가 없는지에 대하여 합리적인 확신을 얻어 우리의 의견이 포함된 감사보고서를 발행하는데 있습니다. 합리적인 확신은 높은 수준의 확신을 의미하나, 감사기준에 따라 수행된 감사가 항상 중요한 왜곡표시를 발견한다는 것을 보장하지는 않습니다. 왜곡표시는 부정이나 오류로부터 발생할 수 있으며, 왜곡표시가 재무제표를 근거로 하는 이용자의 경제적 의사결정에 개별적으로 또는 집합적으로 영향을 미칠 것이 합리적으로 예상되면, 그 왜곡표시는 중요하다고 간주됩니다. 감사기준에 따른 감사의 일부로서 우리는 감사의 전 과정에 걸쳐 전문가적 판단을 수행하고 전문가적 의구심을 유지하고 있습니다. 또한, 우리는: - 부정이나 오류로 인한 재무제표의 중요왜곡표시위험을 식별하고 평가하며 그러한 위험에 대응하는 감사절차를 설계하고 수행합니다. 그리고 감사의견의 근거로서 충분하고 적합한 감사증거를 입수합니다. 부정은 공모, 위조, 의도적인 누락, 허위진술 또는 내부통제 무력화가 개입될 수 있기 때문에 부정으로 인한 중요한 왜곡표시를 발견하지 못할 위험은 오류로 인한 위험보다 큽니다. - 상황에 적합한 감사절차를 설계하기 위하여 감사와 관련된 내부통제를 이해합니다. 그러나 이는 내부통제의 효과성에 대한 의견을 표명하기 위한 것이 아닙니다. - 재무제표를 작성하기 위하여 경영진이 적용한 회계정책의 적합성과 경영진이 도출한 회계추정치와 관련 공시의 합리성에 대하여 평가합니다. - 경영진이 사용한 회계의 계속기업전제의 적절성과, 입수한 감사증거를 근거로 계속기업으로서의 존속능력에 대하여 유의적 의문을 초래할 수 있는 사건이나, 상황과 관련된 중요한 불확실성이 존재하는지 여부에 대하여 결론을 내립니다. 중요한 불확실성이 존재한다고 결론을 내리는 경우, 우리는 재무제표의 관련 공시에 대하여 감사보고서에 주의를 환기시키고, 이들 공시가 부적절한 경우 의견을 변형시킬 것을 요구받고 있습니다. 우리의 결론은 감사보고서일까지 입수된 감사증거에 기초하나, 미래의 사건이나 상황이 회사의 계속기업으로서 존속을 중단시킬 수 있습니다. - 공시를 포함한 재무제표의 전반적인 표시와 구조 및 내용을 평가하고, 재무제표의 기초가 되는 거래와 사건을 재무제표가 공정한 방식으로 표시하고 있는지 여부를 평가합니다. 우리는 여러 가지 사항들 중에서 계획된 감사범위와 시기 그리고 감사 중 식별된 유의적 내부통제 미비점 등 유의적인 감사의 발견사항에 대하여 지배기구와 커뮤니케이션합니다. 또한, 우리는 독립성 관련 윤리적 요구사항들을 준수하고, 우리의 독립성 문제와 관련된다고 판단되는 모든 관계와 기타사항들 및 해당되는 경우 관련 제도적 안전장치를 지배기구와 커뮤니케이션한다는 진술을 지배기구에게 제공합니다. 우리는 지배기구와 커뮤니케이션한 사항들 중에서 당기 재무제표감사에서 가장 유의적인 사항들을 핵심감사사항으로 결정합니다. 법규에서 해당 사항에 대하여 공개적인 공시를 배제하거나, 극히 드문 상황으로 우리가 감사보고서에 해당 사항을 기술함으로 인한 부정적 결과가 해당 커뮤니케이션에 따른 공익적 효익을 초과할 것으로 합리적으로 예상되어 해당 사항을 감사보고서에 커뮤니케이션해서는 안 된다고 결론을 내리는 경우가 아닌 한, 우리는 감사보고서에 이러한 사항들을 기술합니다. 이 감사보고서의 근거가 된 감사를 실시한 업무수행이사는 정재국 입니다
서울특별시 용산구 한강대로 100
핵심감사사항은 우리의 전문가적 판단에 따라 당기 재무제표감사에서 가장 유의적인 사항들입니다. 해당 사항들은 재무제표 전체에 대한 감사의 관점에서 우리의 의견형성 시 다루어졌으며, 우리는 이런 사항에 대하여 별도의 의견을 제공하지는 않습니다.
가. 재화의 판매 관련 매출장려활동
핵심감사사항으로 결정한 이유
CE(Consumer Electronics) 부문 및 IM(Information technology & Mobile communications) 부문에서 재화의 판매 시 회사는 유통업자 및 통신업자 등과 매출장려활동을 수행합니다.
이러한 활동에는 할인 및 장려금
등을 제공하는 명시적이거나 암
묵적인 약정이 포함되어 있습니다.
회사는 매출장려활동에 대한 예상지출액을 추정하여 재화의 판매에 따른 수익에서 차감합니다
(주석 2.23 및 주석 3 참조).
수
익 차감 금액 및 인식 시기와 관련하여 회사 경영진의 유의적인 추정 및 판단이 수반되고, 수익이 재무제표에서 차지하는 금액이 유의적이므로 재화의 판매 관련 매출장려활동의 회계처리를 핵심감사사항으로 판단하였습니다.
핵심감사사항이 감사에서 다루어진 방법
회사의 재화의 판매 관련 매출장려활동 등의 회계처리에 대하여 우리가 수행한 주요 감사절차는 다음과 같습니다.
·매출차감 회계정책의 적절성 검토
·매출차감 조건, 금액 산출에 대한 승인 등 내부 통제에 대한 이해와 평가
·표본추출을 통하여 전기 추정치와 당기 정산 금액 비교를 통한 추정의 합리성 확인
·표본추출을 통하여 매출 차감 거래의 사전 승인 여부 및 근거 문서검사를 통한 추정의 정확성 확인
·표본추출을 통하여 당기말 추정치와
보고기간 종
료일
이후 정산 금액 비교를 통한 매출차감금액의 정확성 및 완전성 확인
나. 감가상각 개시시점의 적절성
핵심감사사항
2018년 12월 31일 현재 회사는 총 70,602,493 백만원의 유형자산을 보유하고 있으며, 해당 유형자산은 건물 및 기계장치 등을 포함하고 있습니다. 이 중 당기 중 취득으로 인한 증가금액은 21,870,542 백만원입니다
(주석 13 참조)
.
회사는 라인 및 설비의 사용가능시점을 판단하여 각 자산에 대한 감가상각을 개시합니다(주석 2.9 참조).
회사의 투자규모
가 크고
사용가능시점 판단에 따
른
감가상각
금액이
재무제표에 미치는 영향이
유의적이
므로
우리는 감가상각 개시시점의 적절성 관련 회계처리를 핵
심감사사항으로 판단하였습니다.
핵심감사사항이 감사에서 다루어진 방법
회사의 감
가상각 개시시점의 적절성 관련 회계처리에 대하여 우리가 수행한 주요 감사절차는 다음과 같습니다.
·자산의 사용가능시점 판단에 대한 연결회사의 내부통제 이해와 평가 ·감가상각 개시시점의 적절성을 확인하기 위한 주요 신규라인 가동여부 등 질문 및 관찰
·표본추출을 통하여 감가상각 개시시점의 적절성을 확인하기 위한 사용가능시점 판단근거 문서검사
재무제표에 대한 경영진과 지배기구의 책임
경영진은 한국채택국제회계기준에 따라 이 재무제표를 작성하고 공정하게 표시할 책임이 있으며, 부정이나 오류로 인한 중요한 왜곡표시가 없는 재무제표를 작성하는데 필요하다고 결정한 내부통제에 대해서도 책임이 있습니다. 경영진은 재무제표를 작성할 때, 회사의 계속기업으로서의 존속능력을 평가하고 해당되는 경우, 계속기업 관련 사항을 공시할 책임이 있습니다. 그리고 경영진이 기업을 청산하거나 영업을 중단할 의도가 없는 한, 회계의 계속기업전제의 사용에 대해서도 책임이 있습니다. 지배기구는 회사의 재무보고절차의 감시에 대한 책임이 있습니다.
재무제표에 대한 감사인의 책임
우리의 목적은 회사의 재무제표에 전체적으로 부정이나 오류로 인한 중요한 왜곡표시가 없는지에 대하여 합리적인 확신을 얻어 우리의 의견이 포함된 감사보고서를 발행하는데 있습니다. 합리적인 확신은 높은 수준의 확신을 의미하나, 감사기준에 따라 수행된 감사가 항상 중요한 왜곡표시를 발견한다는 것을 보장하지는 않습니다. 왜곡표시는 부정이나 오류로부터 발생할 수 있으며, 왜곡표시가 재무제표를 근거로 하는 이용자의 경제적 의사결정에 개별적으로 또는 집합적으로 영향을 미칠 것이 합리적으로 예상되면, 그 왜곡표시는 중요하다고 간주됩니다. 감사기준에 따른 감사의 일부로서 우리는 감사의 전 과정에 걸쳐 전문가적 판단을 수행하고 전문가적 의구심을 유지하고 있습니다. 또한, 우리는: - 부정이나 오류로 인한 재무제표의 중요왜곡표시위험을 식별하고 평가하며 그러한 위험에 대응하는 감사절차를 설계하고 수행합니다. 그리고 감사의견의 근거로서 충분하고 적합한 감사증거를 입수합니다. 부정은 공모, 위조, 의도적인 누락, 허위진술 또는 내부통제 무력화가 개입될 수 있기 때문에 부정으로 인한 중요한 왜곡표시를 발견하지 못할 위험은 오류로 인한 위험보다 큽니다. - 상황에 적합한 감사절차를 설계하기 위하여 감사와 관련된 내부통제를 이해합니다. 그러나 이는 내부통제의 효과성에 대한 의견을 표명하기 위한 것이 아닙니다. - 재무제표를 작성하기 위하여 경영진이 적용한 회계정책의 적합성과 경영진이 도출한 회계추정치와 관련 공시의 합리성에 대하여 평가합니다. - 경영진이 사용한 회계의 계속기업전제의 적절성과, 입수한 감사증거를 근거로 계속기업으로서의 존속능력에 대하여 유의적 의문을 초래할 수 있는 사건이나, 상황과 관련된 중요한 불확실성이 존재하는지 여부에 대하여 결론을 내립니다. 중요한 불확실성이 존재한다고 결론을 내리는 경우, 우리는 재무제표의 관련 공시에 대하여 감사보고서에 주의를 환기시키고, 이들 공시가 부적절한 경우 의견을 변형시킬 것을 요구받고 있습니다. 우리의 결론은 감사보고서일까지 입수된 감사증거에 기초하나, 미래의 사건이나 상황이 회사의 계속기업으로서 존속을 중단시킬 수 있습니다. - 공시를 포함한 재무제표의 전반적인 표시와 구조 및 내용을 평가하고, 재무제표의 기초가 되는 거래와 사건을 재무제표가 공정한 방식으로 표시하고 있는지 여부를 평가합니다. 우리는 여러 가지 사항들 중에서 계획된 감사범위와 시기 그리고 감사 중 식별된 유의적 내부통제 미비점 등 유의적인 감사의 발견사항에 대하여 지배기구와 커뮤니케이션합니다. 또한, 우리는 독립성 관련 윤리적 요구사항들을 준수하고, 우리의 독립성 문제와 관련된다고 판단되는 모든 관계와 기타사항들 및 해당되는 경우 관련 제도적 안전장치를 지배기구와 커뮤니케이션한다는 진술을 지배기구에게 제공합니다. 우리는 지배기구와 커뮤니케이션한 사항들 중에서 당기 재무제표감사에서 가장 유의적인 사항들을 핵심감사사항으로 결정합니다. 법규에서 해당 사항에 대하여 공개적인 공시를 배제하거나, 극히 드문 상황으로 우리가 감사보고서에 해당 사항을 기술함으로 인한 부정적 결과가 해당 커뮤니케이션에 따른 공익적 효익을 초과할 것으로 합리적으로 예상되어 해당 사항을 감사보고서에 커뮤니케이션해서는 안 된다고 결론을 내리는 경우가 아닌 한, 우리는 감사보고서에 이러한 사항들을 기술합니다. 이 감사보고서의 근거가 된 감사를 실시한 업무수행이사는 정재국 입니다
서울특별시 용산구 한강대로 100",6865,/Users/june_kim/samsung_audit_nlp/data/raw/감사보고서_2018.htm,2026-03-31T07:17:32.706926+00:00
32,2018,재무상태표,"제 50 기 : 2018년 12월 31일 현재
제 49 기 : 2017년 12월 31일 현재
삼성전자주식회사
(단위 : 백만원)
자 산
Ⅰ. 유 동 자 산
80,039,455
70,155,189
1. 현금및현금성자산
4, 6, 31
2,607,957
2,763,768
2. 단기금융상품
5, 6, 31
34,113,871
25,510,064
3. 매출채권
6, 7, 10, 31
24,933,267
27,881,777
4. 미수금
6, 10
1,515,079
2,201,402
5. 선급금
807,262
1,097,598
6. 선급비용
2,230,628
2,281,179
7. 재고자산
11
12,440,951
7,837,144
8. 기타유동자산
6
1,390,440
582,257
Ⅱ. 비 유 동 자 산
138,981,902
128,086,171
1. 장기매도가능금융자산
6, 9, 31
-
973,353
2
.
기타포괄손익-공정가치금융자산
6, 8, 31
1,098,565
-
3. 당기손익-공정가치금융자산
6, 8, 31
7,413
-
4. 종속기업, 관계기업 및 공동기업 투자
12
55,959,745
55,671,759
5. 유형자산
13
70,602,493
62,816,961
6. 무형자산
14
2,901,476
2,827,035
7. 장기선급비용
4,108,410
3,031,327
8. 순확정급여자산
17
562,356
811,210
9. 이연법인세자산
28
654,456
586,161
10. 기타비유동자산
6
3,086,988
1,368,365
자 산 총 계
219,021,357
198,241,360
부 채
Ⅰ. 유 동 부 채
43,145,053
44,495,084
1. 매입채무
6, 31
7,315,631
6,398,629
2. 단기차입금
6, 7, 15, 31
10,353,873
12,229,701
3. 미지급금
6, 31
8,385,752
9,598,654
4. 선수금
20
214,615
214,007
5. 예수금
6
572,702
500,740
6. 미지급비용
6, 20
6,129,837
6,657,674
7. 미지급법인세
7,925,887
6,565,781
8. 유동성장기부채
6, 16, 31
5,440
5,201
9. 충당부채
18
2,135,314
2,273,688
10. 기타유동부채
20
106,002
51,009
Ⅱ. 비 유 동 부 채
2,888,179
2,176,501
1. 사채
6, 16, 31
43,516
46,808
2. 장기미지급금
6, 31
2,472,416
1,750,379
3. 장기충당부채
18
372,217
379,201
4. 기타비유동부채
20
30
113
부 채 총 계
46,033,232
46,671,585
자 본
Ⅰ. 자본금
21
897,514
897,514
1. 우선주자본금
119,467
119,467
2. 보통주자본금
778,047
778,047
Ⅱ. 주식발행초과금
4,403,893
4,403,893
Ⅲ. 이익잉여금
22
166,555,532
150,928,724
Ⅳ. 기타자본항목
23
1,131,186
(4,660,356)
자 본 총 계
172,988,125
151,569,775
부채와자본총계
219,021,357
198,241,360
별첨 주석은 본 재무제표의 일부입니다.",1602,/Users/june_kim/samsung_audit_nlp/data/raw/감사보고서_2018.htm,2026-03-31T07:17:32.706926+00:00
33,2018,포괄손익,"제 50 기 : 2018년 1월 1일부터 2018년 12월 31일까지
제 49 기 : 2017년 1월 1일부터 2017년 12월 31일까지
삼성전자주식회사
(단위 : 백만원)
Ⅰ. 매 출 액
170,381,870
161,915,007
Ⅱ. 매 출 원 가
24
101,666,506
101,399,657
Ⅲ. 매 출 총 이 익
68,715,364
60,515,350
판매비와관리비
24, 25
25,015,913
25,658,259
Ⅳ. 영 업 이 익
43,699,451
34,857,091
기 타 수 익
26
972,145
2,767,967
기 타 비 용
26
504,562
1,065,014
금 융 수 익
27
3,737,494
4,075,602
금 융 비 용
27
3,505,673
4,102,094
Ⅴ. 법인세비용차감전순이익
44,398,855
36,533,552
법 인 세 비 용
28
11,583,728
7,732,715
Ⅵ. 당 기 순 이 익
32,815,127
28,800,837
Ⅶ. 주 당 이 익
29
기본주당이익(단위:원)
4,830
4,178
희석주당이익(단위:원)
4,830
4,178
별첨 주석은 본 재무제표의 일부입니다.
포 괄 손 익 계 산 서
제 50 기 : 2018년 1월 1일부터 2018년 12월 31일까지
제 49 기 : 2017년 1월 1일부터 2017년 12월 31일까지
삼성전자주식회사
(단위 : 백만원)
Ⅰ. 당기순이익
32,815,127
28,800,837
Ⅱ. 기타포괄손익
(378,321)
319,724
후속적으로 당기손익으로 재분류되지 않는 포괄손익
(378,321)
349,950
1. 기타포괄손익-공정가치금융자산평가손익
8, 23
(88,340)
-
2. 순확정급여자산 재측정요소
17, 23
(289,981)
349,950
후속적으로 당기손익으로 재분류되는 포괄손익
-
(30,226)
1. 매도가능금융자산평가손익
9, 23
-
(30,226)
Ⅲ. 총포괄이익
32,436,806
29,120,561
별첨 주석은 본 재무제표의 일부입니다.
자 본 변 동 표
제 50 기 : 2018년 1월 1일부터 2018년 12월 31일까지
제 49 기 : 2017년 1월 1일부터 2017년 12월 31일까지
삼성전자주식회사
(단위 : 백만원)
2017.1.1 (전기초)
897,514
4,403,893
140,747,574
(8,502,219)
137,546,762
Ⅰ. 총포괄손익
1. 당기순이익
-
-
28,800,837
-
28,800,837
2. 매도가능금융자산평가손익
9, 23
-
-
-
(30,226)
(30,226)
3. 순확정급여자산 재측정요소
17, 23
-
-
-
349,950
349,950
Ⅱ. 자본에 직접 인식된 주주와의 거래
1. 배당
22
-
-
(6,747,124)
-
(6,747,124)
2. 자기주식의 취득
21, 23
-
-
-
(8,350,424)
(8,350,424)
3. 자기주식의 소각
21, 23
-
-
(11,872,563)
11,872,563
-
2017.12.31 (전기말)
897,514
4,403,893
150,928,724
(4,660,356)
151,569,775
2018.1.1 (당기초)
897,514
4,403,893
150,928,724
(4,660,356)
151,569,775
회계정책변경누적효과
-
-
61,021
(61,021)
-
수정후 기초자본
897,514
4,403,893
150,989,745
(4,721,377)
151,569,775
Ⅰ. 총포괄손익
1. 당기순이익
-
-
32,815,127
-
32,815,127
2. 기타포괄손익-공정가치금융자산평가손익
8, 23
-
-
(2,697)
(85,643)
(88,340)
3. 순확정급여자산 재측정요소
17, 23
-
-
-
(289,981)
(289,981)
Ⅱ. 자본에 직접 인식된 주주와의 거래
1. 배당
22
-
-
(10,143,345)
-
(10,143,345)
2. 자기주식의 취득
21, 23
-
-
-
(875,111)
(875,111)
3. 자기주식의 소각
21, 23
-
-
(7,103,298)
7,103,298
-
2018.12.31 (당기말)
897,514
4,403,893
166,555,532
1,131,186
172,988,125
별첨 주석은 본 재무제표의 일부입니다.",2115,/Users/june_kim/samsung_audit_nlp/data/raw/감사보고서_2018.htm,2026-03-31T07:17:32.706926+00:00
34,2018,현금흐름,"제 50 기 : 2018년 1월 1일부터 2018년 12월 31일까지
제 49 기 : 2017년 1월 1일부터 2017년 12월 31일까지
삼성전자주식회사
(단위 : 백만원)
Ⅰ. 영업활동 현금흐름
44,341,217
38,906,190
1. 영업에서 창출된 현금흐름
53,596,311
41,350,471
가. 당기순이익
32,815,127
28,800,837
나. 조정
30
27,095,149
18,012,976
다. 영업활동으로 인한 자산부채의 변동
30
(6,313,965)
(5,463,342)
2. 이자의 수취
459,074
491,501
3. 이자의 지급
(343,270)
(265,364)
4. 배당금 수입
779,567
1,118,779
5. 법인세 납부액
(10,150,465)
(3,789,197)
Ⅱ. 투자활동 현금흐름
(31,678,548)
(28,118,806)
1. 단기금융상품의 순(증가)감소
(7,203,807)
2,960,592
2. 장기금융상품의 처분
-
1,700,000
3. 장기금융상품의 취득
(1,860,000)
(500,000)
4. 장기매도가능금융자산의 처분
-
98,265
5. 장기매도가능금융자산의 취득
-
(163,765)
6. 기타포괄손익-공정가치금융자산의 처분
7,345
-
7. 기타포괄손익-공정가치금융자산의 취득
(204,055)
-
8. 당기손익-공정가치금융자산의 처분
7,421
-
9. 당기손익-공정가치금융자산의 취득
(1,776)
-
10. 종속기업, 관계기업 및 공동기업 투자의 처분
25,846
1,438,362
11. 종속기업, 관계기업 및 공동기업 투자의 취득
(520,660)
(7,492,843)
12. 유형자산의 처분
340,558
244,033
13. 유형자산의 취득
(21,387,378)
(25,641,229)
14. 무형자산의 처분
706
456
15. 무형자산의 취득
(880,032)
(843,096)
16. 현금의 기타유출입
(2,716)
80,419
Ⅲ. 재무활동 현금흐름
(12,818,480)
(11,801,987)
1. 단기차입금의 순(감소)증가
30
(1,796,186)
3,300,611
2. 자기주식의 취득
(875,111)
(8,350,424)
3. 사채의 상환
30
(5,357)
(6,043)
4. 배당금의 지급
(10,141,826)
(6,746,131)
Ⅳ. 외화환산으로 인한 현금의 변동
-
-
Ⅴ. 현금및현금성자산의 감소 (Ⅰ+Ⅱ+Ⅲ+Ⅳ)
(155,811)
(1,014,603)
Ⅵ. 기초의 현금및현금성자산
2,763,768
3,778,371
Ⅶ. 기말의 현금및현금성자산
2,607,957
2,763,768
별첨 주석은 본 재무제표의 일부입니다.",1322,/Users/june_kim/samsung_audit_nlp/data/raw/감사보고서_2018.htm,2026-03-31T07:17:32.706926+00:00
35,2018,주석,"주석
제 50 기 : 2018년 12월 31일 현재
제 49 기 : 2017년 12월 31일 현재
삼성전자주식회사
1. 일반적 사항
:
삼성전자주식회사(이하 ""회사"")는 1969년 대한민국에서 설립되어 1975년에 대한민국의 증권거래소에 상장하였습니다. 회사의 사업은 CE부문, IM부문, DS부문으로 구성되어 있습니다. CE(Consumer Electronics) 부문은 디지털 TV, 모니터, 에어컨 및 냉장고 등의 사업으로 구성되어 있고, IM(Information technology & Mobile communications) 부문은 휴대폰, 통신시스템, 컴퓨터 등의 사업으로 구성되어 있으며, DS(Device Solutions) 부문은 메모리 반도체,
Foundry, System LSI 등
의 반도체 사업으로 구성되어 있습니다. 회사의 본점 소재지는 경기도 수원시입니다.
이 재무제표는 한국채택국제회계기준에 따라 작성되었으며, 기준서 제1027호 '별도재무제표'에 따른 별도 재무제표입니다.
2. 중요한 회계처리방침 :
다음은 재무제표의 작성에 적용된 주요한 회계정책입니다. 이러한 정책은 별도의 언급이 없다면, 표시된 회계기간에 계속적으로 적용됩니다.
2.1 재무제표 작성기준
이 재무제표는 한국채택국제회계기준에 따라 작성되었으며, 기준서 제1027호 '별도재무제표'에 따른 별도재무제표입니다. 한국채택국제회계기준은 국제회계기준위원회(""IASB"")가 발표한 기준서와 해석서 중 대한민국이 채택한 내용을 의미합니다.
한국채택국제회계기준은 재무제표 작성시 중요한 회계추정의 사용을 허용하고 있으며, 회계정책을 적용함에 있어 경영진의 판단을 요구하고 있습니다. 보다 복잡하고 높은 수준의 판단이 요구되는 부분이나 중요한 가정 및 추정이 요구되는 부분은 주석3에서 설명하고 있습니다.
2.2 회계정책과 공시의 변경
가. 회사가 채택한 제ㆍ개정 기준서
회사는 2018년 1월 1일로 개시하는 회계기간부터 다음의 제ㆍ개정 기준서를 신규로 적용하였습니다.
- 기업회계기준서 제1109호 '금융상품' 적
용
회사는 2018년 1월 1일을 최초적용일로 하여 기준서 제1109호를 적용하였으며, 경과규정에 따라 전기 재무제표는 재작성하지 않았습니다. 동 기준서의 적용이 재무제표에 미치는 영향은 다음과 같습니다.
(1)
금융상품의 분류와 측정
1) 최초적용일인 2018년 1월 1일 현재 기준서 제1109호의 도입으로 인한 금융상품 계정별 재분류 내역은 다음과 같습니다.
(단위: 백만원)
금융자산
현금및현금성자산
대여금및수취채권
상각후원가
2,763,768
2,763,768
단기금융상품
대여금및수취채권
상각후원가
25,510,064
25,510,064
매출채권
대여금및수취채권
상각후원가
27,881,777
27,881,777
장기매도가능금융자산
매도가능금융자산
기타포괄손익-공정가치
973,353
963,534
당기손익-공정가치
9,819
기타
대여금및수취채권
상각후원가
3,623,263
3,623,263
소 계
60,752,225
60,752,225
금
융부채
의 경우
상각후원가 측정 금융부채는 상각후원가로 분류하였습니다.
2)
당기초 현재 금
융상품의 재분류로 인해 자본에 미치는 영향은 다음과 같습니다.
(단위: 백만원)
이익잉여금
기준서 제1039호 - 기초 장부금액
기준서 제1039호 - 기초 장부금액
150,928,724
169,423
-
조정 :
매도가능금융자산에서 기타포괄손익- 공정가치금융자산으로 재분류
매도가능금융자산에서 기타포괄손익- 공정가치금융자산으로 재분류
61,021
(169,423)
108,402
기준서 제1109호 - 기초 장부금액
기준서 제1109호 - 기초 장부금액
150,989,745
-
108,402
(2) 금융자산의 손상
회사는 기준서 제1109호의 새로운 기대신용손실 모형 적용대상이 되는 세가지 유형의 금융자산을 보유하고 있습니다.
·재고자산의 매출에 따른 매출채권
·기타포괄손익-공정가치로 측정되는 채무상품
·상각후원가로 측정되는 채무상품
회사는 기준서 제1109호의 도입으로 손상차손의 인식 관련 정책을 변경하였습니다.
매출채권의 손상 시 간편법을 적용하고 있어 전체 매출채권에 대해 전체 기간 기대신용손실을 사용합니다. 기준서 제1109호의 도입에 따라 기대신용위험모형의 적용으로 인한 조정금액은 경미합니다.
(3) 위험회피회계
회사는 당기초 현재 통화선도 등 파생상품을 보유하고 있지 않습니다.
- 기업회계기준서 제1115호 '고객과의 계약에서 생기는 수익' 적
용
회사는
2018년 1월 1일을 최초적용일로 하여
기준서 제1115호를 적용하였으며, 경과규정에 따라 전기 재무제표는 재작성하지 않았습니다. 동 기준서의 적용이 재무제표에 미치는 영향은 다음과 같습니다.
(1)
최초적용일인 2018년 1월 1일 현재 기준서 제1115호의 도입으로 인해
재무상태에 미치는 영향은 다음과 같습니다.
(단위: 백만원)
구 분
기준서 제1115호 채
택 전 금액
조 정
기준서 제1115호 조
정 후 금액
매출채권
27,881,777
402,367
28,284,144
선급비용
2,281,179
2,179
2,283,358
재고자산
7,837,144
(78,839)
7,758,305
기타유동자산
582,257
83,159
665,416
자산 총계
198,241,360
408,866
198,650,226
미지급비용
6,657,674
206,526
6,864,200
기타유동부채
51,009
202,340
253,349
부채 총계
46,671,585
408,866
47,080,451
자본 총계
151,569,775
-
151,569,775
(2)
기준서 제1115호를 최초 적용한 보고기간인 당기말 현재 변경 전 기준에 따라 영향을 받는 재무제표의 각 항목은 다음과 같습니다.
1) 재무상태표
(단위: 백만원)
구 분
기준서 제1115호 채
택 전 금액
조 정
기준서 제1115호 조
정 후 금액
매출채권
24,417,675
515,592
24,933,267
선급비용
2,228,658
1,970
2,230,628
재고자산
12,447,241
(6,290)
12,440,951
기타유동자산
1,369,051
21,389
1,390,440
자산 총계
218,488,696
532,661
219,021,357
미지급비용
5,642,887
486,950
6,129,837
기타
60,291
45,711
106,002
부채 총계
45,500,571
532,661
46,033,232
자본 총계
172,988,125
-
172,988,125
2) 포괄손익계산서
(단위: 백만원)
구 분
기준서 제1115호 채
택 전 금액
조 정
기준서 제1115호 조
정 후 금액
매출
170,370,882
10,988
170,381,870
매출원가
101,655,518
10,988
101,666,506
매출총이익
68,715,364
-
68,715,364
영업이익
43,699,451
-
43,699,451
법인세비용
11,583,728
-
11,583,728
당기순이익
32,815,127
-
32,815,127
당기총포괄이익
32,436,806
-
32,436,806
기준서 제1115호의 적용으로 인해
각각의 영업활동, 투자활동 및 재무활동 총 현금흐름은 동일합니다.
- 기업회계기준해석서 제2122호 '외화 거래와 선지급ㆍ선수취 대가' 제정 제정된 해석서에 따르면, 관련 자산, 부채, 비용, 수익(또는 그 일부)의 최초 인식에 적용할 환율을 결정하기 위한 거래일은 대가를 선지급하거나 선수취하여 비화폐성자산이나 비화폐성부채를 최초로 인식하는 날입니다. 또한, 선지급이나 선수취가 여러 차례에 걸쳐 이루어지는 경우 대가의 선지급이나 선수취로 인한 거래일을 각각 결정합니다. 해석서 제2122호의 채택으로 인하여 재무제표에 미치는 유의적인 영향은 없습니다.
나. 회사가 적용하지 않은 제ㆍ개정 기준서
제정 또는 공표됐으나 2018년 1월 1일 이후 시작하는 회계연도에 시행일이 도래하지 아니하였고, 회사가 조기 적용하지 아니한 제ㆍ개정 기준서는 다음과 같습니다.
- 기업회계기준서 제1116호 '리스' 제정 2017년 5월 22일 제정된 기준서 제1116호 '리스'는 2019년 1월 1일 이후 최초로 시작되는 회계연도부터 적용하되 조기 적용할 수도 있습니다. 동 기준서는 현행 기준서제1017호 '리스', 해석서 제2104호 '약정에 리스가 포함되어 있는지의 결정', 해석서 제2015호 '운용리스: 인센티브', 해석서 제2027호 '법적 형식상의 리스를 포함하는 거래의 실질에 대한 평가'를 대체할 예정입니다. 회사는 계약의 약정시점에, 계약 자체가 리스인지, 계약이 리스를 포함하는지를 판단하며, 최초 적용일에도 동 기준서에 따라 계약이 리스인지, 리스를 포함하고 있는지를 식별합니다. 다만, 회사는 최초 적용일 이전 계약에 대해서는 실무적 간편법을 적용하여 모든 계약에 대해 다시 판단하지 않을 수 있습니다.
리스이용자 및 리스제공자는 리스계약이나 리스를 포함하는 계약에서 계약의 각 리스요소를 리스가 아닌 요소(이하 '비리스요소'라고 함)와 분리하여 리스로 회계처리해야 합니다. 리스이용자는 기초자산을 사용할 권리를 나타내는 사용권자산(리스자산)과 리스료를 지급할 의무를 나타내는 리스부채를 인식해야 합니다. 다만, 단기리스(리스개시일에 리스기간이 12개월 이하인 리스)와 소액자산(예: 기초자산 US$5,000 이하) 리스의 경우 동 기준서의 예외규정을 선택할 수 있습니다. 또한, 리스이용자는 실무적 간편법으로 비리스요소를 리스요소와 분리하지 않고 각 리스요소와 관련 비리스요소를 하나의 리스요소로 회계처리하는 방법을 기초자산의 유형별로 선택하여 적용할 수 있습니다.
리스제공자 회계처리는 현행 기준서 제1017호의 회계처리와 유의적으로 변동되지 않았습니다.
(1) 리스이용자로서의 회계처리 리스이용자는 기준서 제1008호 '회계정책, 회계추정의 변경 및 오류'에 따라 표시되는 각 과거 보고기간에 소급 적용하는 방법(완전 소급법)과, 최초 적용일에 최초 적용누적효과를 인식하도록 소급 적용하는 방법(누적효과 일괄조정 경과조치) 중 하나의 방법으로 적용할 수 있습니다.
회사는 2019년 1월 1일을 기준으로 누적효과 일괄조정 경과조치를 적용하여 기준서 제1116호를 최초 적용할 계획입니다. 따라서 비교표시되는 재무제표는 재작성하지 않을 예정입니다. 회사는 기준서 제1116호의 최초 적용에 따른 재무적 영향을 평가하기 위하여 2018년 12월 31일 현재 상황 및 입수 가능한 정보에 기초하여 2019년 재무제표에 미치는영향을 평가하였습니다. 2019년 1월 1일 기준 회사가 현재 운용리스로 이용하고 있는 자산의 현재가치 할인 전 최소리스료의 총 합계는 265,569백만원이며, 리스이용자의 증분차입이자율로 할인하면 249,034백만원입니다. 다만, 회사는 전체 (또는 일부) 리스계약이나 리스를 포함하는 계약에 대해 실무적 간편법을 적용하여 각 리스요소와 관련 비리스요소를 하나의 리스요소로 회계처리할 예정입니다.
회사는 재무제표에 미치는 영향을 구체적으로 분석한 결과, 2019년 1월 1일 기준 사용권자산 및 리스부채가 각각
438,923백
만원, 249,034백만원 증가할 것으로 예상합니다.
2019년 기준으로 운용리스료 91,847백만원이 감소하고, 사용권자산에 대한 감가상각비 95,343백만원과 리스부채에 대한 이자비용 4,939백만원이 증가할 것으로 예상합니다. 다만, 재무영향 평가는 향후 이용할 수 있는 추가 정보 등에 따라 변경될 수 있습니다.
(2) 리스제공자로서의 회계처리 회사는 리스제공자로서 현재의 리스 회계처리가 기준서 제1116호를 적용하더라도 유의적으로 달라지지 않아 재무제표에 미치는 영향도 유의적이지 않을 것으로 예상합니다.
- 기업회계기준서 제1019호 '종업원급여' 개정 확정급여제도의 변경으로 제도의 개정, 축소, 정산이 되는 경우 제도의 변경 이후 잔여기간에 대한 당기근무원가 및 순이자를 산정하기 위해 순확정급여부채(자산)의 재측정에 사용된 가정을 사용합니다. 또한, 자산인식상한의 영향으로 이전에 인식하지 않은 초과적립액의 감소도 과거근무원가나 정산손익의 일부로 당기손익에 반영합니다. 개정내용은 2019년 1월 1일 이후 최초로 시작하는 회계연도 이후 발생한 제도의 개정, 축소, 정산에 전진적으로 적용합니다. - 기업회계기준서 제1028호 '관계기업과 공동기업에 대한 투자' 개정 관계기업이나 공동기업에 대한 다른 금융상품(지분법을 적용하지 않는 금융상품)이 기준서 제1109호의 적용대상임을 명확히 하였으며, 관계기업이나 공동기업에 대한 순투자의 일부를 구성하는 장기투자지분의 손상 회계처리에 대해서는 기준서 제1109호를 우선하여 적용하도록 개정하였습니다. 동 개정사항은 2019 년 1 월 1 일 이후 시작하는 회계연도부터 적용되며, 조기도입이 가능합니다. 또한, 이 기준서의 최초 적용 시 기준서 제1109호의 경과규정을 적용하여 비교정보의 재작성이 요구되지 않으며, 소급적용으로 인한 효과는 최초 적용일의 기초이익잉여금(또는 적절한 다른 자본요소)에 반영합니다.
- 기업회계기준해석서 제2123호 '법인세 처리의 불확실성' 제정
제정된 해석서는 기업이 적용한 법인세 처리가 과세당국에 의해 인정될지에 대한 불확실성이 존재하는 경우 당기법인세와 이연법인세 인식 및 측정에 적용하며, 법인세 처리 불확실성의 회계단위와 재평가가 필요한 상황 등에 대한 지침을 포함하고 있습니다. 해석서는 2019년 1월 1일부터 적용되며 비교재무제표를 소급 재작성하거나 최초 적용연도 기초에 변경 효과를 반영하는 방법 중 선택할 수 있습니다.
2.3 종속기업, 관계기업 및 공동기업 기준서 제1110호 '연결재무
제표'에 의한 지배회사인 회사는 삼성디스플레이 및 Samsung Electronics America 등
252
개의
종속기업과 삼성전기 등
45
개
의
관계기업
및 공동기업에 투자하고 있습니다. 회사는 별도재무제표에서 종속기업, 관계기업 및 공동기업에 대한 투자를 기준서 제1027호 ""별도재무제표""에 따라 원가법으로 처리하고 있습니다. 또한 종속기업, 관계기업 및 공동기업 투자에 대한 객관적인 손상의 징후가 있는 경우 종속기업, 관계기업 및 공동기업 투자의 회수가능액과 장부금액과의 차이는 손상차손으로 인식됩니다.
2.4 외화환산
가. 기능통화와 표시통화
회사는 재무제표에 포함되는 항목들을 회사의 영업활동이 이루어지는 주된 경제환경에서의 통화(""기능통화"")를 이용하여 측정하고 있습니다. 회사의 기능통화는 대한민국 원화(KRW)이며 재무제표는 대한민국 원화(KRW)로 표시되어 있습니다.
나. 외화거래와 보고기간종료일의 외화환산
외화거래는 거래일의 환율 또는 재측정되는 항목인 경우 평가일의 환율을 적용한 기능통화로 인식되고, 외화거래의 결제나 화폐성 외화 자산ㆍ부채의 환산에서 발생하는 외환차이는 당기손익으로 인식됩니다.
비화폐성 금융자산ㆍ부채로부터 발생하는 외환차이는 공정가치 변동손익의 일부로 보아 당기손익-공정가치 측정 지분상품으로부터 발생하는 외환차이는 당기손익에, 기타포괄손익-공정가치 측정 지분상품의 외환차이는 기타포괄손익에 포함하여 인식됩니다.
2
.5 현금및현금성자산
현금및현금성자산은 보유중인 현금, 요구불예금 및 취득일 현재 확정된 금액의 현금으로 전환이 용이하고, 가치변동의 위험이 경미한 매우 유동적인 단기 투자자산으로 구성되어 있습니다.
2.6 금융자산
가. 분류
2018년 1월 1일부터 회사는 다음의 측정 범주로 금융자산을 분류합니다.
-
공정가치 측정 금융자산 (기타포괄손익 또는 당기손익에 공정가치 변동 인식)
-
상각후원가 측정 금융자산
금융자산은 금융자산의 관리를 위한 사업모형과 금융자산의 계약상 현금흐름 특성에근거하여 분류합니다. 공정가치로 측정하는 금융자산의 손익은 당기손익 또는 기타포괄손익으로 인식합니다. 채무상품에 대한 투자는 해당 자산을 보유하는 사업모형에 따라 당기손익 또는 기타포괄손익으로 인식합니다.
회사는 금융자산을 관리하는 사업모형을 변경하는 경우에만 채무상품을 재분류합니다.
단기매매항목이 아닌 지분상품에 대한 투자는 최초 인식시점에 후속적인 공정가치 변동을 기타포괄손익으로 표시할 것을 지정하는 취소불가능한 선택을 할 수 있습니다. 지정되지 않은 지분상품에 대한 투자의 공정가치 변동은 당기손익으로 인식합니다.
나. 측정
회사는 최초 인식시점에 금융자산을 공정가치로 측정하며, 당기손익-공정가치 측정 금융자산이 아닌 경우에 해당 금융자산의 취득이나 해당 금융부채의 발행과 직접 관련되는 거래원가는 공정가치에 가산합니다. 당기손익-공정가치 측정 금융자산의 거래원가는 당기손익으로 비용처리합니다. 내재파생상품을 포함하는 복합계약은 계약상 현금흐름이 원금과 이자로만 구성되어 있는지를 결정할 때 해당 복합계약 전체를 고려합니다.
1) 채무상품
금융자산의 후속적인 측정은 금융자산의 계약상 현금흐름 특성과 그 금융자산을 관리하는 사업모형에 근거합니다. 회사는 채무상품을 다음의 세 범주로 분류합니다.
① 상각후원가 측정 금융자산 계약상 현금흐름을 수취하기 위해 보유하는 것이 목적인 사업모형 하에서 금융자산을 보유하고, 계약상 현금흐름이 원리금만으로 구성되어 있는 자산은 상각후원가로 측정합니다. 상각후원가로 측정하는 금융자산으로서 위험회피관계의 적용 대상이 아닌 금융자산의 손익은 해당 금융자산을 제거하거나 손상할 때 당기손익으로 인식합니다. 유효이자율법에 따라 인식하는 금융자산의 이자수익은 '금융수익'에 포함됩니다.
② 기타포괄손익-공정가치 측정 금융자산 계약상 현금흐름의 수취와 금융자산의 매도 둘 모두를 통해 목적을 이루는 사업모형 하에서 금융자산을 보유하고, 계약상 현금흐름이 원리금만으로 구성되어 있는 금융자산은 기타포괄손익-공정가치로 측정합니다. 손상차손(환입)과 이자수익 및 외환손익을 제외하고는, 기타포괄손익-공정가치로 측정하는 금융자산의 손익은 기타포괄손익으로 인식합니다. 금융자산을 제거할 때에는 인식한 기타포괄손익누계액을 자본에서 당기손익으로 재분류합니다. 유효이자율법에 따라 인식하는 금융자산의 이자수익은 '금융수익'에 포함됩니다. 외환손익은
'금융수익' 또는 '금융비용'
으로 표시하고 손상차손은 '
기타비용'
으로 표시합니다.
③ 당기손익-공정가치측정 금융자산 상각후원가 측정이나 기타포괄손익-공정가치 측정 금융자산이 아닌 채무상품은 당기손익-공정가치로 측정됩니다. 위험회피관계가 적용되지 않는 당기손익-공정가치 측정 채무상품의 손익은 당기손익으로 인식하고 발생한 기간에 손익계산서에
'기타수익' 또는 '기타비용'
으로 표시합니다.
2) 지분상품
회사는 모든 지분상품에 대한 투자를 후속적으로 공정가치로 측정합니다. 공정가치 변동을 기타포괄손익으로 표시할 것을 선택한 지분상품에 대해 기타포괄손익으로 인식한 금액은 해당 지분상품을 제거할 때에도 당기손익으로 재분류하지 않
고
제
거되는 시점에 자본에 누적된 기타포괄손익-공정가치금융자산평가손익을 이익잉여금으로 대체합니다.
이러한 지분상품에 대한 배당수익은 회사가 배당을 받을 권리가 확정된 때에
손
익계산서에 '기타수익'으로 인식합니다.
당기손익-공정가치로 측정하는 금융자산의 공정가치 변동은 손익계산서에
'기타수익' 또는 '기타비용'
으로 표시합니다.
다. 손상
회사는 미래전망정보에 근거하여 상각후원가로 측정하거나 기타포괄손익-공정가치로 측정하는 채무상품에 대한 기대신용손실을 평가합니다. 손상 방식은 신용위험의 유의적인 증가 여부에 따라 결정됩니다.
단, 매출채권에 대해 회사는 채권의 최초 인식시점부터 전체기간 기대신용손실을 인식하는 간편법을 적용합니다.
라. 인식과 제거 금융자산의 정형화된 매입 또는 매도는 매매일에 인식하거나 제거합니다. 금융자산은 현금흐름에 대한 계약상 권리가 소멸하거나 금융자산을 양도하고 소유에 따른 위험과 보상의 대부분을 이전한 경우에 제거됩니다. 회사가 금융자산을 양도한 경우라도 채무자의 채무불이행시의 소구권 등으로 양도한 금융자산의 소유에 따른 위험과 보상의 대부분을 회사가 보유하는 경우에는 이를 제거하지 않고 그 양도자산 전체를 계속하여 인식하되, 수취한 대가를 금융부채로 인식합니다. 해당 금융부채는 재무상태표에 ""차입금""으로 분류하고 있습니다.
마. 금융상품의 상계 금융자산과 부채는 인식한 자산과 부채에 대해 법적으로 집행가능한 상계권리를 현재 보유하고 있고, 순액으로 결제하거나 자산을 실현하는 동시에 부채를 결제할 의도를 가지고 있을 때 상계하여 재무상태표에 순액으로 표시합니다. 법적으로 집행가능한 상계권리는 미래사건에 좌우되지 않으며, 정상적인 사업과정의 경우와 채무불이행의 경우 및 지급불능이나 파산의 경우에도 집행가능한 것을 의미합니다.
2.7
매출채권
매출채권은 정상적인 영업과정에서 판매된 재고자산 및 제공된 용역과 관련하여 고객으로부터 수취할 금액입니다. 매출채권의 회수가 1년 이내에 예상되는 경우 유동자산으로 분류하고, 그렇지 않은 경우 비유동자산으로 분류합니다. 매출채권은 최초에 공정가치로 인식하며, 유효이자율을 적용한 상각후원가에서
손실충
당금을 차감하여 측정하고 있습니다.
2.8
재고자산
재고자산은 원가와 순실현가능가치 중 작은 금액으로 표시하고 있습니다. 원가는 미착품을 제외하고는 평균법에 따라 결정하고 있습니다. 제품과 재공품의 원가는 원재료비, 직접노무비 및 기타 직접원가와 정상조업도에 근거한 관련 제조간접비로 이루어지며, 유휴생산설비원가나 폐기비용은 제외하고 있습니다. 순실현가능가치는 정상적인 영업과정에서의 추정 판매가격에서 적용 가능한 변동 판매비용을 차감한 금액입니다.
회사는 주기적으로 재고자산평가충당금의 중요한 변동을 발생시킬 가능성이 있는 미래의 제품수요 등을 검토하여 과잉, 진부화 및 시장가치의 하락 등이 발생한 경우 재고자산평가충당금을 계상하고 있으며 재고자산평가손실을 매출원가로 처리하고 있습니다.
2.9 유형자산
유형자산은 역사적 원가에서 감가상각누계액과 손상차손누계액을 차감하여 표시하고 있습니다. 역사적 원가는 자산의 취득에 직접적으로 관련된 지출을 포함합니다. 후속원가는 자산으로부터 발생하는 미래의 경제적 효익이 회사에 유입될 가능성이 높으며 그 원가를 신뢰성 있게 측정할 수 있는 경우에 한하여 자산의 장부금액에 포함하거나 별도의 자산으로 인식하고 있습니다. 대체된 부분의 장부금액은 제거하고 있으며 그 외의 모든 수선 및 유지비는 발생한 기간의 비용으로 인식하고 있습니다.
회사의 유형자산은 취득원가에서 회사가 추정한 추정내용연수에 따라 정액법에 의하여 상각됩니다. 토지는 상각되지 않으며, 자본화차입금이자를 포함한 장기건설자산의 취득에 사용된 원가는 관련자산의 추정내용연수 동안 상각됩니다.
각 자산별로 회사가 사용하고 있는 대표추정내용연수는 다음과 같습니다.
건물 및 구축물
15, 30 년
기 계 장 치
5 년
기 타
5 년
회사는 매 회계연도 말에 유형자산의 감가상각방법, 잔존가치와 경제적 내용연수를 검토하고 필요한 경우 조정을 하고 있습니다. 자산의 장부금액이 추정 회수가능액을 초과하는 경우 자산의 장부금액을 회수가능액으로 즉시 감소시키고 있습니다. 자산의 처분손익은 처분대가와 자산의 장부금액의 차이로 결정되며, 손익계산서에 '기타수익' 또는 '기타비용'으로 표시하고 있습니다.
2.10 차입원가 적격자산을 취득 또는 건설하는데 발생한 차입원가는 해당 자산을 의도된 용도로 사용할 수 있도록 준비하는 기간 동안 자본화되고, 적격자산을 취득하기 위한 특정목적 차입금의 일시적 운용에서 발생한 투자수익은 당 회계기간 동안 자본화 가능한 차입원가에서 차감됩니다. 기타 차입원가는 발생기간에 비용으로 인식됩니다. 2.11 무형자산
이전대가와 취득자가 이전에 보유하고 있던 피취득자에 대한 지분의 취득일 현재의 공정가치 합계액이 취득한 식별가능한 순자산을 초과하는 금액은 영업권으로 인식합
니다. 영업권을 제외한 무형자산은 역사적 원가로 최초 인식되고, 원가에서 상각누계액과 손상차손누계액을 차감한 금액으로 표시됩니다. 내부적으로 창출한 무형자산인 개발비는 기술적 실현가능성, 미래경제적효익 등을 포함한 자산 인식요건이 충족된 시점 이후에 발생한 지출금액의 합계입니다. 회원권 및 특정 상표권은 이용 가능 기간에 대하여 예측가능한 제한이 없으므로 내용연수가 한정되지 않아 상각되지 않습니다. 하지만 회원권의 시장가치 하락 등 손상 징후를 발견시 합리적으로 추정하여 손상을 반영합니다. 특허권, 상표권 및 기타무형자산 등 한정된 내용연수를 가지는 무형자산은 추정내용연수동안 정액법에 따라 상각하고 있습니다. 각 자산별 대표추정내용연수는 다음과 같습니다.
개 발 비
2 년
특허권, 상표권 및 기타무형자산
5 년 ~ 10 년
2.12 비금융자산의 손상
영업권이나 비한정내용연수를 가진 무형자산은 상각하지 않고 매년 손상검사를 실시하고 있습니다. 상각하는 자산의 경우 매 보고기간종료일에 장부금액이 회수가능하지 않을 수도 있음을 나타내는 환경의 변화나 사건이 있을 때마다 손상검사를 수행하고 있습니다. 손상차손은 회수가능액을 초과하는 장부금액만큼 인식하고 있습니다. 회수가능액은 순공정가치와 사용가치 중 큰 금액으로 결정하고 있습니다. 손상을 측정하기 위한 목적으로 자산은 별도로 식별 가능한 현금흐름을 창출하는 가장 하위 수준의 집단(현금창출단위)으로 그룹화하고 있습니다. 손상차손을 인식한 경우, 영업권이외의 비금융자산은 매 보고기간종료일에 손상차손의 환입가능성을 검토하고 있습니다.
2.13 금융부채
가. 분류 및 측정
모든 금융부채는 다음을 제외하고는 후속적으로 상각후원가로 측정되도록 분류합니다.
ㆍ당기손익-공정가치 측정 금융부채. 파생상품부채를 포함한 이러한 부채는 후속적 으로 공정가치로 측정합니다.
ㆍ금융자산의 양도가 제거 조건을 충족하지 못하거나 지속적 관여 접근법이 적용되 는 경우에 생기는 금융부채. 이러한 금융부채는 주석 2.6 금융자산의 내용을 적용 하여 측정합니다.
ㆍ금융보증계약. 최초 인식시 공정가치로 측정되며, 이후에 이러한 계약의 발행자는 해당 계약을 후속적으로 다음 중 큰 금액으로 측정합니다.
- 기대신용손실에 따라 산정한 손실충당금
- 최초 인식금액에서 기준서 제1115호에 따라 인식한 이익누계액을 차감한 금액
ㆍ시장이자율보다 낮은 이자율로 대출하기로 한 약정. 최초 인식 후에 이러한 약정의 발행자는 후속적으로 해당 약정을 다음 중 큰 금액으로 측정합니다.
- 기대신용손실에 따라 산정한 손실충당금
- 최초 인식금액에서 기준서 제1115호에 따라 인식한 이익누계액을 차감한 금액
ㆍ기준서 제1103호를 적용하는 사업결합에서 취득자가 인식하는 조건부 대가 이러한 조건부 대가는 후속적으로 당기손익-공정가치로 측정합니다.
나. 제거 금융부채는 계약상 의무가 이행, 취소 또는 만료되어 소멸되거나 기존 금융부채의 조건이 실질적으로 변경된 경우에 재무상태표에서 제거됩니다. 소멸하거나 제3자에게 양도한 금융부채의 장부금액과 지급한 대가(양도한 비현금자산이나 부담한 부채를 포함)의 차액은 당기손익으로 인식합니다.
2.14 매입채무
매입채무는 정상적인 영업과정에서 공급자로부터 취득한 재고자산 및 제공받은 용역과 관련하여 지급할 의무가 있는 금액입니다. 매입채무의 지급이 12개월 이내에 예상되는 경우 유동부채로 분류하고, 그렇지 아니한 경우 비유동부채로 분류합니다. 매입채무는 최초에 공정가치로 인식하며, 후속적으로 유효이자율법을 사용한 상각후원가로 측정하고 있습니다.
2.15 차입금
차입금은 최초에 공정가치에서 거래비용을 차감한 가액으로 인식하며, 후속적으로 상각후원가로 측정하고 있습니다. 거래비용 차감 후 수취한 금액과 상환금액의 차이는 유효이자율법으로 상각하여 차입기간 동안 손익계산서에 인식하고 있습니다. 또한, 보고기간종료일 이후 12개월 이상 결제를 이연할 수 있는 무조건적인 권리가 있는 경우 비유동부채로 분류하며, 그렇지 않은 경우 유동부채로 분류하고 있습니다.
2.16 충당부채 및 우발부채
과거사건의 결과로 현재의 법적의무나 의제의무가 존재하고, 그 의무를 이행하기 위한 자원의 유출가능성이 높으며, 당해 금액의 신뢰성 있는 추정이 가능한 경우 회사는 충당부채를 인식하고 있습니다. 미래영업손실에 대하여는 충당부채를 인식하지 않습니다.
충당부채는 의무를 이행하기 위하여 예상되는 지출액의 현재가치로 측정하며, 현재가치 평가에 사용하는 할인율은 그 부채의 고유한 위험과 화폐의 시간가치에 대한 현행 시장의 평가를 반영한 세전이자율입니다. 시간경과로 인한 충당부채의 증가는 이자비용으로 인식하고 있습니다.
또한, 과거사건은 발생하였으나 불확실한 미래사건의 발생여부에 의해서 존재여부가확인되는 잠재적인 의무가 있는 경우 또는 과거사건이나 거래의 결과 현재 의무가 존재하나 자원이 유출될 가능성이 높지 않거나 당해 의무를 이행하여야 할 금액을 신뢰성 있게 추정할 수 없는 경우 우발부채로 주석기재하고 있습니다.
2.17 종업원급여
회사의 퇴직연금제도는 확정기여제도와 확정급여제도를 운영하고 있습니다.
확정기여제도는 회사가 고정된 금액의 기여금을 별도 기금에 지급하는 퇴직연금제도입니다. 해당 기금이 현재나 과거 기간의 종업원 용역과 관련하여 지급하여야 할 급여전액을 지급하기에 충분한 자산을 보유하지 못하는 경우에도 회사는 추가적인 기여금을 납부할 법적 의무나 의제의무를 부담하지 않습니다. 확정기여제도와 관련하여 회사는 상장되거나 비상장으로 관리되고 있는 연금보험제도에 의무적으로나 계약에 의해 또는 자발적으로 기여금을 지급하고 있습니다. 기여금이 지급된 이후에 회사는 더 이상의 미래 의무를 부담하지 않습니다. 기여금은 종업원이 근무 용역을 제공했을 때 비용으로 인식됩니다. 선급 기여금은 초과 기여금으로 인해 미래 지급액이 감소하거나 현금이 환급되는 만큼을 자산으로 인식하고 있습니다.
확정급여제도
는 확정기여제도를 제외한 모든 퇴직연금제도입니다. 일반적으로 확정급여제도는 연령, 근속연수나 급여수준 등의 요소에 의해 종업원이 퇴직할 때 지급받을 퇴직연금급여의 금액을 확정하고 있습니다. 확정급여제도와 관련하여 재무상태표에 계상된 자산은 보고기간종료일 현재 확정급여채무의 현재가치에서 사외적립자산의 공정가치를 차감한 초과적립액이
며, 자산인식상한을 한도로 합니다. 확정급여채무는 매년 독립된 보험계리인에 의해 예측단위적립방식에 따라 산정됩니다. 확정급여채무의 현재가치는 급여가 지급될 통화로 표시되고 관련 확정급여채무의 지급시점과 만기가 유사한 우량회사채의 이자율로 기대미래현금유출액을 할인하여 산정하고 있습니다.
보험수리적 가정의 변경 및 보험수리적 가정과 실제로 발생한 결과의 차이로 인해 발생하는 보험수리적손익은 발생한 기간의 기타포괄손익으로 인식하고 있으며, 제도개정, 축소 또는 정산이 발생하는 경우 과거근무원가 또는 정산으로 인한 손익은 발생 즉시 당기손익으로 인식하고 있습니다.
2.18 금융보증계약
금융보증계약은 채무상품의 최초 계약조건이나 변경된 계약조건에 따라 지급기일에 특정 채무자가 지급하지 못하여 보유자가 입은 손실을 보상하기 위하여 특정금액을 지급하여야 하는 계약입니다.
회사가 제공한 금융보증계약은 최초 인식시 공정가치로 측정되며, 후속적으로는 다음 중 큰 금액으로 측정하여 '기타금융부채'로 인식됩니다. (1) 금융상품의 손상규정에 따라 산정한 손실충당금 (2) 최초 인식금액에서 기준서 제1115호에 따라 인식한 이익누계액을 차감한 금액
2.19 당기법인세 및 이연법인세
회사의 법인세비용은 당기법인세와 이연법인세로 구성됩니다. 법인세는 기타포괄손익이나 자본에 직접 인식된 항목과 관련된 금액은 해당 항목에서 직접 인식하며, 이를 제외하고는 당기손익으로 인식됩니다. 법인세비용은 보고기간종료일 현재 제정되었거나 실질적으로 제정된 세법에 기초하여 측정됩니다. 이연법인세는 자산과 부채의 장부금액과 세무기준액의 차이로 정의되는 일시적 차이에 대하여 장부금액을 회수하거나 결제할 때의 예상 법인세효과로 인식됩니다. 다만,사업결합 이외의 거래에서 자산ㆍ부채를 최초로 인식할 때 발생하는 이연법인세자산과 부채는 그 거래가 회계이익이나 과세소득에 영향을 미치지 않는다면 인식되지 않습니다. 이연법인세자산은 차감할 일시적차이가 사용될 수 있는 미래 과세소득의 발
생가능성이 높은 경우에 인식됩니다.
이연법인세자산과 부채는 당기법인세자산과 당기법인세부채를 상계할 수 있는 법적으로 집행가능한 권리를 회사가 보유하고, 이연법인세자산과 부채가 동일한 과세당국에 의해서 부과되는 법인세와 관련이 있으면서 순액으로 결제할 의도가 있는 경우
에 상계됩니다.
2.20 파생상품
회사는 파생상품의 계약에 따라 발생된 권리와 의무를 공정가액으로 평가하여 자산과 부채로 계상하고, 동 계약으로부터 발생한 손익은 발생시점에 당기손익으로 인식하고 있습니다. 다만, 요건을 충족한 현금흐름위험회피와 해외사업장에 대한 순투자에 대한 위험회피금액은 자본항목으로 이연하고 있습니다.
2.21 배당금
배당금은 회사의 주주에 의해 승인된 시점에 부채로 인식하고 있습니다.
2.22 자본금
보통주와 상환의무 없는 우선주는 모두 자본으로 분류하고 있습니다. 회사가 회사의 보통주를 취득하는 경우, 직접거래원가를 포함하는 지급 대가는 그 보통주가 소각되거나 재발행 될 때까지 회사의 자본에서 차감하여 표시하고 있습니다. 이러한 자기주식이 재발행되는 경우, 수취한 대가는 회사의 주주에게 귀속되는 자본에 포함하고 있습니다.
2.23 수익인식
수익은 주로 회사의 통상적인 활동에서 발생하는 재화의 판매에 대하여 받았거나 받을 대가의 공정가액으로 구성되어 있습니다. 수익은 부가가치세, 반품, 판매장려금 및 가격 할인액을 차감한 순액으로 인식하고 있습니다.
회사는 2018년 1월 1일부터 기준서 제1115호 '고객과의 계약에서 생기는 수익'을 적용하였습니다
.
제1115호에 따르면 모든 유형의 계약에 5단계 수익인식모형(① 계약 식별 → ② 수행의무 식별 → ③ 거래가격 산정 → ④ 거래가격을 수행의무에 배분 →⑤ 수행의무 이행 시 수익 인식)을 적용하여 수익을 인식합니다.
(
1
) 수행의무의 식별
회사는
Incoterms Group C
조건(무역조건 CIF 등)에
따라 다양한 제품 및 상품을 수출하고 있습니다. 고객에게 통제가 이전된 이후 매도인이 운송서비스를 제공하므로 해당 운송서비스(보험 포함)를 별도의 수행의무로 인식합니다.
(2) 기간에 걸쳐 이행하는 수행의무
회사는 조달청을 통해 수주되는 시스템에어컨 도급공사계약에 따라 고객에게 제품을납품하고 설치를 수행하고 있습니다. 기준서 제1115호에 따르면 기업이 수행하여 만들어지거나 가치가 높아지는 대로 고객이 통제하는 자산을 기업이 만들거나 그 자산가치를 높이는 경우 진행기준을 적용하여 수익을 인식하여야 합니다. 이에 따라 시스템에어컨 설치용역의 경우 용역 수행 경과에 따른 결과물을 고객이 직접 통제하기 때문에 진행기준을 적용하여 수익을 인식합
니다.
(3)
변동대가
회사는 받을 권리를 갖게 될 대가를 더 잘 예측할 것으로 예상하는 기댓값 방법을 사용하여 변동 대가를 추정하고, 반품기한이 경과할 때 이미 인식한 누적 수익금액 중 유의적인 부분을 되돌리지 않을 가능성이 매우 높은 금액까지만 변동대가를 거래가격에 포함하여 수익을 인식합니다. 기업이 받았거나 받을 대가 중에서 권리를 갖게 될 것으로 예상하지 않는
금액은
환불부채로
인식하고,
고객이 반품 권리를 행사할 때 고객으로부터 제품을 회수할 권리를 가지므로 그 자산을 환
불자산으로 인식하고 해당 금액만큼 매출원가를 조정합니다. 제품을 회수할 권리는 제품의 과거 장부금액에서 제품을 회수하는데 드는 원가를 차감하여 측정합니다.
(4) 거래가격의 배분
회사는 하나의 계약에서 식별된 여러 수행의무에 상대적 개별 판매가격을 기초로 거래가격을 배분합니다. 각 수행의무의 개별 판매가격을 추정하기 위하여 '시장평가 조정 접근법' 등을 사용합니다.
2.24 리스
리스는 리스제공자가 자산의 사용권을 일정기간 동안 리스이용자에게 이전하고 리스이용자는 그 대가로 사용료를 리스제공자에게 지급하는 계약입니다. 리스자산의 소유에 따른 위험과 보상의 대부분이 리스이용자인 회사에게 이전되지 않은 리스는 운용리스로 분류되고, 리스지급액은 리스기간 동안 정액기준으로 비용인식됩니다. 리스자산의 소유에 따른 위험과 보상의 대부분이 리스이용자인 회사에게 이전되는 리스는 금융리스로 분류되고 리스자산의 공정가치와 최소 리스료의 현재가치 중 작은 금액이 리스기간 개시일에 각각 리스자산과 리스부채로 계상됩니다. 회사가 리스제공자인 경우 리스약정일에 리스자산의 소유에 따른 위험과 보상의 대부분을 이전하는 리스는 금융리스로 분류되고, 금융리스 이외의 모든 리스는 운용리스로 분류됩니다. 운용리스로부터 발생하는 리스료 수익은 리스기간에 걸쳐 정액기준으로 인식되고, 운용리스의 협상 및 계약단계에서 발생한 리스개설 직접원가는 리스자산의 장부금액에 가산한 후 리스료 수익에 대응하여 리스기간 동안 비용으로 인식됩니다.
2.25 정부보조금
정부보조금은 보조금의 수취와 정부보조금에 부가된 조건의 준수에 대한 합리적인 확신이 있을 때 공정가치로 인식됩니다. 수익과 관련된 정부보조금은 이연하여 정부보조금의 교부 목적과 관련된 수익 또는 비용과 대응될 수 있는 기간에 손익계산서에인식하고 있습니다. 한편, 특정 자산의 취득과 관련된 정부보조금은 이연수익으로 처리하고, 정부보조금 관련 이연수익은 관련 자산의 내용연수 동안 상각하여 손익으로 반영하고 있습니다.
2.26 주당이익
기본주당이익은 주주에게 귀속되는 손익계산서상 당기순이익을 보고기간 동안의 회사의 가중평균 유통보통주식수로 나누어 산정한 것입니다.
희석주당이익은 주주에게 귀속되는 손익계산서상 당기순이익을 보고기간 동안의 회사의 가중평균 유통보통주식수와 가중평균 잠재적 희석증권주식수로 나누어 산정한 것입니다. 잠재적 희석증권은 희석효과가 발생하는 경우에만 희석주당이익의 계산에반영됩니다.
2.27 재무제표의 승인
회사의 재무제표는
2019년
1월
31
일
이사회에서 승
인되었습니다.
3. 중요한 회계추정 및 가정 :
회사는 미래에 대하여 추정 및 가정을 하고 있습니다. 추정 및 가정은 지속적으로 평가되며, 과거 경험과 현재의 상황에서 합리적으로 예측가능한 미래의 사건을 고려하여 이루어집니다. 이러한 회계추정은 실제 결과와 다를 수도 있습니다. 다음 회계연도에 자산 및 부채 장부금액의 조정에 영향을 미칠 수 있는 유의적 위험에 대한 추정 및 가정은 다음과 같습니다.
가. 수익인식
회사는 고객에게 제품 판매 후 고객이 반품할 것으로 예상되는 제품에 대하여 환불부채와 회수할 재화에 대한 권리를 인식하고 있습니다. 판매시점에 포트폴리오 수준에서 누적된 경험에 기초하여 기댓값 방법으로 반품율을 예측하고 있으며, 회사의 수익
은 예측된 반품율의 변동에 영향을 받습니다.
회사는 재화의 판매로 인한 수익을 통제가 이전되는 시점에 계약에 따른 대가에서 특정 매출장려활동을 차감한 금액으로 인식하고 있습니다. 과거의 경험 및 계약에 기초하여 매출차감액을 합리적으로 추정하고 있으며, 회사의 수익은 추정된 매출차감액에 영향을 받습니다.
나. 판매보증충당부채
회사는 판매한 제품에 대하여 품질에 대한 보증의무를 부담하고 있습니다. 회사는 매보고기간종료일 미래와 현재의 보증의무를 제공하는데 필요하다고 판단되는 최선의 추정치를 기준으로 보증충당부채를 계상하고 있습니다. 이러한 최선의 추정치는 과거 경험에 기초하여 결정하고 있습니다.
다. 금융상품의 공정가치
회사는 활성시장에서 거래되지 않는 금융상품의 공정가치에 대하여 보고기간종료일현재 주요한 시장상황을 기초로 다양한 평가기법 및 가정을 사용하여 결정하고 있습니다. 라. 금융자산의 손상 기준서 제1109호의 금융자산의 손실충당금은 채무불이행위험과 기대신용률에 대한 가정에 근거하였습니다. 회사는 이러한 가정을 세우고 손상 계산을 위한 투입요소를 선택할 때 보고기간종료일의 미래 전망에 대한 추정 및 과거 경험, 현재 시장 상황에 근거하여 판단합니다.
마
. 순확정급여자산
순확정급여자산은 많은 가정을 사용하는 보험수리적 방식에 의해 결정되는 다양한 요소들에 따라 달라질 수 있습니다. 퇴직연금의 순원가(이익)를 결정하는 데 사용되는 가정은 할인율을 포함하고 있으며, 이러한 가정의 변동은 순확정급여자산의 장부금액에 영향을 줄 것입니다. 회사는 매년 말 우량회사채 이자율을 고려하여 적절한 할인율을 결정하고 있으며, 이러한 할인율은 순확정급여자산의 정산 시 발생할 것으로 예상되는 미래의 추정 현금 유출액의 현재가치를 결정할 때 사용되어야 하는 이자율을 나타냅니다. 순확정급여자산과 관련된 다른 주요한 가정들은 일부 현재의 시장 상황에 근거하고 있습니다.
바.
영업권 및 내용연수가 비한정인 무형자산의 손상
회사는 매년
영업권 및 내용연수가 비한정인 무형자산의 손상여부를 검토하고 있습니다. 현금창출단위 또는 자산의 회수가능금액은 사용가치의 계산에 기초하여 결정하고 있습니다. 이러한 계산은 추정에 근거하여 이루어집니다.
사. 법인세
회사는 보고기간종료일 현재까지의 영업활동의 결과로 미래에 부담할 것으로 예상되는 법인세효과를 최선의 추정과정을 거쳐 당기법인세 및 이연법인세로 인식하였습니다. 하지만 실제 미래 최종 법인세부담은 인식한 관련 자산ㆍ부채와 일치하지 않을 수 있으며, 이러한 차이는 최종 세효과가 확정된 시점의 당기법인세 및 이연법인세 자산ㆍ부채에 영향을 줄 수 있습니다.
회사는 특정 기간 동안 과세소득의 일정 금액을 투자, 임금증가 등에 사용하지 않았을 때 세법에서 정하는 방법에 따라 산정된 법인세를 추가로 부담합니다. 따라서, 해당 기간의 당기법인세와 이연법인세를 측정할 때 이에 따른 세효과를 반영하여야 하고, 이로 인해 회사가 부담할 법인세는 각 연도의 투자, 임금증가 등의 수준에 따라 달라지므로 최종 세효과를 산정하는 데에는 불확실성이 존재합니다.
4
.
현금및현금성자산
:
현금및현금성자산은 보유중인 현금, 요구불예금 및 취득일 현재 확정된 금액의 현금으로 전환이 용이하고 가치변동의 위험이 경미한 매우 유동적인 단기 투자자산으로 구성되어 있습니다. 보고기간종료일 현재 현금및현금성자산의 내역은 다음과 같습니다.
(단위: 백만원)
현금
556
554
예금 등
2,607,401
2,763,214
계
2,607,957
2,763,768
5.
사용제한금융상품 :
보고기간종료일 현재 사용제한금융상품은 다음과 같습니다.
(단위: 백만원)
단기금융상품
12,643
12,697
6. 범주별 금융상품 :
가. 보고기간종료일 현재 범주별 금융상품 내역은 다음과 같습니다.
(1) 당기말
(단위: 백만원)
현금및현금성자산
2,607,957
-
-
2,607,957
단기금융상품
34,113,871
-
-
34,113,871
매출채권
24,933,267
-
-
24,933,267
기타포괄손익-공정가치금융자산
-
1,098,565
-
1,098,565
당기손익-공정가치금융자산
-
-
7,413
7,413
기타
4,630,073
-
-
4,630,073
계
66,285,168
1,098,565
7,413
67,391,146
(단위: 백만원)
매입채무
7,315,631
-
7,315,631
단기차입금
-
10,353,873
10,353,873
미지급금
8,255,775
-
8,255,775
유동성장기부채
5,440
-
5,440
사채
43,516
-
43,516
장기미지급금
2,231,836
-
2,231,836
기타
2,355,676
-
2,355,676
계
20,207,874
10,353,873
30,561,747
(*) 기타금융부채는 범주별 금융부채의 적용을 받지 않는 담보부차입금 등을 포함하고 있습니다.
(2) 전기말
(단위: 백만원)
현금및현금성자산
2,763,768
-
2,763,768
단기금융상품
25,510,064
-
25,510,064
매출채권
27,881,777
-
27,881,777
장기매도가능금융자산
-
973,353
973,353
기타
3,623,263
-
3,623,263
계
59,778,872
973,353
60,752,225
(단위: 백만원)
매입채무
6,398,629
-
6,398,629
단기차입금
-
12,229,701
12,229,701
미지급금
9,465,685
-
9,465,685
유동성장기부채
5,201
-
5,201
사채
46,808
-
46,808
장기미지급금
1,537,329
-
1,537,329
기타
3,549,549
-
3,549,549
계
21,003,201
12,229,701
33,232,902
(*) 기타금융부채는 범주별 금융부채의 적용을 받지 않는 담보부차입금 등을 포함하고 있습니다.
나. 금융상품 범주별 순손익 구분
(1) 당기
(단위: 백만원)
평가손익(기타포괄손익)
-
(88,340)
-
(88,340)
평가/처분손익(당기손익)
-
-
57,545
57,545
이자수익
736,731
-
-
736,731
외환차이(당기손익)
(222,067)
-
-
(222,067)
배당금수익
-
2,283
-
2,283
손상/환입(당기손익)
56,776
-
-
56,776
(단위: 백만원)
이자비용
(60,490)
(336,946)
(397,436)
외환차이(당기손익)
(9,073)
81,101
72,028
(2) 전기
(단위: 백만원)
평가손익(기타포괄손익)
-
(30,226)
(30,226)
평가/처분손익(당기손익)
-
264
264
이자수익
482,608
40
482,648
외환차이(당기손익)
(718,549)
-
(718,549)
배당금수익
-
1,218
1,218
손상/환입(당기손익)
(60,096)
(4,832)
(64,928)
(단위: 백만원)
이자비용
(105,029)
(260,789)
(365,818)
외환차이(당기손익)
381,858
132,076
513,934
7. 금융자산의 양도 :
회사는
당기
및 전기 중 은행과의 매출채권 팩토링 계약을 통해 매출채권을 할인하였습니다. 회사가 매출채권 팩토링 거래에서 제공한 매출채권은 채무자의 채무불이행시의 소구조건 등으로 대부분의 위험과 보상을 회사가 보유하므로 금융자산의 제거요건을 충족하지 않아 제거되지 않았습니다. 이러한 거래에서 인식한 금융부채는 재무상태표에 단기차입금으로 분
류되어 있습니다
(주석
15
참조)
.
보고기간종료일 현재 매출채권의 할인된 내역은 다음과 같습니다.
(단위: 백만원)
할인된 매출채권의 장부금액
10,353,873
12,229,701
관련차입금의 장부금액
10,353,873
12,229,701
8. 공정가치금융자산 :
가.
보고기간종료일 현재
공정가치금융자산
의 구성내역은 다음과 같습니다.
(1) 기타포괄손익-공정가치금융자산
(단위: 백만원)
지분상품
1,098,565
-
(2)
당기손익-공정가치금융자산
(단위: 백만원)
채무상품
채무상품
7,413
-
상기 금융상품들은 전기에 매도가능금융자산으로 분류되었습니다.
나.
보고기간종료일 현재
공정가치금융자산의
변동내역은 다음과 같습니다. (1) 기타포괄손익-공정가치금융자산
(단위: 백만원)
기초금액
963,534
-
취득
204,055
-
처분
(6,930)
-
공정가치평가
(119,800)
-
기타
57,706
-
기말금액
1,098,565
-
(2) 당기손익-공정가치금융자산
(단위: 백만원)
기초금액
9,819
-
취득
665
-
처분
(2,141)
-
공정가치평가
(930)
-
기타
-
-
기말금액
7,413
-
다.
보고기간종료일 현재
기
타포괄손익-공정가치금융자산 평가손익의
변동내역은 다음과 같습니다.
(단위: 백만원)
기초잔액
149,520
-
공정가치평가
(119,800)
-
처분으로 인한 이익잉여금 대체
1,673
-
기말잔액
31,393
-
자본에 가감되는 법인세효과
(8,633)
-
계
22,760
-
라. 보고기간종료일 현재
공정가치금융자산
중 상장주식의
내역은 다음과 같습니다.
(단위: 백만원)
삼성중공업
100,693,398
16.0
735,488
746,138
호텔신라
2,004,717
5.1
13,957
153,361
아이마켓코리아
647,320
1.8
324
4,479
에이테크솔루션
1,592,000
15.9
26,348
12,418
원익홀딩스
1,759,171
2.3
15,410
6,175
원익아이피에스
1,850,936
4.5
16,214
37,204
스카이라이프
240,000
0.5
3,344
2,760
동진쎄미캠
2,467,894
4.8
48,277
18,040
솔브레인
835,110
4.8
55,618
39,709
용평리조트
400,000
0.8
1,869
2,436
계
916,849
1,022,720
(*) 총발행보통주식수 기준 지분율입니다.
9. 매도가능금융자산 :
보고기간종료일 현재 매도가능금융자산 변동내역은 다음과 같습니다.
(단위: 백만원)
기초금액
-
913,989
취득
-
163,765
처분
-
(69,877)
매도가능금융자산평가
-
(29,703)
손상
-
(4,832)
기타
-
11
기말금액
-
973,353
장기매도가능금융자산
-
973,353
상기 매도가능금융자산은 보고기간종료일 현재 공정가액에 따라 평가하고 있으며, 자본(기타포괄손익)으로 인식된 매도가능금융자산평가손익의 변동내역은 다음과 같습니다.
(단위: 백만원)
기초잔액
-
263,390
평가액
-
(29,703)
손익반영액
-
-
기말잔액
-
233,687
자본에 가감되는 법인세효과
-
(64,264)
계
-
169,423
가. 단기매도가능금융자산
보고기간종료일 현재 회사가 보유하고 있는 단기매도가능금융자산은 없습니다.
나. 장기매도가능금융자산
보고기간종료일 현재 장기매도가능금융자산의 구성내역은 다음과 같습니다.
(단위: 백만원)
지분증권-상장주식
-
872,749
지분증권-비상장주식
-
99,674
채무증권(*)
-
930
계
-
973,353
(*) 보고기간종료일 현재 매도가능금융자산 중 채무증권의 신용위험의 최대노출금액은 장부금액입니다.
(1) 지분증권
- 상장주식
전기말 현재 장기매도가능금융자산 중 상장주식의 내역은 다음과 같습니다.
(단위: 백만원)
삼성중공업
65,930,982
16.9
473,727
483,275
호텔신라
2,004,717
5.1
13,957
170,200
아이마켓코리아
647,320
1.8
324
5,832
에이테크솔루션
1,592,000
15.9
26,348
19,423
원익홀딩스 (구. 원익아이피에스)
1,759,171
2.3
15,410
13,880
원익아이피에스
1,850,936
4.5
16,214
61,821
케이티스카이라이프
240,000
0.5
3,344
3,228
동진쎄미캠
2,467,894
4.8
48,277
54,540
솔브레인
835,110
4.8
55,618
56,370
용평리조트
400,000
0.8
1,869
4,180
계
655,088
872,749
(*) 총발행보통주식수 기준 지분율입니다.
취득원가는 회수가능액이 취득원가에 미달하여 인식한 매도가능금융자산 손상차손을 차감하지 아니한 금액입니다. 손상차손 금액을 제외한 취득원가와 시가의 차액은 자본항목에 직접 반영되는 법인세효과를 감안한 후 기타자본항목(매도가능금융자산평가손익)으로 계상하고 있습니다.
(2) 지분증권- 비상장주식
전기말 현재 장기매도가능금융자산 중 비상장주식의 구성내역은 다음과 같습니다.
(단위: 백만원)
기협기술금융
1,000,000
1,000,000
17.2
17.2
5,000
5,000
5,000
5,000
삼성벤처투자
980,000
980,000
16.3
16.3
4,900
4,900
7,784
7,784
말타니(구 태원전기산업)
45,000
45,000
15.0
15.0
16,544
16,544
15,137
15,137
기타
141,376
141,376
71,753
71,753
계
167,820
167,820
99,674
99,674
(*) 일부 시장성 없는 지분증권에 대하여 추정 현금흐름의 편차가 유의적이고 다양한추정치의 발생 확률을 신뢰성 있게 평가할 수 없고 적용할 할인율을 신뢰성 있게 산정할 수 없으므로 취득원가로 평가하였습니다. 취득원가는 회수가능액이 취득원가에 미달하여 인식한 매도가능금융자산 손상차손을 차감하지 아니한 금액입니다. 손상차손 금액을 제외한 취득원가와 시가의 차액은 자본항목에 직접 반영되는 법인세효과를 감안한 후 기타자본항목(매도가능금융자산평가손익)으로 계상하고 있습니다.
(3) 채무증권 전기말 현재 장기매도가능금융자산 중 채무증권의 내역은 다음과 같습니다
(단위: 백만원)
회사채
930
계
930
10. 매출채권 및 미수금 :
가. 보고기간종료일 현재 매출채권 및 미수금의 내역은 다음과 같습니다.
(단위: 백만원)
채권액
25,707,615
1,553,362
28,303,421
2,242,026
차감:
손실
충당금
(260,588)
(14,912)
(315,020)
(18,045)
소 계
25,447,027
1,538,450
27,988,401
2,223,981
차감: 장기 채권
(513,760)
(23,371)
(106,624)
(22,579)
유동항목
24,933,267
1,515,079
27,881,777
2,201,402
보
고기간종료일 현재 회사가 은행에 양도한 매출채권은 담보부 차입금으로 회계처리되
었으며,
보고기간종료일 현재
10,353,873백만원(
전
기
:
12,229,701
백만원
)입니
다
(
주석
15
참조)
.
나. 당기 및 전기 중
손실충당금
의 변동내역은 다음과 같습니다.
(단위: 백만원)
기초
315,020
18,045
257,769
16,347
대손상각(환입)
(53,579)
(3,128)
57,822
2,408
제각
-
(1)
(488)
(710)
기타
(853)
(4)
(83)
-
기말
260,588
14,912
315,020
18,045
다. 보
고
기간 종료일 현재
기대신용손실을 측정하기 위해 연체일을 기준으로 구분한 매출
채권 및 미수금 내역은 다음과 같습니다.
(단위: 백만원)
연체되지 않은 채권
25,424,293
1,395,176
27,918,884
2,019,741
연체된 채권(*) :
31일 이하
99,277
36,250
185,199
98,684
31일 초과 90일 이하
77,532
27,180
93,119
15,469
90일 초과
106,513
94,756
106,219
108,132
소 계
283,322
158,186
384,537
222,285
합 계
25,707,615
1,553,362
28,303,421
2,242,026
(*) 회사는 31일 이하 연체된 매출채권 및 미수금은 신용이 손상된 것으로 간주하지 않습니다.
라. 보고기간종료일 현재 신용위험의 최대 노출금액은 채권의 장부금액입니다. 회사의 주요 채권과 관련하여 보험사와 보험계약을 체결하고 있
습
니
다.
11. 재고자산
:
보고기간종료일 현재 재고자산의 내역은 다음과 같습니다.
(단위: 백만원)
제품 및 상품
3,045,263
(300,008)
2,745,255
2,187,441
(484,364)
1,703,077
반제품 및 재공품
8,328,324
(403,623)
7,924,701
4,512,627
(124,510)
4,388,117
원재료 및 저장품
1,523,979
(263,632)
1,260,347
1,643,250
(263,886)
1,379,364
미착품
510,648
-
510,648
366,586
-
366,586
계
13,408,214
(967,263)
12,440,951
8,709,904
(872,760)
7,837,144
(*) 회사는 생산 및 판매 중단한 재고자산을 순실현가능가치로 평가하고 원가와의 차이를 평가충당금으로 반영하였습니다.
당기 중 비용으로 인식한 재고자산의 금액은
101,501,474
백만원(전기:
101,232,087
백만원)입니다.
동 비용에는 재고자산 평가손실 금액이
포함되어 있습니다.
12. 종속기업, 관계기업 및 공동기업 투자 :
가. 당기 및 전기 중 종속기업, 관계기업 및 공동기업 투자의 변동내역은 다음과 같습니다.
(단위: 백만원)
기초장부가액
55,671,759
48,743,079
취득
520,660
7,492,843
처분
(25,317)
(303,411)
손상
(207,357)
(260,752)
기말장부가액
55,959,745
55,671,759
나. 보고기간종료일 현재 주요 관계기업 투자 현황은 다음과 같습니다
(종속기업 현황은 주석 32 참조).
삼성전기
수동소자, 회로부품, 모듈 등 전자부품의 생산 및 공급
23.7
한국
12월
삼성에스디에스
컴퓨터 프로그래밍, 시스템 통합/관리업 등 IT서비스 및 물류서비스 제공
22.6
한국
12월
삼성바이오로직스
신사업 투자
31.5
한국
12월
삼성SDI(*2)
2차전지 등 전자제품의 생산 및 공급
19.6
한국
12월
제일기획
광고 대행업
25.2
한국
12월
(*1) 총발행보통주식수 기준 지분율입니다.
(*2) 유통보통주식수 기준 지분율은
20.6%
입
니다.
다. 보고기간종료일 현재 주요 종속기업, 주요 관계기업의 요약 재무정보는 다음과 같습니다.
(1) 주요 종속기업
1) 당기
(단위: 백만원)
삼성디스플레이
47,162,963
7,509,766
28,653,512
1,263,050
Samsung Electronics America(SEA)
30,681,097
11,862,223
31,171,751
870,814
Samsung (China) Investment(SCIC)
16,090,629
13,858,532
3,277,050
127,448
Harman과 그 종속기업(*2)
15,059,925
5,550,558
8,817,792
41,359
Samsung Electronics Vietnam(SEV)
11,501,682
1,607,991
21,430,638
1,783,410
Samsung Electronics Vietnam THAINGUYEN(SEVT)
11,360,811
2,209,962
28,340,939
2,047,014
Samsung (China) Semiconductor(SCS)
10,254,900
1,920,000
4,517,286
1,489,906
Samsung Semiconductor(SSI)
9,306,621
4,288,544
29,592,773
62,872
Samsung Electronics Europe Holding(SEEH)
8,586,022
6,388,302
-
9,439
Samsung Display Vietnam(SDV)
8,222,472
6,195,635
19,860,892
1,003,889
Samsung Asia Private(SAPL)
7,630,154
592,916
1,665,436
1,111,559
Samsung Electronics Huizhou(SEHZ)
6,539,392
586,349
9,780,357
532,767
Samsung India Electronics(SIEL)
6,410,825
3,438,807
11,045,500
309,632
Samsung Electronica da Amazonia(SEDA)
6,207,458
1,610,607
6,978,086
778,124
Samsung Austin Semiconductor(SAS)
5,642,117
511,596
3,643,739
434,766
(*1) 상기 요약재무정보는 각 종속기업의 별도재무제표 기준입니다. (*2) Harman International Industries, Inc. 및 그 종속기업이 포함된 중간지배기업의 연결재무정보입니다.
2) 전기
(단위: 백만원)
삼성디스플레이
50,723,199
12,243,688
30,111,427
3,352,802
Samsung Electronics America(SEA)
26,266,636
8,980,828
33,329,340
(70,198)
Harman과 그 종속기업(*2)
14,676,715
5,391,669
7,103,437
209,015
Samsung (China) Investment(SCIC)
13,409,281
11,297,307
5,133,676
268,481
Samsung Display Vietnam(SDV)
10,460,755
9,495,803
18,193,257
1,257,300
Samsung Semiconductor(SSI)
10,125,193
5,376,696
28,870,987
83,113
Samsung Electronics Vietnam THAINGUYEN(SEVT)
10,044,337
2,325,221
28,323,302
3,043,210
Samsung Electronics Vietnam(SEV)
9,592,074
1,875,105
19,344,045
2,007,876
Samsung Electronics Europe Holding(SEEH)
9,474,960
7,241,753
-
18,294
Samsung (China) Semiconductor(SCS)
8,076,107
1,499,220
4,513,291
1,359,007
Samsung Electronics Huizhou(SEHZ)
6,440,564
980,064
13,521,077
689,594
Samsung India Electronics(SIEL)
6,200,351
3,406,484
10,393,877
654,408
Samsung Asia Private(SAPL)
6,138,652
481,546
1,848,905
1,293,924
Samsung Electronica da Amazonia(SEDA)
5,838,533
1,514,891
7,108,691
1,449,426
Shanghai Samsung Semiconductor(SSS)
5,169,438
4,182,832
24,198,255
236,410
(*1) 상기 요약재무정보는 각 종속기업의 별도재무제표 기준입니다. (*2) Harman International Industries, Inc. 및 그 종속기업이 포함된 중간지배기업의 연결재무정보입니다.
(2)
주요 관계기업
1) 당기
(단위: 백만원)
구분
유동자산
3,525,293
5,881,776
1,577,684
5,519,342
1,889,015
비유동자산
5,119,621
2,132,073
4,402,725
13,830,379
378,586
유동부채
2,509,584
1,574,797
710,530
4,012,822
1,251,332
비유동부채
1,188,833
290,501
1,114,410
3,111,680
123,476
순자산
4,946,497
6,148,551
4,155,469
12,225,219
892,793
(단위: 백만원)
구분
매출
8,193,023
10,034,219
535,806
9,158,272
3,468,786
계속영업손익(*)
656,242
629,340
224,109
701,166
129,625
기타포괄손익(*)
(26,415)
(49,834)
(2,967)
47,261
(11,256)
총포괄손익(*)
629,827
579,506
221,142
748,427
118,369
(*) 관계기업별 지배기업의 소유주에 귀속될 손익입니다.
2) 전기
(단위: 백만원)
구분
유동자산
2,478,798
5,117,499
620,995
3,605,076
1,889,096
비유동자산
5,288,605
2,160,262
6,562,096
12,146,401
349,197
유동부채
2,454,110
1,324,862
2,287,442
2,670,360
1,281,293
비유동부채
981,802
233,469
919,198
1,629,117
101,012
순자산
4,331,491
5,719,430
3,976,451
11,452,000
855,988
(단위: 백만원)
구분
매출
6,838,474
9,299,206
464,629
6,321,561
3,374,987
계속영업손익(*)
161,739
530,348
(96,972)
657,236
127,153
기타포괄손익(*)
(132,298)
(63,585)
(8,957)
27,870
(25,115)
총포괄손익(*)
29,441
466,763
(105,929)
685,106
102,038
(*) 관계기업별 지배기업의 소유주에 귀속될 손익입니다.
라. 보고기간종료일 현재 시장성 있는 관계기업 투자주식의 내역은 다음과 같습니다
.
(단위: 주, 백만원)
삼성전기
17,693,084
1,831,234
445,244
1,769,308
445,244
삼성에스디에스
17,472,110
3,564,310
560,827
3,494,422
560,827
삼성바이오로직스
20,836,832
8,053,436
443,193
7,730,465
443,193
삼성SDI
13,462,673
2,948,325
1,242,605
2,753,117
1,242,605
제일기획
29,038,075
653,357
491,599
615,607
491,599
13. 유형자산
:
가. 당기 및 전기 중 유형자산의 변동내역은 다음과 같습니다. (1) 당기
(단위: 백만원)
기초장부가액
7,832,889
14,447,291
30,616,157
9,139,495
781,129
62,816,961
취득원가
7,832,889
20,818,067
105,582,797
9,139,495
1,840,581
145,213,829
감가상각누계액 (손상차손누계액 포함)
-
(6,370,776)
(74,966,640)
-
(1,059,452)
(82,396,868)
일반취득 및 자본적지출
7,620
2,040,029
21,367,408
(2,628,326)
1,083,811
21,870,542
감가상각
-
(1,070,122)
(12,404,644)
-
(365,031)
(13,839,797)
처분/폐기
(15,328)
(16,213)
(73,380)
-
(3,393)
(108,314)
기타
(4)
(27,570)
24,245
(130,956)
(2,614)
(136,899)
기말장부가액
7,825,177
15,373,415
39,529,786
6,380,213
1,493,902
70,602,493
취득원가
7,825,177
22,801,947
122,746,311
6,380,213
2,821,585
162,575,233
감가상각누계액 (손상차손누계액 포함)
-
(7,428,532)
(83,216,525)
-
(1,327,683)
(91,972,740)
(2)
전기
(단위: 백만원)
기초장부가액
6,276,070
11,376,704
17,955,513
11,004,840
615,703
47,228,830
취득원가
6,276,070
16,852,926
86,461,021
11,004,840
1,569,937
122,164,794
감가상각누계액 (손상차손누계액 포함)
-
(5,476,222)
(68,505,508)
-
(954,234)
(74,935,964)
일반취득 및 자본적지출
1,588,975
3,989,253
22,089,776
(1,504,886)
397,138
26,560,256
감가상각
-
(904,081)
(9,365,343)
-
(229,979)
(10,499,403)
처분/폐기
(32,156)
(11,906)
(57,689)
-
(3,018)
(104,769)
기타
-
(2,679)
(6,100)
(360,459)
1,285
(367,953)
기말장부가액
7,832,889
14,447,291
30,616,157
9,139,495
781,129
62,816,961
취득원가
7,832,889
20,818,067
105,582,797
9,139,495
1,840,581
145,213,829
감가상각누계액 (손상차손누계액 포함)
-
(6,370,776)
(74,966,640)
-
(1,059,452)
(82,396,868)
나. 당기 및 전기 중 계정과목별 유형자산 상각내역은 다음과 같습니다.
(단위: 백만원)
매출원가
12,617,355
9,310,603
판매비와관리비 등
1,222,442
1,188,800
계
13,839,797
10,499,403
14.
무형자산 :
가. 당기 및 전기 중 무형자산의 변동내역은 다음과 같습니다.
(1) 당기
(단위: 백만원)
기초장부가액
954,687
830,384
190,548
851,416
2,827,035
내부개발에 의한 취득
-
296,304
-
-
296,304
개별 취득
250,600
-
-
333,128
583,728
상각
(176,123)
(421,954)
-
(257,487)
(855,564)
처분/폐기
(46,807)
-
-
(155)
(46,962)
손상
-
-
(1,029)
-
(1,029)
기타
-
-
(121)
98,085
97,964
기말장부가액
982,357
704,734
189,398
1,024,987
2,901,476
(2) 전기
(단위: 백만원)
기초장부가액
944,166
1,180,618
151,043
616,017
2,891,844
내부개발에 의한 취득
-
447,540
-
-
447,540
개별 취득
200,512
-
57,560
137,484
395,556
상각
(168,707)
(687,365)
-
(230,226)
(1,086,298)
처분/폐기
(21,284)
-
(1,124)
(41)
(22,449)
손상
-
(110,409)
(23,617)
-
(134,026)
기타
-
-
6,686
328,182
334,868
기말장부가액
954,687
830,384
190,548
851,416
2,827,035
나. 당기 및 전기 중 계정과목별 무형자산 상각내역은 다음과 같습니다.
(단위: 백만원)
매출원가
570,006
817,658
판매비와관리비 등
285,558
268,640
계
855,564
1,086,298
15. 차입금 :
보고기간종료일 현재 차입금 내역은 다음과 같습니다.
(단위: 백만원)
담보부차입금
우리은행 외
0.1 ~ 10.3
10,353,873
12,229,701
상기 담보부 차입금에 대해서는 매출채권이 담보로 제공되어 있습니다
(주
석
7과 10
참조)
.
16. 사채 :
가. 보고기간종료일 현재 사채의 내역은 다음과 같습니다.
(단위: 백만원)
US$ denominated Straight Bonds
1997.10.2
2027.10.1
7.7
50,315 (US$45,000천)
53,570 (US$50,000천)
1년이내 만기도래분
(5,591)
(5,357)
사채할인발행차금
(1,208)
(1,405)
계
43,516
46,808
상기 사채는 10년 거치 20년 분할 상환되며 이자는 6개월마다 후급됩니다.
나. 보고기간종료일 현재 사채의 연도별 상환계획은 다음과 같습니다.
(단위: 백만원)
2019년
5,591
2020년
5,591
2021년
5,591
2022년
5,591
2023년 이후
27,951
계
50,315
17.
순
확정급여자산 :
가. 보고기간종료일
현재
순확정급여
자
산
과 관련하여 재무상
태표에 인식한 내역은 다음과 같습니다.
(단위: 백만원)
기금이 적립되는 확정급여채무의 현재가치
6,416,966
5,609,870
기금이 적립되지 않는 확정급여채무의 현재가치
15,664
12,717
소 계
6,432,630
5,622,587
사외적립자산의 공정가치
(6,994,986)
(6,433,797)
순확정급여
(자산
) 계
(562,356)
(811,210)
나. 당기 및 전기 중 손익계산서에 인식한 확정급여제도 관련 비용의 세부 내역은 다음과 같습니다.
(단위: 백만원)
당기근무원가
603,904
656,087
순이자수익
(32,960)
(23,644)
계
570,944
632,443
다. 당기 및 전기 중 손익계산서에 인식한 확정급여제도 관련 비용의 계정과목별 금액은 다음과 같습니다.
(단위: 백만원)
매출원가
223,342
239,556
판매비와관리비 등
347,602
392,887
계
570,944
632,443
라. 당기 및 전기 중 확정급여채무의 변동내역은 다음과 같습니다.
(단위: 백만원)
기초
5,622,587
5,696,660
당기근무원가
603,904
656,087
이자원가
212,261
216,543
재측정 :
- 인구통계적가정의 변동으로 인한 보험수리적손익
-
(17,864)
- 재무적가정의 변동으로 인한 보험수리적손익
73,363
(408,961)
- 기타사항에 의한 효과
196,647
(115,201)
급여지급액
(277,921)
(414,058)
기타
1,789
9,381
기말
6,432,630
5,622,587
마. 당기 및 전기 중 사외적립자산 공정가치의 변동내역은 다음과 같습니다.
(단위: 백만원)
기초
6,433,797
6,253,751
사외적립자산의 이자수익
245,221
240,187
사외적립자산의 재측정요소
(129,963)
(125,621)
사용자의 기여금
643,800
250,000
급여지급액
(198,790)
(185,679)
기타
921
1,159
기말
6,994,986
6,433,797
확정급여제도와 관련하여
2019년도
에 납입할 것으로 예상되는 사용자 기여금의 합리적인 추
정
치는
675,875
백
만원
입니다.
바. 보고기간종료일 현재 사외적립자산은 원금보장형 고정수익 상품에 투자 되어 있습니다.
사. 보고기간종료일 현재 사용한 주요 보험수리적 가정은 다음과 같습니다.
(단위: %)
할인율
3.3
3.9
미래임금상승률 (인플레이션 효과 포함)
2.9
3.4
아. 보고기간종료일 현재 주요 가정의 변동에 따른 확정급여채무의 민감도 분석은 다음과 같습니다.
(단위: %)
할인율 :
1% 증가
92
92
1% 감소
109
109
임금상승률 :
1% 증가
109
109
1% 감소
92
92
자. 보고기간종료일 현재 확정급여채무의 가중평균만기는
8.44
년
입니다.
18
. 충당부채 :
당기 중 충당부채 변동내역은 다음과 같습니다.
(단위: 백만원)
기타충당부채
(라),(마)
기초
188,333
1,663,429
577,180
223,947
2,652,889
순전입액(환입액)
378,818
(42,870)
201,615
368,960
906,523
사용액
(376,156)
(590,625)
(197,979)
(276,234)
(1,440,994)
기타(*)
-
104,445
-
284,668
389,113
기말
190,995
1,134,379
580,816
601,341
2,507,531
(*) 기타는 환율변동에 의한 증감액 등을 포함하고 있습니다.
가. 회사는 출고한 제품에 대한 품질보증,
교환
, 하자보수 및 그에 따른 사후서비스 등으로 인하여 향후 부담할 것으로 예상되는 비용을 보증기간 및 과거 경험률 등을 기초로 추정하여 충당부채로 설정하고 있습니다.
나. 회사는 협상 진행중인 기술사용계약과 관련하여 향후 지급이 예상되는 기술사용료를 추정하여 충당부채로 계상하고 있습니다. 지급시기 및 금액은 협상결과에 따라 변동될 수 있습니다.
다. 회사는 임원을 대상으로 부여년도를 포함한 향후 3년간의 경영실적에 따라 성과급을 지급하는 장기성과 인센티브를 부여하였는 바, 향후 지급이 예상되는 금액의 경
과기간 해당분을 충당부채로 계상하고 있습니다.
라. 회사는 생산 및 판매 중단한 제품에 대하여 향후 부담할 것으로 예상되는 비용 등을 추정하여 충당부채로 계상하고 있습니다.
마.
회사는 온실가스 배출과 관련하여 회사가 보유한 해당 이행연도분 배출권의 장부금액과 이를 초과하는 배출량에 대해 향후 부담할 것으로 예상되는 비용을 추정하여 충당부채로 계상하고 있습니다.
(1) 보고기간종료일 현재 무상할당 배출권 및 온실가스 배출량 추정치는 다음과 같습니다.
(단위: 만톤)
무상할당 배출권
711
배출량 추정치
1,131
(2) 당기 중 배출권 변동 내역은 다음과 같습니다.
(단위: 백만원)
기초
25,059
취득
6,588
당기말
31,647
(3) 당기 중 배출부채 변동 내역은 다음과 같습니다.
(단위: 백만원)
기초
13,116
순전입액
99,832
사용액
(13,116)
당기말
99,832
19. 우발부채와 약정사항 :
가. 지급보증한 내역 (1) 보고기간종료일 현재 회사가 제공한 채무보증내역은 다음과 같습니다.
(단위: 백만원, 백만US$)
임대주택 관련 채무보증(*)
5,235
7,323
해외종속기업에 대한 채무보증 (한도 기준)
US$ 8,281 (원화환산액: \
9,259,529
)
US$ 8,294 (원화환산액: \
8,885,708
)
해외종속기업에 대한 채무보증 (실차입금 기준)
US$ 217 (원화환산액: \
240,989
)
US$ 441 (원화환산액: \
473,014
)
(*)
직원용 임대주택 제공 관련 직원들의 금융기관 대출금에 대하여 최초 대출 승인 시 회사가 제공한 지급보증 한도액은
14,644
백만원입니다.
보고기간종료일 현재 회사가 해외종속기업의 자금조달 등을 위하여 제공하고 있는 지급보증 내역은 다음과 같으며, 특수관계자로부터 제공받고 있는 담보 및 지급보증은 없습니다.
(단위: 백만원)
Samsung Electronics Columbia(SAMCOL)
Citibank 외
2019-06-13
94,584
187,841
Samsung Electronics Turkey(SETK)
BNP 외
2019-06-13
72,139
919,078
Samsung Electronics Peru(SEPR)
BBVA 외
2019-06-13
65,643
201,258
Samsung Electronics Poland Manufacturing(SEPM)
HSBC
2019-06-13
8,623
8,623
기타
-
7,942,729
합계
240,989
9,259,529
(2) 보고기간종료일 현재 회사가 해외종속기업의 계약이행을 위하여 제공하고 있는 지급보증 한도액은
16,960백만원입니다.
나. 리스계약
(1) 운
용리스
- 리스이용자
보고기간종료일 현재 회사가 체결하고 있는 해지불능운용리스의 미래 최소리스료는 1년 이하 122,752백만원, 1년 초과 5년 이하 147,196백만원, 5년 초과 15,619백만원, 총 285,567백만원이며, 동 운용리스계약과 관련하여 당기 중 인식한 리스료 비용은130,689백만원입니다.
한편, 기준서 제1116호에 따라 단기리스와 소액자산 리스의 예외규정을 적용하는 경우 보고기간종료일 현재 회사의 미래 최소리스료는 총 265,569백만원입니다(주석 2 참조).
(2) 운
용리스
- 리스제공자
보고기간종료일 현재 회사는 부동산 임대 관련 해지불능운용리스 계약을 체결하고
있으며, 동 계약에 따른 미래 최소리스료는 1년 이하 156,443백만원, 1년 초과 5년 이하 117,504백만원, 5년 초과 11,830백만원, 총 285,777백만원이며, 동
운용리스계약과 관련하여 당기 중 인식한 리스료 수익은 157,141백만원입니다.
다. 소송 등
(1) 보고기간종료일 현재
미국 지역에서 Apple사가 제기한 디자인 및 기술특허 관련 소송은 당기 중 양사 합의에 따라 종결되었습니다.
(2)
보고기간종료일 현재
다수의 회사와 정상적인 영업과정에서 발생한 소송, 분쟁 및 규제기관의 조사 등이 진행 중에 있습니다. 이에 따른 자원의 유출금액 및 시기는 불확실하며 회사의 경영진은 이러한 소송 등의 결과가 회사의 재무상태에 중요한 영향을 미치지 않을 것으로 판단하고 있습니다.
라. 분할과 관련된 연대채무
회사와 삼성디스플레이 주식회사 등은 분할된 삼성디스플레이 주식회사 등의 분할 전 채무에 관하여 연대하여 변제할 책임이 있습니다.
마. 기타 약정사항
(1) 보고기간종료일 현재 회사는 우리은행 외 5개 은행과 무역금융, 상업어음할인 및 외상매출채권담보대출 등의 약정을 맺고 있으며 동 약정에 대한 통합한도액은 10,602,256백만원입니다. 이외에도 회사는 산업은행 외 17개 은행과 한도액 USD 8,650백만의 무역금융 약정을 체결하고 있으며, 구매대금의 지급과 관련하여 기업은행 외 3개 은행 등과 한도액 2,344,039백만원의 외상매출채권담보대출 약정 등을 맺고 있습니다.
(2) 보고기간종료일 현재 발생하지 아니한 유형자산의 취득을 위한 약정액은 1,395,112백만원입니다.
20. 계약부채 :
회사가 고객과의 계약에서 생기는 수익과 관련하여 인식하고 있는 계약부채는 아래와 같습니다.
(단위: 백만원)
계약부채(*)
701,851
454,003
(*) 계약부채는
선수금, 미지급비용, 기타유동부채 등에 포함되어 있습니다.
한편, 회사가 당기 초의 계약부채 잔액 중 당기에 수익으로 인식한 금액은 51,636백
만원입니다.
21. 자본금 :
회사의 정관에 의한 발행할 주식의 총수는 500,000,000주(1주의 금액 : 5,000원)에서 25,000,000,000주(1주의 금액 : 100원)로 변경되었으며,
보고기간종료일 현재
회사가 발행한 보통주식 및 우선주식의 수(소각 주식수 제외)는 각각 5,969,782,550주와 822,886,700주입니다. 이익소각으로 인하여 발행주식의 액면 총액은 679,267백만원(보통주 596,978백만원 및 우선주 82,289백만원)으로 납입자본금(897,514백만원)과 상이합니다.
(단위: 주)
전기초
122,697,651
17,283,734
- 자기주식 취득
(3,009,282)
(753,325)
전기말
119,688,369
16,530,409
당기초
119,688,369
16,530,409
- 자기주식 취득
(292,718)
(72,675)
- 주식분할(*)
5,850,386,899
806,428,966
당기말
5,969,782,550
822,886,700
(*) 당기 중 주식분할로 인해 주식수가 변경되었습니다.
회사는 2017년 10월 31일, 2018년 11월 30일 이사회 결의에 의거 당기 중 취득원가 7,103,298백만원인 보통주 485,142,150주와 우선주 89,642,300주를 소각하였습니다
(주
식분할 후 주식수 기준).
22. 이익잉여금 :
가. 보고기간종료일 현재 이익잉여금의 내역은 다음과 같습니다.
(단위: 백만원)
1. 법정적립금
450,789
450,789
이익준비금(*1)
450,789
450,789
2. 임의적립금
147,548,375
136,446,402
재무구조개선적립금
204,815
204,815
기업합리화적립금(*2)
32,699,966
29,699,966
해외시장개척준비금
510,750
510,750
해외투자손실준비금
164,982
164,982
연구및인력개발준비금
78,936,458
70,936,458
수출손실준비금
167,749
167,749
자사주처분손실준비금
3,100,000
3,100,000
시설적립금
31,763,655
31,661,682
3. 미처분이익잉여금
18,556,368
14,031,533
계
166,555,532
150,928,724
(*1) 회사는 상법상의 규정에 따라 납입자본의 50%에 달할 때까지 매 결산기마다 금전에 의한 이익배당액의 10% 이상을 이익준비금으로 적립하도록 되어 있으나 보고기간종료일 현재 회사의 이익준비금이 납입자본의 50%에 달하였으므로 추가 적립할 의무는 없습니다. (*2) 회사는 2001년까지 조세특례제한법에 의거 세액공제에 상응하는 법인세 상당액을 기업합리화적립금으로 적립하였으나, 2002년부터는 개정된 조세특례제한법에 따라 동 적립금의 적립의무 및 사용제한이 없습니다.
나. 당기 및 전기의 회사의 이익잉여금처분계산서는 다음과 같습니다.
당기의 이익잉여금처분계산서는 주주총회에서 확정될 예정입니
다
(전기 처분확정일:
2018년
3월 23일
).
(단위: 백만원)
Ⅰ. 미처분이익잉여금
18,556,368
14,031,533
1. 전기이월이익잉여금
30
31
2.
회계정책변경누적효과 등
58,324
-
3. 분기배당금
당기 - 주당배당금(률) :
1,062원(1062%)
전기 -
주당배당금(률) : 21,000원(420%)
(7,213,815)
(2,896,772)
4. 자기주식 소각
(7,103,298)
(11,872,563)
5. 당기순이익
32,815,127
28,800,837
Ⅱ. 임의적립금 등의 이입액
-
-
Ⅲ. 이익잉여금처분액
18,556,338
14,031,503
1. 기업합리화적립금
5,000,000
3,000,000
2. 배당금 주당배당금(률)
당기 - 보통주 :
354원(354%)
우선주 :
355원(355%)
전기 -
보통주 :
21,500원(430%) 우선주 : 21,550원(431%
)
2,405,428
2,929,530
3. 연구및인력개발준비금
10,000,000
8,000,000
4. 시설적립금
1,150,910
101,973
Ⅳ. 차기이월미처분이익잉여금
30
30
다.
당기 및 전기 중 배당금 산정내역은 다음과 같습니다.
(1) 분기배당
(배당기준일 :
2018년 3월 31일, 6월 30일, 9월 30일
과 2017년 3월 31일, 6월 30일, 9월 30일)
(단위: 백만원)
1분기
배당받을 주식
보통주
119,395,651주
121,840,851주
우선주
16,457,734주
17,069,534주
배당률(액면가 기준)
354%
140%
배당금액
보통주
2,113,303
852,886
우선주
291,302
119,487
계
2,404,605
972,373
2분기
배당받을 주식(*)
보통주
5,969,782,550주
121,038,051주
우선주
822,886,700주
16,868,834주
배당률(액면가 기준)
354%
140%
배당금액
보통주
2,113,303
847,266
우선주
291,302
118,082
계
2,404,605
965,348
3분기
배당받을 주식(*)
보통주
5,969,782,550주
120,316,189주
우선주
822,886,700주
16,691,095주
배당률(액면가 기준)
354%
140%
배당금액
보통주
2,113,303
842,213
우선주
291,302
116,838
계
2,404,605
959,051
(*) 당기 중 주식분할
(주석 21 참조
)로 인
해 주식수가 변경되었습니다.
(2) 기말배당 (배당기준일
:
2018년과 2017년 12월 31일
)
(단위: 백만원)
배당받을 주식(*)
보통주
5,969,782,550주
119,688,369주
우선주
822,886,700주
16,530,409주
배당률(액면가 기준)
보통주
354%
430%
우선주
355%
431%
배당금액
보통주
2,113,303
2,573,300
우선주
292,125
356,230
계
2,405,428
2,929,530
(*) 당기 중 주식분
할
(주석 21 참조
)
로 인해 주식수가 변경되었습니다.
23. 기타자본항목 :
가. 보고기간종료일 현재 기타자본항목의 내역은 다음과 같습니다.
(단위: 백만원)
자기주식
-
(6,228,187)
매도가능금융자산평가손익
-
169,423
기타포괄손익-공정가치금융자산평가손익
22,759
-
순확정급여부채 재측정요소
(651,981)
(362,000)
기타
1,760,408
1,760,408
계
1,131,186
(4,660,356)
나. 회사는 주가안정 및 주주가치 증대를 위하여 기명식보통주식 및 무의결권우선주식을취득하여 기타자본항목으로 계상하고 있습니다. 보고기간종료일 현재 자기주식의 내역은 다음과 같습니다.
(단위: 주,백만원)
주식수
-
-
9,410,125
1,720,171
취득가액
-
-
5,560,506
667,681
24. 비용의 성격별 분류 :
당기 및 전기 중 비용의 성격별 분류 내역은 다음과 같습니다.
(단위: 백만원)
제품 및 재공품 등의 변동
(4,578,762)
(1,482,078)
원재료 등의 사용액 및 상품 매입액 등
72,785,510
75,238,170
급여
11,190,102
10,747,188
퇴직급여
583,953
641,891
감가상각비
13,839,797
10,499,403
무형자산상각비
855,564
1,086,298
복리후생비
1,804,652
1,567,565
유틸리티비
2,217,641
1,841,216
외주용역비
2,691,621
2,651,316
광고선전비
750,368
1,429,380
판매촉진비
1,318,453
1,424,143
기타비용
23,223,520
21,413,424
계(*)
126,682,419
127,057,916
(*) 손익계산서 상의 매출원가 및 판매비와관리비를 합한 금액입니다.
25. 판매비와관리비 :
당기 및 전기 중 판매비와관리비 내역은 다음과 같습니다.
(단위: 백만원)
(1) 판매비와관리비
급여
1,862,339
2,033,141
퇴직급여
112,110
132,693
지급수수료
2,452,677
3,635,146
감가상각비
372,823
336,257
무형자산상각비
137,394
126,034
광고선전비
750,368
1,429,380
판매촉진비
1,318,453
1,424,143
운반비
510,314
555,860
서비스비
485,295
704,684
기타판매비와관리비
1,819,773
2,106,572
소계
9,821,546
12,483,910
(2) 경상연구개발비
연구개발 총지출액
15,490,671
13,621,889
개발비 자산화
(296,304)
(447,540)
소계
15,194,367
13,174,349
계
25,015,913
25,658,259
26. 기타수익
및 기타비용 :
당기 및 전기 중 기타수익 및 기타비용의 내역은 다음과 같습니다.
(단위: 백만원)
(1) 기타수익
배당금수익
335,069
1,732,247
임대료수익
164,742
152,488
투자자산처분이익
6,259
692
유형자산처분이익
265,289
150,121
기타
200,786
732,419
계
972,145
2,767,967
(2) 기타비용
유형자산처분손실
33,070
15,994
기부금
250,033
250,465
기타
221,459
798,555
계
504,562
1,065,014
27. 금융수익 및 금융비용 :
가. 당기 및 전기 중 금융수익과 금융비용의 내역은 다음과 같습니다.
(단위: 백만원)
(1) 금융수익
이자수익
736,731
482,648
- 대여금및수취채권
-
482,608
- 매도가능금융자산
-
40
- 상각후원가 측정 금융자산
736,731
-
외환차이
2,936,453
3,592,954
파생상품관련이익
64,310
-
계
3,737,494
4,075,602
(2) 금융비용
이자비용
397,436
365,818
- 상각후원가 측정 금융부채
60,490
105,029
- 기타 금융부채
336,946
260,789
외환차이
3,101,632
3,736,276
파생상품관련손실
6,605
-
계
3,505,673
4,102,094
나. 회사는 외화 거래 및 환산으로 발생한 외환차이를 금융수익 및 금융비용으로 인식하고 있습니다.
28. 법인세비용 :
가. 당기 및 전기 중 법인세비용의 주요 구성내역은 다음과 같습니다.
(단위: 백만원)
1. 당기법인세
기간손익에 대한 당기법인세
11,618,350
8,017,777
당기에 인식한 조정사항
(108,805)
281,372
2. 이연법인세
세액공제의 이월로 인한 이연법인세변동액
(44,968)
27,302
일시적차이로 인한 이연법인세변동액
119,151
(593,736)
3. 자본에 직접 부가되는 법인세부담액
-
-
법인세비용
11,583,728
7,732,715
나. 회사의 법인세비용차감전순이익에 대한 법인세비용과 적용세율을 사용하여 이론적으로 계산된 금액과의 차이는 다음과 같습니다.
(단위: 백만원)
법인세비용차감전순이익
44,398,855
36,533,552
적용세율에 따른 법인세비용(*)
12,209,685
8,841,119
조정사항
세무상 과세되지 않는 수익
(16,155)
(25,704)
세무상 차감되지 않는 비용
24,349
168,642
세액공제
(653,462)
(1,186,137)
기타
19,311
(65,205)
법인세비용
11,583,728
7,732,715
(*) 보고기간종료일 현재 제정된 세법에서 규정한 법정세율을 적용하여 산정하였습니다.
다. 당기 및 전기 중 누적일시적차이 및 이연법인세자산(부채)의 증감내역은 다음과 같습니다.
(1) 당기
(단위: 백만원)
일시적차이로 인한 이연법인세
조세특례제한법상준비금
(368)
368
-
(101)
101
-
토지재평가
(3,425,233)
2,953
(3,422,280)
(941,939)
812
(941,127)
종속기업, 관계기업 및 공동기업 투자
(4,028,791)
34,347
(3,994,444)
(782,627)
9,446
(773,181)
감가상각누계액 등
212,461
(8,616)
203,845
58,427
(2,370)
56,057
미수수익
(128,001)
(105,774)
(233,775)
(35,200)
(29,088)
(64,288)
충당부채 및 미지급비용 등
7,387,397
(444,249)
6,943,148
2,031,524
(122,158)
1,909,366
외화평가조정
(192,169)
91,320
(100,849)
(52,846)
25,112
(27,734)
자산손상
1,305,376
40,921
1,346,297
358,978
11,254
370,232
퇴직급여
(1,410,177)
(73,777)
(1,483,954)
(387,799)
(20,288)
(408,087)
분할시투자주식평가증(*)
10,586,822
-
10,586,822
-
-
-
기타
466,524
686,704
1,153,228
208,918
8,028
216,946
소 계
10,773,841
224,197
10,998,038
457,335
(119,151)
338,184
세액공제로 인한 이연법인세
세액공제이월액
32,634
44,968
77,602
32,634
44,968
77,602
자본에 직접 가감하는 이연법인세
기타포괄손익-공정가치금융자산평가손익 등
(149,520)
118,127
(31,393)
(41,118)
32,485
(8,633)
순확정급여부채 재측정요소
499,310
399,974
899,284
137,310
109,993
247,303
소 계
349,790
518,101
867,891
96,192
142,478
238,670
계
654,456
(*) 과거 LCD 사업부문 분할로 인하여 교부받은 삼성디스플레이 투자주식에 대한 세무상 장부가액과 회계상 장부가액의 차이입니다. 보고기간종료일 현재 회사는 향후 삼성디스플레이주식을 처분하지 않을 예정이므로, 동 투자주식의 차감할 일시적 차이가 예측가능한 미래에 소멸할 가능성이 높지 않을 것으로 보아 이연법인세자산을 인식하지 아니하였습니다.
(2) 전기
(단위: 백만원)
일시적차이로 인한 이연법인세
조세특례제한법상준비금
(368)
-
(368)
(89)
(12)
(101)
토지재평가
(3,444,254)
19,021
(3,425,233)
(833,510)
(108,429)
(941,939)
종속기업, 관계기업 및 공동기업 투자
(3,624,457)
(404,334)
(4,028,791)
(575,738)
(206,889)
(782,627)
감가상각누계액 등
42,672
169,789
212,461
10,326
48,101
58,427
미수수익
(235,889)
107,888
(128,001)
(57,085)
21,885
(35,200)
충당부채 및 미지급비용 등
7,667,914
(280,517)
7,387,397
1,855,635
175,889
2,031,524
외화평가조정
41,064
(233,233)
(192,169)
9,938
(62,784)
(52,846)
자산손상
971,181
418,362
1,389,543
235,026
147,098
382,124
퇴직급여
(1,814,995)
404,818
(1,410,177)
(439,229)
51,430
(387,799)
분할시투자주식평가증(*)
10,586,822
-
10,586,822
-
-
-
기타
(1,579,417)
2,045,941
466,524
(318,529)
527,447
208,918
소 계
8,610,273
2,247,735
10,858,008
(113,255)
593,736
480,481
세액공제로 인한 이연법인세
세액공제이월액
66,280
(33,646)
32,634
59,936
(27,302)
32,634
자본에 직접 가감하는 이연법인세
매도가능금융자산평가이익 등
(263,390)
29,703
(233,687)
(63,740)
(524)
(64,264)
순확정급여부채 재측정요소
939,248
(439,938)
499,310
227,298
(89,988)
137,310
소 계
675,858
(410,235)
265,623
163,558
(90,512)
73,046
계
586,161
(*) 과거 LCD 사업부문 분할로 인하여 교부받은 삼성디스플레이 투자주식에 대한 세무상 장부가액과 회계상 장부가액의 차이입니다. 보고기간종료일 현재 회사는 향후 삼성디스플레이주식을 처분하지 않을 예정이므로, 동 투자주식의 차감할 일시적 차이가 예측가능한 미래에 소멸할 가능성이 높지 않을 것으로 보아 이연법인세자산을 인식하지 아니하였습니다.
라. 보고기간종료일 현재 이연법인세자산 및 부채의 장단기 구분은 다음과 같습니다.
(단위: 백만원)
12개월 이내에 결제될 이연법인세자산(부채)
1,238,391
1,199,449
12개월 이후에 결제될 이연법인세자산(부채)
(583,935)
(613,288)
계
654,456
586,161
29. 주당이익 :
가. 기본주당순이익 당기 및 전기 중 기본주당이익 산정내역은 다음과 같습니다. (1) 보통주
(단위: 백만원, 천주)
당기순이익
32,815,127
28,800,837
당기순이익 중 보통주 해당분
28,839,069
25,302,196
÷ 가중평균유통보통주식수
5,970,448
6,056,616
기본 보통주 주당이익(단위: 원)
4,830
4,178
(2) 우선주
(단위: 백만원, 천주)
당기순이익
32,815,127
28,800,837
당기순이익 중 우선주 해당분
3,976,058
3,498,641
÷ 가중평균유통우선주식수
823,042
844,643
기본 우선주 주당이익(단위: 원)
4,831
4,142
나. 희석주당순이익
회사가 보유하고 있는 희석성 잠재적보통주는 없으며, 당기 및 전기의 기본주당이익과 희석주당이익은 동일합니다.
30. 현금흐름표 :
가. 당기 및 전기 중 영업활동현금흐름의 조정내역 및 영업활동으로 인한 자산부채의 변동은 다음과 같습니다. - 조정내역
(단위: 백만원)
법인세비용
11,583,728
7,732,715
금융수익
(933,801)
(1,006,372)
금융비용
769,761
935,742
퇴직급여
583,953
641,891
감가상각비
13,839,797
10,499,403
무형자산상각비
855,564
1,086,298
대손상각비(환입)
(53,579)
57,822
배당금수익
(335,069)
(1,732,247)
유형자산처분이익
(265,289)
(150,121)
유형자산처분손실
33,070
15,994
재고자산평가손실 등
739,469
63,009
투자자산처분이익
(6,259)
(544,444)
기타
283,804
413,286
계
27,095,149
18,012,976
- 영업활동으로 인한 자산부채의 변동
(단위: 백만원)
매출채권의 감소(증가)
4,368,004
(5,012,981)
미수금의 감소
246,398
384,556
선급금의 감소(증가)
99,297
(285,473)
장단기선급비용의 (증가)감소
(1,026,533)
570,413
재고자산의 증가
(5,427,821)
(1,898,309)
매입채무의 증가
960,315
346,249
장단기미지급금의 (감소)증가
(1,071,814)
159,839
선수금의 증가
608
13,563
예수금의 증가
71,870
111,212
미지급비용의 (감소)증가
(415,762)
472,269
충당부채의 (감소)증가
(543,568)
151,698
퇴직금의 지급
(290,930)
(423,506)
사외적립자산의
증가
(445,010)
(64,321)
기타
(2,839,019)
11,449
계
(6,313,965)
(5,463,342)
나. 회사의 현금흐름표는 간접법에 의해 작성되었으며, 당기 및 전기 중 현금의 유입과 유출이 없는 주요한 거래는 다음과 같습니다.
(단위: 백만원)
매도가능금융자산평가
-
(29,703)
기타포괄손익-공정가치금융자산평가
(119,800)
-
유형자산의 본계정 대체
29,257,052
27,887,298
사채의 유동성 대체
5,591
5,357
다. 회사는 거래가 빈번하며 총금액이 크고 단기간에 만기가 도래하는 단기금융상품 및 단기차입금으로 인한 현금의 유입과 유출항목을 순증감액으로 기재하였습니다.
라.
재무활동현금흐름에서 생기는 부채의 조정내역은 다음과 같습니다. (1) 당기
(단위: 백만원)
단기차입금
12,229,701
(1,796,186)
-
(79,642)
10,353,873
사채
52,009
(5,357)
259
2,045
48,956
계
12,281,710
(1,801,543)
259
(77,597)
10,402,829
(*) 환율변동에 의한 증감액 등을 포함하고 있습니다.
(2) 전기
(단위: 백만원)
단기차입금
9,061,167
3,300,611
-
(132,077)
12,229,701
사채
64,396
(6,043)
311
(6,655)
52,009
계
9,125,563
3,294,568
311
(138,732)
12,281,710
(*) 환율변동에 의한 증감액 등을 포함하고 있습니다.
31. 재무위험관리 :
회사의 재무위험관리는 영업활동에서 파생되는 시장위험, 신용위험 및 유동성 위험을 최소화하는데 중점을 두고 있습니다. 회사는 이를 위하여 각각의 위험요인에 대해면밀하게 모니터링하고 대응하는 재무위험관리정책 및 프로그램을 운용하고 있습니다. 재무위험관리는 재경팀이 주관하고 있으며, 사업부, 국내외 종속기업과의 공조 하에주기적으로 재무위험의 측정, 평가 및 헷지 등을 실행하고 글로벌 재무위험관리정책을 수립하여 운영하고 있습니다. 또한, 회사는
해외 주요 권역별로(미국, 영국, 싱가포르, 중국, 브라질, 러시아) 지역 금융센터를 운영하여 글로벌 재무위험을 관리하고 있습니다.
회사의 재무위험관리의 주요 대상인 금융자산은 현금및현금성자산, 단기금융상품, 상각후원가금융자산, 기타포괄손익-공정가치금융자산, 당기손익-공정가치금융자산, 매출채권 및 기타채권 등으로 구성되어 있으며, 금융부채는 매입채무, 차입금, 사채 및 기타채무 등으로 구성되어 있습니다.
가. 시장위험
(1) 환율변동위험
회사는 글로벌 영업활동을 수행함에 따라 기능통화와 다른 외화 수입, 지출이 발생하고 있습니다. 이로 인해 환율변동위험에 노출되는 환포지션의 주요 통화로는 USD, EUR, JPY, INR 등이 있습니다. 회사는 영업활동에서 발생하는 환위험의 최소화를 위하여 수출입 등의 경상거래 및 예금, 차입 등의 자금거래시 현지통화로 거래하거나 입금 및 지출 통화를 일치시키는것을 원칙으로 함으로써 환포지션 발생을 최대한 억제하고 있습니다. 회사의 환위험관리 규정에서는 환위험의 정의, 측정주기, 관리주체, 관리절차, 헷지 기간, 헷지 비율 등을 정의하고 있습니다.
회사는 투기적 외환거래는 금지하고 있으며, 글로벌 환관리 시스템을 구축하여 각 개별회사의 환위험을 주기적으로 모니터링, 평가 및 관리하고 있습니다.
보고기간종료일 현재
주요 외화에 대한 환
율
5% 변동을 가정한
외화금융자산 및 외화금융부채의 환율변동위험은 다음과 같습니다.
(단위: 백만원)
USD
59,453
(59,453)
8,221
(8,221)
EUR
(82,316)
82,316
19,560
(19,560)
JPY
(8,024)
8,024
1,134
(1,134)
INR
92,121
(92,121)
77,966
(77,966)
(2) 주가변동위험
회사는 전략적 목적 등으로
기타포괄손익-공정가치금융자산
으로 분류된
지분상품
에 투자하고 있습니다. 이를 위하여 직접적 또는 간접적 투자수단을 이용하고 있습니다.
당기말 및 전기말 현재 지분
상품
(상장주식)의 주가가 약 1% 변동할 경우 당기 및 전기 기타포괄손익(법인세효과 반영 전)의 변동금액은 각
각
10,227
백만
원
및
8,727
백만원입
니다.
(3) 이자율변동위험
변동금리부 금융상품의 이자율 변동위험은
시
장
금리 변동으로 인한 재무상태표 항목의 가치변동(공정가치) 위험과 투자 및 재무활동으로부터 발생하는 이자수익, 비용의현금흐름이 변동될 위험으로 정의할 수 있습니다. 이러한 회사의 이자율 변동위험은 주로 예금 및 변동금리부 차입금에서 비롯되며, 회사는 이자율 변동으로 인한 불확실성과 금융비용의 최소화를 위한 정책을 수립 및 운용하고 있습니다.
회사는 지역 및 글로벌 자금 공유 체제를 구축하여 외부차입을 최소화함으로써 이자율변동위험의 발생을 제한하고 있으며, 주기적인 금리동향 모니터링 및 대응방안 수립을 통해 이자율 위험을 관리하고 있습니다.
나. 신용위험
신용위험은 통상적인 거래 및 투자활동에서 발생하며 고객 또는 거래상대방이 계약조건상 의무사항을 지키지 못하였을 때 발생합니다. 이러한 신용위험을 관리하기 위하
여 고객과 거래상대방의 재무상태와 과거 경험 및 기타 요소들을 고려하여 주기적으로 재무신용도를 평가하고 있으며 고객과 거래상대방 각각에 대한 신용한도를 설정, 관리하고 있습니다.
그리고 위험국가에 소재한 거래선의 매출채권은 보험한도내에서 적절하게 위험 관리되고 있습니다.
신용위험은 금융기관과의 거래에서도 발생할 수 있으며 해당거래는 현금 및 현금성자산, 각종 예금 그리고 파생금융상품 등의 금융상품 거래를 포함합니다. 이러한 위험을 줄이기 위해, 회사는 국제 신용등급이 높은 은행들(S&P A등급 이상)에 대해서만 거래를 하는 것을 원칙으로 하고 있으며, 기존에 거래가 없는 금융기관과의 신규 거래는 재경팀의 승인, 관리, 감독 하에 이루어지고 있습니다. 회사가 체결하는 금융계약은 부채비율 제한 조항, 담보제공, 차입금 회수 등의 제약조건이 없는 계약을 위주로 체결하고 있으며, 기타의 경우 별도의 승인을 받아 거래하도록 되어 있습니다.
당기말 및 전기말 현재 회사의 금융자산 장부금액은 손상차손 차감 후 금액으로 회사의 신용위험 최대노출액을 나타내고 있습니다.
다. 유동성 위험
회사는 대규모 투자가 많은 사업의 특성상 적정 유동성의 유지가 매우 중요합니다. 회사는 주기적인 자금수지 예측, 필요 현금수준 추정 및 수입, 지출 관리 등을 통하여 적정 유동성을 유지, 관리하고 있습니다. 이와는 별도로 유동성 위험에 대비하여 회사는 무역금융 및 당좌차월 한도를 확보하고 있습니다. 또한, 대규모 시설투자의 경우에는 내부유보 자금의 활용이나 장기차입을 통하여 조달기간을 대응시켜 유동성 위험을 최소화하고 있습니다.
보고기간종료일 현재 금융부채에 대하여 보고기간종료일로부터 계약만기일까지의 잔여만기에 따라 만기별로 구분된 유동성은 다음과 같습니다.
(1) 당기말
(단위: 백만원)
금융부채
27,414,449
486,972
473,300
2,264,583
158,888
(2) 전기말
(단위: 백만원)
금융부채
30,508,538
615,721
540,620
1,322,675
366,651
위의 분석에 포함된 금융부채는 보고기간종료일로부터 계약 만기일까지의 잔여기간에 따라 만기별로 구분되었습니다. 계약 만기일까지의 잔여기간에 따른 만기별 구분에 포함된 현금흐름은 현재가치 할인을 하지 않은 금액입니다.
상기 금융부채 외 종속기업 지급보증 및 이행보증 등으로 노출된 유동성 위험의 최대금액은
9,281,724
백만
원
(전기:
8,915,428
백만
원
)입
니다.
라. 자본위험관리
회사의 자본관리목적은 건전한 자본구조를 유지하는 데 있습니다. 회사는 자본관리지표로 부채비율을 이용하고 있으며 이 비율은 총부채를 총자본으로 나누어 산출하고 있으며 총부채 및 총자본은 재무제표의 금액을 기준으로 계산합니다.
회사의 자본위험관리 정책은 전기와 동일하며 보고기간종료일 현재 회사는
S&P로부터 AA-, Moody's로부터 Aa3 평가등급
을 받고
있습니다.
보고기간종료일 현재 부채비율은 다음과 같습니다.
(단위: 백만원)
부 채
46,033,232
46,671,585
자 본
172,988,125
151,569,775
부채비율
26.6%
30.8%
마. 공정가치 측정 (1) 보고기간종료일 현재 금융상품의 장부금액과 공정가치는 다음과 같습니다.
(단위: 백만원)
금융자산
현금및현금성자산
2,607,957
(*1)
2,763,768
(*1)
단기금융상품
34,113,871
(*1)
25,510,064
(*1)
매출채권
24,933,267
(*1)
27,881,777
(*1)
장기매도가능금융자산(*2)
-
-
973,353
895,670
기타포괄손익-공정가치금융자산
1,098,565
1,098,565
-
-
당기손익-공정가치금융자산
7,413
7,413
-
-
기타
4,630,073
(*1)
3,623,263
(*1)
소계
67,391,146
60,752,225
금융부채
매입채무
7,315,631
(*1)
6,398,629
(*1)
단기차입금
10,353,873
(*1)
12,229,701
(*1)
미지급금
8,255,775
(*1)
9,465,685
(*1)
유동성장기부채
5,440
(*1)
5,201
(*1)
사채
43,516
57,733
46,808
61,943
장기미지급금
2,231,836
(*1)
1,537,329
(*1)
기타
2,355,676
(*1)
3,549,549
(*1)
소계
30,561,747
33,232,902
(*1) 장부금액이 공정가치의 합리적인 근사치이므로 공정가치 공시에서 제외하였습니다. (*2) 전기말 현재 추정 현금흐름의 편차가 유의적이고 다양한 추정치의 발생확률 및 적용할 할인율을 신뢰성 있게 산정할 수 없어 당기에 취득원가로 평가하여 공정가치 공시에서 제외한 금액은
77,683
백만원입
니다.
(2) 보고기간종료일 현재 공정가치로 측정 및 공시되는 금융상품의 공정가치 서열체계에 따른 수준별 공시는 다음과 같습니다.
(단위: 백만원)
(1) 자 산
기타포괄손익-공정가치금융자산
1,022,720
-
75,845
1,098,565
당기손익-공정가치금융자산
-
-
7,413
7,413
(2) 부 채
사채
-
57,733
-
57,733
(단위: 백만원)
(1) 자 산
장기매도가능금융자산
872,749
-
22,921
895,670
(2) 부 채
사채
-
61,943
-
61,943
공정가치 측정의 투입변수 특징에 따른 공정가치 서열체계는 다음과 같습니다. ㆍLevel 1 : 동일한 자산이나 부채에 대한 시장 공시가격 ㆍLevel 2 : 시장에서 관측가능한 투입변수를 활용한 공정가치 (단, Level 1에 포함된 공시가격은 제외) ㆍLevel 3 : 관측가능하지 않은 투입변수를 활용한 공정가치
활성시장에서 거래되는 금융상품의 공정가치는 보고기간종료일 현재 고시되는 시장가격에 기초하여 산정됩니다. 거래소, 판매자, 중개인, 산업집단, 평가기관 또는 감독기관을 통해 공시가격이 용이하게 그리고 정기적으로 이용가능하고, 그러한 가격이 독립된 당사자 사이에서 정기적으로 발생한 실제 시장거래를 나타낸다면, 이를 활성시장
으로 간주하며, 이러한 상품들은 Level 1에 포함됩니다. Level 1에 포함된 상품들은 대부분
기타포괄손익-공정가치금융자산으로 분류된
상장주
식으로 구성됩니다.
활성시장에서 거래되지 아니하는 금융상품의 공정가치는 평가기법을 사용하여 결정하고 있습니다. 이러한 평가기법은 가능한 한 관측가능한 시장정보를 최대한 사용하고 기업고유정보는 최소한으로 사용합니다. 이때, 해당 상품의 공정가치 측정에 요구되는 모든 유의적인 투입변수가 관측가능하다면 해당 상품은 Level 2에 포함됩니다.
만약 하나 이상의 유의적인 투입변수가 관측가능한 시장정보에 기초한 것이 아니라면 해당 상품은 Level 3에 포함됩니다.
회사는 Level 3로 분류되는 공정가치 측정을 포함하여 재무보고 목적의 공정가치를 측정하고 있습니다. 재무보고 일정에 맞추어 공정가치 평가과정 및 그 결과에 대해 협의하고 있고, 공정가치 Level 간 이동을 발생시키는 사건이나 상황의 변동이 일어난 보고기간종료일에 Level 변동을 인식하고 있습니다.
금융상품의 공정가치를 측정하는 데에 사용되는 평가기법에는 다음이 포함됩니다.
- 유사한 상품의 공시시장가격 또는 딜러가격
- 파생상품의 공정가치는 보고기간종료일 현재의 선도환율 등을 사용하여 해당 금액을 현재가치로 할인하여 측정
나머지 금융상품에 대해서는 현금흐름의 할인기법 등의 기타 기법을 사용합니다. 유동자산으로 분류된 매출채권 및 기타채권의 경우 장부가액을 공정가치의 합리적인 근사치로 추정하고 있습니다.
(3) 가치평가기법 및 투입변수
가. 회사는 공정가치 서열체계에서 Level 2로 분류되는 회사채, 국공채, 금융채 등에 대하여 미래현금흐름을 적정이자율로 할인하는 현재가치법을 사용하고 있습니다.
나. Level 3로 분류된 주요 금융상품에 대하여 사용된 가치평가기법과 투입변수는
다음과 같습니다.
(단위 : 백만원)
말타니
12,358
현금흐름할인법
영구성장률
-1.00%~1.00%(0%)
가중평균자본비용
7.75%~9.75%(8.75%)
삼성벤처투자
7,313
현금흐름할인법
영구성장률
-1.00%~1.00%(0%)
가중평균자본비용
20.78%~22.78%(21.78%)
(4) Level 3에 해당하는 금융상품의 변동내역
(단위: 백만원)
기초
22,921
23,785
매도
(8,391)
-
평가(당기손익)
(1,361)
-
평가(기타포괄손익)
(7,595)
(864)
기타(*)
77,684
-
기말
83,258
22,921
(*) 기타는 회계변경누적효과 등을 포함하고 있습니다.
(5) Level 3로 분류된 반복적인 공정가치 측정치의 민감도분석 금융상품의 민감도분석은 통계적 기법을 이용한 관측 불가능한 투입변수의 변동에 따른 금융상품의 가치 변동에 기초하여 유리한 변동과 불리한 변동으로 구분하여 이루어집니다. 그리고 공정가치가 두 개 이상의 투입변수에 영향을 받는 경우에는 가장 유리하거나 또는 가장 불리한 금액을 바탕으로 산출됩니다. 민감도 분석 대상인 Level 3으로 분류되는
주요 금융상품의
투입변수의 변동에 따른
기타포괄손익효과(
기타포괄손익효과는 법인세효과 반영 전
)에 대한
민감도분석 결과는 다음과 같습니다
.
(단
위 : 백만원)
기타포괄손익-공정가치금융자산(*)
-
4,369
-
(2,881)
(*) 지분증권은 주요 관측불가능한 투입변수인 성장률(-1%~1%)과 할인
율 사이의 상관관계를 증가 또는 감소시킴으로써 공정가치 변동을 산출하고 있습니다
.
32. 특수관계자와의 거래 :
가. 지배, 종속관계
보고기간종료일 현재 회사의 종속기업은 다음과 같습니다.
국내
삼성디스플레이
디스플레이 생산 및 판매
84.8
에스유머티리얼스
디스플레이 부품 생산
50.0
스테코
반도체 부품생산
70.0
세메스
반도체/FPD제조장비 생산
91.5
삼성전자서비스
전자제품 수리서비스
99.3
삼성전자서비스씨에스
전자제품 수리서비스 콜센터
100.0
삼성전자판매
전자제품 판매
100.0
삼성전자로지텍
종합물류대행
100.0
삼성메디슨
의료기기
68.5
SVIC 21호 신기술투자조합
신기술사업자, 벤처기업 투자
99.0
SVIC 22호 신기술투자조합
신기술사업자, 벤처기업 투자
99.0
SVIC 26호 신기술투자조합
신기술사업자, 벤처기업 투자
99.0
SVIC 27호 신기술투자조합
신기술사업자, 벤처기업 투자
99.0
SVIC 28호 신기술투자조합
신기술사업자, 벤처기업 투자
99.0
SVIC 29호 신기술투자조합
신기술사업자, 벤처기업 투자
99.0
SVIC 32호 신기술투자조합
신기술사업자, 벤처기업 투자
99.0
SVIC 33호 신기술투자조합
신기술사업자, 벤처기업 투자
99.0
SVIC 37호 신기술투자조합
신기술사업자, 벤처기업 투자
99.0
SVIC 40호 신기술투자조합
신기술사업자, 벤처기업 투자
99.0
SVIC 42호 신기술투자조합
신기술사업자, 벤처기업 투자
99.0
SVIC 43호 신기술투자조합
신기술사업자, 벤처기업 투자
99.0
미래로시스템
반도체 공정불량 및 품질관리 소프트웨어 개발 및 공급
99.9
반도체성장 전문투자형 사모 투자신탁
반도체산업 투자
66.7
하만인터내셔널코리아
소프트웨어 개발 및 공급 등
100.0
레드벤드소프트웨어코리아
소프트웨어 개발 및 공급
100.0
(*) 종속기업 보유 지분율을 포함한 의결권 있는 주식 기준입니다.
미주
Samsung Electronics America(SEA)
전자제품 판매
100.0
NeuroLogica
의료기기
100.0
Samsung Semiconductor(SSI)
반도체/디스플레이 판매
100.0
Samsung Electronics Canada(SECA)
전자제품 판매
100.0
Samsung Research America(SRA)
R&D
100.0
Samsung Mexicana(SAMEX)
전자제품 생산
100.0
Samsung International(SII)
TV/모니터 생산
100.0
Samsung Austin Semiconductor(SAS)
반도체 생산
100.0
Samsung Electronics Mexico(SEM)
전자제품 판매
99.9
SEMES America(SEMESA)
반도체 장비
100.0
Samsung Electronics Digital Appliance Mexico(SEDAM)
전자제품 생산
100.0
Samsung Electronics Latinoamerica Miami(SEMI)
전자제품 판매
100.0
Samsung Electronics Latinoamerica(SELA)
전자제품 판매
100.0
Samsung Electronics Venezuela(SEVEN)
마케팅 및 서비스
100.0
Samsung Electronica Colombia(SAMCOL)
전자제품 판매
100.0
Samsung Electronics Panama(SEPA)
컨설팅
100.0
Samsung Electronica da Amazonia(SEDA)
전자제품 생산 및 판매
100.0
Samsung Electronics Argentina(SEASA)
마케팅 및 서비스
100.0
Samsung Electronics Chile(SECH)
전자제품 판매
100.0
Samsung Electronics Peru(SEPR)
전자제품 판매
100.0
RT SV CO-INVEST(RT-SV)
벤처기업 투자
99.9
Samsung HVAC
에어컨공조 판매
100.0
SmartThings
스마트홈기기 판매
100.0
Prismview
LED 디스플레이 생산 및 판매
100.0
Beijing Integrated Circuit Industry International Fund (Beijing Fund)
벤처기업 투자
61.4
Stellus Technologies
반도체 시스템 생산 및 판매
100.0
Samsung Oak Holdings(SHI)
Holding Company
100.0
AdGear Technologies
디지털광고 플랫폼
100.0
Joyent
클라우드 서비스
100.0
(*) 종속기업 보유 지분율을 포함한 의결권 있는 주식 기준입니다.
미주
Samsung Next
Holding Company
100.0
Samsung Next Fund
신기술사업자, 벤처기업 투자
100.0
Dacor Holdings
Holding Company
100.0
Dacor
가전제품
생산 및 판매
100.0
Dacor Canada
가전제품
판매
100.0
EverythingDacor.com
가전제품
판매
100.0
Distinctive Appliances of California
가전제품
판매
100.0
Viv Labs
인공지능관련 신기술 연구
100.0
SigMast Communications
RCS (Rich Communication Service)
100.0
Harman Becker Automotive Systems
오디오제품 생산, 판매, R&D
100.0
Harman Connected Services Engineering
Connected Service Provider
100.0
Harman Connected Services, Inc.
Connected Service Provider
100.0
Harman Connected Services South America
Connected Service Provider
100.0
Harman da Amazonia Industria Electronica e Participacoes
오디오제품 생산, 판매
100.0
Harman de Mexico S. de R.L.
de C.V.
오디오제품 생산
100.0
Harman do Brasil Industria Electronica e Participacoes.
오디오제품 판매, R&D
100.0
Harman Financial Group
Management Company
100.0
Harman International Industries Canada
오디오제품 판매
100.0
Harman International Industries, Inc.
Holding Company
100.0
Harman International Mexico S de RL de CV
오디오제품 판매
100.0
Harman Investment Group, LLC
Financing Company
100.0
Harman KG Holding, LLC
Holding Company
100.0
Harman Professional
오디오제품 판매, R&D
100.0
Red Bend Software
소프트웨어 디자인
100.0
Samsung Electronics Home Appliances America(SEHA)
가전제품 생산
100.0
China Materialia
벤처기업 투자
99.0
Zhilabs Inc
네트워크 Solution 판매
100.0
(*) 종속기업 보유 지분율을 포함한 의결권 있는 주식 기준입니다.
유럽/CIS
Samsung Electronics (UK)(SEUK)
전자제품 판매
100.0
Samsung Electronics Holding(SEHG)
Holding Company
100.0
Samsung Semiconductor Europe GmbH(SSEG)
반도체/디스플레이 판매
100.0
Samsung Electronics GmbH(SEG)
전자제품 판매
100.0
Samsung Electronics Iberia(SESA)
전자제품 판매
100.0
Samsung Electronics France(SEF)
전자제품 판매
100.0
Samsung Electronics Hungarian(SEH)
전자제품 생산 및 판매
100.0
Samsung Electronics Czech and Slovak(SECZ)
전자제품 판매
100.0
Samsung Electronics Italia(SEI)
전자제품 판매
100.0
Samsung Electronics Europe Logistics(SELS)
물류
100.0
Samsung Electronics Benelux(SEBN)
전자제품 판매
100.0
Samsung Display Slovakia(SDSK)
디스플레이 임가공
100.0
Samsung Electronics Romania(SEROM)
전자제품 판매
100.0
Samsung Electronics Overseas(SEO)
전자제품 판매
100.0
Samsung Electronics Polska(SEPOL)
전자제품 판매
100.0
Samsung Electronics Portuguesa(SEP)
전자제품 판매
100.0
Samsung Electronics Nordic(SENA)
전자제품 판매
100.0
Samsung Semiconductor Europe(SSEL)
반도체/디스플레이 판매
100.0
Samsung Electronics Austria(SEAG)
전자제품 판매
100.0
Samsung Electronics Slovakia(SESK)
TV/모니터 생산
100.0
Samsung Electronics Europe Holding(SEEH)
Holding Company
100.0
Samsung Electronics Poland Manufacturing(SEPM)
가전제품 생산
100.0
Samsung Electronics Greece(SEGR)
전자제품 판매
100.0
Samsung Nanoradio Design Center(SNDC)
R&D
100.0
Samsung Electronics Air Conditioner Europe B.V.(SEACE)
에어컨공조 판매
100.0
Samsung Electronics Rus Company(SERC)
전자제품 판매
100.0
Samsung Electronics Baltics(SEB)
전자제품 판매
100.0
Samsung Electronics Ukraine Company(SEUC)
전자제품 판매
100.0
Samsung R&D Institute Rus(SRR)
R&D
100.0
Samsung Electronics Central Eurasia(SECE)
전자제품 판매
100.0
Samsung Electronics Rus Kaluga(SERK)
TV 생산
100.0
Samsung Electronics(London) Limited(SEL)
Holding Company
100.0
Samsung Denmark Research Center(SDRC)
R&D
100.0
Samsung France Research Center(SFRC)
R&D
100.0
Samsung Cambridge Solution Centre(SCSC)
R&D
100.0
Samsung Electronics Switzerland GmbH(SESG)
전자제품 판매
100.0
(*) 종속기업 보유 지분율을 포함한 의결권 있는 주식 기준입니다.
유럽/CIS
Samsung Electronics Caucasus(SECC)
마케팅
100.0
Harman Connected Services OOO
Connected Service Provider
100.0
Harman RUS CIS LLC
오디오제품 판매
100.0
AKG Acoustics
오디오제품 생산, 판매
100.0
AMX UK
오디오제품 판매
100.0
Duran Audio B.V.
오디오제품 판매, R&D
100.0
Duran Audio Iberia Espana
오디오제품 판매
100.0
Harman Automotive UK
오디오제품 생산
100.0
Harman Becker Automotive Systems (Germany)
오디오제품 생산, 판매, R&D
100.0
Harman Becker Automotive Systems Italy
오디오제품 판매
100.0
Harman Becker Automotive Systems Manufacturing Kft
오디오제품 생산, R&D
100.0
Harman Belgium
오디오제품 판매
100.0
Harman Connected Services AB.
Connected Service Provider
100.0
Harman Finland OY
Connected Service Provider
100.0
Harman Connected Services (Germany)
Connected Service Provider
100.0
Harman Connected Services
Connected Service Provider
100.0
Harman Connected Services Poland Sp.zoo
Connected Service Provider
100.0
Harman Connected Services UK
Connected Service Provider
100.0
Harman Consumer Nederland B.V.
오디오제품 판매
100.0
Harman Deutschland
오디오제품 판매
100.0
Harman Finance International GP S.a.r.l
Holding Company
100.0
Harman Finance International SCA
Financing Company
100.0
Harman France SNC
오디오제품 판매
100.0
Harman Holding & Co. KG
Management Company
100.0
Harman Hungary Financing
Financing Company
100.0
Harman Inc. & Co. KG
Holding Company
100.0
Harman International Estonia OU
R&D
100.0
(*) 종속기업 보유 지분율을 포함한 의결권 있는 주식 기준입니다.
유럽/CIS
Harman International Industries (UK)
오디오제품 판매 등
100.0
Harman International Romania SRL
R&D
100.0
Harman International s.r.o
오디오제품 생산
100.0
Harman International SNC
오디오제품 판매
100.0
Harman Management
Holding Company
100.0
Harman Professional Kft
오디오제품 생산, R&D
100.0
Martin Manufacturing (UK)
오디오제품 생산
100.0
Harman Professional Denmark ApS
오디오제품 판매, R&D
100.0
Harman Professional France SAS
오디오제품 판매
100.0
Red Bend Software (UK)
소프트웨어 디자인
100.0
Red Bend Software SAS
소프트웨어 디자인
100.0
Studer Professional Audio
오디오제품 판매, R&D
100.0
Innoetics E.P.E.
소프트웨어 개발
100.0
ARCAM
Holding Company
100.0
A&R Cambridge
오디오제품 판매
100.0
Zhilabs S.L.
네트워크 Solution 개발, 판매
100.0
(*) 종속기업 보유 지분율을 포함한 의결권 있는 주식 기준입니다.
중동 및 아프리카
Samsung Electronics West Africa(SEWA)
마케팅
100.0
Samsung Electronics East Africa(SEEA)
마케팅
100.0
Samsung Gulf Electronics(SGE)
전자제품 판매
100.0
Samsung Electronics Egypt(SEEG)
전자제품 생산 및 판매
100.0
Samsung Electronics Israel(SEIL)
마케팅
100.0
Samsung Electronics Tunisia(SETN)
마케팅
100.0
Samsung Electronics Pakistan(SEPAK)
마케팅
100.0
Samsung Electronics South Africa(SSA)
전자제품 판매
100.0
Samsung Electronics Turkey(SETK)
전자제품 판매
100.0
Samsung Semiconductor Israel R&D Center(SIRC)
R&D
100.0
Samsung Electronics Levant(SELV)
전자제품 판매
100.0
Samsung Electronics Maghreb Arab(SEMAG)
전자제품 판매
100.0
Samsung Electronics South Africa Production(SSAP)
TV/모니터 생산
100.0
Broadsense
서비스
100.0
Global Symphony Technology Group
Holding Company
100.0
Harman Connected Services Morocco
Connected Service Provider
100.0
Harman Industries Holdings Mauritius
Holding Company
100.0
iOnRoad
R&D
100.0
iOnRoad Technologies
R&D
100.0
Red Bend
오디오제품 생산
100.0
TowerSec (Israel)
R&D
100.0
(*) 종속기업 보유 지분율을 포함한 의결권 있는 주식 기준입니다.
아시아 (중국제외)
Samsung Japan(SJC)
전자제품 판매
100.0
Samsung R&D Institute Japan(SRJ)
R&D
100.0
Samsung Electronics Japan(SEJ)
전자제품 판매
100.0
Samsung Electronics Display (M)(SDMA)
전자제품 생산
100.0
Samsung Electronics (M)(SEMA)
가전제품 생산
100.0
Samsung Vina Electronics(SAVINA)
전자제품 판매
100.0
Samsung Asia Private(SAPL)
전자제품 판매
100.0
Samsung India Electronics(SIEL)
전자제품 생산 및 판매
100.0
Samsung R&D Institute India-Bangalore(SRI-B)
R&D
100.0
Samsung Nepal Services(SNSL)
서비스
100.0
Samsung Electronics Australia(SEAU)
전자제품 판매
100.0
Samsung Electronics Indonesia(SEIN)
전자제품 생산 및 판매
100.0
Samsung Telecommunications Indonesia(STIN)
전자제품 판매 및 서비스
100.0
Thai Samsung Electronics(TSE)
전자제품 생산 및 판매
91.8
Samsung Electronics Philippines(SEPCO)
전자제품 판매
100.0
Samsung Malaysia Electronics(SME)
전자제품 판매
100.0
Samsung R&D Institute Bangladesh(SRBD)
R&D
100.0
Samsung Electronics Vietnam(SEV)
전자제품 생산
100.0
Samsung Electronics Vietnam THAINGUYEN(SEVT)
통신제품 생산 및 판매
100.0
Samsung Medison India(SMIN)
의료기기
100.0
Samsung Electronics New Zealand(SENZ)
전자제품 판매
100.0
Samsung Display Vietnam(SDV)
디스플레이 생산
100.0
Samsung Electronics HCMC CE Complex(SEHC)
전자제품 생산 및 판매
100.0
Laos Samsung Electronics Sole(LSE)
마케팅
100.0
AMX Products and Solutions Private
오디오제품 판매
100.0
Harman Connected Services India
Connected Service Provider
100.0
Harman International (India) Private
오디오제품 판매, R&D
100.0
Harman International Industries PTY
Holding Company
100.0
Harman International Singapore
오디오제품 판매
100.0
Harman Professional Singapore Pte.
오디오제품 판매
100.0
Martin Professional Pte.
오디오제품 판매
100.0
Harman Connected Services Japan
Connected Service Provider
100.0
Harman International Japan
오디오제품 판매, R&D
100.0
Red Bend Software Japan
소프트웨어 디자인
100.0
Studer Japan
Holding Company
100.0
(*) 종속기업 보유 지분율을 포함한 의결권 있는 주식 기준입니다.
중국
Samsung Display Dongguan(SDD)
디스플레이 생산
100.0
Samsung Display Tianjin(SDT)
디스플레이 생산
95.0
Samsung Electronics Hong Kong(SEHK)
전자제품 판매
100.0
Suzhou Samsung Electronics(SSEC)
가전제품 생산
88.3
Samsung Suzhou Electronics Export(SSEC-E)
가전제품 생산
100.0
Samsung (China) Investment(SCIC)
전자제품 판매
100.0
Samsung Mobile R&D Center China-Guangzhou (SRC-Guangzhou)
R&D
100.0
Samsung Tianjin Mobile Development Center(STMC)
R&D
100.0
Samsung R&D Institute China-Shenzhen (SRC-Shenzhen)
R&D
100.0
Samsung Electronics Suzhou Semiconductor(SESS)
반도체 임가공
100.0
Samsung Electronics Huizhou(SEHZ)
전자제품 생산
99.9
Tianjin Samsung Electronics(TSEC)
TV/모니터 생산
91.2
Samsung Electronics Taiwan(SET)
전자제품 판매
100.0
Beijing Samsung Telecom R&D Center(BST)
R&D
100.0
Tianjin Samsung Telecom Technology(TSTC)
통신제품 생산
90.0
Shanghai Samsung Semiconductor(SSS)
반도체/디스플레이 판매
100.0
Samsung Electronics Suzhou Computer(SESC)
전자제품 생산
100.0
Samsung Suzhou Module(SSM)
디스플레이 임가공
100.0
Samsung Suzhou LCD(SSL)
디스플레이 생산
60.0
Shenzhen Samsung Electronics Telecommunication (SSET)
통신제품 생산
95.0
Samsung Semiconductor (China) R&D(SSCR)
R&D
100.0
Samsung Electronics China R&D Center(SCRC)
R&D
100.0
Samsung (China) Semiconductor(SCS)
반도체 생산
100.0
Samsung Electronics (Beijing) Service(SBSC)
서비스
100.0
Tianjin Samsung LED(TSLED)
LED 생산
100.0
SEMES (Xian)
반도체 장비
100.0
Samsung Semiconductor Xian(SSCX)
반도체/디스플레이 판매
100.0
Harman (China) Technologies
오디오제품 생산
100.0
Harman (Suzhou) Audio and Infotainment Systems
오디오제품 판매
100.0
Harman Automotive Electronic Systems (Suzhou)
오디오제품 생산, R&D
100.0
Harman Commercial (Shanghai)
오디오제품 판매
100.0
Harman Holding
오디오제품 판매
100.0
Harman International (China) Holdings
오디오제품 판매, R&D
100.0
Harman Technology (Shenzhen)
오디오제품 판매, R&D
100.0
Harman Connected Services Solutions (Beijing)
Connected Service Provider
100.0
Harman Connected Services Solutions (Chengdu)
Connected Service Provider
100.0
(*) 종속기업 보유 지분율을 포함한 의결권 있는 주식 기준입니다.
나. 매출ㆍ매입 등 거래 내역
당기 및 전기 중 특수관계자와의 거래내역은 다음과 같습니다. (1) 당기
(단위: 백만원)
종속기업
삼성디스플레이
164,404
-
1,445,515
1,660
Samsung Electronics America(SEA)
24,012,212
-
171,693
-
Samsung (China) Investment(SCIC)
309,349
-
6,351
-
Harman과 그 종속기업(*2)
-
-
88,905
-
Samsung Electronics Vietnam(SEV)
4,428,874
4,334
11,905,994
123
Samsung Electronics Vietnam THAINGUYEN(SEVT)
6,109,227
3,320
14,412,580
29
Samsung (China) Semiconductor(SCS)
567,261
138,973
4,516,994
33,029
Samsung Semiconductor(SSI)
27,853,576
-
393,190
-
Samsung Electronics Europe Holding(SEEH)
-
-
-
-
Samsung Display Vietnam(SDV)
1,010,749
-
-
-
Samsung Asia Private(SAPL)
1,638,884
-
32,329
-
Samsung Electronics Huizhou(SEHZ)
1,600,674
87
7,868,307
291
Samsung India Electronics(SIEL)
4,826,458
-
815,638
-
Samsung Electronica da Amazonia(SEDA)
1,131,969
-
4,285
-
Samsung Austin Semiconductor(SAS)
4,011
4,103
3,643,739
-
Shanghai Samsung Semiconductor(SSS)
24,032,406
-
-
-
Thai Samsung Electronics(TSE)
1,501,161
-
1,718,099
-
Samsung Electronics (UK)(SEUK)
160,475
-
83,110
-
Samsung Electronics GmbH(SEG)
3,226,745
-
29,055
-
Samsung Electronics HCMC CE Complex(SEHC)
644,155
562
2,536,338
45
Samsung Electronics Europe Logistics(SELS)
2,688,399
-
12,637
-
Samsung Electronics Hungarian(SEH)
356,748
-
911
12
Samsung Suzhou LCD(SSL)
32,526
-
-
-
Samsung Electronics France(SEF)
2,275,110
-
4,374
-
Samsung Electronics Benelux(SEBN)
92,798
-
1,714
-
기타
42,757,356
10,490
20,224,600
48,030
종속기업 계
151,425,527
161,869
69,916,358
83,219
(*1) 회사와 특수관계에 있는 개별회사와의 거래 금액입니다. (*2) Harman International Industries, Inc. 및 그 종속기업이 포함된 중간지배기업과의 거래 금액입니다.
(단위: 백만원)
관계기업 및 공동기업
삼성에스디에스
66,776
-
1,919,443
371,699
삼성전기
29,224
-
943,358
-
삼성SDI
42,447
-
323,472
57,648
제일기획
24,670
-
889,419
3,258
기타
540,418
-
653,269
4,717
관계기업 및 공동기업 계
703,535
-
4,728,961
437,322
그 밖의 특수관계자
삼성물산
84,895
183
183,924
3,405,441
기타
138,575
-
423,288
83,398
그 밖의 특수관계자 계
223,470
183
607,212
3,488,839
기타(*2)
삼성엔지니어링
3,580
-
38,813
1,098,070
에스원
24,821
258
301,617
21,063
기타
121,279
-
188,265
476
기타 계
149,680
258
528,695
1,119,609
(*1) 회사와 특수관계에 있는 개별회사와의 거래 금액입니다.
(*2) 기업회계기준서 제
1024호
특수관계자 범위에 포함되지 않으나 독점규제 및 공정거래에 관한 법률에 따른 동일한 대규모기업집단 소속회사입니다.
(
2) 전기
(단위: 백만원)
종속기업
삼성디스플레이
278,032
79
1,098,062
41
Samsung Electronics America(SEA)
27,246,032
-
174,849
-
Harman과 그 종속기업(*2)
-
-
16,157
-
Samsung (China) Investment(SCIC)
304,640
-
7,393
-
Samsung Display Vietnam(SDV)
1,195,236
-
-
-
Samsung Semiconductor(SSI)
24,779,232
-
412,473
-
Samsung Electronics Vietnam THAINGUYEN(SEVT)
4,767,103
535
14,008,235
287
Samsung Electronics Vietnam(SEV)
3,395,513
3,723
9,627,343
1,210
Samsung Electronics Europe Holding(SEEH)
-
-
-
-
Samsung (China) Semiconductor(SCS)
359,197
27,005
4,513,168
30,803
Samsung Electronics Huizhou(SEHZ)
1,858,320
19
10,607,639
261
Samsung India Electronics(SIEL)
3,159,903
-
188,076
-
Samsung Asia Private(SAPL)
1,815,733
-
17,867
-
Samsung Electronica da Amazonia(SEDA)
1,351,802
203
11,002
-
Shanghai Samsung Semiconductor(SSS)
17,175,980
-
-
-
Samsung Austin Semiconductor(SAS)
557
67,379
3,473,547
4,495
Thai Samsung Electronics(TSE)
1,873,213
928
2,031,006
-
Samsung Electronics Slovakia(SESK)
870,500
325
3,063
179
Samsung Suzhou LCD(SSL)
35,818
-
-
-
Samsung Electronics Europe Logistics(SELS)
3,109,695
-
16,326
-
Samsung Electronics Hungarian(SEH)
288,328
368
1,437
-
Samsung Electronics HCMC CE Complex(SEHC)
563,927
562
2,774,317
-
Samsung Electronics GmbH(SEG)
3,449,542
-
25,699
-
Samsung Electronics (UK)(SEUK)
302,114
-
60,618
433
Samsung Electronics Indonesia(SEIN)
1,196,099
78
701,164
55
기타
44,443,049
12,299
21,593,582
10,183
종속기업 계
143,819,565
113,503
71,363,023
47,947
(*1) 회사와 특수관계에 있는 개별회사와의 거래 금액입니다.
(*2) Harman International Industries, Inc. 및 그 종속기업이 포함된 중간지배기업과의 거래 금액입니다.
(단위: 백만원)
관계기업 및 공동기업
삼성에스디에스
53,318
-
1,767,847
259,287
삼성전기
25,657
-
854,389
302
삼성SDI
46,972
-
272,771
50,973
제일기획
11,655
-
731,436
1,079
기타
246,458
-
535,896
2,750
관계기업 및 공동기업 계
384,060
-
4,162,339
314,391
그 밖의 특수관계자
삼성물산
123,333
68
232,600
3,079,642
기타
136,846
35
383,866
70,853
그 밖의 특수관계자 계
260,179
103
616,466
3,150,495
기타(*2)
삼성엔지니어링
8,734
-
38,466
1,227,972
에스원
29,156
-
278,913
45,939
기타
61,418
3
158,146
330
기타 계
99,308
3
475,525
1,274,241
(*1) 회사와 특수관계에 있는 개별회사와의 거래 금액입니다.
(*2) 기업회계기준서 제
1024호
특수관계자 범위에 포함되지 않으나 독점규제 및 공정거래에 관한 법률에 따른 동일한 대규모기업집단 소속회사입니다.
다. 채권ㆍ채무잔액 당기말 및 전기말 현재 특수관계자에 대한 채권ㆍ채무잔액은 다음과 같습니다. (1) 당기
(단위: 백만원)
기업명
(*1)
종속기업
삼성디스플레이
15,338
182,541
Samsung Electronics America(SEA)
4,932,605
72,147
Samsung (China) Investment(SCIC)
36,616
5,215
Harman과 그 종속기업(*2)
5,343
8,493
Samsung Electronics Vietnam(SEV)
518,366
1,225,669
Samsung Electronics Vietnam THAINGUYEN(SEVT)
673,277
2,406,151
Samsung (China) Semiconductor(SCS)
69,891
331,097
Samsung Semiconductor(SSI)
3,375,191
81,359
Samsung Electronics Europe Holding(SEEH)
517
-
Samsung Display Vietnam(SDV)
118,248
134
Samsung Asia Private(SAPL)
105,781
13,251
Samsung Electronics Huizhou(SEHZ)
92,360
782,167
Samsung India Electronics(SIEL)
2,026,325
169,499
Samsung Electronica da Amazonia(SEDA)
427,141
1,398
Samsung Austin Semiconductor(SAS)
7,130
259,818
Shanghai Samsung Semiconductor(SSS)
3,304,263
63
Thai Samsung Electronics(TSE)
124,502
171,847
Samsung Electronics (UK)(SEUK)
48,993
20,224
Samsung Electronics GmbH(SEG)
492,312
2,473
Samsung Electronics HCMC CE Complex(SEHC)
252,661
235,795
Samsung Electronics Europe Logistics(SELS)
697,276
1,567
Samsung Electronics Hungarian(SEH)
61,756
30
(*1) 회사와 특수관계에 있는 개별회사에 대한 채권ㆍ채무 금액입니다.
(*2) Harman International Industries, Inc. 및 그 종속기업이 포함된 중간지배기업과의 거래 금액입니다.
(단위: 백만원)
기업명
(*1)
종속기업
Samsung Suzhou LCD(SSL)
4,499
-
Samsung Electronics France(SEF)
551,773
333
Samsung Electronics Benelux(SEBN)
24,733
2,402
기타
6,573,262
2,243,236
종속기업 계(*2)
24,540,159
8,216,909
관계기업 및 공동기업
삼성에스디에스
5,192
467,438
삼성전기
2,989
112,336
삼성SDI
102,532
52,825
제일기획
129
461,326
기타
94,057
104,942
관계기업 및 공동기업 계
204,899
1,198,867
그 밖의 특수관계자
삼성물산
196,829
1,678,553
기타(*3)
14,849
119,154
그 밖의 특수관계자 계
211,678
1,797,707
기타(*4)
삼성엔지니어링
1,029
428,191
에스원
2,454
29,113
기타
1,133
29,107
기타 계
4,616
486,411
(*1) 회사와 특수관계에 있는 개별회사에 대한 채권ㆍ채무 금액입니다.
(*2) 상기의 종속기업 채권금액에 대하여 손실충당금 245,402백만원을 계상하고 있으며, 당기에 인식된 손실충당금환입액은 26,206백만원입니다.
(*3)
채무 등 금액에 포함된 당기말 현재 삼성카드와의 구매카드 미결제금액은 없습니다. 삼성카드와의 연간 구매카드 약정금액은 2,000,000백만원이며, 당기 중 사용 및 상환한 금액은 각각 3,096,204백만원 및 4,207,333백만원입니다.
(*4) 기업회계기준서 제 1024호 특수관계자 범위에 포함되지 않으나 독점규제 및 공정거래에 관한 법률에 따른 동일한 대규모기업집단 소속회사입니다.
(2) 전기
(단위: 백만원)
기업명
(*1)
종속기업
삼성디스플레이
12,598
122,269
Samsung Electronics America(SEA)
5,255,201
78,931
Harman과 그 종속기업(*2)
-
4,204
Samsung (China) Investment(SCIC)
31,580
1,556
Samsung Display Vietnam(SDV)
111,479
-
Samsung Semiconductor(SSI)
4,993,262
127,706
Samsung Electronics Vietnam THAINGUYEN(SEVT)
723,655
1,601,102
Samsung Electronics Vietnam(SEV)
517,266
1,368,151
Samsung Electronics Europe Holding(SEEH)
828
-
Samsung (China) Semiconductor(SCS)
62,820
354,866
Samsung Electronics Huizhou(SEHZ)
199,187
811,510
Samsung India Electronics(SIEL)
1,821,881
14,594
Samsung Asia Private(SAPL)
122,014
16,021
Samsung Electronica da Amazonia(SEDA)
338,256
553
Shanghai Samsung Semiconductor(SSS)
3,093,641
11
Samsung Austin Semiconductor(SAS)
19,658
290,978
Thai Samsung Electronics(TSE)
150,896
152,273
Samsung Electronics Slovakia(SESK)
475,672
409
Samsung Suzhou LCD(SSL)
4,724
-
Samsung Electronics Europe Logistics(SELS)
892,789
6,885
Samsung Electronics Hungarian(SEH)
24,965
164
Samsung Electronics HCMC CE Complex(SEHC)
58,983
238,522
(*1) 회사와 특수관계에 있는 개별회사에 대한 채권ㆍ채무 금액입니다.
(*2) Harman International Industries, Inc. 및 그 종속기업이 포함된 중간지배기업과의 거래 금액입니다.
(단위: 백만원)
기업명
(*1)
종속기업
Samsung Electronics GmbH(SEG)
831,102
2,484
Samsung Electronics (UK)(SEUK)
71,493
16,517
Samsung Electronics Indonesia(SEIN)
185,909
55,394
기타
7,160,968
2,122,030
종속기업 계(*2)
27,160,827
7,387,130
관계기업 및 공동기업
삼성에스디에스
14,005
378,894
삼성전기
3,521
132,156
삼성SDI
87,830
58,261
제일기획
58
498,262
기타
55,035
101,234
관계기업 및 공동기업 계
160,449
1,168,807
그 밖의 특수관계자
삼성물산
218,983
617,069
기타(*3)
17,901
1,233,887
그 밖의 특수관계자 계
236,884
1,850,956
기타(*4)
삼성엔지니어링
2,426
410,763
에스원
649
42,590
기타
2,621
28,772
기타 계
5,696
482,125
(*1) 회사와 특수관계에 있는 개별회사에 대한 채권ㆍ채무 금액입니다.
(*2) 상기의 종속기업 채권금액에 대하여 손실충당금 271,608백만원을 계상하고 있으며, 당기에 인식된 대손상각비는 48,246백만원입니다. (*3)
채무 등 금액에는 삼성카드와의 구매카드 미결제금액 1,111,129백만원이 포함되어 있습니다. 삼성카드와의 연간 구매카드 약정금액은 1,800,000백만원이며, 당기중 사용 및 상환한 금액은 각각 4,267,894백만원 및 4,447,462백만원입니다.
(*4) 기업회계기준서 제 1024호 특수관계자 범위에 포함되지 않으나 독점규제 및 공정거래에 관한 법률에 따른 동일한 대규모기업집단 소속회사입니다.
라. 회사는
당기 중
총
520,660
백만원
(
전기:
7,492,843
백만원
)
을 종속기업에 출자하였으며, 종속기업으로부터 출자원금
25,169백만원
(전기 253,646백만원)
을
회수하였습니다.
당기 및 전기 중 관계기업 및 공동기업에 추가 출자한 내역은 없으며
,
관계기업 및 공동기업으로부터
출자원금 148백만원
(전기: 49,766백만원)
을 회수하였습니다.
또한,
당기 중 기업회계기준서 제 1024호 특수관계자 범위에 포함되지 않으나 독점규제 및 공정거래에 관한 법률에 따른 동일한 대규모기업집단 소속회사인 삼성중공업에 대하여
204,055백만원
을 추가로 출자하였습니다.
마. 회사가 당기 중 특수관계자에게 지급결의한 배당금은
1,774,050백만원
(전기 : 1,165,659백만원)
입니다. 당기말과 전기말 현재 배당과 관련한 미지급금은 존재
하지 않습니다. 또한, 기업회계기준서 제1024호 특수관계자 범위에 포함되지 않으나 독점규제 및 공정거래에 관한 법률에 따른 동일한 대규모기업집단 소속회사에게 당기 중 지급결의한 배당금은
135,642백만원
(전기 : 90,034백만원)
입니다. 당기말과 전기말 현재 배당과 관련한 미지급금은 존재하지 않습니다.
바. 주요 경영진에 대한 보상
당기 및 전기 중 회사가 주요 경영진(등기임원)에 대한 보상을 위해 비용으로 반영한 금액은 다음과 같습니다.
(단위: 백만원)
단기급여
13,190
27,788
퇴직급여
1,406
792
기타 장기급여
7,851
8,617
사. 회사는 보고기간종료일 현재 특수관계자의 채무에 대하여 채무보증을 제공하고 있습니다
(
주석 19
참조).
내부회계관리제도 검토의견
내부회계관리제도 검토의견
삼성전자주식회사 독립된 감사인의 내부회계관리제도 검토보고서는 삼성전자주식회사의 2018년 12월 31일자로 종료되는 회계연도의 재무제표에 대한 감사업무를 수행하고 회사의 내부회계관리제도를 검토한 결과 주식회사 등의 외부감사에 관한 법률 제8조에 따라 첨부하는 것입니다. 첨부 : 1. 독립된 감사인의 내부회계관리제도 검토보고서 2. 회사의 내부회계관리제도 운영실태 보고서
독립된 감사인의 내부회계관리제도 검토보고서 =========================================
삼성전자주식회사
대표이사 귀하
2019년
2월
27
일
우리는 첨부된 삼성전자주식회사의 2018년 12월 31일 현재의 내부회계관리제도의 운영실태보고서에 대하여 검토를 실시하였습니다. 내부회계관리제도를 설계, 운영하고 그에 대한 운영실태보고서를 작성할 책임은 삼성전자주식회사(이하""회사"")의 경영진에게 있으며, 우리의 책임은 동 보고내용에 대하여 검토를 실시하고 검토결과를 보고하는데 있습니다. 회사의 경영진은 첨부된 내부회계관리제도 운영실태보고서에서 ""대표이사 및 내부회계관리자의 내부회계관리제도 운영실태 평가결과, 2018년 12월 31일 현재 당사의 내부회계관리제도는 ‘내부회계관리제도 모범규준’에 근거하여 볼 때, 중요성의 관점에서 효과적으로 설계되어 운영되고 있다고 판단됩니다.""고 기술하고 있습니다. 우리는 내부회계관리제도 검토기준에 따라 검토를 실시하였습니다. 이 기준은 우리가 중요성의 관점에서 경영진이 제시한 내부회계관리제도의 운영실태보고서에 대하여 회계감사보다는 낮은 수준의 확신을 얻을 수 있도록 검토절차를 계획하고 실시할 것을 요구하고 있습니다. 검토는 회사의 내부회계관리제도를 이해하고 경영진의 내부회계관리제도의 운영실태보고내용에 대한 질문 및 필요하다고 판단되는 경우 제한적 범위 내에서 관련 문서의 확인 등의 절차를 포함하고 있습니다. 회사의 내부회계관리제도는 신뢰할 수 있는 회계정보의 작성 및 공시를 위하여 한국채택국제회계기준에 따라 작성한 재무제표의 신뢰성에 대한 합리적인 확신을 줄 수 있도록 제정한 내부회계관리규정과 이를 관리ㆍ운영하는 조직을 의미합니다. 그러나 내부회계관리제도는 내부회계관리제도의 본질적인 한계로 인하여 재무제표에 대한 중요한 왜곡표시를 적발하거나 예방하지 못할 수 있습니다. 또한, 내부회계관리제도의 운영실태보고 내용을 기초로 미래기간의 내용을 추정시에는 상황의 변화 혹은 절차나 정책이 준수되지 않음으로써 내부회계관리제도가 부적절하게 되어 미래기간에 대한 평가 및 추정내용이 달라질 위험에 처할 수 있다는 점을 고려하여야 합니다.
경영진의 내부회계관리제도 운영실태보고서에 대한 우리의 검토결과, 상기 경영진의 운영실태보고 내용이 중요성의 관점에서 내부회계관리제도 모범규준의 규정에 따라 작성되지 않았다고 판단하게 하는 점이 발견되지 아니하였습니다. 우리의 검토는 2018년 12월 31일 현재의 내부회계관리제도를 대상으로 하였으며 2018년 12월 31일 이후의 내부회계관리제도는 검토하지 않았습니다. 본 검토보고서는 주식회사 등의 외부감사에 관한 법률에 근거하여 작성된 것으로서 기타 다른 목적이나 다른 이용자를 위하여는 적절하지 않을 수 있습니다.
삼 일 회 계 법 인 대 표 이 사 김 영 식
삼성전자_1812_내부회계관리제도 운영실태보고서(서명본).jpg
내부회계관리제도 운영실태 보고서
내부회계관리제도 운영실태 보고서
외부감사 실시내용
외부감사 실시내용
「주식회사 등의 외부감사에 관한 법률」제18조제3항의 규정에 의하여 외부감사 실시내용을 첨부합니다.
1. 감사대상업무
회 사 명
삼성전자주식회사
감사대상 사업연도
2018년 01월 01일
부터
2018년 12월 31일
까지
2. 감사참여자 구분별 인원수 및 감사시간
(단위 : 명, 시간)
감사참여자 ＼ 인원수 및 시간
품질관리 검토자 (심리실 등)
감사업무 담당 회계사
전산감사ㆍ 세무ㆍ가치평가 등 전문가
건설계약 등 수주산업 전문가
합계
담당이사 (업무수행이사)
등록 공인회계사
수습 공인회계사
당기
전기
당기
전기
당기
전기
당기
전기
당기
전기
당기
전기
당기
전기
투입 인원수
11
3
1
1
37
37
24
19
53
66
-
-
126
126
투입시간
분ㆍ반기검토
49
14
400
234
15,050
15,578
4,308
3,298
4,548
4,513
-
-
24,355
23,637
감사
121
35
396
263
10,527
9,446
4,435
3,513
10,567
9,682
-
-
26,046
22,939
합계
170
49
796
497
25,577
25,024
8,743
6,811
15,115
14,195
-
-
50,401
46,576
3. 주요 감사실시내용
구 분
내 역
전반감사계획 (감사착수단계)
수행시기
2018.05.16 ~ 09.04 2019.01.02 ~ 01.16
48
일
주요내용
감사경험, 회사 및 산업에 대한 전반적 이해를 바탕으로 감사위험 평가 및 감사절차의 성격, 시기 및 범위 등을 결정
현장감사 주요내용
수행시기
투입인원
주요 감사업무 수행내용
상주
비상주
2018.10.10 ~ 10.26 2018.12.10 ~ 12.21
23
일
37
명
12
명
시스템 및 내부통제감사
2018.12.10 ~ 12.28
15
일
50
명
10
명
조기입증감사
2019.01.07 ~ 01.25
15
일
60
명
14
명
조회확인 등 입증절차 업데이트
2019.01.26 ~ 02.27
33
일
41
명
16
명
재무제표검증 및 감사종결절차 수행
재고자산실사(입회)
실사(입회)시기
2018.11.30 / 2018.12.03 / 2018.12.04
3
일
실사(입회)장소
수원, 기흥, 구미, 광주사업장 등
실사(입회)대상
원재료, 재공품, 제품 등
금융자산실사(입회)
실사(입회)시기
2019.01.03 / 2019.01.04
2
일
실사(입회)장소
태평로, 기흥사업장 등
실사(입회)대상
현금, 유가증권 등
외부조회
금융거래조회
O
채권채무조회
O
변호사조회
O
기타조회
타처보관재고자산
지배기구와의 커뮤니케이션
커뮤니케이션 횟수
4
회
수행시기
2018.04.25 / 2018.07.30 / 2018.10.30 / 2019.01.30
외부전문가 활용
감사 활용 내용
해당사항없음
수행시기
-
-
일
4. 감사(감사위원회)와의 커뮤니케이션
1
2018년 04월 25일
감사위원회 : 이인호, 송광수, 김선욱 회사 : 남궁범 부사장, 안정태 전무 외 3명 감사인 : 윤훈수 파트너, 정재국 파트너
대면회의
2018년 회계감사 수행계획 분기재무제표에 대한 분석적 절차 수행결과
2
2018년 07월 30일
감사위원회 : 이인호, 송광수, 김선욱 회사 : 남궁범 부사장, 안정태 전무 외 3명 감사인 : 윤훈수 파트너, 정재국 파트너
대면회의
분기재무제표에 대한 분석적 절차 수행결과 핵심감사사항 선정계획
3
2018년 10월 30일
감사위원회 : 이인호, 송광수, 김선욱 회사 : 남궁범 부사장, 안정태 전무 외 3명 감사인 : 윤훈수 파트너, 정재국 파트너
대면회의
분기재무제표에 대한 분석적 절차 수행결과 핵심감사사항 선정결과 및 감사절차 계획
4
2019년 01월 30일
감사위원회 : 이인호, 송광수, 김선욱 회사 : 안정태 전무, 김동욱 전무 외 2명 감사인 : 윤훈수 파트너, 정재국 파트너
대면회의
핵심감사사항에 대한 회계감사 진행상황 기타 입증감사 진행상황 및 최종감사 일정",80855,/Users/june_kim/samsung_audit_nlp/data/raw/감사보고서_2018.htm,2026-03-31T07:17:32.706926+00:00
36,2019,감사의견,"우리는 삼성전자주식회사(이하 ""회사"")의 재무제표를 감사하였습니다. 해당 재무제표는 2019년 12월 31일과 2018년 12월 31일 현재의 재무상태표, 동일로 종료되는 양 보고기간의 손익계산서, 포괄손익계산서, 자본변동표, 현금흐름표 그리고 유의적인 회계정책의 요약을 포함한 재무제표의 주석으로 구성되어 있습니다.
우리의 의견으로는 별첨된 회사의 재무제표는 회사의 2019년 12월 31일과 2018년 12월 31일 현재의 재무상태와 동일로 종료되는 양 보고기간의 재무성과 및 현금흐름을 한국채택국제회계기준에 따라, 중요성의 관점에서 공정하게 표시하고 있습니다.
우리는 또한 회계감사기준에 따라, 『내부회계관리제도 설계 및 운영 개념체계』에 근거한 회사의 2019년 12월 31일 현재의 내부회계관리제도를 감사하였으며, 2020년 2월 21일자 감사보고서에
서
적정의견
을 표명하",438,/Users/june_kim/samsung_audit_nlp/data/raw/감사보고서_2019.htm,2026-03-31T07:17:32.927244+00:00
37,2019,감사의견근거,"우리는 대한민국의 회계감사기준에 따라 감사를 수행하였습니다. 이 기준에 따른 우리의 책임은 이 감사보고서의 재무제표감사에 대한 감사인의 책임 단락에 기술되어 있습니다. 우리는 재무제표감사와 관련된 대한민국의 윤리적 요구사항에 따라 회사로부터 독립적이며, 그러한 요구사항에 따른 기타의 윤리적 책임들을 이행하였습니다. 우리가 입수한 감사증거가 감사의견을 위한 근거로서 충분하고 적합하다고 우리는 믿습니다.",225,/Users/june_kim/samsung_audit_nlp/data/raw/감사보고서_2019.htm,2026-03-31T07:17:32.927244+00:00
38,2019,핵심감사사항,"핵심감사사항은 우리의 전문가적 판단에 따라 당기 재무제표감사에서 가장 유의적인 사항들입니다. 해당 사항들은 재무제표 전체에 대한 감사의 관점에서 우리의 의견형성 시 다루어졌으며, 우리는 이런 사항에 대하여 별도의 의견을 제공하지는 않습니다.
가. 재화의 판매 관련 매출장려활동
핵심감사사항으로 결정한 이유
CE(Consumer Electronics) 부문 및 IM(Information technology & Mobile communications) 부문에서 재화의 판매 시 회사는 유통업자 및 통신업자 등과 매출장려활동을 수행합니다. 이러한 활동에는 할인 및 장려금 등을 제공하는 명시적이거나 암묵적인 약정이 포함되어 있습니다. 회사는 매출장려활동에 대한 예상지출액을 추정하여 재화의 판매에 따른 수익에서 차감합니다(주석 2.23 및 주석 3 참조).
수익 차감 금액 및 인식 시기와 관련하여 회사 경영진의 유의적인 추정 및 판단이 수반되고, 수익이 재무제표에서 차지하는 금액이 유의적이므로 재화의 판매 관련 매출장려활동의 회계처리를 핵심감사사항으로 판단하였습니다.
핵심감사사항이 감사에서 다루어진 방법
회사의 재화의 판매 관련 매출장려활동 등의 회계처리에 대하여 우리가 수행한 주요 감사절차는 다음과 같습니다.
·매출차감 처리 관련 회사의 정책, 프로세스 및 내부통제 이해
·매출차감 정책의 승인에 대한 내부 통제 평가
·매출차감 추정 및 사후 정산 금액의 승인에 대한 내부 통제 평가
·매출차감과 판매비와관리비 간 계정 분류의 적절성에 대한 내부 통제에 대한 평가
·매출차감 거래 근거 문서검사를 통한 추정의 정확성 확인
·당기말 추정치와 보고기간 종료일 이후 정산 금액 비교 및 관련 문서검사를 통한 매출차감금액의 정확성 및 완전성 확인
·매출차감 및 판매비와관리비 간 계정 분류의 적절성에 대한 문서검사를 통한 매출차감의 완전성 확인
나. 감가상각 개시시점의 적절성
핵심감사사항으로 결정한 이유
2019년 12월 31일 현재 회사는 총 74,090,275 백만원의 유형자산을 보유하고 있으며, 해당 유형자산은 건물 및 기계장치 등을 포함하고 있습니다. 이 중 당기 중 취득으로 인한 증가금액은 18,210,158 백만원입니다(주석 12 참조). 회사는 라인 및 설비의 사용가능시점을 판단하여 각 자산에 대한 감가상각을 개시합니다(주석 2.9 참조).
회사의 투자규모가 크고 사용가능시점 판단에 따른 감가상각금액이 재무제표에 미치는 영향이 유의적이므로 우리는 감가상각 개시시점의 적절성 관련 회계처리를 핵심감사사항으로 판단하였습니다.
핵심감사사항이 감사에서 다루어진 방법
회사의 감가상각 개시시점의 적절성 관련 회계처리에 대하여 우리가 수행한 주요 감사절차는 다음과 같습니다.
·자산의 사용가능시점 판단에 대한 회사의 정책, 프로세스 및 내부통제 이해
·건설중인자산의 사용가능시점 관련 승인에 대한 내부통제 평가
·장기 미대체 건설중인자산의 사유 파악 및 승인에 대한 내부통제 평가
·감가상각 개시시점의 적절성을 확인하기 위한 사용가능시점 판단근거 문서검사 및 주요 라인의 가동여부 등 질문과 관찰
·미대체 건설중인자산의 예상 사용가능시점 질문 및 검토
재무제표에 대한 경영진과 지배기구의 책임
경영진은 한국채택국제회계기준에 따라 이 재무제표를 작성하고 공정하게 표시할 책임이 있으며, 부정이나 오류로 인한 중요한 왜곡표시가 없는 재무제표를 작성하는데 필요하다고 결정한 내부통제에 대해서도 책임이 있습니다.
경영진은 재무제표를 작성할 때, 회사의 계속기업으로서의 존속능력을 평가하고 해당되는 경우, 계속기업 관련 사항을 공시할 책임이 있습니다. 그리고 경영진이 기업을 청산하거나 영업을 중단할 의도가 없는 한, 회계의 계속기업전제의 사용에 대해서도 책임이 있습니다.
지배기구는 회사의 재무보고절차의 감시에 대한 책임이 있습니다.
재무제표감사에 대한 감사인의 책임
우리의 목적은 회사의 재무제표에 전체적으로 부정이나 오류로 인한 중요한 왜곡표시가 없는지에 대하여 합리적인 확신을 얻어 우리의 의견이 포함된 감사보고서를 발행하는데 있습니다. 합리적인 확신은 높은 수준의 확신을 의미하나, 감사기준에 따라 수행된 감사가 항상 중요한 왜곡표시를 발견한다는 것을 보장하지는 않습니다. 왜곡표시는 부정이나 오류로부터 발생할 수 있으며, 왜곡표시가 재무제표를 근거로 하는 이용자의 경제적 의사결정에 개별적으로 또는 집합적으로 영향을 미칠 것이 합리적으로 예상되면, 그 왜곡표시는 중요하다고 간주됩니다.
감사기준에 따른 감사의 일부로서 우리는 감사의 전 과정에 걸쳐 전문가적 판단을 수행하고 전문가적 의구심을 유지하고 있습니다. 또한, 우리는:
- 부정이나 오류로 인한 재무제표의 중요왜곡표시위험을 식별하고 평가하며 그러한 위험에 대응하는 감사절차를 설계하고 수행합니다. 그리고 감사의견의 근거로서 충분하고 적합한 감사증거를 입수합니다. 부정은 공모, 위조, 의도적인 누락, 허위진술 또는 내부통제 무력화가 개입될 수 있기 때문에 부정으로 인한 중요한 왜곡표시를 발견하지 못할 위험은 오류로 인한 위험보다 큽니다.
- 상황에 적합한 감사절차를 설계하기 위하여 감사와 관련된 내부통제를 이해합니다.
- 재무제표를 작성하기 위하여 경영진이 적용한 회계정책의 적합성과 경영진이 도출한 회계추정치와 관련 공시의 합리성에 대하여 평가합니다.
- 경영진이 사용한 회계의 계속기업전제의 적절성과, 입수한 감사증거를 근거로 계속기업으로서의 존속능력에 대하여 유의적 의문을 초래할 수 있는 사건이나, 상황과 관련된 중요한 불확실성이 존재하는지 여부에 대하여 결론을 내립니다. 중요한 불확실성이 존재한다고 결론을 내리는 경우, 우리는 재무제표의 관련 공시에 대하여 감사보고서에 주의를 환기시키고, 이들 공시가 부적절한 경우 의견을 변형시킬 것을 요구받고 있습니다. 우리의 결론은 감사보고서일까지 입수된 감사증거에 기초하나, 미래의 사건이나 상황이 회사의 계속기업으로서 존속을 중단시킬 수 있습니다.
- 공시를 포함한 재무제표의 전반적인 표시와 구조 및 내용을 평가하고, 재무제표의 기초가 되는 거래와 사건을 재무제표가 공정한 방식으로 표시하고 있는지 여부를 평가합니다.
우리는 여러 가지 사항들 중에서 계획된 감사범위와 시기 그리고 감사 중 식별된 유의적 내부통제 미비점 등 유의적인 감사의 발견사항에 대하여 지배기구와 커뮤니케이션합니다.
또한, 우리는 독립성 관련 윤리적 요구사항들을 준수하고, 우리의 독립성 문제와 관련된다고 판단되는 모든 관계와 기타사항들 및 해당되는 경우 관련 제도적 안전장치를 지배기구와 커뮤니케이션한다는 진술을 지배기구에게 제공합니다.
우리는 지배기구와 커뮤니케이션한 사항들 중에서 당기 재무제표감사에서 가장 유의적인 사항들을 핵심감사사항으로 결정합니다. 법규에서 해당 사항에 대하여 공개적인 공시를 배제하거나, 극히 드문 상황으로 우리가 감사보고서에 해당 사항을 기술함으로 인한 부정적 결과가 해당 커뮤니케이션에 따른 공익적 효익을 초과할 것으로 합리적으로 예상되어 해당 사항을 감사보고서에 커뮤니케이션해서는 안 된다고 결론을 내리는 경우가 아닌 한, 우리는 감사보고서에 이러한 사항들을 기술합니다.
이 감사보고서의 근거가 된 감사를 실시한 업무수행이사는 공인회계사 홍준기 입니다.
서울특별시 용산구 한강대로 100
핵심감사사항은 우리의 전문가적 판단에 따라 당기 재무제표감사에서 가장 유의적인 사항들입니다. 해당 사항들은 재무제표 전체에 대한 감사의 관점에서 우리의 의견형성 시 다루어졌으며, 우리는 이런 사항에 대하여 별도의 의견을 제공하지는 않습니다.
가. 재화의 판매 관련 매출장려활동
핵심감사사항으로 결정한 이유
CE(Consumer Electronics) 부문 및 IM(Information technology & Mobile communications) 부문에서 재화의 판매 시 회사는 유통업자 및 통신업자 등과 매출장려활동을 수행합니다. 이러한 활동에는 할인 및 장려금 등을 제공하는 명시적이거나 암묵적인 약정이 포함되어 있습니다. 회사는 매출장려활동에 대한 예상지출액을 추정하여 재화의 판매에 따른 수익에서 차감합니다(주석 2.23 및 주석 3 참조).
수익 차감 금액 및 인식 시기와 관련하여 회사 경영진의 유의적인 추정 및 판단이 수반되고, 수익이 재무제표에서 차지하는 금액이 유의적이므로 재화의 판매 관련 매출장려활동의 회계처리를 핵심감사사항으로 판단하였습니다.
핵심감사사항이 감사에서 다루어진 방법
회사의 재화의 판매 관련 매출장려활동 등의 회계처리에 대하여 우리가 수행한 주요 감사절차는 다음과 같습니다.
·매출차감 처리 관련 회사의 정책, 프로세스 및 내부통제 이해
·매출차감 정책의 승인에 대한 내부 통제 평가
·매출차감 추정 및 사후 정산 금액의 승인에 대한 내부 통제 평가
·매출차감과 판매비와관리비 간 계정 분류의 적절성에 대한 내부 통제에 대한 평가
·매출차감 거래 근거 문서검사를 통한 추정의 정확성 확인
·당기말 추정치와 보고기간 종료일 이후 정산 금액 비교 및 관련 문서검사를 통한 매출차감금액의 정확성 및 완전성 확인
·매출차감 및 판매비와관리비 간 계정 분류의 적절성에 대한 문서검사를 통한 매출차감의 완전성 확인
나. 감가상각 개시시점의 적절성
핵심감사사항으로 결정한 이유
2019년 12월 31일 현재 회사는 총 74,090,275 백만원의 유형자산을 보유하고 있으며, 해당 유형자산은 건물 및 기계장치 등을 포함하고 있습니다. 이 중 당기 중 취득으로 인한 증가금액은 18,210,158 백만원입니다(주석 12 참조). 회사는 라인 및 설비의 사용가능시점을 판단하여 각 자산에 대한 감가상각을 개시합니다(주석 2.9 참조).
회사의 투자규모가 크고 사용가능시점 판단에 따른 감가상각금액이 재무제표에 미치는 영향이 유의적이므로 우리는 감가상각 개시시점의 적절성 관련 회계처리를 핵심감사사항으로 판단하였습니다.
핵심감사사항이 감사에서 다루어진 방법
회사의 감가상각 개시시점의 적절성 관련 회계처리에 대하여 우리가 수행한 주요 감사절차는 다음과 같습니다.
·자산의 사용가능시점 판단에 대한 회사의 정책, 프로세스 및 내부통제 이해
·건설중인자산의 사용가능시점 관련 승인에 대한 내부통제 평가
·장기 미대체 건설중인자산의 사유 파악 및 승인에 대한 내부통제 평가
·감가상각 개시시점의 적절성을 확인하기 위한 사용가능시점 판단근거 문서검사 및 주요 라인의 가동여부 등 질문과 관찰
·미대체 건설중인자산의 예상 사용가능시점 질문 및 검토
재무제표에 대한 경영진과 지배기구의 책임
경영진은 한국채택국제회계기준에 따라 이 재무제표를 작성하고 공정하게 표시할 책임이 있으며, 부정이나 오류로 인한 중요한 왜곡표시가 없는 재무제표를 작성하는데 필요하다고 결정한 내부통제에 대해서도 책임이 있습니다.
경영진은 재무제표를 작성할 때, 회사의 계속기업으로서의 존속능력을 평가하고 해당되는 경우, 계속기업 관련 사항을 공시할 책임이 있습니다. 그리고 경영진이 기업을 청산하거나 영업을 중단할 의도가 없는 한, 회계의 계속기업전제의 사용에 대해서도 책임이 있습니다.
지배기구는 회사의 재무보고절차의 감시에 대한 책임이 있습니다.
재무제표감사에 대한 감사인의 책임
우리의 목적은 회사의 재무제표에 전체적으로 부정이나 오류로 인한 중요한 왜곡표시가 없는지에 대하여 합리적인 확신을 얻어 우리의 의견이 포함된 감사보고서를 발행하는데 있습니다. 합리적인 확신은 높은 수준의 확신을 의미하나, 감사기준에 따라 수행된 감사가 항상 중요한 왜곡표시를 발견한다는 것을 보장하지는 않습니다. 왜곡표시는 부정이나 오류로부터 발생할 수 있으며, 왜곡표시가 재무제표를 근거로 하는 이용자의 경제적 의사결정에 개별적으로 또는 집합적으로 영향을 미칠 것이 합리적으로 예상되면, 그 왜곡표시는 중요하다고 간주됩니다.
감사기준에 따른 감사의 일부로서 우리는 감사의 전 과정에 걸쳐 전문가적 판단을 수행하고 전문가적 의구심을 유지하고 있습니다. 또한, 우리는:
- 부정이나 오류로 인한 재무제표의 중요왜곡표시위험을 식별하고 평가하며 그러한 위험에 대응하는 감사절차를 설계하고 수행합니다. 그리고 감사의견의 근거로서 충분하고 적합한 감사증거를 입수합니다. 부정은 공모, 위조, 의도적인 누락, 허위진술 또는 내부통제 무력화가 개입될 수 있기 때문에 부정으로 인한 중요한 왜곡표시를 발견하지 못할 위험은 오류로 인한 위험보다 큽니다.
- 상황에 적합한 감사절차를 설계하기 위하여 감사와 관련된 내부통제를 이해합니다.
- 재무제표를 작성하기 위하여 경영진이 적용한 회계정책의 적합성과 경영진이 도출한 회계추정치와 관련 공시의 합리성에 대하여 평가합니다.
- 경영진이 사용한 회계의 계속기업전제의 적절성과, 입수한 감사증거를 근거로 계속기업으로서의 존속능력에 대하여 유의적 의문을 초래할 수 있는 사건이나, 상황과 관련된 중요한 불확실성이 존재하는지 여부에 대하여 결론을 내립니다. 중요한 불확실성이 존재한다고 결론을 내리는 경우, 우리는 재무제표의 관련 공시에 대하여 감사보고서에 주의를 환기시키고, 이들 공시가 부적절한 경우 의견을 변형시킬 것을 요구받고 있습니다. 우리의 결론은 감사보고서일까지 입수된 감사증거에 기초하나, 미래의 사건이나 상황이 회사의 계속기업으로서 존속을 중단시킬 수 있습니다.
- 공시를 포함한 재무제표의 전반적인 표시와 구조 및 내용을 평가하고, 재무제표의 기초가 되는 거래와 사건을 재무제표가 공정한 방식으로 표시하고 있는지 여부를 평가합니다.
우리는 여러 가지 사항들 중에서 계획된 감사범위와 시기 그리고 감사 중 식별된 유의적 내부통제 미비점 등 유의적인 감사의 발견사항에 대하여 지배기구와 커뮤니케이션합니다.
또한, 우리는 독립성 관련 윤리적 요구사항들을 준수하고, 우리의 독립성 문제와 관련된다고 판단되는 모든 관계와 기타사항들 및 해당되는 경우 관련 제도적 안전장치를 지배기구와 커뮤니케이션한다는 진술을 지배기구에게 제공합니다.
우리는 지배기구와 커뮤니케이션한 사항들 중에서 당기 재무제표감사에서 가장 유의적인 사항들을 핵심감사사항으로 결정합니다. 법규에서 해당 사항에 대하여 공개적인 공시를 배제하거나, 극히 드문 상황으로 우리가 감사보고서에 해당 사항을 기술함으로 인한 부정적 결과가 해당 커뮤니케이션에 따른 공익적 효익을 초과할 것으로 합리적으로 예상되어 해당 사항을 감사보고서에 커뮤니케이션해서는 안 된다고 결론을 내리는 경우가 아닌 한, 우리는 감사보고서에 이러한 사항들을 기술합니다.
이 감사보고서의 근거가 된 감사를 실시한 업무수행이사는 공인회계사 홍준기 입니다.
서울특별시 용산구 한강대로 100",7077,/Users/june_kim/samsung_audit_nlp/data/raw/감사보고서_2019.htm,2026-03-31T07:17:32.927244+00:00
39,2019,재무상태표,"제 51 기 : 2019년 12월 31일 현재
제 50 기 : 2018년 12월 31일 현재
삼성전자주식회사
(단위 : 백만원)
자 산
Ⅰ. 유 동 자 산
72,659,080
80,039,455
1. 현금및현금성자산
4, 6, 30
2,081,917
2,607,957
2. 단기금융상품
5, 6, 30
26,501,392
34,113,871
3. 매출채권
6, 7, 9, 30
26,255,438
24,933,267
4. 미수금
6, 9
2,406,795
1,515,079
5. 선급금
908,288
807,262
6. 선급비용
813,651
2,230,628
7. 재고자산
10
12,201,712
12,440,951
8. 기타유동자산
6
1,489,887
1,390,440
Ⅱ. 비 유 동 자 산
143,521,840
138,981,902
1
.
기타포괄손익-공정가치금융자산
6, 8, 30
1,206,080
1,098,565
2. 당기손익-공정가치금융자산
6, 8, 30
3,181
7,413
3. 종속기업, 관계기업 및 공동기업 투자
11
56,571,252
55,959,745
4. 유형자산
12
74,090,275
70,602,493
5. 무형자산
13
8,008,653
2,901,476
6. 순확정급여자산
16
486,855
562,356
7. 이연법인세자산
27
547,176
654,456
8. 기타비유동자산
6
2,608,368
7,195,398
자 산 총 계
216,180,920
219,021,357
부 채
Ⅰ. 유 동 부 채
36,237,164
43,145,053
1. 매입채무
6, 30
7,547,273
7,315,631
2. 단기차입금
6, 7, 14, 30
10,228,216
10,353,873
3. 미지급금
6, 30
9,142,890
8,385,752
4. 선수금
19
355,562
214,615
5. 예수금
6
383,450
572,702
6. 미지급비용
6, 19
5,359,291
6,129,837
7. 당기법인세부채
788,846
7,925,887
8. 유동성장기부채
6, 14, 15, 30
153,942
5,440
9. 충당부채
17
2,042,039
2,135,314
10. 기타유동부채
19
235,655
106,002
Ⅱ. 비 유 동 부 채
2,073,509
2,888,179
1. 사채
6, 15, 30
39,520
43,516
2. 장기차입금
6, 14, 30
174,651
-
3. 장기미지급금
6, 30
1,574,535
2,472,416
4. 장기충당부채
17
283,508
372,217
5. 기타비유동부채
19
1,295
30
부 채 총 계
38,310,673
46,033,232
자 본
Ⅰ. 자본금
20
897,514
897,514
1. 우선주자본금
119,467
119,467
2. 보통주자본금
778,047
778,047
Ⅱ. 주식발행초과금
4,403,893
4,403,893
Ⅲ. 이익잉여금
21
172,288,326
166,555,532
Ⅳ. 기타자본항목
22
280,514
1,131,186
자 본 총 계
177,870,247
172,988,125
부 채 와 자 본 총 계
216,180,920
219,021,357
별첨 주석은 본 재무제표의 일부입니다.",1586,/Users/june_kim/samsung_audit_nlp/data/raw/감사보고서_2019.htm,2026-03-31T07:17:32.927244+00:00
40,2019,포괄손익,"제 51 기 : 2019년 1월 1일부터 2019년 12월 31일까지
제 50 기 : 2018년 1월 1일부터 2018년 12월 31일까지
삼성전자주식회사
(단위 : 백만원)
Ⅰ. 매 출 액
31
154,772,859
170,381,870
Ⅱ. 매 출 원 가
23
113,618,444
101,666,506
Ⅲ. 매 출 총 이 익
41,154,415
68,715,364
판매비와관리비
23, 24
27,039,348
25,015,913
Ⅳ. 영 업 이 익
14,115,067
43,699,451
기 타 수 익
25
5,223,302
972,145
기 타 비 용
25
678,565
504,562
금 융 수 익
26
4,281,534
3,737,494
금 융 비 용
26
3,908,869
3,505,673
Ⅴ. 법인세비용차감전순이익
19,032,469
44,398,855
법 인 세 비 용
27
3,679,146
11,583,728
Ⅵ. 당 기 순 이 익
15,353,323
32,815,127
Ⅶ. 주 당 이 익
28
기본주당이익(단위:원)
2,260
4,830
희석주당이익(단위:원)
2,260
4,830
별첨 주석은 본 재무제표의 일부입니다.
포 괄 손 익 계 산 서
제 51 기 : 2019년 1월 1일부터 2019년 12월 31일까지
제 50 기 : 2018년 1월 1일부터 2018년 12월 31일까지
삼성전자주식회사
(단위 : 백만원)
Ⅰ. 당기순이익
15,353,323
32,815,127
Ⅱ. 기타포괄손익
(851,958)
(378,321)
후속적으로 당기손익으로 재분류되지 않는 포괄손익
(851,958)
(378,321)
1. 기타포괄손익-공정가치금융자산평가손익
8, 22
73,199
(88,340)
2. 순확정급여자산 재측정요소
16, 22
(925,157)
(289,981)
후속적으로 당기손익으로 재분류되는 포괄손익
-
-
Ⅲ. 총포괄손익
14,501,365
32,436,806
별첨 주석은 본 재무제표의 일부입니다.
자 본 변 동 표
제 51 기 : 2019년 1월 1일부터 2019년 12월 31일까지
제 50 기 : 2018년 1월 1일부터 2018년 12월 31일까지
삼성전자주식회사
(단위 : 백만원)
2018.1.1 (전기초)
897,514
4,403,893
150,928,724
(4,660,356)
151,569,775
회계정책변경누적효과
-
-
61,021
(61,021)
-
수정후 기초자본
897,514
4,403,893
150,989,745
(4,721,377)
151,569,775
Ⅰ. 총포괄손익
1. 당기순이익
-
-
32,815,127
-
32,815,127
2. 기타포괄손익-공정가치금융자산평가손익
8, 22
-
-
(2,697)
(85,643)
(88,340)
3. 순확정급여자산 재측정요소
16, 22
-
-
-
(289,981)
(289,981)
Ⅱ. 자본에 직접 인식된 주주와의 거래
1. 배당
21
-
-
(10,143,345)
-
(10,143,345)
2. 자기주식의 취득
20
-
-
-
(875,111)
(875,111)
3. 자기주식의 소각
20
-
-
(7,103,298)
7,103,298
-
2018.12.31 (전기말)
897,514
4,403,893
166,555,532
1,131,186
172,988,125
2019.1.1 (당기초)
897,514
4,403,893
166,555,532
1,131,186
172,988,125
Ⅰ. 총포괄손익
1. 당기순이익
-
-
15,353,323
-
15,353,323
2. 기타포괄손익-공정가치금융자산평가손익
8, 22
-
-
(1,286)
74,485
73,199
3. 순확정급여자산 재측정요소
16, 22
-
-
-
(925,157)
(925,157)
Ⅱ. 자본에 직접 인식된 주주와의 거래
1. 배당
21
-
-
(9,619,243)
-
(9,619,243)
2019.12.31 (당기말)
897,514
4,403,893
172,288,326
280,514
177,870,247
별첨 주석은 본 재무제표의 일부입니다.",1988,/Users/june_kim/samsung_audit_nlp/data/raw/감사보고서_2019.htm,2026-03-31T07:17:32.927244+00:00
41,2019,현금흐름,"제 51 기 : 2019년 1월 1일부터 2019년 12월 31일까지
제 50 기 : 2018년 1월 1일부터 2018년 12월 31일까지
삼성전자주식회사
(단위 : 백만원)
Ⅰ. 영업활동 현금흐름
22,796,257
44,341,217
1. 영업에서 창출된 현금흐름
28,344,706
53,596,311
가. 당기순이익
15,353,323
32,815,127
나. 조정
29
16,911,222
27,095,149
다. 영업활동으로 인한 자산부채의 변동
29
(3,919,839)
(6,313,965)
2. 이자의 수취
673,363
459,074
3. 이자의 지급
(306,633)
(343,270)
4. 배당금 수입
4,625,181
779,567
5. 법인세 납부액
(10,540,360)
(10,150,465)
Ⅱ. 투자활동 현금흐름
(13,537,171)
(31,678,548)
1. 단기금융상품의 순감소(증가)
6,212,479
(7,203,807)
2. 장기금융상품의 처분
1,400,000
-
3. 장기금융상품의 취득
-
(1,860,000)
4. 기타포괄손익-공정가치금융자산의 처분
1,239
7,345
5. 기타포괄손익-공정가치금융자산의 취득
(6,701)
(204,055)
6. 당기손익-공정가치금융자산의 처분
7,334
7,421
7. 당기손익-공정가치금융자산의 취득
-
(1,776)
8. 종속기업, 관계기업 및 공동기업 투자의 처분
58,677
25,846
9. 종속기업, 관계기업 및 공동기업 투자의 취득
(925,139)
(520,660)
10. 유형자산의 처분
600,901
340,558
11. 유형자산의 취득
(17,240,242)
(21,387,378)
12. 무형자산의 처분
1,965
706
13. 무형자산의 취득
(2,855,959)
(880,032)
14. 사업결합으로 인한 현금유출액
(785,000)
-
15. 기타투자활동으로 인한 현금유출입액
(6,725)
(2,716)
Ⅲ. 재무활동 현금흐름
(9,787,719)
(12,818,480)
1. 단기차입금의 순증가(감소)
29
(41,078)
(1,796,186)
2. 자기주식의 취득
-
(875,111)
3. 사채 및 장기차입금의 상환
29
(128,431)
(5,357)
4. 배당금의 지급
(9,618,210)
(10,141,826)
Ⅳ. 외화환산으로 인한 현금의 변동
2,593
-
Ⅴ. 현금및현금성자산의 증가(감소)(Ⅰ+Ⅱ+Ⅲ+Ⅳ)
(526,040)
(155,811)
Ⅵ. 기초의 현금및현금성자산
2,607,957
2,763,768
Ⅶ. 기말의 현금및현금성자산
2,081,917
2,607,957
별첨 주석은 본 재무제표의 일부입니다.",1314,/Users/june_kim/samsung_audit_nlp/data/raw/감사보고서_2019.htm,2026-03-31T07:17:32.927244+00:00
42,2019,주석,"주석
제 51 기 : 2019년 12월 31일 현재
제 50 기 : 2018년 12월 31일 현재
삼성전자주식회사
1. 일반적 사항
:
삼성전자주식회사(이하 ""회사"")는 1969년 대한민국에서 설립되어 1975년에 대한민국의 증권거래소에 상장하였습니다. 회사의 사업은 CE부문, IM부문, DS부문으로 구성되어 있습니다. CE(Consumer Electronics) 부문은 디지털 TV, 모니터, 에어컨 및 냉장고 등의 사업으로 구성되어 있고, IM(Information technology & Mobile communications) 부문은 휴대폰, 통신시스템, 컴퓨터 등의 사업으로 구성되어 있으며, DS(Device Solutions) 부문은 메모리 반도체,
Foundry, System LSI 등
의 반도체 사업으로 구성되어 있습니다. 회사의 본점 소재지는 경기도 수원시입니다.
회사의 재무제표는 한국채택국제회계기준에 따라 작성되었으며, 기업회계기준서 제1027호 '별도재무제표'에 따른 별도재무제표입니다.
2. 중요한 회계처리방침:
다음은 재무제표의 작성에 적용된 주요한 회계정책입니다. 이러한 정책은 별도의 언급이 없다면, 표시된 회계기간에 계속적으로 적용됩니다.
2.1 재무제표 작성기준
이 재무제표는 한국채택국제회계기준에 따라 작성되었습니다. 한국채택국제회계기준은 국제회계기준위원회(""IASB"")가 발표한 기준서와 해석서 중 대한민국이 채택한 내용을 의미합니다. 한국채택국제회계기준은 재무제표 작성 시 중요한 회계추정의 사용을 허용하고 있으며, 회계정책을 적용함에 있어 경영진의 판단을 요구하고 있습니다. 보다 복잡하고 높은 수준의 판단이 요구되는 부분이나 중요한 가정 및 추정이 요구되는 부분은 주석3에서 설명하고 있습니다.
2.2 회계정책과 공시의 변경
가. 회사가 채택한 제ㆍ개정 기준서
회사는 2019년 1월 1일로 개시하는 회계기간부터 다음의 제ㆍ개정 기준서를 신규로
적용하였습니다.
- 기업회계기준서 제1116호 '리스' 제정
회사는 2019년 1월 1일을 최초적용일로 하여 기준서 제1116호를 적용하였으며, 경과규정에 따라 전기 재무제표는 재작성하지 않았습니다. 동 기준서의 적용이 재무제표에 미치는 영향은 다음과 같습니다.
회사는 종전 기준서 제1017호 '리스'에 따라 '운용리스'로 분류하였던 리스와 관련하여 사용권자산 및 리스부채를 인식하였습니다.
이
에 따라
최초적용일인 2019년 1월 1일 현재 사용권자산 및
리스부채는 각각
438,923
백만원, 249,034백만원
증가하
였
으며,
리스부채의 내역은 다음과 같습니다.
(단위 : 백만원)
구 분
금 액
1. 2018년 12월 31일의 금융리스부채
-
2. 2019년 1월 1일의 운용리스 약정 조정내역
2. 2019년 1월 1일의 운용리스 약정 조정내역
249,034
- 2018년 12월 31일의 운용리스 약정
285,567
- 2019년 1월 1일의 운용리스 약정 할인금액
269,032
(조정) 단기리스 및 소액자산 리스 예외규정 적용
(조정) 단기리스 및 소액자산 리스 예외규정 적용
(19,998)
3. 2019년 1월 1일의 리스부채
249,034
- 기업회계기준서 제1019호 '종업원급여' 개정 확정급여제도의 변경으로 제도의 개정, 축소, 정산이 되는 경우 제도의 변경 이후 잔여기간에 대한 당기근무원가 및 순이자를 산정하기 위해 순확정급여부채(자산)의 재측정에 사용된 가정을 사용합니다. 또한 자산인식상한의 영향으로 이전에 인식하지 않은 초과적립액의 감소도 과거근무원가나 정산손익의 일부로 당기손익에 반영합니다. 해당 기준서의 개정으로 인하여 재무제표에 미치는 유의적인 영향은 없습니다.
- 기업회계기준서 제1028호 '관계기업과 공동기업에 대한 투자' 개정 관계기업이나 공동기업에 대한 다른 금융상품(지분법을 적용하지 않는 금융상품)이 기준서 제1109호 '금융상품'의 적용대상임을 명확히 하였으며, 관계기업이나 공동기업에 대한 순투자의 일부를 구성하는 장기투자지분의 손상 회계처리에 대해서는 기준서 제1109호를 우선하여 적용하도록 개정하였습니다. 해당 기준서의 개정으로 인하여 재무제표에 미치는 유의적인 영향은 없습니다.
- 기업회계기준해석서 제2123호 '법인세 처리의 불확실성' 제정 제정된 해석서는 기업이 적용한 법인세 처리가 과세당국에 의해 인정될지에 대한 불확실성이 존재하는 경우 당기법인세와 이연법인세 인식 및 측정에 적용하며, 법인세 처리 불확실성의 회계단위와 재평가가 필요한 상황 등에 대한 지침을 포함하고 있습니다.
해당 해석서의 제정으로 인하여 재무제표에 미치는 유의적인 영향은 없습니다.
나. 회사가 적용하지 않은 제ㆍ개정 기준서
제정 또는 공표됐으나 2019년 1월 1일 이후 시작하는 회계연도에 시행일이 도래하지 않았고, 회사가 조기 적용하지 않은 주요 제ㆍ개정 기준서는 다음과 같습니다.
- 기업회계기준서 제1103호 '사업결합' 개정 개정된 사업의 정의는, 취득한 활동과 자산의 집합을 사업으로 판단하기 위해서는 산출물의 창출에 함께 유의적으로 기여할 수 있는 능력을 가진 투입물과 실질적인 과정을 반드시 포함하도록 하였고 원가 감소에 따른 경제적효익은 제외하였습니다. 이와 함께 취득한 총자산의 대부분의 공정가치가 식별가능한 단일 자산 또는 자산집합에 집중되어 있는 경우 취득한 활동과 자산의 집합은 사업이 아닌, 자산 또는 자산의 집합으로 결정할 수 있는 선택적 집중테스트가 추가되었습니다. 동 개정사항은 2020년1월 1일 이후 시작하는 회계연도부터 적용되며, 조기도입이 가능합니다.
2.3 종속기업, 관계기업 및 공동기업 기업회계기준서 제1110호 '연결재무
제표'에 의한 지배회사인 회사는 삼성디스플레이㈜ 및 Samsung Electronics America, Inc. 등
240
개의
종속기업과 삼성전기㈜ 등
41
개
의
관계기업
및 공동기업에 투자하고 있습니다. 회사는 별도재무제표에서 종속기업, 관계기업 및 공동기업에 대한 투자를 기준서 제1027호 '별도재무제표'에 따라 원가법으로 처리하고 있습니다. 또한 종속기업, 관계기업 및 공동기업 투자에 대한 객관적인 손상의 징후가 있는 경우 종속기업, 관계기업 및 공동기업 투자의 회수가능액과 장부금액과의 차이는 손상차손으로 인식됩니다.
2.4 외화환산
가. 기능통화와 표시통화
회사는 회사 내 개별기업의 재무제표에 포함되는 항목들을 각각의 영업활동이 이루어지는 주된 경제 환경에서의 통화(""기능통화"")를 적용하여 측정하고 있습니다. 지배회사의 기능통화는 대한민국 원화(KRW)이며 재무제표는 대한민국 원화(KRW)로 표시되어 있습니다.
나. 외화거래와 보고기간종료일의 외화환산
외화거래는 거래일의 환율 또는 재측정되는 항목인 경우 평가일의 환율을 적용한 기능통화로 인식되고, 외화거래의 결제나 화폐성 외화 자산ㆍ부채의 환산에서 발생하는 외환차이는 당기손익으로 인식됩니다. 비화폐성 금융자산ㆍ부채로부터 발생하는 외환차이는 공정가치 변동손익의 일부로 보아 당기손익-공정가치 측정 지분상품으로부터 발생하는 외환차이는 당기손익에, 기타포괄손익-공정가치 측정 지분상품의 외환차이는 기타포괄손익에 포함하여 인식됩니다.
2.5 현금및현금성자산
현금및현금성자산은 보유중인 현금, 요구불예금 및 취득일 현재 확정된 금액의 현금으로 전환이 용이하고, 가치변동의 위험이 경미한 매우 유동적인 단기 투자자산으로 구성되어 있습니다.
2.6 금융자산
가. 분류
회사는
기준서
제1109호
'금
융상품
'의 최
초적용일
2018년 1월 1일부터 다음의 측정 범주로 금융자산을 분류합니다. -
공정가치 측정 금융자산 (기타포괄손익 또는 당기손익에 공정가치 변동 인식)
-
상각후원가 측정 금융자산
금융자산은 금융자산의 관리를 위한 사업모형과 금융자산의 계약상 현금흐름 특성에근거하여 분류합니다. 공정가치로 측정하는 금융자산의 손익은 당기손익 또는 기타포괄손익으로 인식합니다. 채무상품에 대한 투자는 해당 자산을 보유하는 사업모형에 따라 당기손익 또는 기타포괄손익으로 인식합니다.
회사는 금융자산을 관리하는 사업모형을 변경하는 경우에만 채무상품을 재분류합니다.
단기매매항목이 아닌 지분상품에 대한 투자는 최초 인식시점에 후속적인 공정가치 변동을 기타포괄손익으로 표시할 것을 지정하는 취소불가능한 선택을 할 수 있습니다. 지정되지 않은 지분상품에 대한 투자의 공정가치 변동은 당기손익으로 인식합니다.
나. 측정
회사는 최초 인식시점에 금융자산을 공정가치로 측정하며, 당기손익-공정가치 측정 금융자산이 아닌 경우에 해당 금융자산의 취득이나 해당 금융부채의 발행과 직접 관련되는 거래원가는 공정가치에 가산합니다. 당기손익-공정가치 측정 금융자산의 거래원가는 당기손익으로 비용처리합니다. 내재파생상품을 포함하는 복합계약은 계약상 현금흐름이 원금과 이자로만 구성되어 있는지를 결정할 때 해당 복합계약 전체를 고려합니다.
(1) 채무상품
금융자산의 후속적인 측정은 금융자산의 계약상 현금흐름 특성과 그 금융자산을 관리하는 사업모형에 근거합니다. 회사는 채무상품을 다음의 세 범주로 분류합니다.
① 상각후원가 측정 금융자산 계약상 현금흐름을 수취하기 위해 보유하는 것이 목적인 사업모형 하에서 금융자산을 보유하고, 계약상 현금흐름이 원리금만으로 구성되어 있는 자산은 상각후원가로 측정합니다. 상각후원가로 측정하는 금융자산으로서 위험회피관계의 적용 대상이 아닌 금융자산의 손익은 해당 금융자산을 제거하거나 손상할 때 당기손익으로 인식합니다. 유효이자율법에 따라 인식하는 금융자산의 이자수익은 '금융수익'에 포함됩니다.
② 기타포괄손익-공정가치 측정 금융자산 계약상 현금흐름의 수취와 금융자산의 매도 둘 모두를 통해 목적을 이루는 사업모형 하에서 금융자산을 보유하고, 계약상 현금흐름이 원리금만으로 구성되어 있는 금융자산은 기타포괄손익-공정가치로 측정합니다. 손상차손(환입)과 이자수익 및 외환손익을 제외하고는, 기타포괄손익-공정가치로 측정하는 금융자산의 손익은 기타포괄손익으로 인식합니다. 금융자산을 제거할 때에는 인식한 기타포괄손익누계액을 자본에서 당기손익으로 재분류합니다. 유효이자율법에 따라 인식하는 금융자산의 이자수익은 '금융수익'에 포함됩니다. 외환손익은
'금융수익' 또는 '금융비용'
으로 표시하고 손상차손은 '
기타비용'
으로 표시합니다. ③ 당기손익-공정가치 측정 금융자산 상각후원가 측정이나 기타포괄손익-공정가치 측정 금융자산이 아닌 채무상품은 당기손익-공정가치로 측정됩니다. 위험회피관계가 적용되지 않는 당기손익-공정가치 측정 채무상품의 손익은 당기손익으로 인식하고 발생한 기간에 손익계산서에
'기타수익' 또는 '기타비용'
으로 표시합니다.
(
2) 지분상품
회사는 모든 지분상품에 대한 투자를 후속적으로 공정가치로 측정합니다. 공정가치 변동을 기타포괄손익으로 표시할 것을 선택한 지분상품에 대해 기타포괄손익으로 인식한 금액은 해당 지분상품을 제거할 때에도 당기손익으로 재분류하지 않
고
제
거되는 시점에 자본에 누적된 기타포괄손익-공정가치금융자산평가손익을 이익잉여금으로 대체합니다.
이러한 지분상품에 대한 배당수익은 회사가 배당을 받을 권리가 확정된 때에
손익계산서에
'기타수익'
으로
인식합니다.
당기손익-공정가치로 측정하는 금융자산의 공정가치 변동은 손익계산서에
'기타수익' 또는 '기타비용'
으로 표시합니다.
다. 손상
회사는 미래전망정보에 근거하여 상각후원가로 측정하거나 기타포괄손익-공정가치로 측정하는 채무상품에 대한 기대신용손실을 평가합니다. 손상 방식은 신용위험의 유의적인 증가 여부에 따라 결정됩니다.
단, 매출채권에 대해 회사는 채권의 최초 인식시점부터 전체기간 기대신용손실을 인식하는 간편법을 적용합니다. 라. 인식과 제거 금융자산의 정형화된 매입 또는 매도는 매매일에 인식하거나 제거합니다. 금융자산은 현금흐름에 대한 계약상 권리가 소멸하거나 금융자산을 양도하고 소유에 따른 위험과 보상의 대부분을 이전한 경우에 제거됩니다. 회사가 금융자산을 양도한 경우라도 채무자의 채무불이행 시의 소구권 등으로 양도한 금융자산의 소유에 따른 위험과 보상의 대부분을 회사가 보유하는 경우에는 이를 제거하지 않고 그 양도자산 전체를 계속하여 인식하되, 수취한 대가를 금융부채로 인식합니다. 해당 금융부채는 재무상태표에 '차입금'으로 분류하고 있습니다. 마. 금융상품의 상계 금융자산과 부채는 인식한 자산과 부채에 대해 법적으로 집행가능한 상계권리를 현재 보유하고 있고, 순액으로 결제하거나 자산을 실현하는 동시에 부채를 결제할 의도를 가지고 있을 때 상계하여 재무상태표에 순액으로 표시합니다. 법적으로 집행가능한 상계권리는 미래사건에 좌우되지 않으며, 정상적인 사업과정의 경우와 채무불이행의 경우 및 지급불능이나 파산의 경우에도 집행가능한 것을 의미합니다.
2.7 매출채권
매출채권은 정상적인 영업과정에서 판매된 재고자산 및 제공된 용역과 관련하여 고객으로부터 수취할 금액입니다. 매출채권의 회수가 1년 이내에 예상되는 경우 유동자산으로 분류하고, 그렇지 않은 경우 비유동자산으로 분류합니다. 매출채권은 최초에 공정가치로 인식하며, 유효이자율을 적용한 상각후원가에서
손실충당금을 차감하여 측정하고 있습니다.
2.8 재고자산
재고자산은 원가와 순실현가능가치 중 작은 금액으로 표시하고 있습니다. 원가는 미착품을 제외하고는 평균법에 따라 결정하고 있습니다. 제품과 재공품의 원가는 원재료비, 직접노무비 및 기타 직접원가와 정상조업도에 근거한 관련 제조간접비로 이루어지며, 유휴생산설비원가나 폐기비용은 제외하고 있습니다. 순실현가능가치는 정상적인 영업과정에서의 추정 판매가격에서 적용 가능한 변동 판매비용을 차감한 금액입니다.
회사는 주기적으로 재고자산평가충당금의 중요한 변동을 발생시킬 가능성이 있는 미래의 제품수요 등을 검토하여 과잉, 진부화 및 시장가치의 하락 등이 발생한 경우 재고자산평가충당금을 계상하고 있으며 재고자산평가손실을 매출원가로 처리하고 있습니다.
2.9 유형자산
유형자산은 역사적 원가에서 감가상각누계액과 손상차손누계액을 차감하여 표시하고 있습니다. 역사적 원가는 자산의 취득에 직접적으로 관련된 지출을 포함합니다. 후속원가는 자산으로부터 발생하는 미래의 경제적 효익이 회사에 유입될 가능성이 높으며 그 원가를 신뢰성 있게 측정할 수 있는 경우에 한하여 자산의 장부금액에 포함하거나 별도의 자산으로 인식하고 있습니다. 대체된 부분의 장부금액은 제거하고 있으며 그 외의 모든 수선 및 유지비는 발생한 기간의 비용으로 인식하고 있습니다.
회사의 유형자산은 취득원가에서 회사가 추정한 추정내용연수에 따라 정액법에 의하여 상각됩니다. 토지는 상각되지 않으며, 자본화차입금이자를 포함한 장기건설자산의 취득에 사용된 원가는 관련자산의 추정내용연수 동안 상각됩니다.
각 자산별로 회사가 사용하고 있는 대표추정내용연수는 다음과 같습니다.
건물 및 구축물
15, 30 년
기 계 장 치
5 년
기 타
5 년
회사는 매 회계연도 말에 유형자산의 감가상각방법, 잔존가치와 경제적 내용연수를 검토하고 필요한 경우 조정을 하고 있습니다. 자산의 장부금액이 추정 회수가능액을 초과하는 경우 자산의 장부금액을 회수가능액으로 즉시 감소시키고 있습니다. 자산의 처분손익은 처분대가와 자산의 장부금액의 차이로 결정되며, 손익계산서에 '기타수익' 또는 '기타비용'으로 표시하고 있습니다.
2.10
차입원가
적격자산을 취득 또는 건설하는데 발생한 차입원가는 해당 자산을 의도된 용도로 사용할 수 있도록 준비하는 기간 동안 자본화되고, 적격자산을 취득하기 위한 특정목적 차입금의 일시적 운용에서 발생한 투자수익은 당 회계기간 동안 자본화 가능한 차입원가에서 차감됩니다. 기타 차입원가는 발생기간에 비용으로 인식됩니다.
2.11
무형자산
영업권은 취득시점에 취득하는 종속기업, 관계기업 및 공동기업, 사업 등의 순식별가능자산에 대한 회사의 지분에 해당하는 공정가치를 초과하여 지급한 대가에 해당하며 종속기업의 사업취득과 관련된 건은 무형자산으로, 관계기업 및 공동기업의 지분 취득과 관련한 건은 관계기업 및 공동기업 투자에 포함하여 계상하고 있습니다. 영업권을 제외한 무형자산은 역사적 원가로 최초 인식되고, 원가에서 상각누계액과 손상차손누계액을 차감한 금액으로 표시됩니다. 내부적으로 창출한 무형자산인 개발비는 기술적 실현가능성, 미래경제적효익 등을 포함한 자산 인식요건이 충족된 시점 이후에 발생한 지출금액의 합계입니다.
회원권 및
특정 상표권은
이용 가능 기간에 대하여 예측가능한 제한이 없으므로 내용연수가 한정되지 않아 상각되지 않습니다. 하지만 회원권의 시장가치 하락 등 손상 징후 발견 시 합리적으로 추정하여 손상을 반영합니다.
특허권, 상표권 및 기타무형자산 등 한정된 내용연수를 가지는 무형자산은 추정내용연수동안 정액법에 따라 상각하고 있습니다.
각 자산별 대표추정내용연수는 다음과 같습니다.
개 발 비
2년
특허권, 상표권 및 기타무형자산
5년 ~ 10년
2.12
비금융자산의 손상
영업권이나 비한정내용연수를 가진 무형자산은 상각하지 않고 매년 손상검사를 실시하고 있습니다. 상각하는 자산의 경우 매 보고기간종료일에 장부금액이 회수가능하지 않을 수도 있음을 나타내는 환경의 변화나 사건이 있을 때마다 손상검사를 수행하고 있습니다. 손상차손은 회수가능액을 초과하는 장부금액만큼 인식하고 있습니다. 회수가능액은 순공정가치와 사용가치 중 큰 금액으로 결정하고 있습니다. 손상을 측정하기 위한 목적으로 자산은 별도로 식별 가능한 현금흐름을 창출하는 가장 하위 수준의 집단(현금창출단위)으로 그룹화하고 있습니다. 손상차손을 인식한 경우, 영업권이외의 비금융자산은 매
보고기간종료일에 손상차손의 환입가능성을 검토하고 있습니다.
2.13
금융부채
가. 분류 및 측정
모든 금융부채는 다음을 제외하고는 후속적으로 상각후원가로 측정되도록 분류합니다.
(1) 당기손익-공정가치 측정 금융부채
파생상품부채를 포함한 이러한 부채는 후속적으로 공정가치로 측정합니다.
(2)
금융자산의 양도가 제거 조건을 충족하지 못하거나 지속적 관여 접근법이 적용 되는 경우에 생기는 금융부채
이러한 금융부채는 주석 2.6 금융자산의 내용을 적용하여 측정합니다.
(3) 금융보증계약
최초 인식 시 공정가치로 측정되며, 이후에 이러한 계약의 발행자는 해당계약을 후속적으로 다음 중 큰 금액으로 측정합니다.
- 기대신용손실에 따라 산정한 손실충당금
- 최초 인식금액에서 기준서 제1115호 '고객과의 계약에서 생기는 수익'에 따라 인식한 이익누계액을 차감한 금액
(4) 시장이자율보다 낮은 이자율로 대출하기로 한 약정 최초 인식 후에 이러한 약정의 발행자는 후속적으로 해당 약정을 다음 중 큰 금액 으로 측정합니다. - 기대신용손실에 따라 산정한 손실충당금 - 최초 인식금액에서 기준서 제1115호에 따라 인식한 이익누계액을 차감한 금액
(5) 기준서 제1103호를 적용하는 사업결합에서 취득자가 인식하는 조건부 대가 이러한 조건부 대가는 후속적으로 당기손익-공정가치로 측정합니다.
나. 제거 금융부채는 계약상 의무가 이행, 취소 또는 만료되어 소멸되거나 기존 금융부채의 조건이 실질적으로 변경된 경우에 재무상태표에서 제거됩니다. 소멸하거나 제3자에게 양도한 금융부채의 장부금액과 지급한 대가(양도한 비현금자산이나 부담한 부채를 포함)의 차액은 당기손익으로 인식합니다.
2.14
매입채무
매입채무는 정상적인 영업과정에서 공급자로부터 취득한 재고자산 및 제공받은 용역과 관련하여 지급할 의무가 있는 금액입니다. 매입채무의 지급이 12개월 이내에 예상되는 경우 유동부채로 분류하고, 그렇지 아니한 경우 비유동부채로 분류합니다. 매입채무는 최초에 공정가치로 인식하며, 후속적으로 유효이자율법을 사용한 상각후원가로 측정하고 있습니다.
2.15
차입금
차입금은 최초에 공정가치에서 거래비용을 차감한 가액으로 인식하며, 후속적으로 상각후원가로 측정하고 있습니다. 거래비용 차감 후 수취한 금액과 상환금액의 차이는 유효이자율법으로 상각하여 차입기간 동안 손익계산서에 인식하고 있습니다. 또한, 보고기간종료일 이후 12개월 이상 결제를 이연할 수 있는 무조건적인 권리가 있는 경우 비유동부채로 분류하며, 그렇지 않은 경우 유동부채로 분류하고 있습니다.
2.16
충당부채 및 우발부채
과거사건의 결과로 현재의 법적의무나 의제의무가 존재하고, 그 의무를 이행하기 위한 자원의 유출가능성이 높으며, 당해 금액의 신뢰성 있는 추정이 가능한 경우 회사는 충당부채를 인식하고 있습니다. 미래영업손실에 대하여는 충당부채를 인식하지 않습니다.
충당부채는 의무를 이행하기 위하여 예상되는 지출액의 현재가치로 측정하며, 현재가치 평가에 사용하는 할인율은 그 부채의 고유한 위험과 화폐의 시간가치에 대한 현행 시장의 평가를 반영한 세전이자율입니다. 시간경과로 인한 충당부채의 증가는 이자비용으로 인식하고 있습니다.
또한, 과거사건은 발생하였으나 불확실한 미래사건의 발생여부에 의해서 존재여부가 확인되는 잠재적인 의무가 있는 경우 또는 과거사건이나 거래의 결과 현재 의무가 존재하나 자원이 유출될 가능성이 높지 않거나 당해 의무를 이행하여야 할 금액을 신뢰성 있게 추정할 수 없는 경우 우발부채로 주석기재하고 있습니다.
2.17
종업원급여
회사는 확정급여제도와 확정기여제도를 포함하는 다양한 형태의 퇴직연금제도를 운영하고 있습니다.
확정기여제도는 회사가 고정된 금액의 기여금을 별도 기금에 지급하는 퇴직연금제도입니다. 해당 기금이 현재나 과거 기간의 종업원 용역과 관련하여 지급하여야 할 급여 전액을 지급하기에 충분한 자산을 보유하지 못하는 경우에도 회사는 추가적인 기여금을 납부할 법적 의무나 의제의무를 부담하지 않습니다. 확정기여제도와 관련하여 회사는 상장되거나 비상장으로 관리되고 있는 연금보험제도에 의무적으로나 계약에 의해 또는 자발적으로 기여금을 지급하고 있습니다. 기여금이 지급된 이후에 회사는 더 이상의 미래 의무를 부담하지 않습니다. 기여금은 종업원이 근무 용역을 제공했을 때 비용으로 인식됩니다. 선급 기여금은 초과 기여금으로 인해 미래 지급액이 감소하거나 현금이 환급되는 만큼을 자산으로 인식하고 있습니다.
확정급여제도는 확정기여제도를 제외한 모든 퇴직연금제도입니다. 일반적으로 확정급여제도는 연령, 근속연수나 급여수준 등의 요소에 의해 종업원이 퇴직할 때 지급받을 퇴직연금급여의 금액을 확정하고 있습니다. 확정급여제도와 관련하여 재무상태표에 계상된 부채(자산)는 보고기간종료일 현재 확정급여채무의 현재가치에 사외적립자산의 공정가치를 차감한 과소적립액(자산인식상한을 한도로 하는 초과적립액)입니다. 확정급여채무는 매년 독립된 보험계리인에 의해 예측단위적립방식에 따라 산정됩니다. 확정급여채무의 현재가치는 급여가 지급될 통화로 표시되고 관련 확정급여채무의 지급시점과 만기가 유사한 우량회사채의 이자율로 기대미래현금유출액을 할인하여 산정하고 있습니다.
보험수리적 가정의 변경 및 보험수리적 가정과 실제로 발생한 결과의 차이로 인해 발생하는 보험수리적손익은 발생한 기간의 기타포괄손익으로 인식하고 있으며, 제도개정, 축소 또는 정산이 발생하는 경우 과거근무원가 또는 정산으로 인한 손익은 발생 즉시 당기손익으로 인식하고 있습니다.
2.18
금융보증계약
금융보증계약은 채무상품의 최초 계약조건이나 변경된 계약조건에 따라 지급기일에 특정 채무자가 지급하지 못하여 보유자가 입은 손실을 보상하기 위하여 특정금액을 지급하여야 하는 계약입니다. 회사가 제공한 금융보증계약은 최초인식 시 공정가치로 측정되며, 후속적으로는 다음 중 큰 금액으로 측정하여 '기타금융부채'로 인식됩니다. (1) 금융상품의 손상규정에 따라 산정한 손실충당금 (2) 최초 인식금액에서 기준서 제1115호에 따라 인식한 이익누계액을 차감한 금액
2.19
당기법인세 및 이연법인세
회사의 법인세비용은 당기법인세와 이연법인세로 구성됩니다. 법인세는 기타포괄손익이나 자본에 직접 인식된 항목과 관련된 금액은 해당 항목에서 직접 인식하며, 이를 제외하고는 당기손익으로 인식됩니다. 법인세비용은 보고기간종료일 현재 제정되었거나 실질적으로 제정된 세법에 기초하여 측정됩니다.
이연법인세는 자산과 부채의 장부금액과 세무기준액의 차이로 정의되는 일시적차이에 대하여 장부금액을 회수하거나 결제할 때의 예상 법인세효과로 인식됩니다. 다만,사업결합 이외의 거래에서 자산ㆍ부채를 최초로 인식할 때 발생하는 이연법인세자산과 부채는 그 거래가 회계이익이나 과세소득에 영향을 미치지 않는다면 인식되지 않습니다. 이연법인세자산은 차감할 일시적차이가 사용될 수 있는 미래 과세소득의 발생가능성이 높은 경우에 인식됩니다.
종속기업, 관계기업 및 공동기업 투자지분과 관련된 가산할 일시적차이에 대하여 소멸시점을 통제할 수 있고 예측가능한 미래에 일시적차이가 소멸하지 않을 가능성이 높은 경우를 제외하고 이연법인세부채를 인식하고 있습니다. 또한 이러한 자산으로부터 발생하는 차감할 일시적차이에 대하여 일시적차이가 예측가능한 미래에 소멸할가능성이 높고 일시적차이가 사용될 수 있는 과세소득이 발생할 가능성이 높은 경우에만 이연법인세자산을 인식하고 있습니다.
이연법인세자산과 부채는 당기법인세자산과 당기법인세부채를 상계할 수 있는 법적으로 집행가능한 권리를 회사가 보유하고, 이연법인세자산과 부채가 동일한 과세당국에 의해서 부과되는 법인세와 관련이 있으면서 순액으로 결제할 의도가 있는 경우
에 상계됩니다.
2.20
파생상품
회사는 파생상품의 계약에 따라 발생된 권리와 의무를 공정가액으로 평가하여 자산과 부채로 계상하고, 동 계약으로부터 발생한 손익은 발생시점에 당기손익으로 인식하고 있습니다. 다만, 요건을 충족한 현금흐름위험회피와 해외사업장에 대한 순투자에 대한 위험회피금액은 자본항목으로 이연하고 있습니다.
회사는 재고자산의 가격 변동 위험 등을 회피하기 위한 현금흐름 위험회피회계를 적용하고 있습니다. 현금흐름위험회피 대상으로 지정되어 적용요건을 충족하는 파생상품의 공정가치 변동 중 위험회피에 효과적인 부분은 기타포괄손익으로 인식하고, 비효과적인 부분은 금융수익 또는 금융비용으로 인식하고 있습니다.
2.21
배당금
배당금은 회사의 주주에 의해 승인된 시점에 부채로 인식하고 있습니다.
2.22
자본금
보통주와 상환의무 없는 우선주는 모두 자본으로 분류하고 있습니다. 회사 또는 종속기업이 회사의 보통주를 취득하는 경우, 직접거래원가를 포함하는 지급 대가는 그 보통주가 소각되거나 재발행 될 때까지 회사의 자본에서 차감하여 표시하고 있습니다. 이러한 자기주식이 재발행되는 경우, 수취한 대가는 회사의 주주에게 귀속되는 자본에 포함하고 있습니다.
2.23 수익인식
수익은 주로 회사의 통상적인 활동에서 발생하는 재화의 판매에 대하여 받았거나 받을 대가의 공정가액으로 구성되어 있습니다. 수익은 부가가치세, 반품, 판매장려금 및 가격 할인액을 차감한 순액으로 표시하며, 내부거래를 제거한 후의 금액으로표시하고 있습니다.
회사는 2018년 1월 1일부터 기준서 제1115호 '고객과의 계약에서 생기는 수익'을 적용하였습니다
.
제1115호에 따르면 모든 유형의 계약에 5단계 수익인식모형(① 계약 식별 → ② 수행의무 식별 → ③ 거래가격 산정 → ④ 거래가격을 수행의무에 배분 → ⑤ 수행의무 이행 시 수익 인식)을 적용하여 수익을 인식합니다.
(
1
) 수행의무의 식별
회사는
Incoterms Group C
조건(무역조건 CIF 등)에
따라 다양한 제품 및 상품을 수출하고 있습니다. 고객에게 통제가 이전된 이후 매도인이 운송서비스를 제공하므로 해당 운송서비스(보험 포함)를 별도의 수행의무로 인식합니다.
(2) 기간에 걸쳐 이행하는 수행의무
회사는 조달청을 통해 수주되는 시스템에어컨 도급공사계약에 따라 고객에게 제품을 납품하고 설치를 수행하고 있습니다. 기준서 제1115호에 따르면 기업이 수행하여 만들어지거나 가치가 높아지는 대로 고객이 통제하는 자산을 기업이 만들거나 그 자산가치를 높이는 경우 진행기준을 적용하여 수익을 인식하여야 합니다. 이에 따라 시스템에어컨 설치용역의 경우 용역 수행 경과에 따른 결과물을 고객이 직접 통제하기 때문에 진행기준을 적용하여 수익을 인식합
니다.
(3) 변동대가
회사는 받을 권리를 갖게 될 대가를 더 잘 예측할 것으로 예상하는 기댓값 방법을 사용하여 변동 대가를 추정하고, 반품기한이 경과할 때 이미 인식한 누적 수익금액 중 유의적인 부분을 되돌리지 않을 가능성이 매우 높은 금액까지만 변동대가를 거래가격에 포함하여 수익을 인식합니다. 기업이 받았거나 받을 대가 중에서 권리를 갖게 될 것으로 예상하지 않는
금액은
환불부채로
인식하며,
고객이 반품 권리를 행사할 때 고객으로부터 제품을 회수할 권리를 가지므로 그 자산을 환
불자산으로 인식하고 해당 금액만큼 매출원가를 조정합니다. 제품을 회수할 권리는 제품의 과거 장부금액에서 제품을 회수하는데 드는 원가를 차감하여 측정합니다.
(4) 거래가격의 배분
회사는 하나의 계약에서 식별된 여러 수행의무에 상대적 개별 판매가격을 기초로 거래가격을 배분합니다. 각 수행의무의 개별 판매가격을 추정하기 위하여 '시장평가 조정 접근법' 등을 사용합니다.
2.24 리스
리스는 리스제공자가
대가와 교환하여
식별되는 자산의 사용 통제권을 일정기간 동안 리스이용자에게 이전하는 계약입니다.
회사는 계약의 약정시점에, 계약 자체가 리스인지, 계약이 리스를 포함하는지를 판단합니다.
다만,
회사는
기준서 제1116호 '리스' 최초적용일인
2019년 1월 1일
이전 계약에 대해서는 실무적 간편법을 적용하여 모든 계약에 대해 다시 판단하지
않았습니다.
리스이용자 및 리스제공자는 리스계약이나 리스를 포함하는 계약에서 계약의 각 리스요소를 리스가 아닌 요소(이하 '비리스요소'라고 함)와 분리하여 리스로 회계처리합니다.
다만, 회사는 리스이용자로서의 회계처리에서
실무적 간편법을 적용하여 비리스요소를 리스요소와 분리하지 않고 각 리스요소와 관련 비리스요소를 하나의 리스요소로 회계처리합니다. (
1) 리스이용자로서의 회계처리 회사는
리스개시일에
기초자산을 사용할 권리를 나타내는 사용권자산(리스자산)과 리스료를 지급할 의무를 나타내는 리스부채를
인식합니다.
사용권자산은 최초 인식 시 원가로 측정하고, 후속적으로 원가에서 감가상각누계액과 손상차손누계액을 차감하고, 리스부
채의 재측정에 따른 조정을 반영하여 측정합니다.
또한 사용권자산은 리스개시일부터 사용권자산의 내용연수 종료일과 리스기간 종료일 중 이른 날까지의 기간동안 감가상각합니다.
사용권자산은 재무상태표에 '유형자산'으로 분류합니다.
리스부채는
리스개시일에 그날 현재 지급되지 않은 리스료의 현재가치로 측정합니다. 현재가치 측정시 리스의 내재이자율로 리스료를 할인하되, 내재이자율을 쉽게 산정할 수 없는 경우에는 회사의 증분차입이자율로 리스료를 할인하고 있습니다. 리스부채는 후속적으로 리스부채에 대하여 인식한 이자비용만큼 증가하고, 리스료의 지급을 반영하여 감소합니다. 지수나 요율(이율)의 변동, 잔존가치보증에 따라 지급할 것으로 예상되는 금액의 변동, 매수선택권이나 연장선택권을 행사할 것이 상당히 확실한지나 종료선택권을 행사하지 않을 것이 상당히 확실한지에 대한 평가의 변동에 따라 미래 리스료가 변경되는 경우에 리스부채를 재측정합니다. 리스부채는 재무상태표에 '유동성장기부채' 또는 '장기차입금'으로 분류합니다.
단기리스(리스개시일에 리스기간이 12개월 이하)와 소액자산 리스(기초자산 US$ 5,000 이하)의 경우
실무적 간편법을 적용
하여
리스료를 리스기간에 걸쳐 정액기준으로 비용을 인식합니다.
(
2)
리스제공자로서의 회계처리
리스제공자의 회계처리는
2019년 1월 1일 기준서 제1116호를
최초 적용하기 전의
회계정책과 유의적으로 변동되지 않았습니다.
회사는 리스약정일에 리스자산의 소유에 따른 위험과 보상의 대부분을 이전하는 리스는 금융리스로 분류하고, 금융리스 이외의 모든 리스는 운용리스로 분류합니다. 운용리스로부터 발생하는 리스료 수익은 리스기간에 걸쳐 정액기준으로 인식하고, 운용리스의 협상 및 계약 단계에서 발생한 리스개설 직접원가는 리스자산의 장부금액에 가산한 후 리스료 수익에 대응하여 리스기간 동안 비용으로 인식합니다.
2.25 정부보조금
정부보조금은 보조금의 수취와 정부보조금에 부가된 조건의 준수에 대한 합리적인 확신이 있을 때 공정가치로 인식됩니다. 수익과 관련된 정부보조금은 이연하여 정부보조금의 교부 목적과 관련된 수익 또는 비용과 대응될 수 있는 기간에 손익계산서에인식하고 있습니다. 한편, 특정 자산의 취득과 관련된 정부보조금은 이연수익으로 처리하고, 정부보조금 관련 이연수익은 관련 자산의 내용연수 동안 상각하여 손익으로 반영하고 있습니다.
2.26 주당이익
기본주당이익은 주주에게 귀속되는 손익계산서상 당기순이익을 보고기간 동안의 회사의 가중평균 유통보통주식수로 나누어 산정한 것입니다.
희석주당이익은 주주에게 귀속되는 손익계산서상 당기순이익을 보고기간 동안의 회사의 가중평균 유통보통주식수와 가중평균 잠재적 희석증권주식수로 나누어 산정한 것입니다. 잠재적 희석증권은 희석효과가 발생하는 경우에만 희석주당이익의 계산에 반영됩니다.
2.27 보고부문
보고부문은 최고영업의사결정자에게 보고되는 부문별로 공시되고 있습니다
. 최고영업의사결정자는 부문에 배부될 자원에 대한 의사결정을 하고 부문의 성과를 평가하는데 책임이 있으며, 전략적 의사결정을 수행하는 경영위원회를 최고의사결정자로 보고 있습니다.
2.28 재무제표의 승인
회사의 재무제표는
2020년 1월
30
일
이
사회에서 승인되었습니다.
3. 중요한 회계추정 및 가정:
회사는 미래에 대하여 추정 및 가정을 하고 있습니다. 추정 및 가정은 지속적으로 평가되며, 과거 경험과 현재의 상황에서 합리적으로 예측가능한 미래의 사건을 고려하여 이루어집니다. 이러한 회계추정은 실제 결과와 다를 수도 있습니다. 다음 회계연도에 자산 및 부채 장부금액의 조정에 영향을 미칠 수 있는 유의적 위험에 대한 추정 및 가정은 다음과 같습니다.
가. 수익인식
회사는 고객에게 제품 판매 후 고객이 반품할 것으로 예상되는 제품에 대하여 환불부채와 회수할 재화에 대한 권리를 인식하고 있습니다. 판매시점에 포트폴리오 수준에서 누적된 경험에 기초하여 기댓값 방법으로 반품율을 예측하고 있으며, 회사의 수익은 예측된 반품율의 변동에 영향을 받습니다.
회사는 재화의 판매로 인한 수익을 통제가 이전되는 시점에 계약에 따른 대가에서 특정 매출장려활동을 차감한 금액으로 인식하고 있습니다. 과거의 경험 및 계약에기초하여 매출차감액을 합리적으로 추정하고 있으며, 회사의 수익은 추정된 매출차감에 영향을 받습니다.
나. 판매보증충당부채
회사는 판매한 제품에 대하여 품질에 대한 보증의무를 부담하고 있습니다. 회사는 매 보고기간종료일 미래와 현재의 보증의무를 제공하는데 필요하다고 판단되는 최선의 추정치를 기준으로 보증충당부채를 계상하고 있습니다. 이러한 최선의 추정치는 과거 경험에 기초하여 결정하고 있습니다.
다. 금융상품의 공정가치
회사는 활성시장에서 거래되지 않는 금융상품의 공정가치에 대하여 보고기간종료일 현재 주요한 시장상황을 기초로 다양한 평가기법 및 가정을 사용하여 결정하고 있습니다. 라. 금융자산의 손상
회사는
금융자산의 손실충당금
을 측정할 때에
채무불이행위험과 기대신용률에 대한 가정에 근거하였습니다. 회사는 이러한 가정을 세우고 손상 계산을 위한 투입요소를 선택할 때 보고기간종료일의 미래 전망에 대한 추정 및 과거 경험, 현재 시장 상황에 근거하여 판단합니다. 마
. 리스 회사는 리스기간을 산정할 때에 연장선택권을 행사하거나 종료선택권을 행사하지 않을 경제적 유인이 생기게 하는 관련되는 사실 및 상황을 모두 고려합니다. 연장선택권의 대상 기간(또는 종료선택권의 대상 기간)은 리스이용자가 연장선택권을 행사할 것(또는 행사하지 않을 것)이 상당히 확실한 경우에만 리스기간에 포함됩니다.
선택권이 실제로 행사되거나(행사되지 않거나) 회사가 선택권을 행사할(행사하지 않을) 의무를 부담하게 되는 경우에 리스기간을 다시 평가합니다. 리스이용자가 통제할수 있는 범위에 있고 리스기간을 산정할 때에 영향을 미치는 유의적인 사건이 일어나거나 상황에 유의적인 변화가 있을 때에만 회사는 연장선택권을 행사할 것(또는 행사하지 않을 것)이 상당히 확실한지의 판단을 변경합니다.
바. 순확정급여부채(자산)
순확정급여부채(자산)는 많은 가정을 사용하는 보험수리적 방식에 의해 결정되는 다양한 요소들에 따라 달라질 수 있습니다. 퇴직연금의 순원가(이익)를 결정하는 데 사용되는 가정은 할인율을 포함하고 있으며, 이러한 가정의 변동은 순확정급여부채(자산)의 장부금액에 영향을 줄 것입니다. 회사는 매년 말 우량회사채 이자율을 고려하여 적절한 할인율을 결정하고 있으며 이러한 할인율은 순확정급여부채(자산)의 정산 시 발생할 것으로 예상되는 미래의 추정 현금 유출액의 현재가치를 결정할 때 사용되어야 하는 이자율을 나타냅니다. 순확정급여부채(자산)와 관련된 다른 주요한 가정들은 일부 현재의 시장 상황에 근거하고 있습니다.
사. 영업권 및 내용연수가 비한정인 무형자산의 손상
회사는 매년
영업권
및
내용연수가 비한정인 무형자산의 손상여부를 검토하고 있습니다.
현금창출단위 또는 자산의 회수가능금액은 사용가치의 계산에 기초하여 결정하고 있습니다. 이러한 계산은 추정에 근거하여 이루어집니다.
아. 법인세
회사의 과세소득에 대한 법인세는 다양한 국가의 세법 및 과세당국의 결정을 적용하여 산정되므로 최종 세효과를 산정하는 데에는 불확실성이 존재합니다. 회사는 보고기간종료일 현재까지의 영업활동의 결과로 미래에 부담할 것으로 예상되는 법인세효과를 최선의 추정과정을 거쳐 당기법인세 및 이연법인세로 인식하였습니다. 하지만 실제 미래 최종 법인세부담은 인식한 관련 자산ㆍ부채와 일치하지 않을 수 있으며, 이러한 차이는 최종 세효과가 확정된 시점의 당기법인세 및 이연법인세 자산ㆍ부채에 영향을 줄 수 있습니다.
회사는 특정 기간 동안 과세소득의 일정 금액을 투자, 임금증가 등에 사용하지 않았을 때 세법에서 정하는 방법에 따라 산정된 법인세를 추가로 부담합니다. 따라서 해당 기간의 당기법인세와 이연법인세를 측정할 때 이에 따른 세효과를 반영하여야 하고, 이로 인해 회사가 부담할 법인세는 각 연도의 투자, 임금증가 등의 수준에 따라 달라지므로 최종 세효과를 산정하는 데에는 불확실성이 존재합니다.
회사는 기업회계기준서 제1012호에 따라 법인세 처리에 불확실성 여부를 검토하며, 과세당국이 불확실한 법인세 처리를 수용할 가능성이 높지 않다고 결론 내리는 경우에는 불확실한 법인세 처리 각각에 다음 방법 가운데 불확실성의 해소를 더 잘 예측할 것으로 예상하는 방법을 사용하여 불확실성의 영향을 재무제표에 반영하고 있습니다.
(1) 가능성이 가장 높은 금액: 가능한 결과치 범위에서 가능성이 가장 높은 단일금액
(2) 기댓값: 가능한 결과치의 범위에 있는 모든 금액에 각 확률을 곱한 금액의 합
4
.
현금및현금성자산
:
현금및현금성자산은 보유중인 현금, 요구불예금 및 취득일 현재 확정된 금액의 현금으로 전환이 용이하고 가치변동의 위험이 경미한 매우 유동적인 단기 투자자산으로 구성되어 있습니다. 보고기간종료일 현재 현금및현금성자산의 내역은 다음과 같습니다.
(단위 : 백만원)
현금
557
556
예금 등
2,081,360
2,607,401
계
2,081,917
2,607,957
5.
사용제한금융상품:
보고기간종료일 현재 사용제한금융상품은 다음과 같습니다.
(단위 : 백만원)
단기금융상품
87
12,643
6. 범주별 금융상품:
가. 보고기간종료일 현재 범주별 금융상품 내역은 다음과 같습니다.
(1) 당기말
(단위 : 백만원)
현금및현금성자산
2,081,917
-
-
2,081,917
단기금융상품
26,501,392
-
-
26,501,392
매출채권
26,255,438
-
-
26,255,438
기타포괄손익-공정가치금융자산
-
1,206,080
-
1,206,080
당기손익-공정가치금융자산
-
-
3,181
3,181
기타
4,307,370
-
-
4,307,370
계
59,146,117
1,206,080
3,181
60,355,378
(단위 : 백만원)
매입채무
7,547,273
-
7,547,273
단기차입금
-
10,228,216
10,228,216
미지급금
9,031,752
-
9,031,752
유동성장기부채
5,646
148,296
153,942
사채
39,520
-
39,520
장기차입금
-
174,651
174,651
장기미지급금
1,305,278
-
1,305,278
기타
2,458,165
-
2,458,165
계
20,387,634
10,551,163
30,938,797
(*) 기타금융부채는 범주별 금융부채의 적용을 받지 않는 담보부차입금 및 리스부채 등을 포함하고 있습니다.
(2) 전기말
(단위 : 백만원)
현금및현금성자산
2,607,957
-
-
2,607,957
단기금융상품
34,113,871
-
-
34,113,871
매출채권
24,933,267
-
-
24,933,267
기타포괄손익-공정가치금융자산
-
1,098,565
-
1,098,565
당기손익-공정가치금융자산
-
-
7,413
7,413
기타
4,630,073
-
-
4,630,073
계
66,285,168
1,098,565
7,413
67,391,146
(단위 : 백만원)
매입채무
7,315,631
-
7,315,631
단기차입금
-
10,353,873
10,353,873
미지급금
8,255,775
-
8,255,775
유동성장기부채
5,440
-
5,440
사채
43,516
-
43,516
장기미지급금
2,231,836
-
2,231,836
기타
2,355,676
-
2,355,676
계
20,207,874
10,353,873
30,561,747
(*) 기타금융부채는 범주별 금융부채의 적용을 받지 않는 담보부차입금 등을 포함하고 있습니다.
나. 금융상품 범주별 순손익 구분
(1) 당기
(단위 : 백만원)
평가손익(기타포괄손익)
-
73,199
-
73,199
평가/처분손익(당기손익)
-
-
3,130
3,130
이자수익
777,225
-
-
777,225
외환차이(당기손익)
(188,482)
-
-
(188,482)
배당금수익
-
2,414
140
2,554
손상/환입(당기손익)
232,192
-
-
232,192
(단위 : 백만원)
이자비용
(74,701)
(300,151)
(374,852)
외환차이(당기손익)
85,078
95,496
180,574
(*) 기타금융부채는 범주별 금융부채의 적용을 받지 않는 담보부차입금 및 리스부채 등을 포함하고 있습니다.
(2) 전기
(단위 : 백만원)
평가손익(기타포괄손익)
-
(88,340)
-
(88,340)
평가/처분손익(당기손익)
-
-
57,545
57,545
이자수익
736,731
-
-
736,731
외환차이(당기손익)
(222,067)
-
-
(222,067)
배당금수익
-
2,283
-
2,283
손상/환입(당기손익)
56,776
-
-
56,776
(단위 : 백만원)
이자비용
(60,490)
(336,946)
(397,436)
외환차이(당기손익)
(9,073)
81,101
72,028
(*) 기타금융부채는 범주별 금융부채의 적용을 받지 않는 담보부차입금 등을 포함하고 있습니다.
7. 금융자산의 양도:
회사는
당기
및 전기 중 은행과의 매출채권 팩토링 계약을 통해 매출채권을 할인하였습니다. 회사가 매출채권 팩토링 거래에서 제공한 매출채권은 채무자의 채무불이행 시의 소구조건 등으로 대부분의 위험과 보상을 회사가 보유하므로 금융자산의 제거요건을 충족하지 않아 제거되지 않았습니다. 이러한 거래에서 인식한 금융부채는 재무상태표에 '단기차입금'으로 분
류되어 있습니다
(주석
14
참조)
.
보고기간종료일 현재 매출채권의 할인된 내역은 다음과 같습니다.
(단위 : 백만원)
할인된 매출채권의 장부금액
10,228,216
10,353,873
관련차입금의 장부금액
10,228,216
10,353,873
8. 공정가치금융자산:
가.
보고기간종료일 현재
공정가치금융자산
의 구성내역은 다음과 같습니다.
(1) 기타포괄손익-공정가치금융자산
(단위 : 백만원)
지분상품
1,206,080
1,098,565
(2)
당기손익-공정가치금융자산
(단위 : 백만원)
채무상품
채무상품
3,181
7,413
나.
당
기 및 전기 중 공정가치금융자산의
변동내역은 다음과 같습니다. (1) 기타포괄손익-공정가치금융자산
(단위 : 백만원)
기초
1,098,565
963,534
취득
6,701
204,055
처분
(331)
(6,930)
공정가치평가
101,449
(119,800)
기타
(304)
57,706
기말
1,206,080
1,098,565
(2) 당기손익-공정가치금융자산
(단위 : 백만원)
기초
7,413
9,819
취득
-
665
처분
(2,774)
(2,141)
공정가치평가
(1,458)
(930)
기말
3,181
7,413
다. 당기 및 전기 중 기타포괄손익-공정가치금융자산평가손익의 변동내역은 다음과 같습니다.
(단위 : 백만원)
기초잔액
31,393
149,520
공정가치평가
101,449
(119,800)
처분으로 인한 이익잉여금 대체
1,288
1,673
기말잔액
134,130
31,393
자본에 가감되는 법인세효과
(36,886)
(8,633)
계
97,244
22,760
라. 보고기간종료일 현재
공정가치금융자산
중 상장주식의
내역은 다음과 같습니다.
(단위 : 백만원)
삼성중공업
㈜
100,693,398
16.0
735,488
732,041
746,138
㈜
호텔신라
2,004,717
5.1
13,957
182,028
153,361
㈜
아이마켓코리아
647,320
1.8
324
6,732
4,479
㈜
에이테크솔루션
1,592,000
15.9
26,348
11,733
12,418
㈜
원익홀딩스
1,759,171
2.3
15,410
9,605
6,175
㈜
원익아이피에스
1,850,936
3.8
16,214
66,356
37,204
㈜
케이티스카이라이프
240,000
0.5
3,344
2,093
2,760
㈜동진쎄미켐
2,467,894
4.8
48,277
41,337
18,040
솔브레인㈜
835,110
4.8
55,618
70,400
39,709
㈜용평리조트
400,000
0.8
1,869
2,400
2,436
계
916,849
1,124,725
1,022,720
(*) 총발행보통주식수 기준 지분율입니다.
9. 매출채권 및 미수금:
가. 보고기간종료일 현재 매출채권 및 미수금의 내역은 다음과 같습니다.
(단위 : 백만원)
채권액
26,520,599
2,434,262
25,707,615
1,553,362
차감:
손실
충당금
(37,992)
(5,331)
(260,588)
(14,912)
소 계
26,482,607
2,428,931
25,447,027
1,538,450
차감: 장기 채권
(227,169)
(22,136)
(513,760)
(23,371)
유동항목
26,255,438
2,406,795
24,933,267
1,515,079
보
고기간종료일 현재 회사가 은행에 양도한 매출채권은 담보부 차입금으로 회계처리되
었으며,
보고기간종료일 현재
10,228,216
백만원(
전
기
:
10,353,873
백만원
)입니
다
(
주석
14
참조)
.
나. 당기 및 전기 중
손실충당금
의 변동내역은 다음과 같습니다.
(단위 : 백만원)
기초
260,588
14,912
315,020
18,045
대손상각(환입)
(222,589)
(9,578)
(53,579)
(3,128)
제각
-
(3)
-
(1)
기타
(7)
-
(853)
(4)
기말
37,992
5,331
260,588
14,912
다. 보
고
기간종료일 현재
기대신용손실을 측정하기 위해 연체일을 기준으로 구분한 매출
채권 및 미수금 내역은 다음과 같습니다.
(단위 : 백만원)
연체되지 않은 채권
26,096,358
2,360,059
25,424,293
1,395,176
연체된 채권(*):
31일 이하
158,726
28,330
99,277
36,250
31일 초과 90일 이하
117,619
12,179
77,532
27,180
90일 초과
147,896
33,694
106,513
94,756
소 계
424,241
74,203
283,322
158,186
계
26,520,599
2,434,262
25,707,615
1,553,362
(*) 회사는 31일 이하 연체된 매출채권 및 미수금은 신용이 손상된 것으로 간주하지 않습니다.
라. 보고기간종료일 현재 신용위험의 최대 노출금액은 채권의 장부금액입니다. 회사의 주요 채권과 관련하여 보험사와 보험계약을 체결하고 있
습
니
다.
10. 재고자산
:
보고기간종료일 현재 재고자산의 내역은 다음과 같습니다.
(단위 : 백만원)
제품 및 상품
2,621,083
(148,012)
2,473,071
3,045,263
(300,008)
2,745,255
반제품 및 재공품
7,956,962
(275,685)
7,681,277
8,328,324
(403,623)
7,924,701
원재료 및 저장품
2,014,689
(358,132)
1,656,557
1,523,979
(263,632)
1,260,347
미착품
390,807
-
390,807
510,648
-
510,648
계
12,983,541
(781,829)
12,201,712
13,408,214
(967,263)
12,440,951
당기 중 비용으로 인식한 재고자산의 금액은
113,382,792
백만원(전기:
101,501,474백만원)입니다.
동 비용에는 재고자산평가손실 금액이
포함되어 있습니다.
11. 종속기업, 관계기업 및 공동기업 투자:
가. 당기 및 전기 중 종속기업, 관계기업 및 공동기업 투자의 변동내역은 다음과 같습니다.
(단위 : 백만원)
기초장부금액
55,959,745
55,671,759
취득
925,139
520,660
처분
(58,677)
(25,317)
손상
(254,955)
(207,357)
기말장부금액
56,571,252
55,959,745
나. 보고기간종료일 현재 주요 관계기업 투자 현황은 다음과 같습니다
(종속기업 현황은 주석 32 참조).
삼성전기㈜
수동소자, 회로부품, 모듈 등 전자부품의 생산 및 공급
23.7
한국
12월
삼성에스디에스㈜
컴퓨터 프로그래밍, 시스템 통합/관리업 등 IT서비스 및 물류서비스 제공
22.6
한국
12월
삼성바이오로직스㈜
신사업 투자
31.5
한국
12월
삼성SDI㈜(*2)
2차전지 등 전자제품의 생산 및 공급
19.6
한국
12월
㈜제일기획
광고 대행업
25.2
한국
12월
(*1) 총발행보통주식수 기준 지분율입니다. (*2) 유통보통주식수 기준 지분율은
20.6%
입니다.
다. 보고기간종료일 현재 주요 종속기업 및 관계기업 투자의 요약 재무정보는 다음과 같습니다.
(1) 주요 종속기업
1) 당기
(단위 : 백만원)
삼성디스플레이㈜
46,543,974
6,421,516
27,088,475
407,791
Samsung Electronics America, Inc.(SEA)
34,704,039
13,992,397
33,859,423
1,127,719
Harman과 그 종속기업(*2)
15,609,084
5,791,272
10,075,626
104,459
Samsung (CHINA) Investment Co., Ltd.(SCIC)
14,637,222
11,701,871
3,098,948
581,115
Samsung Electronics Vietnam THAINGUYEN Co., Ltd.(SEVT)
13,847,934
2,075,180
32,831,993
2,305,089
Samsung (China) Semiconductor Co., Ltd.(SCS)
12,370,070
2,678,742
5,445,396
537,037
Samsung Electronics Vietnam Co., Ltd.(SEV)
12,367,857
1,418,876
22,350,791
1,757,684
Samsung Electronics Europe Holding Cooperatief U.A.(SEEH)
10,682,847
7,662,042
-
21,915
Samsung Semiconductor, Inc.(SSI)
9,194,190
3,795,273
16,473,214
211,312
Samsung Asia Private Ltd.(SAPL)
9,137,262
579,618
1,572,146
1,265,359
Samsung Display Vietnam Co., Ltd.(SDV)
7,267,124
4,587,477
16,613,123
601,469
Samsung Electronica da Amazonia Ltda.(SEDA)
7,058,719
1,594,907
7,252,673
887,298
Samsung India Electronics Private Ltd.(SIEL)
7,042,872
3,588,241
12,902,906
448,678
Samsung Austin Semiconductor LLC.(SAS)
6,437,865
556,765
3,897,162
571,391
Shanghai Samsung Semiconductor Co., Ltd.(SSS)
5,880,616
4,446,885
26,067,175
265,801
(*1) 상기 요약재무정보는 각 종속기업의 별도재무제표 기준입니다. (*2) Harman International Industries, Inc. 및 그 종속기업이 포함된 중간지배기업의 연결재무정보입니다.
2) 전기
(단위 : 백만원)
삼성디스플레이㈜
47,162,963
7,509,766
28,653,512
1,263,050
Samsung Electronics America, Inc.(SEA)
30,681,097
11,862,223
31,171,751
870,814
Samsung (CHINA) Investment Co., Ltd.(SCIC)
16,090,629
13,858,532
3,277,050
127,448
Harman과 그 종속기업(*2)
15,059,925
5,550,558
8,817,792
41,359
Samsung Electronics Vietnam Co., Ltd.(SEV)
11,501,682
1,607,991
21,430,638
1,783,410
Samsung Electronics Vietnam THAINGUYEN Co., Ltd.(SEVT)
11,360,811
2,209,962
28,340,939
2,047,014
Samsung (China) Semiconductor Co., Ltd.(SCS)
10,254,900
1,920,000
4,517,286
1,489,906
Samsung Semiconductor, Inc.(SSI)
9,306,621
4,288,544
29,592,773
62,872
Samsung Electronics Europe Holding Cooperatief U.A.(SEEH)
8,586,022
6,388,302
-
9,439
Samsung Display Vietnam Co., Ltd.(SDV)
8,222,472
6,195,635
19,860,892
1,003,889
Samsung Asia Private Ltd.(SAPL)
7,630,154
592,916
1,665,436
1,111,559
Samsung Electronics Huizhou Co., Ltd.(SEHZ)
6,539,392
586,349
9,780,357
532,767
Samsung India Electronics Private Ltd.(SIEL)
6,410,825
3,438,807
11,045,500
309,632
Samsung Electronica da Amazonia Ltda.(SEDA)
6,207,458
1,610,607
6,978,086
778,124
Samsung Austin Semiconductor LLC.(SAS)
5,642,117
511,596
3,643,739
434,766
(*1) 상기 요약재무정보는 각 종속기업의 별도재무제표 기준입니다. (*2) Harman International Industries, Inc. 및 그 종속기업이 포함된 중간지배기업의 연결재무정보입니다.
(2)
주요 관계기업
1) 당기
(단위 : 백만원)
구분
요약 재무상태표:
유동자산
3,507,525
6,383,847
1,356,262
5,181,415
1,787,299
비유동자산
5,166,724
2,637,389
4,555,365
14,670,682
504,347
유동부채
1,850,405
1,698,187
690,505
3,741,523
1,115,652
비유동부채
1,393,746
597,891
866,668
3,450,229
219,178
요약 포괄손익계산서:
매출
8,040,818
10,719,632
701,592
10,097,426
3,421,673
계속영업손익(*)
605,725
736,458
202,904
356,549
138,055
세후중단영업손익(*)
(91,428)
-
-
-
-
기타포괄손익(*)
26,270
(17,665)
(3,919)
137,272
2,172
총포괄손익(*)
540,567
718,793
198,985
493,821
140,227
(*) 관계기업별 지배기업의 소유주에 귀속될 손익입니다.
2) 전기
(단위 : 백만원)
구분
요약 재무상태표:
유동자산
3,525,293
5,881,776
1,577,684
5,519,342
1,889,015
비유동자산
5,119,621
2,132,073
4,402,725
13,830,379
378,586
유동부채
2,509,584
1,574,797
710,530
4,012,822
1,251,332
비유동부채
1,188,833
290,501
1,114,410
3,111,680
123,476
요약 포괄손익계산서:
매출
8,193,023
10,034,219
535,806
9,158,272
3,468,786
계속영업손익(*)
656,242
629,340
224,109
701,166
129,625
기타포괄손익(*)
(26,415)
(49,834)
(2,967)
47,261
(11,256)
총포괄손익(*)
629,827
579,506
221,142
748,427
118,369
(*) 관계기업별 지배기업의 소유주에 귀속될 손익입니다.
라. 보고기간종료일 현재 시장성 있는 관계기업 투자주식의 내역은 다음과 같습니다
.
(단위 : 주, 백만원)
삼성전기㈜
17,693,084
2,211,636
445,244
1,831,234
445,244
삼성에스디에스㈜
17,472,110
3,398,325
560,827
3,564,310
560,827
삼성바이오로직스㈜
20,836,832
9,022,348
443,193
8,053,436
443,193
삼성SDI㈜
13,462,673
3,177,191
1,242,605
2,948,325
1,242,605
㈜제일기획
29,038,075
698,366
491,599
653,357
491,599
12. 유형자산
:
가. 당기 및 전기 중 유형자산의 변동내역은 다음과 같습니다. (1) 당기
(단위 : 백만원)
기초장부금액
7,825,177
15,373,415
39,529,786
6,380,213
1,493,902
70,602,493
- 취득원가
7,825,177
22,801,947
122,746,311
6,380,213
2,821,585
162,575,233
- 감가상각누계액 (손상차손누계액 포함)
-
(7,428,532)
(83,216,525)
-
(1,327,683)
(91,972,740)
일반취득 및 자본적지출
40,103
568,514
8,213,462
9,041,876
346,203
18,210,158
사업결합으로 인한 취득
-
15,168
378,440
4,252
1,124
398,984
감가상각
(352)
(1,180,353)
(13,564,862)
-
(455,581)
(15,201,148)
처분/폐기
(61,099)
(20,851)
(220,890)
(98)
(4,491)
(307,429)
손상
-
-
(518)
-
(8,344)
(8,862)
기타
(557)
152,139
156,641
(131,456)
219,312
396,079
기말장부금액
7,803,272
14,908,032
34,492,059
15,294,787
1,592,125
74,090,275
- 취득원가
7,803,624
23,486,138
127,459,572
15,294,787
3,312,418
177,356,539
- 감가상각누계액 (손상차손누계액 포함)
(352)
(8,578,106)
(92,967,513)
-
(1,720,293)
(103,266,264)
(2)
전기
(단위 : 백만원)
기초장부금액
7,832,889
14,447,291
30,616,157
9,139,495
781,129
62,816,961
- 취득원가
7,832,889
20,818,067
105,582,797
9,139,495
1,840,581
145,213,829
- 감가상각누계액 (손상차손누계액 포함)
-
(6,370,776)
(74,966,640)
-
(1,059,452)
(82,396,868)
일반취득 및 자본적지출
7,620
2,040,029
21,367,408
(2,628,326)
1,083,811
21,870,542
감가상각
-
(1,070,122)
(12,404,644)
-
(365,031)
(13,839,797)
처분/폐기
(15,328)
(16,213)
(73,380)
-
(3,393)
(108,314)
기타
(4)
(27,570)
24,245
(130,956)
(2,614)
(136,899)
기말장부금액
7,825,177
15,373,415
39,529,786
6,380,213
1,493,902
70,602,493
- 취득원가
7,825,177
22,801,947
122,746,311
6,380,213
2,821,585
162,575,233
- 감가상각누계액 (손상차손누계액 포함)
-
(7,428,532)
(83,216,525)
-
(1,327,683)
(91,972,740)
나.
당기 중 유
형자산에 포함된 사용권자산의 변동내역은 다음과 같습니다.
(단위 : 백만원)
기초장부금액
-
-
-
-
-
일반취득
3,055
86,919
3,863
11,603
105,440
감가상각
(352)
(64,472)
(50,603)
(15,859)
(131,286)
처분/폐기
-
(2,009)
-
(1,586)
(3,595)
기타(*)
-
156,886
164,262
214,694
535,842
기말장부금액
2,703
177,324
117,522
208,852
506,401
(*) 기타는 회계변경누적효과 등을 포함하고 있습니다.
다. 당기 및 전기 중 계정과목별 유형자산 상각내역은 다음과 같습니다.
(단위 : 백만원)
매출원가
13,830,961
12,617,355
판매비와관리비 등
1,370,187
1,222,442
계
15,201,148
13,839,797
13.
무형자산:
가. 당기 및 전기 중 무형자산의 변동내역은 다음과 같습니다.
(1) 당기
(단위 : 백만원)
기초장부금액
982,357
704,734
189,398
-
1,024,987
2,901,476
내부개발에 의한 취득
-
285,699
-
-
-
285,699
개별 취득
261,071
-
-
-
1,103,793
1,364,864
사업결합으로 인한 취득
130,299
51,872
-
206,741
-
388,912
상각
(190,558)
(279,709)
-
-
(1,914,889)
(2,385,156)
처분/폐기
(51,506)
-
(1,240)
-
(934)
(53,680)
손상
-
-
(972)
-
-
(972)
기타
(*)
11,939
(21,860)
-
-
5,517,431
5,507,510
기말장부금액
1,143,602
740,736
187,186
206,741
5,730,388
8,008,653
(*) 기타는 라이선스 자산의 계정재분류 등을 포함하고 있습니다.
(2) 전기
(단위 : 백만원)
기초장부금액
954,687
830,384
190,548
851,416
2,827,035
내부개발에 의한 취득
-
296,304
-
-
296,304
개별 취득
250,600
-
-
333,128
583,728
상각
(176,123)
(421,954)
-
(257,487)
(855,564)
처분/폐기
(46,807)
-
-
(155)
(46,962)
손상
-
-
(1,029)
-
(1,029)
기타
-
-
(121)
98,085
97,964
기말장부금액
982,357
704,734
189,398
1,024,987
2,901,476
나. 영업권
영업권은 식별된 현금창출단위에 배분하고 있으며, 보고기간종료일 현재 각 보고부문별 영업권 내역은 다음과 같습니다.
(단위 : 백만원)
반도체
206,741
-
회사는 매년 영업권의 손상 여부를 검토하고 있으며, 현금창출단위의 회수가능가액은 사용가치 계산에 근거하여 결정되었습니다. 사용가치의 계산은 경영진이 승인한 향후 5년치 등의 재무예산에 근거하여 세전현금흐름추정치를 사용하였습니다. 동 기간을 초과하는 기간에 대한 영구 현금흐름의 산출은 일정 성장률의 가정(단, 산업평균성장률을 초과하지 않음)이 사용되었습니다.
다. 당기 및 전기 중 계정과목별 무형자산 상각내역은 다음과 같습니다.
(단위 : 백만원)
매출원가
1,963,720
570,006
판매비와관리비 등
421,436
285,558
계
2,385,156
855,564
14. 차입금:
가. 보고기간종료일 현재 차입금의 내역은 다음과 같습니다.
(단위 : 백만원)
(1) 단기차입금
담보부차입금(*1)
우리은행 외
0.0 ~
8.2
10,228,216
10,353,873
(2) 유동성장기차입금
리스부채(*2)
-
2.1
148,296
-
(3) 장기차입금
리스부채(*2)
-
2.1
174,651
-
(*1) 담보부차입금에 대해서는 매출채권이 담보로 제공되어 있습니
다
.
(*2)
리스부채와 관련하여
연이자율은 가중평균 증분차입이자율이며, 당기 중 발생한
이자비용은
6,365
백
만원입니다.
또한
채무불이행이 발생할 경우에 대비하여 리스제공자에게
사용권
자산
에 대한 권리를 담보로 제공하였습니다
.
한편, 당기 중 리스부채 측정치에 포함되지 않은 단기리스료, 소액자산
리스료 등은
69,557백만원입니다.
나. 보고기간종료일 현재 리스부채의 연도별 상환계획은 다음과 같습니다.
(단위 : 백만원)
2020년
154,156
2021년
47,939
2022년
43,265
2023년
35,145
2024년 이후
60,700
계
341,205
15. 사채:
가. 보고기간종료일 현재 사채의 내역은 다음과 같습니다.
(단위 : 백만원)
US$ denominated Straight Bonds(*)
1997.10.02
2027.10.01
7.7
46,312 (US$ 40,000천)
50,315 (US$ 45,000천)
1년이내 만기도래분(유동성사채)
(5,789)
(5,591)
사채할인발행차금
(1,003)
(1,208)
계
39,520
43,516
(*)
10년 거치 20년 분할상환되며 이자는 6개월마다 후급됩니다.
나. 보고기간종료일 현재 사채의 연도별 상환계획은 다음과 같습니다.
(단위 : 백만원)
2020년
5,789
2021년
5,789
2022년
5,789
2023년
5,789
2024년 이후
23,156
계
46,312
16.
순
확정급여자산:
가. 보고기간종료일
현재
순확정급여
자
산
과 관련하여 재무상
태표에 인식한 내역은 다음과 같습니다.
(단위 : 백만원)
기금이 적립된 확정급여채무의 현재가치
8,265,802
6,416,966
기금이 적립되지 않은 확정급여채무의 현재가치
12,106
15,664
소 계
8,277,908
6,432,630
사외적립자산의 공정가치
(8,764,763)
(6,994,986)
순확정급여
(자산
) 계
(486,855)
(562,356)
나. 당기 및 전기 중 손익계산서에 인식한 확정급여제도 관련 비용의 세부 내역은 다음과 같습니다.
(단위 : 백만원)
당기근무원가
648,298
603,904
순이자원가(수익)
(19,706)
(32,960)
계
628,592
570,944
다. 당기 및 전기 중 손익계산서에 인식한 확정급여제도 관련 비용의 계정과목별 금액은 다음과 같습니다.
(단위 : 백만원)
매출원가
249,999
223,342
판매비와관리비 등
378,593
347,602
계
628,592
570,944
라. 당기 및 전기 중 확정급여채무의 변동내역은 다음과 같습니다.
(단위 : 백만원)
기초
6,432,630
5,622,587
당기근무원가
648,298
603,904
이자원가
205,474
212,261
재측정:
- 인구통계적가정의 변동으로 인한 보험수리적손익
-
-
- 재무적가정의 변동으로 인한 보험수리적손익
904,975
73,363
- 기타사항에 의한 효과
280,294
196,647
급여지급액
(224,901)
(277,921)
기타
31,138
1,789
기말
8,277,908
6,432,630
마. 당기 및 전기 중 사외적립자산 공정가치의 변동내역은 다음과 같습니다.
(단위 : 백만원)
기초
6,994,986
6,433,797
사외적립자산의 이자수익
225,179
245,221
사외적립자산의 재측정요소
(90,811)
(129,963)
사용자의 기여금
1,819,400
643,800
급여지급액
(211,971)
(198,790)
기타
27,980
921
기말
8,764,763
6,994,986
확정급여제도와 관련하여
2020년도
에 납입할 것으로 예상되는 사용자 기여금의 합리적인 추
정
치는
841,987
백
만원
입니다.
바. 보고기간종료일 현재 사외적립자산은 원금보장형 고정수익 상품에 투자되어 있습니다.
사. 보고기간종료일 현재 사용한 주요 보험수리적 가정은 다음과 같습니다.
(단위 : %)
할인율
3.0
3.3
미래임금상승률 (인플레이션 효과 포함)
3.8
2.9
아. 보고기간종료일 현재 주요 가정의 변동에 따른 확정급여채무의 민감도 분석은 다음과 같습니다.
(단위 : %)
할인율:
1%p 증가
92
92
1%p 감소
109
109
임금상승률:
1%p 증가
109
109
1%p 감소
92
92
자. 보고기간종료일 현재 확정급여채무의 가중평균만기는
8.66
년
입니다.
17
. 충당부채:
당기 중 충당부채 변동내역은 다음과 같습니다.
(단위 : 백만원)
기타
(라),(마)
기초
190,995
1,134,379
580,816
601,341
2,507,531
순전입액(환입액)
314,757
403,243
198,935
471,973
1,388,908
사용액
(260,386)
(529,013)
(214,525)
(544,396)
(1,548,320)
기타
-
6,671
1,790
(31,033)
(22,572)
기말
245,366
1,015,280
567,016
497,885
2,325,547
가. 회사는 출고한 제품에 대한 품질보증,
교환
, 하자보수 및 그에 따른 사후서비스 등으로 인하여 향후 부담할 것으로 예상되는 비용을 보증기간 및 과거 경험률 등을 기초로 추정하여 충당부채로 설정하고 있습니다.
나. 회사는 협상 진행중인 기술사용계약과 관련하여 향후 지급이 예상되는 기술사용료를 추정하여 충당부채로 계상하고 있습니다. 지급시기 및 금액은 협상결과에 따라 변동될 수 있습니다.
다. 회사는 임원을 대상으로 부여연도를 포함한 향후 3년간의 경영실적에 따라 성과급을 지급하는 장기성과 인센티브를 부여하였는 바, 향후 지급이 예상되는 금액의 경
과기간 해당분을 충당부채로 계상하고 있습니다.
라. 회사는 생산 및 판매 중단한 제품에 대하여 향후 부담할 것으로 예상되는 비용 등을 추정하여 충당부채로 계상하고 있습니다.
마.
회사는 온실가스 배출과 관련하여 해당 이행연도분 배출권의 장부금액과 이를 초과하는 배출량에 대해 향후 부담할 것으로 예상되는 비용을 추정하여 충당부채로 계상하고 있습니다.
(1) 당기말 현재 무상할당 배출권 및 온실가스 배출량 추정치는 다음과 같습니다.
(단위 : 만톤)
무상할당 배출권
781
배출량 추정치
1,121
(2) 당기 중 배출권 변동 내역은 다음과 같습니다.
(단위 : 백만원)
기초
31,647
증가
7,140
기말
38,787
(3) 당기 중 배출부채 변동 내역은 다음과 같습니다.
(단위 : 백만원)
기초
99,832
순전입(환입)액
(81,784)
사용액
-
기말
18,048
18. 우발부채와 약정사항:
가. 지급보증한 내역 (1) 보고기간종료일 현재 회사가 제공한 채무보증내역은 다음과 같습니다.
(단위 : 백만원, 백만US$)
임대주택 관련 채무보증
-
5,235
해외종속기업에 대한 채무보증 (한도 기준)
US$ 8,246 (원화환산액: \
9,547,602
)
US$ 8,281 (원화환산액: \
9,259,529
)
해외종속기업에 대한 채무보증 (실차입금 기준)
US$ 262 (원화환산액: \
303,703
)
US$ 217 (원화환산액: \
240,989
)
보고기간종료일 현재 회사가 해외종속기업의 자금조달 등을 위하여 제공하고 있는 지급보증 내역은 다음과 같으며, 특수관계자로부터 제공받고 있는 담보 및 지급보증은 없습니다.
(단위 : 백만원)
Samsung Electronics Peru S.A.C.(SEPR)
BBVA 외
2020.12.16
104,881
266,294
Samsung Electronica Colombia S.A.(SAMCOL)
Citibank 외
2020.12.16
103,875
208,404
Samsung Electronics Turkey(SETK)
BNP 외
2020.12.16
74,969
911,189
Samsung Electronics Chile Limitada(SECH)
Santander 외
2020.12.16
19,978
164,408
기타
-
7,997,307
합계
303,703
9,547,602
(2) 보고기간종료일 현재 회사가 해외종속기업의 계약이행을 위하여 제공하고 있는 지급보증 한도액은
324,380
백만원입니다.
나. 소송 등
보고기간종료일 현재 다수의 회사 등과 정상적인 영업과정에서 발생한 소송, 분쟁 및규제기관의 조사 등이 진행 중에 있습니다. 이에 따른 자원의 유출금액 및 시기는 불확실하며 회사의 경영진은 이러한 소송 등의 결과가 회사의 재무상태에 중요한 영향을 미치지 않을 것으로 판단하고 있습니다.
다. 분할과 관련된 연대채무
회사와 삼성디스플레이㈜ 등은 분할된 삼성디스플레이㈜ 등의 분할 전 채무에 관하여 연대하여 변제할 책임이 있습니다.
라
. 기타 약정사항
(1) 보고기간종료일 현재 회사는 우리은행 외 5개 은행과 무역금융, 상업어음할인 및 외상매출채권담보대출 등의 약정을 맺고 있으며 동 약정에 대한 통합한도액은 10,667,959백만원입니다. 이외에도 회사는 신한은행 외 17개 은행과 한도액 US$ 8,650백만의 무역금융 약정을 체결하고 있으며 구매대금의 지급과 관련하여 기업은행 외 2개 은행 등과 한도액 344,893백만원의 외상매출채권담보대출 약정 등을 맺고 있습니다.
(2) 보고기간종료일 현재 발생하지 아니한 유형자산의 취득을 위한 약정액은 2,730,059백만원입니다. (3)
보고기간종료일 현재 회사
(리스제공자)
는 부동산 임대 관련 해지불능운용리스 계약을 체결하고
있으며, 동 계약에 따른 미래 최소리스료는
1년 이하 60,518백만원, 1년 초과 5년 이하 40,355백만원, 5년 초과 4,530백만원, 총 105,403백만원이며, 동
운용리스계약과 관련하여 당기 중 인식한 리스료 수익은 162,392백
만원입니다.
19. 계약부채:
회사가 고객과의 계약에서 생기는 수익과 관련하여 인식하고 있는 계약부채는 아래와 같습니다.
(단위 : 백만원)
계약부채(*)
998,532
701,851
(*) 계약부채는 선수금, 미지급비용, 기타유동부채 등에 포함되어 있습니다.
회사가 당기초 계약부채 잔액 중 당기에 수익으로 인식한 금액은
186,229
백
만원입니다.
20. 자본금:
보고기간종료일 현재 회사의 정관에 의한 발행할 주식의 총수는 25,000,000,000주 (1주의 금액: 100원)이며, 회사가 발행한 보통주식 및 우선주식의 수(소각 주식수 제외)는 각 5,969,782,550주와 822,886,700주입니다. 이익소각으로 인하여 발행주식 액면 총액은 679,267백만원(보통주 596,978백만원 및 우선주 82,289백만원)으로 납입자본금(897,514백만원)과 상이합니다.
(단위 : 주)
전기초
119,688,369
16,530,409
자기주식 취득
(292,718)
(72,675)
주식분할(*)
5,850,386,899
806,428,966
전기말
5,969,782,550
822,886,700
당기말
5,969,782,550
822,886,700
(*) 전기 중 주식분할로 인해 주식수가 변경되었습니다.
21. 이익잉여금:
가. 보고기간종료일 현재 이익잉여금의 내역은 다음과 같습니다.
(단위 : 백만원)
1. 법정적립금
이익준비금(*1)
450,789
450,789
2. 임의적립금
재무구조개선적립금
204,815
204,815
기업합리화적립금(*2)
37,699,966
32,699,966
해외시장개척준비금
510,750
510,750
해외투자손실준비금
164,982
164,982
연구및인력개발준비금
88,936,458
78,936,458
수출손실준비금
167,749
167,749
자사주처분손실준비금
3,100,000
3,100,000
시설적립금
32,914,565
31,763,655
소계
163,699,285
147,548,375
3. 미처분이익잉여금
8,138,252
18,556,368
계
172,288,326
166,555,532
(*1) 회사는 상법상의 규정에 따라 납입자본의 50%에 달할 때까지 매 결산기마다 금전에 의한 이익배당액의 10% 이상을 이익준비금으로 적립하도록 되어 있으나, 보고기간종료일 현재 회사의 이익준비금이 납입자본의 50%에 달하였으므로 추가 적립할 의무는 없습니다. (*2) 회사는 2001년까지 조세특례제한법에 의거 세액공제에 상응하는 법인세 상당액을 기업 합리화적립금으로 적립하였으나, 2002년부터는 개정된 조세특례제한법에 따라 동 적립금 의 적립의무 및 사용제한이 없습니다.
나. 당기 및 전기의 회사의 이익잉여금처분계산서는 다음과 같습니다.
당기의 이익잉여금처분계산서는 주주총회에서 확정될 예정입니
다
(전기 처분확정일:
2019년
3월 20일
).
(단위 : 백만원)
Ⅰ. 미처분이익잉여금
8,138,252
18,556,368
1. 전기이월이익잉여금
30
30
2.
회계정책변경누적효과 등
(1,286)
58,324
3. 분기배당금
당기 - 주당배당금(률):
1,062원(1062%)
전기 -
주당배당금(률): 1,062원(1062%)
(7,213,815)
(7,213,815)
4. 자기주식 소각
-
(7,103,298)
5. 당기순이익
15,353,323
32,815,127
Ⅱ. 임의적립금 등의 이입액
-
-
Ⅲ. 이익잉여금처분액
8,138,222
18,556,338
1. 기업합리화적립금
2,500,000
5,000,000
2. 배당금 주당배당금(률)
당기 - 보통주:
354원(354%)
우선주:
355원(355%)
전기 -
보통주:
354원(354%)
우선주:
355원(355%)
2,405,428
2,405,428
3. 연구및인력개발준비금
3,000,000
10,000,000
4. 시설적립금
232,794
1,150,910
Ⅳ. 차기이월미처분이익잉여금
30
30
다.
당기 및 전기 중 배당금 산정내역은 다음과 같습니다.
(1) 분기배당
(배당기준일
:
2019년과 2018년 3월 31일, 6월 30일, 9월 30일
)
(단위 : 백만원)
1분기
배당받을 주식(*)
보통주
5,969,782,550주
119,395,651주
우선주
822,886,700주
16,457,734주
배당률(액면가 기준)
354%
354%
배당금액
보통주
2,113,303
2,113,303
우선주
291,302
291,302
계
2,404,605
2,404,605
2분기
배당받을 주식
보통주
5,969,782,550주
5,969,782,550주
우선주
822,886,700주
822,886,700주
배당률(액면가 기준)
354%
354%
배당금액
보통주
2,113,303
2,113,303
우선주
291,302
291,302
계
2,404,605
2,404,605
3분기
배당받을 주식
보통주
5,969,782,550주
5,969,782,550주
우선주
822,886,700주
822,886,700주
배당률(액면가 기준)
354%
354%
배당금액
보통주
2,113,303
2,113,303
우선주
291,302
291,302
계
2,404,605
2,404,605
(*) 전기 중 주식분할로 인해 주식수가 변경되었습니다.
(2) 기말배당 (배당기준일
:
2019년과 2018년 12월 31일
)
(단위 : 백만원)
배당받을 주식
보통주
5,969,782,550주
5,969,782,550주
우선주
822,886,700주
822,886,700주
배당률(액면가 기준)
보통주
354%
354%
우선주
355%
355%
배당금액
보통주
2,113,303
2,113,303
우선주
292,125
292,125
계
2,405,428
2,405,428
22. 기타자본항목:
보고기간종료일 현재 기타자본항목의 내역은 다음과 같습니다.
(단위 : 백만원)
기타포괄손익-공정가치금융자산평가손익
97,244
22,759
순확정급여자산 재측정요소
(1,577,138)
(651,981)
기타
1,760,408
1,760,408
계
280,514
1,131,186
23. 비용의 성격별 분류:
당기 및 전기 중 비용의 성격별 분류 내역은 다음과 같습니다.
(단위 : 백만원)
제품 및 재공품 등의 변동
515,608
(4,578,762)
원재료 등의 사용액 및 상품 매입액 등
77,835,300
72,785,510
급여
10,294,765
11,190,102
퇴직급여
649,786
583,953
감가상각비
15,201,148
13,839,797
무형자산상각비
2,385,156
855,564
복리후생비
2,059,765
1,804,652
유틸리티비
2,340,940
2,217,641
외주용역비
2,848,918
2,691,621
광고선전비
1,424,771
750,368
판매촉진비
923,894
1,318,453
기타비용
24,177,741
23,223,520
계(*)
140,657,792
126,682,419
(*) 손익계산서 상 매출원가와 판매비와관리비를 합한 금액입니다.
24. 판매비와관리비:
당기 및 전기 중 판매비와관리비 내역은 다음과 같습니다.
(단위 : 백만원)
(1) 판매비와관리비
급여
1,719,897
1,862,339
퇴직급여
117,755
112,110
지급수수료
2,235,610
2,452,677
감가상각비
439,692
372,823
무형자산상각비
176,805
137,394
광고선전비
1,424,771
750,368
판매촉진비
923,894
1,318,453
운반비
686,473
510,314
서비스비
872,054
485,295
기타판매비와관리비
1,743,692
1,819,773
소계
10,340,643
9,821,546
(2) 경상연구개발비
연구개발 총지출액
16,984,404
15,490,671
개발비 자산화
(285,699)
(296,304)
소계
16,698,705
15,194,367
계
27,039,348
25,015,913
25. 기타수익
및 기타비용:
당기 및 전기 중 기타수익 및 기타비용의 내역은 다음과 같습니다.
(단위 : 백만원)
(1) 기타수익
배당금수익
4,454,698
335,069
임대료수익
169,875
164,742
투자자산처분이익
9,308
6,259
유형자산처분이익
331,376
265,289
기타
258,045
200,786
계
5,223,302
972,145
(2) 기타비용
유형자산처분손실
25,450
33,070
기부금
287,830
250,033
기타
365,285
221,459
계
678,565
504,562
26. 금융수익 및 금융비용:
당기 및 전기 중 금융수익과 금융비용의 내역은 다음과 같습니다.
(단위 : 백만원)
(1) 금융수익
이자수익
777,225
736,731
- 상각후원가 측정 금융자산
777,225
736,731
외환차이
3,504,309
2,936,453
파생상품관련이익
-
64,310
계
4,281,534
3,737,494
(2) 금융비용
이자비용
374,852
397,436
- 상각후원가 측정 금융부채
74,701
60,490
- 기타금융부채
300,151
336,946
외환차이
3,534,017
3,101,632
파생상품관련손실
-
6,605
계
3,908,869
3,505,673
회사는 외화 거래 및 환산으로 발생한 외환차이를 금융수익 및 금융비용으로 인식하고 있습니다.
27. 법인세비용:
가. 당기 및 전기 중 법인세비용의 주요 구성내역은 다음과 같습니다.
(단위 : 백만원)
1. 당기법인세
기간손익에 대한 당기법인세
3,530,390
11,618,350
당기에 인식한 조정사항
(281,193)
(108,805)
소 계
3,249,197
11,509,545
2. 이연법인세
세액공제의 이월로 인한 이연법인세변동액
(170,267)
(44,968)
일시적차이로 인한 이연법인세변동액
600,216
119,151
소 계
429,949
74,183
3. 자본에 직접 부가되는 법인세부담액
-
-
법인세비용 계
3,679,146
11,583,728
나. 회사의 법인세비용차감전순이익에 대한 법인세비용과 적용세율을 사용하여 이론적으로 계산된 금액과의 차이는 다음과 같습니다.
(단위 : 백만원)
법인세비용차감전순이익
19,032,469
44,398,855
적용세율에 따른 법인세비용(*)
5,233,928
12,209,685
조정사항:
세무상 과세되지 않는 수익
(9,834)
(16,155)
세무상 차감되지 않는 비용
462,997
24,349
세액공제
(2,051,265)
(653,462)
기타
43,320
19,311
법인세비용
3,679,146
11,583,728
(*) 보고기간종료일 현재 제정된 세법에서 규정한 법정세율을 적용하여 산정하였습니다.
다. 당기 및 전기 중 누적일시적차이 및 이연법인세자산(부채)의 증감내역은 다음과 같습니다.
(1) 당기
(단위 : 백만원)
일시적차이로 인한 이연법인세
토지재평가
(3,422,280)
4,476
(3,417,804)
(941,127)
1,231
(939,896)
종속기업, 관계기업 및 공동기업 투자
(*1)
(3,994,444)
-
(3,994,444)
(773,181)
(135,837)
(909,018)
감가상각누계액 등
203,845
(95,398)
108,447
56,057
(26,234)
29,823
미수수익
(233,775)
78,762
(155,013)
(64,288)
21,660
(42,628)
충당부채 및 미지급비용 등
6,943,148
301,400
7,244,548
1,909,366
82,885
1,992,251
외화평가조정
(100,849)
(23,604)
(124,453)
(27,734)
(6,490)
(34,224)
자산손상
1,346,297
264,790
1,611,087
370,232
72,817
443,049
퇴직급여
(1,483,954)
(1,218,784)
(2,702,738)
(408,087)
(335,166)
(743,253)
분할 시 투자주식 평가증(*2)
10,586,822
-
10,586,822
-
-
-
기타
1,153,228
(686,452)
466,776
216,946
(275,082)
(58,136)
소 계
10,998,038
(1,374,810)
9,623,228
338,184
(600,216)
(262,032)
세액공제로 인한 이연법인세
세액공제이월액
77,602
170,268
247,870
77,602
170,267
247,869
자본에 직접 가감하는 이연법인세
기타포괄손익-공정가치금융자산평가손익 등
(31,393)
(102,738)
(134,131)
(8,633)
(28,253)
(36,886)
순확정급여자산 재측정요소
899,284
1,276,079
2,175,363
247,303
350,922
598,225
소 계
867,891
1,173,341
2,041,232
238,670
322,669
561,339
이연법인세자산(부채) 계
547,176
(*1) 종속기업, 관계기업 및 공동기업 투자와 관련된 차감할 일시적차이 중 예측가능한 미래에 소멸할 가능성이 높지 않을 경우
이연법인세자산을
인식하지 아니하였습니다.
(*2) 과거 LCD 사업부문 분할로 인하여 교부 받은 삼성디스플레이㈜ 투자주식에 대한 세무상 장부가액과 회계상 장부가액의 차이입니다. 보고기간종료일 현재 회사는 향후 삼성디스플레이㈜ 주식을 처분하지 않을 예정이므로, 동 투자주식의 차감할 일시적차이가 예측가능한 미래에 소멸할 가능성이 높지 않을 것으로 보아 이연법인세자산을 인식하지 아니하였습니다.
(2) 전기
(단위 : 백만원)
일시적차이로 인한 이연법인세
조세특례제한법상준비금
(368)
368
-
(101)
101
-
토지재평가
(3,425,233)
2,953
(3,422,280)
(941,939)
812
(941,127)
종속기업, 관계기업 및 공동기업 투자
(*1)
(4,028,791)
34,347
(3,994,444)
(782,627)
9,446
(773,181)
감가상각누계액 등
212,461
(8,616)
203,845
58,427
(2,370)
56,057
미수수익
(128,001)
(105,774)
(233,775)
(35,200)
(29,088)
(64,288)
충당부채 및 미지급비용 등
7,387,397
(444,249)
6,943,148
2,031,524
(122,158)
1,909,366
외화평가조정
(192,169)
91,320
(100,849)
(52,846)
25,112
(27,734)
자산손상
1,305,376
40,921
1,346,297
358,978
11,254
370,232
퇴직급여
(1,410,177)
(73,777)
(1,483,954)
(387,799)
(20,288)
(408,087)
분할 시 투자주식 평가증(*2)
10,586,822
-
10,586,822
-
-
-
기타
466,524
686,704
1,153,228
208,918
8,028
216,946
소 계
10,773,841
224,197
10,998,038
457,335
(119,151)
338,184
세액공제로 인한 이연법인세
세액공제이월액
32,634
44,968
77,602
32,634
44,968
77,602
자본에 직접 가감하는 이연법인세
기타포괄손익-공정가치금융자산평가손익 등
(149,520)
118,127
(31,393)
(41,118)
32,485
(8,633)
순확정급여자산 재측정요소
499,310
399,974
899,284
137,310
109,993
247,303
소 계
349,790
518,101
867,891
96,192
142,478
238,670
이연법인세자산(부채) 계
654,456
(*1)
종속기업, 관계기업 및 공동기업 투자와 관련된 차감할 일시적차이 중 예측가능한 미래에 소멸할 가능성이 높지 않을 경우
이연법인세자산을
인식하지 아니하였습니다.
(*2) 과거 LCD 사업부문 분할로 인하여 교부 받은 삼성디스플레이㈜ 투자주식에 대한 세무상 장부가액과 회계상 장부가액의 차이입니다. 보고기간종료일 현재 회사는 향후 삼성디스플레이㈜ 주식을 처분하지 않을 예정이므로, 동 투자주식의 차감할 일시적차이가 예측가능한 미래에 소멸할 가능성이 높지 않을 것으로 보아 이연법인세자산을 인식하지 아니하였습니다.
라. 보고기간종료일 현재 이연법인세자산(부채)의 장단기 구분은 다음과 같습니다.
(단위 : 백만원)
12개월 이내에 결제될 이연법인세자산(부채)
1,624,523
1,238,391
12개월 이후에 결제될 이연법인세자산(부채)
(1,077,347)
(583,935)
계
547,176
654,456
28. 주당이익:
가. 기본주당순이익 당기 및 전기 중 기본주당이익 산정내역은 다음과 같습니다. (1) 보통주
(단위 : 백만원, 천주)
당기순이익
15,353,323
32,815,127
당기순이익 중 보통주 해당분
13,492,647
28,839,069
÷ 가중평균유통보통주식수
5,969,783
5,970,448
기본 보통주 주당이익(단위: 원)
2,260
4,830
(2) 우선주
(단위 : 백만원, 천주)
당기순이익
15,353,323
32,815,127
당기순이익 중 우선주 해당분
1,860,676
3,976,058
÷ 가중평균유통우선주식수
822,887
823,042
기본 우선주 주당이익(단위: 원)
2,261
4,831
나. 희석주당순이익
회사가 보유하고 있는 희석성 잠재적보통주는 없으며, 당기 및 전기의 기본주당이익과 희석주당이익은 동일합니다.
29. 현금흐름표:
가. 당기 및 전기 중 영업활동현금흐름의 조정내역 및 영업활동으로 인한 자산부채의 변동은 다음과 같습니다. (1) 조정내역
(단위 : 백만원)
법인세비용
3,679,146
11,583,728
금융수익
(1,032,054)
(933,801)
금융비용
776,482
769,761
퇴직급여
649,786
583,953
감가상각비
15,201,148
13,839,797
무형자산상각비
2,385,156
855,564
대손상각비(환입)
(222,589)
(53,579)
배당금수익
(4,454,698)
(335,069)
유형자산처분이익
(331,376)
(265,289)
유형자산처분손실
25,450
33,070
재고자산평가손실 등
(6,367)
739,469
투자자산처분이익
(9,308)
(6,259)
기타
250,446
283,804
계
16,911,222
27,095,149
(2) 영업활동으로 인한 자산부채의 변동
(단위 : 백만원)
매출채권의 감소(증가)
135,029
4,368,004
미수금의 감소(증가)
(890,448)
246,398
선급금의 감소(증가)
27,844
99,297
장단기선급비용의 감소(증가)
(97,988)
(1,026,533)
재고자산의 감소(증가)
330,937
(5,427,821)
매입채무의 증가(감소)
316,922
960,315
장단기미지급금의 증가(감소)
106,124
(1,071,814)
선수금의 증가(감소)
141,087
608
예수금의 증가(감소)
(189,252)
71,870
미지급비용의 증가(감소)
(806,961)
(415,762)
장단기
충당부채의 증가(감소)
(159,412)
(543,568)
퇴직금의 지급
(246,095)
(290,930)
사외적립자산의 감소(증가)
(1,607,429)
(445,010)
기타
(980,197)
(2,839,019)
계
(3,919,839)
(6,313,965)
나. 회사의 현금흐름표는 간접법에 의해 작성되었으며, 당기 및 전기 중 현금의 유입과 유출이 없는 주요 거래는 다음과 같습니다.
(단위 : 백만원)
기타포괄손익-공정가치금융자산평가
101,449
(119,800)
유형자산의 본계정 대체
8,968,190
29,257,052
리스계약의 신규 체결
105,440
-
장기차입금의 유동성 대체
112,365
-
사채의 유동성 대체
5,789
5,591
다. 회사는 거래가 빈번하며 총금액이 크고 단기간에 만기가 도래하는 단기금융상품 및 단기차입금 등으로 인한 현금의 유입과 유출 항목을 순증감액으로 기재하였습니다.
라. 당기 중 리스부채와 관련하여 발생한 원금 상환에 따른 현금유출액(재무활동)은 122,435백만원, 이자비용 현금유출액(영업활동)은 6,365백만원입니다.
마.
당기 및 전기 중 재무활동현금흐름에서 생기는 부채의 조정내역은 다음과 같습니다. (1) 당기
(단위 : 백만원)
단기차입금
10,353,873
(41,078)
-
-
(84,579)
10,228,216
사채
및 장기차입금
48,956
(128,431)
252
105,440
341,896
368,113
계
10,402,829
(169,509)
252
105,440
257,317
10,596,329
(*) 환율변동에 의한 증감액 및 회계변경누적효과 등을 포함하고 있습니다.
(2) 전기
(단위 : 백만원)
단기차입금
12,229,701
(1,796,186)
-
(79,642)
10,353,873
사채
52,009
(5,357)
259
2,045
48,956
계
12,281,710
(1,801,543)
259
(77,597)
10,402,829
(*) 환율변동에 의한 증감액 등을 포함하고 있습니다.
30. 재무위험관리:
회사의 재무위험관리는 영업활동에서 파생되는 시장위험, 신용위험 및 유동성위험을최소화하는데 중점을 두고 있습니다. 회사는 이를 위하여 각각의 위험요인에 대해 면밀하게 모니터링하고 대응하는 재무위험관리정책과 프로그램을 운용하고 있습니다. 특정 위험을 회피하기 위한 파생상품의 이용도 이 프로그램에 포함되어 있습니다. 재무위험관리는 재경팀이 주관하고 있으며, 글로벌 재무위험 관리정책을 수립한 후 주기적으로 재무위험 측정, 헷지 및 평가 등을 실행하고 있습니다. 해외 주요 권역 별로 지역 금융센터(미국, 영국, 싱가포르, 중국, 브라질, 러시아)를 운영하여 글로벌 재무위험을 관리하고 있습니다. 회사의 재무위험관리의 주요 대상인 자산은 현금및현금성자산, 단기금융상품, 상각후원가금융자산, 매출채권 등으로 구성되어 있으며, 부채는 매입채무, 차입금 등으로구성되어 있습니다.
가. 시장위험
(1) 환율변동위험
회사는
글로벌 영업 활동을 수행함에 따라
기능통화와 다른 통화로 거래를 하고 있어환율변동위험에 노출되어 있습니다. 환율변동위험에 노출되는 환포지션의 주요 통화로는 USD, EUR, JPY, INR 등이 있습니다.
회사는 환율변동과는 무관하게 통화별 자산과 부채규모를 일치하는 수준으로 유지하여 환율변동 영향을 최소화하는데 주력하고 있습니다. 이를 위해 수출입 등의 경상거래 및 예금, 차입 등의 자금거래 발생시 현지통화로 거래하거나 입금 및 지출 통화를 일치시킴으로써 환포지션 발생을 최대한 억제하고 있습니다.
회사는 효율적인 환율변동위험 관리를 위해 환위험을 주기적으로 모니터링 및 평가하고 있으며, 헷지 목적 이외의 외환거래는 금지하고 있습니다.
보고기간종료일 현재
기능통화와 다른 주요 외화로 표시된 금융자산 및 금융부채에 대하여 환
율이
5% 변동할
경우 당기손익(
법인세효과 반영
전)에
미치는
영향은
다음과
같습니다.
(단위 : 백만원)
USD
72,735
(72,735)
59,453
(59,453)
EUR
(19,487)
19,487
(82,316)
82,316
JPY
(6,274)
6,274
(8,024)
8,024
INR
64,155
(64,155)
92,121
(92,121)
(2) 주가변동위험
회사는 전략적 목적 등으로
기타포괄손익-공정가치금융자산
으로 분류된
지분상품
에 투자하고 있습니다. 이를 위하여 직ㆍ간접적 투자수단을 이용하고 있습니다.
보고기간종료일
현재
지분
상품
(상장주식)의 주가가 1% 변동할 경우 기타포괄손익
(법인세효과 반영 전)
에 미치는 영향은
11
,247
백만
원
(전
기
: 10,227
백만원)입
니다.
(3) 이자율변동위험
변동금리부 금융상품의 이자율변동위험은
시
장
금리 변동으로 인한 재무상태표 항목의 가치변동(공정가치) 위험과 투자 및 재무활동으로부터 발생하는 이자수익, 비용의현금흐름이 변동될 위험으로 정의할 수 있습니다. 이러한 회사의 이자율변동위험은 주로 예금 및 변동금리부 차입금에서 비롯되며, 회사는 이자율 변동으로 인한 불확실성과 금융비용의 최소화를 위한 정책을 수립 및 운용하고 있습니다.
회사는 지역 및 글로벌 자금 공유 체제를 구축하여 외부차입을 최소화함으로써 이자율변동위험의 발생을 제한하고 있으며, 주기적인 금리동향 모니터링 및 대응방안 수립을 통해 이자율변동위험을 관리하고 있습니다.
나. 신용위험
신용위험은 통상적인 거래 및 투자활동에서 발생하며 고객 또는 거래상대방이 계약조건상 의무사항을 지키지 못하였을 때 발생합니다. 이러한 신용위험을 관리하기 위하
여 고객과 거래상대방의 재무상태와 과거 경험 및 기타 요소들을 고려하여 주기적으로 재무신용도를 평가하고 있으며, 고객과 거래상대방 각각에 대한 신용한도를 설정ㆍ관리하고 있습니다.
그리고 위험국가에 소재한 거래선의 매출채권은 보험한도내에서 적절하게 위험 관리되고 있습니다.
신용위험은 금융기관과의 거래에서도 발생할 수 있으며 해당거래는 현금및현금성자산, 각종 예금 그리고 파생금융상품 등의 금융상품 거래를 포함합니다. 이러한 위험을 줄이기 위해, 회사는 국제 신용등급이 높은 은행들(S&P A등급 이상)에 대해서만 거래를 하는 것을 원칙으로 하고 있으며, 기존에 거래가 없는 금융기관과의 신규 거래는 재경팀의 승인, 관리, 감독 하에 이루어지고 있습니다. 회사가 체결하는 금융계약은 부채비율 제한 조항, 담보제공, 차입금 회수 등의 제약조건이 없는 계약을 위주로 체결하고 있으며, 기타의 경우 별도의 승인을 받아 거래하도록 되어 있습니다.
당기말 및 전기말 현재 금융자산 장부금액은 손상차손 차감 후 금액으로 회사의 신용위험 최대노출액을 나타내고 있습니다.
다. 유동성 위험
대규모 투자가 많은 회사 사업 특성상 적정 유동성의 유지가 매우 중요합니다. 회사는 주기적인 자금수지 예측, 필요 현금수준
산정
및 수입, 지출 관리 등을 통하여 적정 유동성을 유지, 관리하고 있습니다.
회사는
주기적으로 미래 현금 흐름을 예측하여 유동성위험을 사전 관리하고 있습니다.
권역 별로
Cash Pooling 등 글로벌 금융통합체제를
구축
ㆍ
활용
하여
유동성 지원을 시행하고 있으며,
이
상징후 발견
시 지역 금융센터
와 공조하여
추가적인 금융지원으로 대응하는 유동성 관리 프로세스를 갖추고 있습니다. Cash Pooling은 자금부족 회사와 자금잉여 회사간 자금을 공유하는 체제로 개별회사의 유동성위험을 최소화하는 한편 자금운용부담 경감 및 금융비용 절감 등의 효과가 있어 회사의 사업 경쟁력 강화에 기여하고 있습니다.
또한 유동성위험에 대비하여 회사는 무역금융 등의 한도를 확보하고 있으며 종속기업도 회사의 지급보증 등을 통하여 필요한 차입한도를 확보하고 있습니다. 대규모 시설투자의 경우에는 내부유보 자금의 활용이나 장기차입을 통하여 조달기간을 매치시켜 유동성위험을 최소화하고 있습니다.
보고기간종료일 현재 금융부채에 대하여 보고기간종료일로부터 계약만기일까지의 잔여만기에 따라 만기별로 구분된 유동성은 다음과 같습니다.
(1) 당기말
(단위 : 백만원)
금융부채
28,627,758
192,584
619,092
1,441,604
167,293
(2) 전기말
(단위 : 백만원)
금융부채
27,414,449
486,972
473,300
2,264,583
158,888
위의 분석에 포함된 금융부채는 보고기간종료일로부터 계약 만기일까지의 잔여기간에 따라 만기별로 구분되었습니다. 계약 만기일까지의 잔여기간에 따른 만기별 구분에 포함된 현금흐름은 현재가치 할인을 하지 않은 금액입니다.
당기말 현재 상기 금융부채 외 종속기업 지급보증 및 이행보증 등으로 노출된 유동성위험의 최대금액은
9,871,982
백만
원
(전기:
9,281,724
백만
원
)입
니다.
라. 자본위험관리
회사의 자본관리목적은 건전한 자본구조를 유지하는 데 있습니다. 자본관리지표로 부채비율을 이용하고 있으며 이 비율은 총부채를 총자본으로 나누어 산출하며 총부채 및 총자본은 재무제표 상 금액을 기준으로 계산합니다.
회사의 자본위험관리 정책은 전기와 동일하며 당기말 현재
S&P로부터
AA-, Moody's로부터 Aa3 평가등급
을 받
고
있습니다.
보고기간종료일 현재 부채비율은 다음과 같습니다.
(단위 : 백만원)
부 채
38,310,673
46,033,232
자 본
177,870,247
172,988,125
부채비율
21.5%
26.6%
마. 공정가치 측정 (1) 보고기간종료일 현재 금융상품의 장부금액과 공정가치는 다음과 같습니다.
(단위 : 백만원)
금융자산
현금및현금성자산
2,081,917
(*1)
2,607,957
(*1)
단기금융상품
26,501,392
(*1)
34,113,871
(*1)
매출채권
26,255,438
(*1)
24,933,267
(*1)
기타포괄손익-공정가치금융자산
1,206,080
1,206,080
1,098,565
1,098,565
당기손익-공정가치금융자산
3,181
3,181
7,413
7,413
기타
4,307,370
(*1)
4,630,073
(*1)
소계
60,355,378
67,391,146
금융부채
매입채무
7,547,273
(*1)
7,315,631
(*1)
단기차입금
10,228,216
(*1)
10,353,873
(*1)
미지급금
9,031,752
(*1)
8,255,775
(*1)
유동성장기부채
153,942
(*1)(*2)
5,440
(*1)
사채
39,520
52,144
43,516
57,733
장기차입금
174,651
(*2)
-
-
장기미지급금
1,305,278
(*1)
2,231,836
(*1)
기타
2,458,165
(*1)
2,355,676
(*1)
소계
30,938,797
30,561,747
(*1) 장부금액이 공정가치의 합리적인 근사치이므로 공정가치 공시에서 제외하였습니다.
(*2) 유동성장기부채, 장기차입금에 포함되어 있는 리스부채는 기업회계기준서 제1107호
'금융상품: 공시'
에 따라 공정가치 공시에서 제외하였습니다.
(2) 보고기간종료일 현재 공정가치로 측정 및 공시되는 금융상품의 공정가치 서열체계에 따른 수준별 공시는 다음과 같습니다.
(단위 : 백만원)
금융자산
기타포괄손익-공정가치금융자산
1,124,725
-
81,355
1,206,080
당기손익-공정가치금융자산
-
-
3,181
3,181
금융부채
사채
-
52,144
-
52,144
(단위 : 백만원)
금융자산
기타포괄손익-공정가치금융자산
1,022,720
-
75,845
1,098,565
당기손익-공정가치금융자산
-
-
7,413
7,413
금융부채
사채
-
57,733
-
57,733
공정가치 측정의 투입변수 특징에 따른 공정가치 서열체계는 다음과 같습니다. ㆍ수준 1: 동일한 자산이나 부채에 대한 시장 공시가격 ㆍ수준 2: 시장에서 관측가능한 투입변수를 활용한 공정가치 (단, 수준 1에 포함된 공시가격은 제외) ㆍ수준 3: 관측가능하지 않은 투입변수를 활용한 공정가치
활성시장에서 거래되는 금융상품의 공정가치는 보고기간종료일 현재 고시되는 시장가격에 기초하여 산정됩니다. 거래소, 판매자, 중개인, 산업집단, 평가기관 또는 감독기관을 통해 공시가격이 용이하게 그리고 정기적으로 이용가능하고, 그러한 가격이 독립된 당사자 사이에서 정기적으로 발생한 실제 시장거래를 나타낸다면, 이를 활성시장
으로 간주하며, 이러한 상품들은 수준 1에 포함됩니다. 수준 1에 포함된 상품들은 대부분
기타포괄손익-공정가치금융자산으로 분류된
상장주
식으로 구성됩니다.
활성시장에서 거래되지 않는 금융상품의 공정가치는 평가기법을 사용하여 결정하고 있습니다. 이러한 평가기법은 관측가능한 시장정보를 최대한 사용하고 기업고유정보는 최소한으로 사용합니다. 이때, 해당 상품의 공정가치 측정에 요구되는 모든 유의적인 투입변수가 관측가능하다면 해당 상품은 수준 2에 포함됩니다.
만약 하나 이상의 유의적인 투입변수가 관측가능한 시장정보에 기초한 것이 아니라면 해당 상품은 수준 3에 포함됩니다.
회사는 수준 3으로 분류되는 공정가치 측정을 포함하여 재무보고 목적의 공정가치를 측정하고 있습니다. 재무보고 일정에 맞추어 공정가치 평가과정 및 그 결과에 대해 협의하고 있고, 공정가치 수준 간 이동을 발생시키는 사건이나 상황의 변동이 일어난 보고기간종료일에 수준 변동을 인식하고 있습니다.
금융상품의 공정가치를 측정하는 데 사용되는 평가기법에는 다음이 포함됩니다.
- 유사한 상품의 공시시장가격 또는 딜러가격
- 파생상품의 공정가치는 보고기간종료일 현재의 선도환율 등을 사용하여 해당 금액 을 현재가치로 할인하여 측정
나머지 금융상품에 대해서는 현금흐름의 할인기법 등의 기타 기법을 사용합니다. 유동자산으로 분류된 매출채권 및 기타채권의 경우 장부금액을 공정가치의 합리적인 근사치로 추정하고 있습니다.
(3) 가치평가기법 및 투입변수
회사는 공정가치 서열체계에서 수준 2로 분류되는 회사채, 국공채, 금융채 등에 대하여 미래현금흐름을 적정이자율로 할인하는 현재가치법을 사용하고 있습니다.
수준 3으로 분류된 주요 금융상품에 대하여 사용된 가치평가기법과 투입변수는
다음과 같습니다.
(단위 : 백만원)
기타포괄손익-공정가치금융자산
㈜말타니
9,551
현금흐름할인법
영구성장률
-1.0%~1.0%(0%)
가중평균자본비용
9.8%~11.8%(10.8%)
삼성벤처투자㈜
12,754
현금흐름할인법
영구성장률
-1.0%~1.0%(0%)
가중평균자본비용
16.6%~18.6%(17.6%)
(4) 수준 3에 해당하는 금융상품의 변동내역
(단위 : 백만원)
기초
83,258
22,921
매입
6,701
-
매도
(3,105)
(8,391)
평가(당기손익)
(1,458)
(1,361)
평가(기타포괄손익)
733
(7,595)
기타(*)
(1,593)
77,684
기말
84,536
83,258
(*) 기타는
회계변경누적효과
등을 포함하고 있습니다.
(5) 수준 3으로 분류된 반복적인 공정가치 측정치의 민감도분석 금융상품의 민감도분석은 통계적 기법을 이용한 관측 불가능한 투입변수의 변동에 따른 금융상품의 가치 변동에 기초하여 유리한 변동과 불리한 변동으로 구분하여 이루어집니다. 그리고 공정가치가 두 개 이상의 투입변수에 영향을 받는 경우에는 가장 유리하거나 또는 가장 불리한 금액을 바탕으로 산출됩니다. 민감도 분석 대상인 수준 3으로 분류되는 주요 금융상품의 투입변수의 변동에 따른 손익효과(기타포괄손익효과는 법인세효과 반영 전)에 대한 민감도분석 결과는 다음과 같습니다.
(단
위 : 백만원)
기타포괄손익-공정가치금융자산(*)
-
4,132
-
(3,017)
(*) 지분상품은 주요 관측불가능한 투입변수인 성장률(-1.0% ~ 1.0%)과 할인율 사이의 상관 관계를 증가 또는 감소시킴으로써 공정가치 변동을 산출하였습니다.
31. 부문별 보고:
회사는 전략적 의사결정을 수립하는 경영진(경영위원회)에게 보고되는 사업 단위를 기준으로 보고부문을 결정하고 있습니다. 경영위원회는 부문에 배분될 자원에 대한 의사결정을 하고 부문의 성과를 평가하기 위하여 부문의 영업이익을 기준으로 검토하고 있습니다. 매출은 대부분 재화의 매출로 구성되어 있습니다. 회사의 보고부문은 조직 및 수익을창출하는 제품의 유형을 기준으로 식별되었으며, 보고기간종료일 현재 보고부문은 CE, IM, 반도체 등으로 구성되어 있습니다. 보고부문별 자산과 부채는 경영위원회에 정기적으로 제공되지 않아 포함하지 아니하였습니다.
(1) 당기
(단위 : 백만원)
매출액
27,230,048
64,289,119
62,787,670
154,772,859
감가상각비
93,710
190,012
14,502,309
15,201,148
무형자산상각비
45,272
1,366,641
806,368
2,385,156
영업이익
971,307
1,425,024
11,793,296
14,115,067
(*) 기타는 별도로 표시하지 않았습니다.
(2) 전기
(단위 : 백만원)
매출액
26,378,322
57,729,745
85,566,472
170,381,870
감가상각비
95,585
197,802
13,214,492
13,839,797
무형자산상각비
23,373
102,503
571,671
855,564
영업이익
(13,223)
2,380,339
41,391,596
43,699,451
(*) 기타는 별도로 표시하지 않았습니다.
32. 특수관계자와의 거래:
가. 지배, 종속관계
보고기간종료일 현재 회사의 종속기업은 다음과 같습니다.
미주
Samsung Electronics America, Inc.(SEA)
전자제품 판매
100.0
NeuroLogica Corp.
의료기기 생산 및 판매
100.0
Dacor Holdings, Inc.
Holding Company
100.0
Dacor, Inc.
가전제품 생산 및 판매
100.0
Dacor Canada Co.
가전제품 판매
100.0
EverythingDacor.com, Inc.
가전제품 판매
100.0
Distinctive Appliances of California, Inc.
가전제품 판매
100.0
Samsung HVAC America, LLC
에어컨공조 판매
100.0
SmartThings, Inc.
스마트홈기기 판매
100.0
Samsung Oak Holdings, Inc.(SHI)
Holding Company
100.0
Stellus Technologies, Inc.
반도체 시스템 생산 및 판매
100.0
Joyent, Inc.
클라우드서비스
100.0
Prismview, LLC
LED 디스플레이 생산 및 판매
100.0
Samsung Research America, Inc(SRA)
R&D
100.0
Samsung Next LLC(SNX)
Holding Company
100.0
Samsung Next Fund LLC(SNXF)
신기술사업자, 벤처기업 투자
100.0
Viv Labs, Inc.
인공지능 서비스
100.0
Samsung Semiconductor, Inc.(SSI)
반도체/DP 판매
100.0
Samsung Austin Semiconductor LLC.(SAS)
반도체 생산
100.0
Samsung International, Inc.(SII)
CTV/모니터 생산
100.0
Samsung Mexicana S.A. de C.V(SAMEX)
전자제품 생산
100.0
Samsung Electronics Home Appliances America, LLC(SEHA)
가전제품 생산
100.0
SEMES America, Inc.
반도체 장비
100.0
Zhilabs Inc.
네트워크Solution 판매
100.0
Samsung Electronics Canada, Inc.(SECA)
전자제품 판매
100.0
AdGear Technologies Inc.
디지털광고 플랫폼
100.0
SigMast Communications Inc.
문자메시지 개발
100.0
Samsung Electronics Mexico S.A. De C.V.(SEM)
전자제품 판매
100.0
Samsung Electronics Digital Appliance Mexico, SA de CV (SEDAM)
전자제품 생산
100.0
Samsung Electronics Latinoamerica Miami, Inc.(SEMI)
전자제품 판매
100.0
Samsung Electronics Latinoamerica(Zona Libre), S. A.(SELA)
전자제품 판매
100.0
(*) 종속기업 보유 지분율을 포함한 의결권 있는 주식 기준입니다.
미주
Samsung Electronics Venezuela, C.A.(SEVEN)
마케팅 및 서비스
100.0
Samsung Electronica Colombia S.A.(SAMCOL)
전자제품 판매
100.0
Samsung Electronics Panama. S.A.(SEPA)
컨설팅
100.0
Samsung Electronica da Amazonia Ltda.(SEDA)
전자제품 생산 및 판매
100.0
Samsung Electronics Argentina S.A.(SEASA)
마케팅 및 서비스
100.0
Samsung Electronics Chile Limitada(SECH)
전자제품 판매
100.0
Samsung Electronics Peru S.A.C.(SEPR)
전자제품 판매
100.0
Harman International Industries, Inc.
Holding Company
100.0
Harman Becker Automotive Systems, Inc.
오디오제품 생산, 판매, R&D
100.0
Harman Connected Services, Inc.
Connected Service Provider
100.0
Harman Connected Services Engineering Corp.
Connected Service Provider
100.0
Harman Connected Services South America S.R.L.
Connected Service Provider
100.0
Harman da Amazonia Industria Eletronica e Participacoes Ltda.
오디오제품 생산, 판매
100.0
Harman de Mexico, S. de R.L. de C.V.
오디오제품 생산
100.0
Harman do Brasil Industria Eletronica e Participacoes Ltda.
오디오제품 판매, R&D
100.0
Harman Financial Group LLC
Management Company
100.0
Harman International Industries Canada Ltd.
오디오제품 판매
100.0
Harman International Mexico, S. de R.L. de C.V.
오디오제품 판매
100.0
Harman KG Holding, LLC
Holding Company
100.0
Harman Professional, Inc.
오디오제품 판매, R&D
100.0
RT SV CO-INVEST, LP
벤처기업 투자
99.9
Beijing Integrated Circuit Industry International Fund, L.P
벤처기업 투자
61.4
China Materialia New Materials 2016 Limited Partnership
벤처기업 투자
99.0
(*) 종속기업 보유 지분율을 포함한 의결권 있는 주식 기준입니다.
유럽/ CIS
Samsung Electronics (UK) Ltd.(SEUK)
전자제품 판매
100.0
Samsung Electronics Ltd.(SEL)
Holding Company
100.0
Samsung Electronics Holding GmbH(SEHG)
Holding Company
100.0
Samsung Semiconductor Europe GmbH(SSEG)
반도체/DP 판매
100.0
Samsung Electronics GmbH(SEG)
전자제품 판매
100.0
Samsung Electronics Iberia, S.A.(SESA)
전자제품 판매
100.0
Samsung Electronics France S.A.S(SEF)
전자제품 판매
100.0
Samsung Electronics Hungarian Private Co. Ltd.(SEH)
전자제품 생산 및 판매
100.0
Samsung Electronics Czech and Slovak s.r.o.(SECZ)
전자제품 판매
100.0
Samsung Electronics Italia S.P.A.(SEI)
전자제품 판매
100.0
Samsung Electronics Europe Logistics B.V.(SELS)
물류
100.0
Samsung Electronics Benelux B.V.(SEBN)
전자제품 판매
100.0
Samsung Display Slovakia s.r.o.(SDSK)
DP 임가공
100.0
Samsung Electronics Romania LLC(SEROM)
전자제품 판매
100.0
Samsung Electronics Polska, SP.Zo.o(SEPOL)
전자제품 판매
100.0
Samsung Electronics Portuguesa S.A.(SEP)
전자제품 판매
100.0
Samsung Electronics Nordic Aktiebolag(SENA)
전자제품 판매
100.0
Samsung Semiconductor Europe Limited(SSEL)
반도체/DP 판매
100.0
Samsung Electronics Austria GmbH(SEAG)
전자제품 판매
100.0
Samsung Electronics Switzerland GmbH(SESG)
전자제품 판매
100.0
Samsung Electronics Slovakia s.r.o(SESK)
CTV/모니터 생산
100.0
Samsung Electronics Baltics SIA(SEB)
전자제품 판매
100.0
Samsung Electronics Europe Holding Cooperatief U.A.(SEEH)
Holding Company
100.0
Samsung Electronics Poland Manufacturing SP.Zo.o(SEPM)
가전제품 생산
100.0
Samsung Electronics Greece S.M.S.A(SEGR)
전자제품 판매
100.0
Samsung Electronics Air Conditioner Europe B.V.(SEACE)
에어컨공조 판매
100.0
Samsung Nanoradio Design Center(SNDC)
R&D
100.0
Samsung Denmark Research Center ApS(SDRC)
R&D
100.0
Samsung Cambridge Solution Centre Limited(SCSC)
R&D
100.0
Zhilabs, S.L.
네트워크Solution 개발, 판매
100.0
Foodient Ltd.
R&D
100.0
Samsung Electronics Overseas B.V.(SEO)
전자제품 판매
100.0
Samsung Electronics Rus Company LLC(SERC)
전자제품 판매
100.0
Samsung Electronics Ukraine Company LLC(SEUC)
전자제품 판매
100.0
Samsung R&D Institute Rus LLC(SRR)
R&D
100.0
Samsung Electronics Central Eurasia LLP(SECE)
전자제품 판매
100.0
Samsung Electronics Caucasus Co. Ltd(SECC)
마케팅
100.0
Samsung Electronics Rus Kaluga LLC(SERK)
CTV 생산
100.0
(*) 종속기업 보유 지분율을 포함한 의결권 있는 주식 기준입니다.
유럽/ CIS
AKG Acoustics GmbH
오디오제품 생산, 판매
100.0
AMX UK Limited
오디오제품 판매
100.0
Arcam Limited
Holding Company
100.0
A&R Cambridge Limited
오디오제품 판매
100.0
Harman Audio Iberia Espana Sociedad Limitada
오디오제품 판매
100.0
Harman Automotive UK Limited
오디오제품 생산
100.0
Harman Becker Automotive Systems GmbH
오디오제품 생산, 판매, R&D
100.0
Harman Becker Automotive Systems Italy S.R.L.
오디오제품 판매
100.0
Harman Becker Automotive Systems Manufacturing Kft
오디오제품 생산, R&D
100.0
Harman Belgium SA
오디오제품 판매
100.0
Harman Connected Services AB.
Connected Service Provider
100.0
Harman Finland Oy
Connected Service Provider
100.0
Harman Connected Services GmbH
Connected Service Provider
100.0
Harman Connected Services Limited
Connected Service Provider
100.0
Harman Connected Services Poland Sp.zoo
Connected Service Provider
100.0
Harman Connected Services UK Ltd.
Connected Service Provider
100.0
Harman Consumer Nederland B.V.
오디오제품 판매
100.0
Harman Deutschland GmbH
오디오제품 판매
100.0
Harman Finance International GP S.a.r.l
Holding Company
100.0
Harman France SNC
오디오제품 판매
100.0
Harman Holding Gmbh & Co. KG
Management Company
100.0
Harman Hungary Financing Ltd.
Financing Company
100.0
Harman Inc. & Co. KG
Holding Company
100.0
Harman International Estonia OU
R&D
100.0
Harman International Industries Limited
오디오제품 판매 등
100.0
Harman International Romania SRL
R&D
100.0
Harman Finance International, SCA
Financing Company
100.0
Harman International s.r.o
오디오제품 생산
100.0
Harman Management GmbH
Holding Company
100.0
Harman Professional Kft
오디오제품 생산, R&D
100.0
Martin Manufacturing (UK) Ltd
오디오제품 생산
100.0
Harman Professional Denmark ApS
오디오제품 판매, R&D
100.0
Red Bend Software Ltd.
소프트웨어 디자인
100.0
Red Bend Software SAS
소프트웨어 디자인
100.0
Studer Professional Audio GmbH
오디오제품 판매, R&D
100.0
Harman Connected Services OOO
Connected Service Provider
100.0
Harman RUS CIS LLC
오디오제품 판매
100.0
(*) 종속기업 보유 지분율을 포함한 의결권 있는 주식 기준입니다.
중동/ 아프리카
Samsung Electronics West Africa Ltd.(SEWA)
마케팅
100.0
Samsung Electronics East Africa Ltd.(SEEA)
마케팅
100.0
Samsung Gulf Electronics Co., Ltd.(SGE)
전자제품 판매
100.0
Samsung Electronics Saudi Arabia Ltd.(SESAR)
전자제품 판매
100.0
Samsung Electronics Egypt S.A.E(SEEG)
전자제품 생산 및 판매
100.0
Samsung Electronics Israel Ltd.(SEIL)
마케팅
100.0
Samsung Electronics Tunisia S.A.R.L(SETN)
마케팅
100.0
Samsung Electronics Pakistan(Private) Ltd.(SEPAK)
마케팅
100.0
Samsung Electronics South Africa(Pty) Ltd.(SSA)
전자제품 판매
100.0
Samsung Electronics South Africa Production (pty) Ltd. (SSAP)
CTV/모니터 생산
100.0
Samsung Electronics Turkey(SETK)
전자제품 판매
100.0
Samsung Semiconductor Israel R&D Center, Ltd.(SIRC)
R&D
100.0
Samsung Electronics Levant Co.,Ltd.(SELV)
전자제품 판매
100.0
Samsung Electronics Maghreb Arab(SEMAG)
전자제품 판매
100.0
Corephotonics Ltd.
R&D
100.0
Global Symphony Technology Group Private Ltd.
Holding Company
100.0
Harman Connected Services Morocco
Connected Service Provider
100.0
Harman Industries Holdings Mauritius Ltd.
Holding Company
100.0
Red Bend Ltd.
오디오제품 생산
100.0
(*) 종속기업 보유 지분율을 포함한 의결권 있는 주식 기준입니다.
아시아 (중국제외)
Samsung Japan Corporation(SJC)
반도체/DP 판매
100.0
Samsung R&D Institute Japan Co. Ltd.(SRJ)
R&D
100.0
Samsung Electronics Japan Co., Ltd.(SEJ)
전자제품 판매
100.0
Samsung Electronics Display (M) Sdn. Bhd.(SDMA)
전자제품 생산
100.0
Samsung Electronics (M) Sdn. Bhd.(SEMA)
가전제품 생산
100.0
Samsung Vina Electronics Co., Ltd.(SAVINA)
전자제품 판매
100.0
Samsung Asia Private Ltd.(SAPL)
전자제품 판매
100.0
Samsung India Electronics Private Ltd.(SIEL)
전자제품 생산 및 판매
100.0
Samsung R&D Institute India-Bangalore Private Limited (SRI-Bangalore)
R&D
100.0
Samsung Nepal Services Pvt, Ltd(SNSL)
서비스
100.0
Samsung Display Noida Private Limited(SDN)
DP 생산
100.0
Samsung Electronics Australia Pty. Ltd.(SEAU)
전자제품 판매
100.0
Samsung Electronics New Zealand Limited(SENZ)
전자제품 판매
100.0
PT Samsung Electronics Indonesia(SEIN)
전자제품 생산 및 판매
100.0
PT Samsung Telecommunications Indonesia(STIN)
전자제품 판매 및 서비스
100.0
Thai Samsung Electronics Co., Ltd.(TSE)
전자제품 생산 및 판매
91.8
Laos Samsung Electronics Sole Co., Ltd(LSE)
마케팅
100.0
Samsung Electronics Philippines Corporation(SEPCO)
전자제품 판매
100.0
Samsung Display Vietnam Co., Ltd.(SDV)
DP 생산
100.0
Samsung Malaysia Electronics (SME) Sdn. Bhd.(SME)
전자제품 판매
100.0
Samsung R&D Institute BanglaDesh Limited(SRBD)
R&D
100.0
Samsung Electronics Vietnam Co., Ltd.(SEV)
전자제품 생산
100.0
Samsung Electronics Vietnam THAINGUYEN Co., Ltd. (SEVT)
통신제품 생산
100.0
Samsung Electronics HCMC CE Complex Co., Ltd. (SEHC)
전자제품 생산 및 판매
100.0
Harman Connected Services Corp. India Pvt. Ltd.
Connected Service Provider
100.0
Harman International (India) Private Limited
오디오제품 판매, R&D
100.0
Harman International Industries PTY Ltd.
Holding Company
100.0
Harman International Japan Co., Ltd.
오디오제품 판매, R&D
100.0
Harman Singapore Pte. Ltd.
오디오제품 판매
100.0
Martin Professional Pte. Ltd.
오디오제품 판매
100.0
(*) 종속기업 보유 지분율을 포함한 의결권 있는 주식 기준입니다.
중국
Samsung Display Dongguan Co., Ltd.(SDD)
DP 생산
100.0
Samsung Display Tianjin Co., Ltd.(SDT)
DP 생산
95.0
Samsung Electronics Hong Kong Co., Ltd.(SEHK)
전자제품 판매
100.0
Suzhou Samsung Electronics Co., Ltd.(SSEC)
가전제품 생산
88.3
Samsung Suzhou Electronics Export Co., Ltd.(SSEC-E)
가전제품 생산
100.0
Samsung (CHINA) Investment Co., Ltd.(SCIC)
전자제품 판매
100.0
Samsung Mobile R&D Center China-Guangzhou (SRC-Guangzhou)
R&D
100.0
Samsung Tianjin Mobile Development Center(SRC-Tianjin)
R&D
100.0
Samsung R&D Institute China-Shenzhen(SRC-Shenzhen)
R&D
100.0
Samsung Electronics Suzhou Semiconductor Co., Ltd.(SESS)
반도체 임가공
100.0
SEMES (XIAN) Co., Ltd.
반도체 장비 서비스
100.0
Samsung Electronics Huizhou Co., Ltd.(SEHZ)
전자제품 생산
100.0
Tianjin Samsung Electronics Co., Ltd.(TSEC)
CTV/모니터 생산
91.2
Samsung Electronics Taiwan Co., Ltd.(SET)
전자제품 판매
100.0
Beijing Samsung Telecom R&D Center(SRC-Beijing)
R&D
100.0
Tianjin Samsung Telecom Technology Co., Ltd.(TSTC)
통신제품 생산
90.0
Shanghai Samsung Semiconductor Co., Ltd.(SSS)
반도체/DP 판매
100.0
Samsung Electronics Suzhou Computer Co., Ltd.(SESC)
전자제품 생산
100.0
Samsung Suzhou Module Co., Ltd.(SSM)
DP
생산
100.0
Samsung Suzhou LCD Co., Ltd.(SSL)
DP 생산
60.0
Shenzhen Samsung Electronics Telecommunication Co., Ltd. (SSET)
통신제품 생산
100.0
Samsung Semiconductor (China) R&D Co., Ltd.(SSCR)
R&D
100.0
Samsung Electronics China R&D Center(SRC-Nanjing)
R&D
100.0
Samsung (China) Semiconductor Co., Ltd.(SCS)
반도체 생산
100.0
Samsung SemiConductor Xian
Co., Ltd.
(SSCX)
반도체/DP 판매
100.0
Tianjin Samsung LED Co., Ltd.(TSLED)
LED 생산
100.0
Harman (China) Technologies Co., Ltd.
오디오제품 생산
100.0
Harman (Suzhou) Audio and Infotainment Systems Co., Ltd.
오디오제품 판매
100.0
Harman Automotive Electronic Systems (Suzhou) Co., Ltd.
오디오제품 생산, R&D
100.0
Harman Commercial (Shanghai) Co., Ltd.
오디오제품 판매
100.0
Harman Connected Services Solutions (Chengdu) Co., Ltd.
Connected Service Provider
100.0
Harman Holding Limited
오디오제품 판매
100.0
Harman International (China) Holdings Co., Ltd.
오디오제품 판매, R&D
100.0
Harman Technology (Shenzhen) Co., Ltd.
오디오제품 판매, R&D
100.0
(*) 종속기업 보유 지분율을 포함한 의결권 있는 주식 기준입니다.
지역
국내
삼성디스플레이㈜
DP 생산 및 판매
84.8
에스유머티리얼스㈜
DP 부품 생산
50.0
스테코㈜
반도체 부품 생산
70.0
세메스㈜
반도체/FPD
장비 생산 및 판매
91.5
삼성전자서비스㈜
전자제품 수리서비스
99.3
삼성전자서비스씨에스㈜
서비스 콜센터
100.0
삼성전자판매㈜
전자제품 판매
100.0
삼성전자로지텍㈜
종합물류대행
100.0
삼성메디슨㈜
의료기기 생산 및 판매
68.5
㈜미래로시스템
반도체 S/W
99.9
㈜도우인시스
(*2)
DP 부품 생산
48.2
지에프㈜
DP 부품 생산
72.7
㈜하만인터내셔널코리아
소프트웨어 개발 및 공급 등
100.0
SVIC 21호 신기술투자조합
신기술사업자, 벤처기업 투자
99.0
SVIC 22호 신기술투자조합
신기술사업자, 벤처기업 투자
99.0
SVIC 26호 신기술투자조합
신기술사업자, 벤처기업 투자
99.0
SVIC 27호 신기술투자조합
신기술사업자, 벤처기업 투자
99.0
SVIC 28호 신기술투자조합
신기술사업자, 벤처기업 투자
99.0
SVIC 29호 신기술투자조합
신기술사업자, 벤처기업 투자
99.0
SVIC 32호 신기술투자조합
신기술사업자, 벤처기업 투자
99.0
SVIC 33호 신기술투자조합
신기술사업자, 벤처기업 투자
99.0
SVIC 37호 신기술투자조합
신기술사업자, 벤처기업 투자
99.0
SVIC 40호 신기술투자조합
신기술사업자, 벤처기업 투자
99.0
SVIC 42호 신기술투자조합
신기술사업자, 벤처기업 투자
99.0
SVIC 43호 신기술투자조합
신기술사업자, 벤처기업 투자
99.0
SVIC 45호 신기술투자조합
신기술사업자, 벤처기업 투자
99.0
SVIC 48호 신기술투자조합
신기술사업자, 벤처기업 투자
99.0
반도체성장 전문투자형 사모 투자신탁
반도체산업 투자
66.7
(*1) 종속기업 보유 지분율을 포함한 의결권 있는 주식 기준입니다.
(*2) 연결회사가 보유하고 있는 지분의 의결권은 50% 미만이나 실질지배력을 고려하여 종속기업으로 분류하였습니다.
나. 매출ㆍ매입 등 거래 내역
당기 및 전기 중 특수관계자와의 거래내역은 다음과 같습니다. (1) 당기
(단위 : 백만원)
종속기업
삼성디스플레이㈜
296,371
-
1,109,506
-
Samsung Electronics America, Inc.(SEA)
25,947,874
-
170,222
-
Harman과 그 종속기업(*2)
-
-
144,447
-
Samsung (CHINA) Investment Co., Ltd.(SCIC)
548,807
-
7,485
-
Samsung Electronics Vietnam THAINGUYEN Co., Ltd.(SEVT)
6,762,858
456
18,745,823
608
Samsung (China) Semiconductor Co., Ltd.(SCS)
433,109
362,161
5,445,299
36,882
Samsung Electronics Vietnam Co., Ltd.(SEV)
4,227,935
730
14,114,536
458
Samsung Semiconductor, Inc.(SSI)
13,538,834
-
459,832
3,678
Samsung Asia Private Ltd.(SAPL)
1,546,887
-
34,588
-
Samsung Display Vietnam Co., Ltd.(SDV)
833,203
-
-
-
Samsung Electronica da Amazonia Ltda.(SEDA)
1,339,423
8
720
-
Samsung India Electronics Private Ltd.(SIEL)
4,856,926
107
2,976,359
-
Samsung Austin Semiconductor LLC.(SAS)
51
12,807
3,897,162
-
Shanghai Samsung Semiconductor Co., Ltd.(SSS)
18,401,945
-
92,670
-
Thai Samsung Electronics Co., Ltd.(TSE)
1,426,618
155
1,824,003
-
Samsung Electronics (UK) Ltd.(SEUK)
258,150
-
112,884
-
Samsung Electronics HCMC CE Complex Co., Ltd.(SEHC)
472,809
650
3,600,154
-
Samsung Electronics GmbH(SEG)
2,974,269
-
18,487
-
Samsung Electronics Hungarian Private Co. Ltd.(SEH)
665,434
-
1,564
26
Samsung SemiConductor Xian Co., Ltd.(SSCX)
3,982,935
-
118,948
-
Samsung Electronics Europe Logistics B.V.(SELS)
3,129,396
-
18,409
-
Samsung Electronics Benelux B.V.(SEBN)
19,813
-
2,465
-
Samsung Suzhou LCD Co., Ltd.(SSL)
32,213
-
-
-
Samsung Display Dongguan Co., Ltd.(SDD)
137,643
-
-
-
기타
44,985,051
5,807
20,918,718
9,963
종속기업 계
136,818,554
382,881
73,814,281
51,615
(*1) 회사와 특수관계에 있는 개별회사와의 거래 금액입니다. (*2) Harman International Industries, Inc. 및 그 종속기업이 포함된 중간지배기업과의 거래 금액입니다.
(단위 : 백만원)
관계기업 및 공동기업
삼성에스디에스
㈜
83,635
-
1,837,876
456,400
삼성전기
㈜
35,565
-
1,309,616
16
삼성SDI
㈜
55,949
16,106
294,075
77,813
㈜
제일기획
24,743
-
781,027
958
기타
438,875
-
733,333
1,772
관계기업 및 공동기업 계
638,767
16,106
4,955,927
536,959
그 밖의 특수관계자
삼성물산
㈜
111,363
-
217,617
4,057,175
기타
176,123
-
455,355
57,405
그 밖의 특수관계자 계
287,486
-
672,972
4,114,580
기타(*2)
삼성엔지니어링
㈜
5,488
-
80,218
1,873,941
㈜
에스원
10,114
-
333,797
25,142
기타
104,221
38
200,719
1,089
기타 계
119,823
38
614,734
1,900,172
(*1) 회사와 특수관계에 있는 개별회사와의 거래 금액입니다.
(*2) 기업회계기준서 제1024호 특수관계자 범위에 포함되지 않으나「독점규제 및 공정거래에 관한 법률」에 따른 동일한 대규모기업집단 소속회사입니다.
(
2) 전기
(단위 : 백만원)
종속기업
삼성디스플레이㈜
164,404
-
1,445,515
1,660
Samsung Electronics America, Inc.(SEA)
24,012,212
-
171,693
-
Samsung (CHINA) Investment Co., Ltd.(SCIC)
309,349
-
6,351
-
Harman과 그 종속기업(*2)
-
-
88,905
-
Samsung Electronics Vietnam Co., Ltd.(SEV)
4,428,874
4,334
11,905,994
123
Samsung Electronics Vietnam THAINGUYEN Co., Ltd.(SEVT)
6,109,227
3,320
14,412,580
29
Samsung (China) Semiconductor Co., Ltd.(SCS)
567,261
138,973
4,516,994
33,029
Samsung Semiconductor, Inc.(SSI)
27,853,576
-
393,190
-
Samsung Electronics Europe Holding Cooperatief U.A.(SEEH)
-
-
-
-
Samsung Display Vietnam Co., Ltd.(SDV)
1,010,749
-
-
-
Samsung Asia Private Ltd.(SAPL)
1,638,884
-
32,329
-
Samsung Electronics Huizhou Co., Ltd.(SEHZ)
1,600,674
87
7,868,307
291
Samsung India Electronics Private Ltd.(SIEL)
4,826,458
-
815,638
-
Samsung Electronica da Amazonia Ltda.(SEDA)
1,131,969
-
4,285
-
Samsung Austin Semiconductor LLC.(SAS)
4,011
4,103
3,643,739
-
Shanghai Samsung Semiconductor Co., Ltd.(SSS)
24,032,406
-
-
-
Thai Samsung Electronics Co., Ltd.(TSE)
1,501,161
-
1,718,099
-
Samsung Electronics (UK) Ltd.(SEUK)
160,475
-
83,110
-
Samsung Electronics GmbH(SEG)
3,226,745
-
29,055
-
Samsung Electronics HCMC CE Complex Co., Ltd.(SEHC)
644,155
562
2,536,338
45
Samsung Electronics Europe Logistics B.V.(SELS)
2,688,399
-
12,637
-
Samsung Electronics Hungarian Private Co. Ltd.(SEH)
356,748
-
911
12
Samsung Suzhou LCD Co., Ltd.(SSL)
32,526
-
-
-
Samsung Electronics France S.A.S(SEF)
2,275,110
-
4,374
-
Samsung Electronics Benelux B.V.(SEBN)
92,798
-
1,714
-
기타
42,757,356
10,490
20,224,600
48,030
종속기업 계
151,425,527
161,869
69,916,358
83,219
(*1) 회사와 특수관계에 있는 개별회사와의 거래 금액입니다. (*2) Harman International Industries, Inc. 및 그 종속기업이 포함된 중간지배기업과의 거래 금액입니다.
(단위 : 백만원)
관계기업 및 공동기업
삼성에스디에스
㈜
66,776
-
1,919,443
371,699
삼성전기
㈜
29,224
-
943,358
-
삼성SDI
㈜
42,447
-
323,472
57,648
㈜
제일기획
24,670
-
889,419
3,258
기타
540,418
-
653,269
4,717
관계기업 및 공동기업 계
703,535
-
4,728,961
437,322
그 밖의 특수관계자
삼성물산
㈜
84,895
183
183,924
3,405,441
기타
138,575
-
423,288
83,398
그 밖의 특수관계자 계
223,470
183
607,212
3,488,839
기타(*2)
삼성엔지니어링
㈜
3,580
-
38,813
1,098,070
㈜
에스원
24,821
258
301,617
21,063
기타
121,279
-
188,265
476
기타 계
149,680
258
528,695
1,119,609
(*1) 회사와 특수관계에 있는 개별회사와의 거래 금액입니다.
(*2) 기업회계기준서 제1024호 특수관계자 범위에 포함되지 않으나「독점규제 및 공정거래에 관한 법률」에 따른 동일한 대규모기업집단 소속회사입니다.
다. 채권ㆍ채무잔액 당기말 및 전기말 현재 특수관계자에 대한 채권ㆍ채무잔액은 다음과 같습니다. (1) 당기
(단위 : 백만원)
기업명
(*1)
종속기업
삼성디스플레이㈜
16,232
163,386
Samsung Electronics America, Inc.(SEA)
4,698,974
157,317
Harman과 그 종속기업(*3)
-
15,017
Samsung (CHINA) Investment Co., Ltd.(SCIC)
88,657
16,564
Samsung Electronics Vietnam THAINGUYEN Co., Ltd.(SEVT)
599,646
1,931,886
Samsung (China) Semiconductor Co., Ltd.(SCS)
139,874
419,294
Samsung Electronics Vietnam Co., Ltd.(SEV)
389,210
1,798,113
Samsung Electronics Europe Holding Cooperatief U.A.(SEEH)
259
-
Samsung Semiconductor, Inc.(SSI)
2,845,229
316,567
Samsung Asia Private Ltd.(SAPL)
111,318
13,200
Samsung Display Vietnam Co., Ltd.(SDV)
63,993
-
Samsung Electronica da Amazonia Ltda.(SEDA)
428,198
2,148
Samsung India Electronics Private Ltd.(SIEL)
2,003,078
241,310
Samsung Austin Semiconductor LLC.(SAS)
6,586
333,194
Shanghai Samsung Semiconductor Co., Ltd.(SSS)
2,455,224
3
Thai Samsung Electronics Co., Ltd.(TSE)
108,403
221,205
Samsung Electronics (UK) Ltd.(SEUK)
85,813
25,329
Samsung Electronics HCMC CE Complex Co., Ltd.(SEHC)
274,829
303,913
Samsung Electronics GmbH(SEG)
737,175
2,276
Samsung Electronics Hungarian Private Co. Ltd.(SEH)
55,907
26
Samsung SemiConductor Xian Co., Ltd.(SSCX)
1,821,955
-
Samsung Electronics Europe Logistics B.V.(SELS)
957,252
1,499
Samsung Electronics Benelux B.V.(SEBN)
3,465
3,275
Samsung Suzhou LCD Co., Ltd.(SSL)
5,257
-
Samsung Display Dongguan Co., Ltd.(SDD)
9,737
-
기타
6,967,309
2,076,526
종속기업 계(*4)
24,873,580
8,042,048
(*1) 회사와 특수관계에 있는 개별회사에 대한 채권ㆍ채무 금액입니다.
(*2) 채무 등은 리스부채가 포함된 금액입니다.
(*3) Harman International Industries, Inc. 및 그 종속기업이 포함된 중간지배기업과의 거래 금액입니다.
(*4)
당기말 현재
상기의 종속기업 채권금액에 대하여 인식된 손실충당금은 없습니다.
(단위 : 백만원)
기업명
(*1)
관계기업 및 공동기업
삼성에스디에스
㈜
19,584
583,369
삼성전기
㈜
2,397
156,536
삼성SDI
㈜
102,523
96,955
㈜
제일기획
46
409,411
기타
41,555
139,910
관계기업 및 공동기업 계
166,105
1,386,181
그 밖의 특수관계자
삼성물산
㈜
201,947
1,161,055
기타
14,027
105,558
그 밖의 특수관계자 계
215,974
1,266,613
기타(*3)
삼성엔지니어링
㈜
2,689
615,831
㈜
에스원
786
42,239
기타
3,361
31,652
기타 계
6,836
689,722
(*1) 회사와 특수관계에 있는 개별회사에 대한 채권ㆍ채무 금액입니다.
(*2) 채무 등은 리스부채가 포함된 금액입니다.
(*3)
기업회계기준서 제1024호 특수관계자 범위에 포함되지 않으나 「독점규제 및 공정거래에 관한 법률」에 따른 동일한 대규모기업집단 소속회사입니다.
(2) 전기
(단위 : 백만원)
기업명
(*1)
종속기업
삼성디스플레이㈜
15,338
182,541
Samsung Electronics America, Inc.(SEA)
4,932,605
72,147
Samsung (CHINA) Investment Co., Ltd.(SCIC)
36,616
5,215
Harman과 그 종속기업(*2)
5,343
8,493
Samsung Electronics Vietnam Co., Ltd.(SEV)
518,366
1,225,669
Samsung Electronics Vietnam THAINGUYEN Co., Ltd.(SEVT)
673,277
2,406,151
Samsung (China) Semiconductor Co., Ltd.(SCS)
69,891
331,097
Samsung Semiconductor, Inc.(SSI)
3,375,191
81,359
Samsung Electronics Europe Holding Cooperatief U.A.(SEEH)
517
-
Samsung Display Vietnam Co., Ltd.(SDV)
118,248
134
Samsung Asia Private Ltd.(SAPL)
105,781
13,251
Samsung Electronics Huizhou Co., Ltd.(SEHZ)
92,360
782,167
Samsung India Electronics Private Ltd.(SIEL)
2,026,325
169,499
Samsung Electronica da Amazonia Ltda.(SEDA)
427,141
1,398
Samsung Austin Semiconductor LLC.(SAS)
7,130
259,818
Shanghai Samsung Semiconductor Co., Ltd.(SSS)
3,304,263
63
Thai Samsung Electronics Co., Ltd.(TSE)
124,502
171,847
Samsung Electronics (UK) Ltd.(SEUK)
48,993
20,224
Samsung Electronics GmbH(SEG)
492,312
2,473
Samsung Electronics HCMC CE Complex Co., Ltd.(SEHC)
252,661
235,795
Samsung Electronics Europe Logistics B.V.(SELS)
697,276
1,567
Samsung Electronics Hungarian Private Co. Ltd.(SEH)
61,756
30
Samsung Suzhou LCD Co., Ltd.(SSL)
4,499
-
Samsung Electronics France S.A.S(SEF)
551,773
333
Samsung Electronics Benelux B.V.(SEBN)
24,733
2,402
기타
6,573,262
2,243,236
종속기업 계(*3)
24,540,159
8,216,909
(*1) 회사와 특수관계에 있는 개별회사에 대한 채권ㆍ채무 금액입니다.
(*2) Harman International Industries, Inc. 및 그 종속기업이 포함된 중간지배기업과의 거래 금액입니다.
(*3) 상기의 종속기업 채권금액에 대하여 손실충당금 245,402백만원을 계상하고 있으며, 전기에 인식된 손실충당금환입액은 26,206백만원입니다.
(단위 : 백만원)
기업명
(*1)
관계기업 및 공동기업
삼성에스디에스
㈜
5,192
467,438
삼성전기
㈜
2,989
112,336
삼성SDI
㈜
102,532
52,825
㈜
제일기획
129
461,326
기타
94,057
104,942
관계기업 및 공동기업 계
204,899
1,198,867
그 밖의 특수관계자
삼성물산
㈜
196,829
1,678,553
기타(*2)
14,849
119,154
그 밖의 특수관계자 계
211,678
1,797,707
기타(*3)
삼성엔지니어링
㈜
1,029
428,191
㈜
에스원
2,454
29,113
기타
1,133
29,107
기타 계
4,616
486,411
(*1) 회사와 특수관계에 있는 개별회사에 대한 채권ㆍ채무 금액입니다.
(*2) 채무 등 금액에 포함된 전기말 현재 삼성카드㈜와의 구매카드 미결제금액은 없습니다. 삼성카드㈜와의 연간 구매카드 약정금액은 2,000,000백만원이며, 전기 중 사용 및 상환한 금액은 각각 3,096,204백만원 및 4,207,333백만원입니다.
(*3) 기업회계기준서 제1024호 특수관계자 범위에 포함되지 않으나「독점규제 및 공정거래에 관한 법률」에 따른 동일한 대규모기업집단 소속회사입니다.
라. 회사는 당기 및 전기 중 종속기업에 925,139백만원 및 520,660백만원을 출자하였으며, 종속기업으로부터 출자원금 58,370백만원 및 25,169백만원을 회수하였습니다. 또한 당기 및 전기 중 관계기업 및 공동기업에 추가 출자한 내역은 없으며, 관계기업 및 공동기업으로부터 출자원금 306백만원 및 148백만원을 회수하였습니다. 또한 회사는 당기 중 관계기업인 삼성전기㈜의 PLP 사업을 785,000백만원에 양수하였으며, 전기 중 기업회계기준서 제 1024호 특수관계자 범위에 포함되지 않으나「독점규제 및 공정거래에 관한 법률」에 따른 동일한 대규모기업집단 소속회사인 삼성중공업㈜에 대하여 204,055백만원을 추가로 출자하였습니다.
마. 회사가 당기 및 전기 중 특수관계자에게 지급 결의한 배당금은
1,661,903백만원
및
1,774,050백
만원입니다.
또한 기업회계기준서 제1024호 특수관계자 범위에포함되지 않으나「독점규제 및 공정거래에 관한 법률」에 따른 동일한 대규모기업집단 소속회사에게
당기 및 전기 중 지급 결의한 배당금은
125,744백
만원
및
135,642백만
원입니다.
당기말과 전기말 현재 배당과 관련한 미지급금은 존재하지 않습니다.
바. 회사가 당기 중 특수관계자와 체결한 리스 이용 계약은 67,898백만원이며, 특수관계자에게 지급한 리스료는 65,783백만원입니다.
사. 회사는 보고기간종료일 현재 특수관계자의 채무에 대하여 채무보증을 제공하고 있습니다(주석
18
참조).
아
.
회사가 당기 및 전기 중 주요 경영진(등기임원)에 대한 보상을 위해 비용으로 반영한 금액은 다음과 같습니다.
(단위 : 백만원)
단기급여
9,821
13,190
퇴직급여
1,321
1,406
기타 장기급여
6,449
7,851
33. 사업결합:
회사는 2019년 4월 30일자 이사회 결의에 의거 2019년 6월 1일자로 차세대 패키지 기술 확보를 통한 반도체 경쟁력을 강화하기 위하여 관계기업인 삼성전기㈜의 PLP 사업을 785,000백만원에 양수하였습니다.
(단위 : 백만원)
Ⅰ. 이전대가의 공정가치
785,000
Ⅱ. 식별가능한 자산과 부채로 인식된 금액
재고자산
10,906
유형자산
398,984
무형자산
182,171
기타자산
1,561
기타부채
15,363
총 식별가능한 순자산
578,259
Ⅲ. 영업권 (Ⅰ- Ⅱ
)
206,741
PLP 사업이 2019년 1월 1일부터 사업양수되었다고 가정할 경우 편입될 매출은 없으며 당기순손실은
200,635
백만
원입니다. 또한 사업양수 이후 PLP 사업으로부터 발생한 매출은 없으며 당기순손실은
109,504
백만원입니다.
내부회계관리제도 감사 또는 검토의견
내부회계관리제도 감사 또는 검토의견
독립된 감사인의 내부회계관리제도 감사보고서는 삼성전자주식회사의 2019년 12월 31일자로 종료되는 회계연도의 재무제표에 대한 감사업무를 수행하고 회사의 내부회계관리제도를 감사한 결과 주식회사 등의 외부감사에 관한 법률 제8조에 따라 첨부하는 것입니다.
첨 부 : 1. 독립된 감사인의 내부회계관리제도 감사보고서
2. 회사의 내부회계관리제도 운영실태보고서
독립된 감사인의 내부회계관리제도 감사보고서
삼성전자주식회사
주주 및 이사회 귀중
내부회계관리제도에 대한 감사의견
우리는 2019년 12월 31일 현재「내부회계관리제도 설계 및 운영 개념체계」에 근거한 삼성전자주식회사(이하 ""회사"")의 내부회계관리제도를 감사하였습니다.
우리의 의견으로는 회사의 내부회계관리제도는 2019년 12월 31일 현재「내부회계관리제도 설계 및 운영 개념체계」에 따라 중요성의 관점에서 효과적으로 설계 및 운영되고 있습니다.
우리는 또한 회계감사기준에 따라, 회사의 2019년 12월 31일 현재의 재무상태표, 동일로 종료되는 보고기간의 손익계산서, 포괄손익계산서, 자본변동표, 현금흐름표 그리고 유의적인
회계정책의 요약을 포함한 재무제표의 주석을 감사하였으며, 2020년 2월 21일자 감사보고서에서
적정의견
을 표명
내부회계관리제도 감사의견근거
우리는 회계감사기준에 따라 감사를 수행하였습니다. 이 기준에 따른 우리의 책임은 이 감사보고서의 내부회계관리제도에 대한 감사인의 책임 단락에 기술되어 있습니다. 우리는 내부회계관리제도감사와 관련된 대한민국의 윤리적 요구사항에 따라 회사로부터 독립적이며, 그러한 요구사항에 따른 기타 윤리적 책임들을 이행하였습니다. 우리가 입수한 감사증거가 감사의견을 위한 근거로서 충분하고 적합하다고 우리는 믿습니다.
내부회계관리제도에 대한 경영진과 지배기구의 책임
경영진은 효과적인 내부회계관리제도를 설계, 실행 및 유지할 책임이 있으며, 내부회계관리제도 운영실태보고서에 포함된 내부회계관리제도의 효과성에 대한 평가에 책임이 있습니다.
지배기구는 회사의 내부회계관리제도의 감시에 대한 책임이 있습니다.
내부회계관리제도감사에 대한 감사인의 책임
우리의 책임은 우리의 감사에 근거하여 회사의 내부회계관리제도에 대한 의견을 표명하는데 있습니다. 우리는 회계감사기준에 따라 감사를 수행하였습니다. 이 기준은 우리가 중요성의 관점에서 내부회계관리제도가 효과적으로 유지되는지에 대한 합리적 확신을 얻도록 감사를 계획하고 수행할 것을 요구하고 있습니다.
내부회계관리제도 감사는 중요한 취약점이 존재하는지에 대한 감사증거를 입수하기 위한 절차의 수행을 포함합니다. 절차의 선택은 중요한 취약점이 존재하는지에 대한 위험평가를 포함하여 감사인의 판단에 따라 달라집니다. 감사는 내부회계관리제도에 대한 이해의 획득과 평가된 위험에 근거한 내부회계관리제도의 설계 및 운영에 대한 테스트 및 평가를 포함합니다.
내부회계관리제도의 정의와 고유한계
회사의 내부회계관리제도는 지배기구와 경영진, 그 밖의 다른 직원에 의해 시행되며, 한국채택국제회계기준에 따라 신뢰성 있는 재무제표의 작성에 합리적인 확신을 제공하기 위하여 고안된 프로세스입니다. 회사의 내부회계관리제도는 (1) 회사 자산의 거래와 처분을 합리적인 수준으로 정확하고 공정하게 반영하는 기록을 유지하고 (2) 한국채택국제회계기준에 따라 재무제표가 작성되도록 거래가 기록되고, 회사의 경영진과 이사회의 승인에 의해서만 회사의 수입과 지출이 이루어진다는 합리적인 확신을 제공하며 (3) 재무제표에 중요한 영향을 미칠 수 있는 회사 자산의 부적절한 취득, 사용 및 처분을 적시에 예방하고 발견하는 데 합리적인 확신을 제공하는 정책과 절차를 포함합니다.
내부회계관리제도는 내부회계관리제도의 본질적인 한계로 인하여 재무제표에 대한 중요한 왜곡표시를 발견하거나 예방하지 못할 수 있습니다. 또한, 효과성 평가에 대한 미래기간의 내용을 추정시에는 상황의 변화 혹은 절차나 정책이 준수되지 않음으로써 내부회계관리제도가 부적절하게 되어 미래기간에 대한 평가 및 추정내용이 달라질 위험에 처할 수 있습니다.
이 독립된 감사인의 내부회계관리제도 감사보고서의 근거가 된 감사를 실시한 업무수행이사는 공인회계사 홍준기 입니다.
서울특별시 용산구 한강대로 100
삼 일 회 계 법 인
대 표 이 사 김 영 식
2020년 2월
21일
이 감사보고서는 감사보고서일(2020년 2월 21일) 현재로 유효한 것입니다. 따라서 감사보고서일 이후 이 보고서를 열람하는 시점까지의 기간 사이에 회사의 내부회계관리제도에 중요한 영향을 미칠 수 있는 사건이나 상황이 발생할 수도 있으며, 이로 인하여 이 감사보고서가 수정될 수도 있습니다.
내부회계관리제도 운영실태보고서.jpg
내부회계관리제도 운영실태보고서
내부회계관리제도 운영실태보고서
외부감사 실시내용
외부감사 실시내용
「주식회사 등의 외부감사에 관한 법률」제18조제3항의 규정에 의하여 외부감사 실시내용을 첨부합니다.
1. 감사대상업무
회 사 명
삼성전자주식회사
감사대상 사업연도
2019년 01월 01일
부터
2019년 12월 31일
까지
2. 감사참여자 구분별 인원수 및 감사시간
(단위 : 명, 시간)
감사참여자 ＼ 인원수 및 시간
품질관리 검토자 (심리실 등)
감사업무 담당 회계사
전산감사ㆍ 세무ㆍ가치평가 등 전문가
건설계약 등 수주산업 전문가
합계
담당이사 (업무수행이사)
등록 공인회계사
수습 공인회계사
당기
전기
당기
전기
당기
전기
당기
전기
당기
전기
당기
전기
당기
전기
투입 인원수
17
11
1
1
26
37
18
24
74
53
-
-
136
126
투입시간
분ㆍ반기검토
32
49
612
400
14,976
15,050
4,194
4,308
4,287
4,548
-
-
24,101
24,355
감사
154
121
676
396
18,643
10,527
5,235
4,435
18,830
10,567
-
-
43,538
26,046
합계
186
170
1,288
796
33,619
25,577
9,429
8,743
23,117
15,115
-
-
67,639
50,401
3. 주요 감사실시내용
구 분
내 역
전반감사계획 (감사착수단계)
수행시기
2019.03.11 ~ 2019.09.30
84
일
주요내용
감사경험, 회사 및 산업에 대한 전반적 이해를 바탕으로 감사위험평가 및 감사절차의 성격, 시기 및 범위 등을 결정
현장감사 주요내용
수행시기
투입인원
주요 감사업무 수행내용
상주
비상주
2019.04.15 ~ 2019.06.28 2019.10.07 ~ 2019.11.15 2019.12.09 ~ 2020.01.10
50
일
13
명
10
명
시스템 및 자동 내부통제 감사
2019.03.04 ~ 2019.12.27
65
일
61
명
16
명
조기입증감사(연중감사)
2020.01.06 ~ 2020.01.23
14
일
47
명
10
명
조회확인 등 조기입증감사 절차 업데이트
2020.01.26 ~ 2020.02.21
19
일
45
명
13
명
재무제표 검증 및 감사종결 절차 수행
재고자산실사(입회)
실사(입회)시기
2019.11.29 / 2019.11.30 / 2019.12.02
3
일
실사(입회)장소
수원, 기흥, 구미, 광주사업장 등
실사(입회)대상
원재료, 재공품, 제품 등
금융자산실사(입회)
실사(입회)시기
2020.01.02 / 2020.01.03
2
일
실사(입회)장소
태평로, 기흥사업장 등
실사(입회)대상
현금, 유가증권 등
외부조회
금융거래조회
O
채권채무조회
O
변호사조회
O
기타조회
타처보관재고자산
지배기구와의 커뮤니케이션
커뮤니케이션 횟수
4
회
수행시기
2019.04.29 / 2019.07.30 / 2019.10.28 / 2020.01.28
외부전문가 활용
감사 활용 내용
해당사항없음
수행시기
-
-
일
4. 감사(감사위원회)와의 커뮤니케이션
1
2019년 04월 29일
감사위원회 : 위원 3명 회사 : 감사팀장 외 1명 감사인 : 업무수행이사 외 1명
대면회의
연간 회계감사 일정 계획 분기 중점 검토 사항 논의 기타 감사계획단계 필수 커뮤니케이션 사항
2
2019년 07월 30일
감사위원회 : 위원 3명 회사 : 감사팀장 외 1명 감사인 : 업무수행이사 외 1명
대면회의
연간 감사계획 및 진행상황 핵심감사사항 선정계획 내부회계관리제도 감사 진행 상황 분기 중점 검토사항 및 기타 필수 커뮤니케이션 사항
3
2019년 10월 28일
감사위원회 : 위원 3명 회사 : 감사팀장 감사인 : 업무수행이사 외 1명
대면회의
핵심감사사항 선정 및 감사절차 계획 내부회계관리제도 감사 진행 상황 분기 중점 검토사항 및 기타 필수 커뮤니케이션 사항
4
2020년 01월 28일
감사위원회 : 위원 3명 회사 : 감사팀장 감사인 : 업무수행이사 외 1명
대면회의
핵심감사사항 등 중점 감사사항 내부회계관리제도 감사 진행 상황 기타 감사종료단계 필수 커뮤니케이션 사항",82223,/Users/june_kim/samsung_audit_nlp/data/raw/감사보고서_2019.htm,2026-03-31T07:17:32.927244+00:00
43,2020,감사의견,"우리는 삼성전자주식회사(이하 ""회사"")의 재무제표를 감사하였습니다. 동 재무제표는2020년 12월 31일 현재의 재무상태표, 동일로 종료되는 보고기간의 손익계산서, 포괄손익계산서, 자본변동표 및 현금흐름표 그리고 유의적 회계정책의 요약을 포함한 재무제표의 주석으로 구성되어 있습니다.
우리의 의견으로는 별첨된 회사의 재무제표는 회사의 2020년 12월 31일 현재의 재무상태, 동일로 종료되는 보고기간의 재무성과 및 현금흐름을 한국채택국제회계기준에 따라 중요성의 관점에서 공정하게 표시하고 있습니다.
우리는 또한 회계감사기준에 따라, 「내부회계관리제도 설계 및 운영개념체계」에 근거한 회사의 2020년 12월 31일 현재의 내부회계관리제도를 감사하였으며, 2021년 2월 17일자 감사보고서에서 적정의견을 표명하였습니다.",403,/Users/june_kim/samsung_audit_nlp/data/raw/감사보고서_2020.htm,2026-03-31T07:17:33.185891+00:00
44,2020,감사의견근거,"우리는 대한민국의 회계감사기준에 따라 감사를 수행하였습니다. 이 기준에 따른 우리의 책임은 이 감사보고서의 재무제표감사에 대한 감사인의 책임 단락에 기술되어 있습니다. 우리는 재무제표감사와 관련된 대한민국의 윤리적 요구사항에 따라 회사로부터 독립적이며, 그러한 요구사항에 따른 기타의 윤리적 책임을 이행하였습니다. 우리가 입수한 감사증거가 감사의견을 위한 근거로서 충분하고 적합하다고 우리는 믿습니다.",224,/Users/june_kim/samsung_audit_nlp/data/raw/감사보고서_2020.htm,2026-03-31T07:17:33.185891+00:00
45,2020,핵심감사사항,"핵심감사사항은 우리의 전문가적 판단에 따라 당기 재무제표감사에서 가장 유의적인사항들입니다. 해당 사항들은 재무제표 전체에 대한 감사의 관점에서 우리의 의견형성 시 다루어졌으며, 우리는 이러한 사항에 대하여 별도의 의견을 제공하지는 않습니다. 재화의 판매장려활동에 대한 매출차감 핵심감사사항으로 결정한 이유 IM(Information technology & Mobile communications) 부문 및 CE(Consumer Electronics) 부문에서 재화의 판매 시 회사는 명시적이거나 암묵적인 약정에 의거하여 유통업자 및 통신업자 등에게 할인 및 장려금 등을 제공하는 매출장려활동을 수행합니다. 재무제표에 대한 주석2(중요한 회계처리방침), 주석3(중요한 회계추정 및 가정)에서 설명한 바와 같이, 회사는 매출장려활동에 대한 예상지출액을 추정하여 재화의 판매에 따른 수익에서 차감합니다.
수익 차감 금액의 적정성과 관련하여 회사 경영진의 유의적인 추정 및 판단이 수반되어 편의가 개입될 가능성이 있으며 그 금액이 유의적인 것으로 판단되는 바, 우리는 재화의 판매장려활동에 대한 매출차감을 핵심감사사항으로 결정하였습니다.
핵심감사사항이 감사에서 다루어진 방법 회사의 재화의 판매 관련 매출장려활동 등의 회계처리에 대하여 우리가 수행한 주요 감사절차는 다음과 같습니다. · 매출차감 처리 관련 회사의 정책, 프로세스 및 내부통제 이해 · 매출차감 처리 관련 시스템에 대한 이해 및 평가 · 매출차감 정책의 승인에 대한 내부통제 평가 · 매출차감 추정 및 사후 정산 금액의 승인에 대한 내부통제 평가
· 매출차감 거래 근거 문서검사를 통한 추정의 적정성 확인
· 판매장려금의 추정치와 정산금액 비교 및 관련 문서검사를 통한 매출차감금액의 적정성 확인
기타사항
핵심감사사항은 우리의 전문가적 판단에 따라 당기 재무제표감사에서 가장 유의적인사항들입니다. 해당 사항들은 재무제표 전체에 대한 감사의 관점에서 우리의 의견형성 시 다루어졌으며, 우리는 이러한 사항에 대하여 별도의 의견을 제공하지는 않습니다. 재화의 판매장려활동에 대한 매출차감 핵심감사사항으로 결정한 이유 IM(Information technology & Mobile communications) 부문 및 CE(Consumer Electronics) 부문에서 재화의 판매 시 회사는 명시적이거나 암묵적인 약정에 의거하여 유통업자 및 통신업자 등에게 할인 및 장려금 등을 제공하는 매출장려활동을 수행합니다. 재무제표에 대한 주석2(중요한 회계처리방침), 주석3(중요한 회계추정 및 가정)에서 설명한 바와 같이, 회사는 매출장려활동에 대한 예상지출액을 추정하여 재화의 판매에 따른 수익에서 차감합니다.
수익 차감 금액의 적정성과 관련하여 회사 경영진의 유의적인 추정 및 판단이 수반되어 편의가 개입될 가능성이 있으며 그 금액이 유의적인 것으로 판단되는 바, 우리는 재화의 판매장려활동에 대한 매출차감을 핵심감사사항으로 결정하였습니다.
핵심감사사항이 감사에서 다루어진 방법 회사의 재화의 판매 관련 매출장려활동 등의 회계처리에 대하여 우리가 수행한 주요 감사절차는 다음과 같습니다. · 매출차감 처리 관련 회사의 정책, 프로세스 및 내부통제 이해 · 매출차감 처리 관련 시스템에 대한 이해 및 평가 · 매출차감 정책의 승인에 대한 내부통제 평가 · 매출차감 추정 및 사후 정산 금액의 승인에 대한 내부통제 평가
· 매출차감 거래 근거 문서검사를 통한 추정의 적정성 확인
· 판매장려금의 추정치와 정산금액 비교 및 관련 문서검사를 통한 매출차감금액의 적정성 확인
기타사항",1751,/Users/june_kim/samsung_audit_nlp/data/raw/감사보고서_2020.htm,2026-03-31T07:17:33.185891+00:00
46,2020,재무상태표,"제 52 기 : 2020년 12월 31일 현재
제 51 기 : 2019년 12월 31일 현재
삼성전자주식회사
(단위 : 백만원)
자 산
Ⅰ. 유 동 자 산
73,798,549
72,659,080
1. 현금및현금성자산
4, 28
989,045
2,081,917
2. 단기금융상품
4, 28
29,101,284
26,501,392
3. 매출채권
4, 5, 7, 28
24,736,740
26,255,438
4. 미수금
4, 7, 28
1,898,583
2,406,795
5. 선급비용
890,680
813,651
6. 재고자산
8
13,831,372
12,201,712
7. 기타유동자산
4, 28
2,350,845
2,398,175
Ⅱ. 비 유 동 자 산
155,865,878
143,521,840
1. 기타포괄손익-공정가치금융자산
4, 6, 28
1,539,659
1,206,080
2. 당기손익-공정가치금융자산
4, 6, 28
3,107
3,181
3. 종속기업, 관계기업 및 공동기업 투자
9
56,587,548
56,571,252
4. 유형자산
10
86,166,924
74,090,275
5. 무형자산
11
7,002,648
8,008,653
6. 순확정급여자산
14
1,162,456
486,855
7. 이연법인세자산
25
992,385
547,176
8. 기타비유동자산
4, 7, 28
2,411,151
2,608,368
자 산 총 계
229,664,427
216,180,920
부 채
Ⅰ. 유 동 부 채
44,412,904
36,237,164
1. 매입채무
4, 28
6,599,025
7,547,273
2. 단기차입금
4, 5, 12, 28
12,520,367
10,228,216
3. 미지급금
4, 28
9,829,541
9,142,890
4. 선수금
17
424,368
355,562
5. 예수금
4, 28
432,714
383,450
6. 미지급비용
4, 17, 28
7,927,017
5,359,291
7. 당기법인세부채
3,556,146
788,846
8. 유동성장기부채
4, 12, 13, 28
87,571
153,942
9. 충당부채
15
2,932,468
2,042,039
10. 기타유동부채
17
103,687
235,655
Ⅱ. 비 유 동 부 채
1,934,799
2,073,509
1. 사채
4, 13, 28
31,909
39,520
2. 장기차입금
4, 12, 28
150,397
174,651
3. 장기미지급금
4, 28
1,247,752
1,574,535
4. 장기충당부채
15
503,035
283,508
5. 기타비유동부채
1,706
1,295
부 채 총 계
46,347,703
38,310,673
자 본
Ⅰ. 자본금
18
897,514
897,514
1. 우선주자본금
119,467
119,467
2. 보통주자본금
778,047
778,047
Ⅱ. 주식발행초과금
4,403,893
4,403,893
Ⅲ. 이익잉여금
19
178,284,102
172,288,326
Ⅳ. 기타자본항목
20
(268,785)
280,514
자 본 총 계
183,316,724
177,870,247
부 채 와 자 본 총 계
229,664,427
216,180,920
별첨 주석은 본 재무제표의 일부입니다.",1582,/Users/june_kim/samsung_audit_nlp/data/raw/감사보고서_2020.htm,2026-03-31T07:17:33.185891+00:00
47,2020,포괄손익,"제 52 기 : 2020년 1월 1일부터 2020년 12월 31일까지
제 51 기 : 2019년 1월 1일부터 2019년 12월 31일까지
삼성전자주식회사
(단위 : 백만원)
Ⅰ. 매 출 액
29
166,311,191
154,772,859
Ⅱ. 매 출 원 가
21
116,753,419
113,618,444
Ⅲ. 매 출 총 이 익
49,557,772
41,154,415
판매비와관리비
21, 22
29,038,798
27,039,348
Ⅳ. 영 업 이 익
29
20,518,974
14,115,067
기 타 수 익
23
797,494
5,223,302
기 타 비 용
23
857,242
678,565
금 융 수 익
24
5,676,877
4,281,534
금 융 비 용
24
5,684,180
3,908,869
Ⅴ. 법인세비용차감전순이익
20,451,923
19,032,469
법 인 세 비 용
25
4,836,905
3,679,146
Ⅵ. 당 기 순 이 익
15,615,018
15,353,323
Ⅶ. 주 당 이 익
26
기본주당이익(단위 : 원)
2,299
2,260
희석주당이익(단위 : 원)
2,299
2,260
별첨 주석은 본 재무제표의 일부입니다.
포 괄 손 익 계 산 서
제 52 기 : 2020년 1월 1일부터 2020년 12월 31일까지
제 51 기 : 2019년 1월 1일부터 2019년 12월 31일까지
삼성전자주식회사
(단위 : 백만원)
Ⅰ. 당기순이익
15,615,018
15,353,323
Ⅱ. 기타포괄손익
(549,299)
(851,958)
후속적으로 당기손익으로 재분류되지 않는 포괄손익
(549,299)
(851,958)
1. 기타포괄손익-공정가치금융자산평가손익
6, 20
93,251
73,199
2. 순확정급여부채(자산) 재측정요소
14, 20
(642,550)
(925,157)
후속적으로 당기손익으로 재분류되는 포괄손익
-
-
Ⅲ. 총포괄손익
15,065,719
14,501,365
별첨 주석은 본 재무제표의 일부입니다.
자 본 변 동 표
제 52 기 : 2020년 1월 1일부터 2020년 12월 31일까지
제 51 기 : 2019년 1월 1일부터 2019년 12월 31일까지
삼성전자주식회사
(단위 : 백만원)
2019.1.1(전기초)
897,514
4,403,893
166,555,532
1,131,186
172,988,125
Ⅰ. 총포괄손익
1. 당기순이익
-
-
15,353,323
-
15,353,323
2. 기타포괄손익-공정가치금융자산평가손익
6, 20
-
-
(1,286)
74,485
73,199
3.
순확정급여부채(자산)
재측정요소
14, 20
-
-
-
(925,157)
(925,157)
Ⅱ. 자본에 직접 인식된 주주와의 거래
1. 배당
19
-
-
(9,619,243)
-
(9,619,243)
2019.12.31(전기말)
897,514
4,403,893
172,288,326
280,514
177,870,247
2020.1.1(당기초)
897,514
4,403,893
172,288,326
280,514
177,870,247
Ⅰ. 총포괄손익
1. 당기순이익
-
-
15,615,018
-
15,615,018
2. 기타포괄손익-공정가치금융자산평가손익
6, 20
-
-
-
93,251
93,251
3.
순확정급여부채(자산)
재측정요소
14, 20
-
-
-
(642,550)
(642,550)
Ⅱ. 자본에 직접 인식된 주주와의 거래
1. 배당
19
-
-
(9,619,242)
-
(9,619,242)
2020.12.31(당기말)
897,514
4,403,893
178,284,102
(268,785)
183,316,724
별첨 주석은 본 재무제표의 일부입니다.",1804,/Users/june_kim/samsung_audit_nlp/data/raw/감사보고서_2020.htm,2026-03-31T07:17:33.185891+00:00
48,2020,현금흐름,"제 52 기 : 2020년 1월 1일부터 2020년 12월 31일까지
제 51 기 : 2019년 1월 1일부터 2019년 12월 31일까지
삼성전자주식회사
(단위 : 백만원)
Ⅰ. 영업활동 현금흐름
37,509,025
22,796,257
1. 영업에서 창출된 현금흐름
39,541,654
28,344,706
가. 당기순이익
15,615,018
15,353,323
나. 조정
27
24,319,842
16,911,222
다. 영업활동으로 인한 자산부채의 변동
27
(393,206)
(3,919,839)
2. 이자의 수취
448,323
673,363
3. 이자의 지급
(148,262)
(306,633)
4. 배당금 수입
129,569
4,625,181
5. 법인세 납부액
(2,462,259)
(10,540,360)
Ⅱ. 투자활동 현금흐름
(31,175,575)
(13,537,171)
1. 단기금융상품의 순감소(증가)
(2,099,892)
6,212,479
2. 장기금융상품의 처분
-
1,400,000
3. 기타포괄손익-공정가치금융자산의 처분
503
1,239
4. 기타포괄손익-공정가치금융자산의 취득
(204,957)
(6,701)
5. 당기손익-공정가치금융자산의 처분
74
7,334
6. 종속기업, 관계기업 및 공동기업 투자의 처분
22,057
58,677
7. 종속기업, 관계기업 및 공동기업 투자의 취득
(163,456)
(925,139)
8. 유형자산의 처분
431,142
600,901
9. 유형자산의 취득
(26,962,042)
(17,240,242)
10. 무형자산의 처분
1,082
1,965
11. 무형자산의 취득
(2,239,834)
(2,855,959)
12. 사업결합으로 인한 현금유출액
-
(785,000)
13. 기타투자활동으로 인한 현금유출입액
39,748
(6,725)
Ⅲ. 재무활동 현금흐름
(7,426,376)
(9,787,719)
1. 단기차입금의 순증가(감소)
27
2,326,350
(41,078)
2. 사채 및 장기차입금의 상환
27
(134,443)
(128,431)
3. 배당금의 지급
(9,618,283)
(9,618,210)
Ⅳ. 외화환산으로 인한 현금의 변동
54
2,593
Ⅴ. 현금및현금성자산의 증가(감소)(Ⅰ+Ⅱ+Ⅲ+Ⅳ)
(1,092,872)
(526,040)
Ⅵ. 기초의 현금및현금성자산
2,081,917
2,607,957
Ⅶ. 기말의 현금및현금성자산
989,045
2,081,917
별첨 주석은 본 재무제표의 일부입니다.",1223,/Users/june_kim/samsung_audit_nlp/data/raw/감사보고서_2020.htm,2026-03-31T07:17:33.185891+00:00
49,2020,주석,"주석
제 52 기 : 2020년 12월 31일 현재
제 51 기 : 2019년 12월 31일 현재
삼성전자주식회사
1. 일반적 사항
:
삼성전자주식회사(이하 ""회사"")는 1969년 대한민국에서 설립되어 1975년에 대한민국의 증권거래소에 상장하였습니다. 회사의 사업은 CE 부문, IM 부문, DS 부문으로 구성되어 있습니다. CE(Consumer Electronics) 부문은 TV, 모니터, 에어컨 및 냉장고 등의 사업으로 구성되어 있고, IM(Information technology & Mobile communications) 부문은 휴대폰, 통신시스템, 컴퓨터 등의 사업으로 구성되어 있으며, DS(Device Solutions) 부문은
메모리,
Foundry, System LSI 등
의
반도체
사업으로
구성되어 있습니다. 회사의 본점 소재지는 경기도 수원시입니다.
회사의 재무제표는 한국채택국제회계기준에 따라 작성되었으며, 기업회계기준서 제1027호 '별도재무제표'에 따른 별도재무제표입니다.
2. 중요한 회계처리방침:
다음은 재무제표의 작성에 적용된 주요한 회계정책입니다. 이러한 정책은 별도의 언급이 없다면, 표시된 회계기간에 계속적으로 적용됩니다.
2.1 재무제표 작성기준
회사의 재무제표는 한국채택국제회계기준에 따라 작성되었습니다. 한국채택국제회계기준은 국제회계기준위원회(""IASB"")가 발표한 기준서와 해석서 중 대한민국이 채택한 내용을 의미합니다. 한국채택국제회계기준은 재무제표 작성 시 중요한 회계추정의 사용을 허용하고 있으며, 회계정책을 적용함에 있어 경영진의 판단을 요구하고 있습니다. 보다 복잡하고 높은 수준의 판단이 요구되는 부분이나 중요한 가정 및 추정이 요구되는 부분은 주석3에서 설명하고 있습니다.
2.2 회계정책과 공시의 변경
가. 회사가 채택한 제ㆍ개정 기준서
회사는 2020년 1월 1일로 개시하는 회계기간부터 다음의 주요 제ㆍ개정 기준서를 신규로
적용하였습니다.
-
기업회계기준서 제1103호 '사업결합' 개정 개정된 사업의 정의는, 취득한 활동과 자산의 집합을 사업으로 판단하기 위해서는 산출물의 창출에 함께 유의적으로 기여할 수 있는 능력을 가진 투입물과 실질적인 과정을 반드시 포함하도록 하였고 원가 감소에 따른 경제적효익은 제외하였습니다. 이와 함께 취득한 총자산의 대부분의 공정가치가 식별가능한 단일 자산 또는 자산집합에 집중되어 있는 경우 취득한 활동과 자산의 집합은 사업이 아닌, 자산 또는 자산의 집합으로 결정할 수 있는 선택적 집중테스트가 추가되었습니다.
해당
기준서의
개정으로 인하여 재무제표에 미치는 유의적인 영향은 없습니다.
나. 회사가 적용하지 않은 제ㆍ개정 기준서
제정 또는 공표됐으나 2020년 1월 1일 이후 시작하는 회계연도에 시행일이 도래하지 않았고, 회사가 조기 적용하지 않은 주요 제ㆍ개정 기준서는 다음과 같습니다.
- 기업회계기준서 제1116호 '리스' 개정 코로나바이러스감염증-19(이하 ""코로나19(COVID-19)"") 관련 임차료 할인 등에 대한
실무적
간편법으로,
리스이용자는
코로나19(COVID-19)
세계적
유행의
직접적인
결과로
발생한
임차료
할인
등이
리스변경에 해당하는지 평가하지 않을 수 있습니다.
이러한 실무적 간편법을 선택한 리스이용자는 임차료 할인 등으로 인한 리스료 변동을 그러한 변동이 리스변경이 아닐 경우에 이 기준서가 규정하는 방식과 일관되게 회계처리합니다.
동 개정사항은 2020년 6월 1일
이후
시작하는
회계연도부터
적용되며
조기도입이 가능합니다.
- 기업회계기준서 제1016호 '유형자산' 개정
기업이 자산을 의도한 방식으로 사용하기 전에 생산된 품목의 판매에서 발생하는 수익을 생산원가와 함께
당기손익으로
인식하도록
요구하며,
유형자산의
취득원가에서
차감하는 것을 금지하고 있습니다. 동 개정사항은 2022년 1월 1일 이후 시작하는 회계연도부터 적용되며
조기도입이 가능합니다.
2.3 종속기업, 관계기업 및 공동기업
기업회계기준서 제1110호 '연결재무
제표'에 의한 지배회사인 회사는
별도재무제표에서 종속기업, 관계기업 및 공동기업에 대한 투자를 기준서 제1027호 '별도재무제표'에 따라 원가법으로 처리하고 있습니다. 또한 종속기업, 관계기업 및 공동기업 투자에 대한 객관적인 손상의 징후가 있는 경우 종속기업, 관계기업 및 공동기업 투자의 회수가능액과 장부금액과의 차이는 손상차손으로 인식됩니다.
2.4 외화환산
가. 기능통화와 표시통화
회사는 회사 내 개별기업의 재무제표에 포함되는 항목들을 각각의 영업활동이 이루어지는 주된 경제 환경에서의 통화(""기능통화"")를 적용하여 측정하고 있습니다. 지배회사의 기능통화는 대한민국 원화(KRW)이며 재무제표는 대한민국 원화(KRW)로 표시되어 있습니다.
나. 외화거래와 보고기간종료일의 외화환산
외화거래는 거래일의 환율 또는 재측정되는 항목인 경우 평가일의 환율을 적용한 기능통화로 인식되고, 외화거래의 결제나 화폐성 외화 자산ㆍ부채의 환산에서 발생하는 외환차이는 당기손익으로 인식됩니다. 비화폐성 금융자산ㆍ부채로부터 발생하는 외환차이는 공정가치 변동손익의 일부로 보아 당기손익-공정가치 측정 지분상품으로부터 발생하는
외환차이는
당기손익에,
기타포괄손익-공정가치
측정
지분상품의 외환차이는 기타포괄손익에 포함하여 인식됩니다.
2.5 현금및현금성자산
현금및현금성자산은 보유중인 현금, 요구불예금 및 취득일 현재 확정된 금액의 현금으로 전환이 용이하고, 가치변동의 위험이 경미한 매우 유동적인 단기 투자자산으로 구성되어 있습니다.
2.6 금융자산
가. 분류
회사는
기준서
제1109호
'금
융상품
'의 최
초적용일
2018년 1월 1일부터 다음의 측정 범주로 금융자산을 분류합니다. -
공정가치 측정 금융자산 (기타포괄손익 또는 당기손익에 공정가치 변동 인식)
-
상각후원가 측정 금융자산
금융자산은 금융자산의 관리를 위한 사업모형과
금융자산의
계약상
현금흐름
특성에
근거하여 분류합니다. 공정가치로 측정하는 금융자산의 손익은 당기손익 또는 기타포괄손익으로 인식합니다. 채무상품에 대한 투자는 해당 자산을 보유하는 사업모형에 따라 당기손익 또는 기타포괄손익으로 인식합니다.
회사는 금융자산을 관리하는 사업모형을 변경하는 경우에만 채무상품을 재분류합니다.
단기매매항목이 아닌 지분상품에 대한 투자는 최초 인식 시점에 후속적인 공정가치 변동을 기타포괄손익으로 표시할 것을 지정하는 취소불가능한 선택을 할 수 있습니다. 지정되지 않은 지분상품에 대한 투자의 공정가치 변동은 당기손익으로 인식합니다.
나. 측정
회사는 최초 인식 시점에 금융자산을 공정가치로 측정하며, 당기손익-공정가치 측정 금융자산이 아닌 경우에 해당 금융자산의 취득이나 해당 금융부채의 발행과 직접 관련되는 거래원가는 공정가치에 가산합니다. 당기손익-공정가치 측정 금융자산의 거래원가는 당기손익으로 비용처리합니다. 내재파생상품을 포함하는 복합계약은 계약상 현금흐름이 원금과 이자로만 구성되어 있는지를 결정할 때 해당 복합계약 전체를 고려합니다.
(1) 채무상품
금융자산의 후속적인 측정은 금융자산의 계약상 현금흐름 특성과 그 금융자산을 관리하는 사업모형에 근거합니다. 회사는 채무상품을 다음의 세 범주로 분류합니다.
① 상각후원가 측정 금융자산 계약상 현금흐름을 수취하기 위해 보유하는 것이 목적인 사업모형 하에서 금융자산을 보유하고, 계약상 현금흐름이 원리금만으로 구성되어 있는 자산은 상각후원가로 측정합니다. 상각후원가로 측정하는 금융자산으로서 위험회피관계의 적용 대상이 아닌 금융자산의 손익은 해당 금융자산을 제거하거나 손상할 때 당기손익으로 인식합니다. 유효이자율법에 따라 인식하는 금융자산의 이자수익은 '금융수익'에 포함됩니다.
② 기타포괄손익-공정가치 측정 금융자산 계약상 현금흐름의 수취와 금융자산의 매도 둘 모두를 통해 목적을 이루는 사업모형 하에서 금융자산을 보유하고, 계약상 현금흐름이 원리금만으로 구성되어 있는 금융자산은 기타포괄손익-공정가치로 측정합니다. 손상차손(환입)과 이자수익 및 외환손익을 제외하고는, 기타포괄손익-공정가치로 측정하는 금융자산의 손익은 기타포괄손익으로 인식합니다. 금융자산을 제거할 때에는 인식한 기타포괄손익누계액을 자본에서 당기손익으로 재분류합니다. 유효이자율법에 따라 인식하는 금융자산의 이자수익은 '금융수익'에 포함됩니다. 외환손익은
'금융수익' 또는
'금융비용'
으로
표시하고
손상차손은 '
기타비용'
으로 표시합니다. ③ 당기손익-공정가치 측정 금융자산 상각후원가 측정이나 기타포괄손익-공정가치 측정 금융자산이 아닌 채무상품은 당기손익-공정가치로 측정됩니다. 위험회피관계가 적용되지 않는 당기손익-공정가치 측정 채무상품의 손익은 당기손익으로 인식하고 발생한 기간에 손익계산서에
'기타수익' 또는 '기타비용'
으로 표시합니다.
(
2) 지분상품
회사는 모든 지분상품에 대한 투자를 후속적으로 공정가치로 측정합니다. 공정가치 변동을 기타포괄손익으로 표시할 것을 선택한 지분상품에 대해 기타포괄손익으로 인식한 금액은 해당 지분상품을 제거할 때에도 당기손익으로 재분류하지 않
고
제
거되는 시점에 자본에 누적된 기타포괄손익-공정가치금융자산평가손익을 이익잉여금으로 대체합니다.
이러한 지분상품에 대한 배당수익은 회사가 배당을 받을 권리가 확정된 때에
손익계산서에
'기타수익'
으로
인식합니다.
당기손익-공정가치로 측정하는 금융자산의 공정가치 변동은 손익계산서에
'기타수익' 또는 '기타비용'
으로 표시합니다.
다. 손상
회사는 미래전망정보에 근거하여 상각후원가로 측정하거나 기타포괄손익-공정가치로 측정하는 채무상품에 대한 기대신용손실을 평가합니다. 손상 방식은 신용위험의 유의적인 증가 여부에 따라 결정됩니다.
단, 매출채권에 대해 회사는 채권의 최초 인식 시점부터 전체기간 기대신용손실을 인식하는 간편법을 적용합니다. 라. 인식과 제거 금융자산의 정형화된 매입 또는 매도는 매매일에 인식하거나 제거합니다. 금융자산은 현금흐름에 대한 계약상 권리가 소멸하거나 금융자산을 양도하고 소유에 따른 위험과 보상의 대부분을 이전한 경우에 제거됩니다. 회사가 금융자산을 양도한 경우라도 채무자의 채무불이행 시의 소구권 등으로 양도한 금융자산의 소유에 따른 위험과 보상의 대부분을 회사가 보유하는 경우에는 이를 제거하지 않고 그 양도자산 전체를 계속하여 인식하되, 수취한 대가를 금융부채로 인식합니다. 해당 금융부채는 재무상태표에 '차입금'으로 분류하고 있습니다. 마. 금융상품의 상계 금융자산과 부채는 인식한 자산과 부채에 대해 법적으로 집행가능한 상계권리를 현재 보유하고 있고, 순액으로 결제하거나 자산을 실현하는 동시에 부채를 결제할 의도를 가지고 있을 때 상계하여 재무상태표에 순액으로 표시합니다. 법적으로 집행가능한 상계권리는 미래사건에 좌우되지 않으며, 정상적인 사업과정의 경우와 채무불이행의 경우 및 지급불능이나 파산의 경우에도 집행가능한 것을 의미합니다.
2.7 매출채권
매출채권은 정상적인 영업과정에서 판매된 재고자산 및 제공된 용역과 관련하여 고객으로부터 수취할 금액입니다. 매출채권의 회수가 1년 이내에 예상되는 경우 유동자산으로 분류하고, 그렇지 않은 경우 비유동자산으로 분류합니다.
매출채권은
유의적인
금융요소를 포함하지 않는 경우를 제외하고는
최초에 공정가치로 인식하며, 유효이자율을 적용한 상각후원가에서
손실충당금을 차감하여 측정하고 있습니다.
2.8 재고자산
재고자산은 원가와 순실현가능가치 중 작은 금액으로 표시하고 있습니다. 원가는 미착품을 제외하고는 평균법에 따라 결정하고 있습니다. 제품과 재공품의 원가는 원재료비, 직접노무비 및 기타 직접원가와 정상조업도에 근거한 관련 제조간접비로 이루어지며, 유휴생산설비원가나 폐기비용은 제외하고 있습니다. 순실현가능가치는 정상적인 영업과정에서의 추정 판매가격에서 적용 가능한 변동 판매비용을 차감한 금액입니다.
회사는 주기적으로 재고자산평가충당금의 중요한 변동을 발생시킬 가능성이 있는 미래의 제품 수요 등을 검토하여 과잉, 진부화 및 시장가치의 하락 등이 발생한 경우 재고자산평가충당금을 계상하고 있으며 재고자산평가손실을 '매출원가'로 처리하고 있습니다.
2.9 유형자산
유형자산은 역사적 원가에서 감가상각누계액과 손상차손누계액을 차감하여 표시하고 있습니다. 역사적 원가는 자산의 취득에 직접적으로 관련된 지출을 포함합니다. 후속원가는 자산으로부터 발생하는 미래의 경제적 효익이 회사에 유입될 가능성이 높으며 그 원가를 신뢰성 있게 측정할 수 있는 경우에 한하여 자산의 장부금액에 포함하거나 별도의 자산으로 인식하고 있습니다. 대체된 부분의 장부금액은 제거하고 있으며 그 외의 모든 수선 및 유지비는 발생한 기간의 비용으로 인식하고 있습니다.
회사의 유형자산은 취득원가에서 회사가 추정한 추정내용연수에 따라 정액법에 의하여 상각됩니다. 토지는 상각되지 않으며, 자본화차입금이자를 포함한 장기건설자산의 취득에 사용된 원가는 관련 자산의 추정내용연수 동안 상각됩니다.
자산별로 회사가 사용하고 있는 대표추정내용연수는 다음과 같습니다.
건물 및 구축물
15, 30 년
기계장치
5 년
기타
5 년
회사는 매 회계연도 말에 유형자산의 감가상각방법, 잔존가치와 경제적 내용연수를 검토하고 필요한 경우 조정을 하고 있습니다. 자산의 장부금액이 추정 회수가능액을 초과하는 경우 자산의 장부금액을 회수가능액으로 즉시 감소시키고 있습니다. 자산의 처분손익은 처분대가와 자산의 장부금액의 차이로 결정되며, 손익계산서에 '기타수익' 또는 '기타비용'으로 표시하고 있습니다.
2.10
차입원가
적격자산을 취득 또는 건설하는데 발생한 차입원가는 해당 자산을 의도된 용도로 사용할
수 있도록 준비하는 기간 동안 자본화되고, 적격자산을 취득하기
위한
특정목적
차입금의 일시적 운용에서 발생한 투자수익은 당 회계기간 동안 자본화 가능한 차입원가에서 차감됩니다. 기타 차입원가는 발생기간에 비용으로 인식됩니다.
2.11
무형자산
영업권은 취득 시점에 취득하는 종속기업, 관계기업 및 공동기업, 사업 등의 순식별가능자산에 대한 회사의 지분에 해당하는 공정가치를 초과하여 지급한 대가에 해당하며 종속기업의 사업취득과 관련된 건은 무형자산으로, 관계기업 및 공동기업의 지분 취득과 관련한 건은 관계기업 및 공동기업 투자에 포함하여 계상하고 있습니다. 영업권을 제외한 무형자산은 역사적 원가로 최초 인식되고, 원가에서 상각누계액과 손상차손누계액을 차감한 금액으로 표시됩니다. 내부적으로 창출한 무형자산인 개발비는 기술적 실현가능성, 미래경제적효익 등을 포함한 자산 인식요건이 충족된 시점 이후에 발생한 지출금액의 합계입니다.
회원권 및
특정 상표권은
이용 가능 기간에 대하여 예측가능한 제한이 없으므로 내용연수가 한정되지 않아 상각되지 않습니다. 하지만 회원권의 시장가치 하락 등 손상 징후 발견 시 합리적으로 추정하여 손상을 반영합니다.
특허권, 상표권 및 기타무형자산 등 한정된 내용연수를 가지는 무형자산은 추정내용연수동안 정액법에 따라 상각하고 있습니다.
자산별 대표추정내용연수는 다음과 같습니다.
개발비
2년
특허권, 상표권 및 기타무형자산
5년 ~ 10년
2.12
비금융자산의 손상
영업권이나 비한정내용연수를 가진 무형자산은 상각하지 않고 매년 손상검사를 실시하고 있습니다. 상각하는 자산의 경우 매 보고기간종료일에 장부금액이 회수가능하지 않을 수도 있음을 나타내는 환경의 변화나 사건이 있을 때마다 손상검사를 수행하고 있습니다. 손상차손은 회수가능액을 초과하는 장부금액만큼 인식하고 있습니다. 회수가능액은 순공정가치와 사용가치 중 큰 금액으로 결정하고 있습니다. 손상을 측정하기 위한 목적으로 자산은 별도로 식별 가능한 현금흐름을 창출하는 가장 하위 수준의 집단(현금창출단위)으로 그룹화하고 있습니다. 손상차손을 인식한 경우, 영업권이외의 비금융자산은 매
보고기간종료일에 손상차손의 환입가능성을 검토하고 있습니다.
2.13 매각예정분류(처분자산집단)
비유동자산(또는 처분자산집단)은 장부금액이 매각거래를 통하여 주로 회수되고, 매각될 가능성이 매우 높은 경우에 매각예정으로 분류되며, 그러한 자산은 장부금액과 순공정가치 중 작은 금액으로 측정됩니다. 매각예정분류(처분자산집단) 처분손익은 처분대가와 자산의 장부금액의 차이로 결정되며, 손익계산서에 '기타수익' 또는 '기타비용'으로 표시하고 있습니다.
2.
14
금융부채
가. 분류 및 측정
모든 금융부채는 다음을 제외하고는 후속적으로 상각후원가로 측정되도록 분류합니다.
(1) 당기손익-공정가치 측정 금융부채
파생상품부채를 포함한 이러한 부채는 후속적으로 공정가치로 측정합니다.
(2)
금융자산의 양도가 제거 조건을 충족하지 못하거나 지속적 관여 접근법이 적용 되는 경우에 생기는 금융부채
이러한 금융부채는 주석 2.6 금융자산의 내용을 적용하여 측정합니다.
(3) 금융보증계약
최초 인식 시 공정가치로 측정되며, 이후에 이러한 계약의 발행자는 해당 계약을 후속적으로 다음 중 큰 금액으로 측정합니다.
- 기대신용손실에 따라 산정한 손실충당금
- 최초 인식금액에서 기준서 제1115호 '고객과의 계약에서 생기는 수익'에 따라 인식한 이익누계액을 차감한 금액
(4) 시장이자율보다 낮은 이자율로 대출하기로 한 약정 최초 인식 후에 이러한 약정의 발행자는 후속적으로 해당 약정을 다음 중 큰 금액으로 측정합니다. - 기대신용손실에 따라 산정한 손실충당금 - 최초 인식금액에서 기준서 제1115호에 따라 인식한 이익누계액을 차감한 금액
(5) 기준서 제1103호를 적용하는 사업결합에서 취득자가 인식하는 조건부 대가 이러한 조건부 대가는 후속적으로 당기손익-공정가치로 측정합니다.
나. 제거 금융부채는 계약상 의무가 이행, 취소 또는 만료되어 소멸되거나 기존 금융부채의 조건이 실질적으로 변경된 경우에 재무상태표에서 제거됩니다. 소멸하거나 제3자에게 양도한 금융부채의 장부금액과 지급한 대가(양도한 비현금자산이나 부담한 부채를 포함)의 차액은 당기손익으로 인식합니다.
2.
15
매입채무
매입채무는 정상적인 영업과정에서 공급자로부터 취득한 재고자산 및 제공받은 용역과 관련하여 지급할 의무가 있는 금액입니다. 매입채무의 지급이 12개월 이내에 예상되는 경우 유동부채로 분류하고, 그렇지 않은 경우 비유동부채로 분류합니다. 매입채무는 최초에 공정가치로 인식하며, 후속적으로 유효이자율법을 사용한 상각후원가로 측정하고 있습니다.
2.
16
차입금
차입금은 최초에 공정가치에서 거래비용을 차감한 가액으로 인식하며, 후속적으로 상각후원가로 측정하고 있습니다. 거래비용 차감 후 수취한 금액과 상환금액의 차이는 유효이자율법으로 상각하여 차입기간 동안 손익계산서에 인식하고 있습니다. 또한, 보고기간종료일 이후 12개월 이상 결제를 이연할 수 있는 무조건적인 권리가 있는 경우 비유동부채로 분류하며, 그렇지 않은 경우 유동부채로 분류하고 있습니다.
2.
17
충당부채 및 우발부채
과거사건의 결과로 현재의 법적의무나 의제의무가 존재하고, 그 의무를 이행하기 위한 자원의 유출가능성이 높으며, 당해 금액의 신뢰성 있는 추정이 가능한 경우 회사는 충당부채를 인식하고 있습니다. 미래영업손실에 대하여는 충당부채를 인식하지 않습니다.
충당부채는 의무를 이행하기 위하여 예상되는 지출액의 현재가치로 측정하며, 현재가치 평가에 사용하는 할인율은 그 부채의 고유한 위험과 화폐의 시간가치에 대한 현행 시장의 평가를 반영한 세전이자율입니다. 시간경과로 인한 충당부채의 증가는 이자비용으로 인식하고 있습니다.
또한, 과거사건은 발생하였으나 불확실한 미래사건의 발생 여부에 의해서 존재 여부가 확인되는 잠재적인 의무가 있는 경우 또는 과거사건이나 거래의
결과
현재
의무가
존재하나 자원이 유출될 가능성이 높지 않거나 당해 의무를 이행하여야 할 금액을 신뢰성 있게 추정할 수 없는 경우 우발부채로 주석기재하고 있습니다.
2.
18
종업원급여
회사는 확정급여제도와 확정기여제도를 포함하는 다양한 형태의 퇴직연금제도를 운영하고 있습니다.
확정기여제도는 회사가 고정된 금액의 기여금을 별도 기금에 지급하는 퇴직연금제도입니다. 해당 기금이 현재나 과거 기간의 종업원 용역과 관련하여 지급하여야 할 급여 전액을 지급하기에 충분한 자산을 보유하지 못하는 경우에도 회사는 추가적인 기여금을 납부할 법적 의무나 의제의무를 부담하지 않습니다. 확정기여제도와 관련하여 회사는 상장되거나 비상장으로 관리되고 있는 연금보험제도에 의무적으로나 계약에 의해 또는 자발적으로 기여금을 지급하고 있습니다. 기여금이 지급된 이후에 회사는 더 이상의 미래 의무를 부담하지 않습니다. 기여금은 종업원이 근무 용역을 제공했을 때 비용으로 인식됩니다. 선급 기여금은 초과 기여금으로 인해 미래 지급액이 감소하거나 현금이 환급되는 만큼을 자산으로 인식하고 있습니다.
확정급여제도는 확정기여제도를 제외한 모든 퇴직연금제도입니다. 일반적으로 확정급여제도는 연령, 근속연수나 급여수준 등의 요소에 의해 종업원이 퇴직할 때 지급받을 퇴직연금급여의 금액을 확정하고 있습니다. 확정급여제도와 관련하여 재무상태표에 계상된 부채(자산)는 보고기간종료일 현재 확정급여채무의 현재가치에 사외적립자산의 공정가치를 차감한 과소적립액(자산인식상한을 한도로 하는 초과적립액)입니다. 확정급여채무는 매년 독립된 보험계리인에 의해 예측단위적립방식에 따라 산정됩니다. 확정급여채무의 현재가치는 급여가 지급될 통화로 표시되고 관련 확정급여채무의 지급 시점과 만기가 유사한 우량회사채의 이자율로 기대미래현금유출액을 할인하여 산정하고 있습니다.
보험수리적 가정의 변경 및 보험수리적 가정과 실제로 발생한 결과의 차이로 인해 발생하는 보험수리적손익은 발생한 기간의 기타포괄손익으로 인식하고 있으며, 제도개정, 축소 또는 정산이 발생하는 경우 과거근무원가 또는 정산으로 인한 손익은 발생 즉시 당기손익으로 인식하고 있습니다.
2.
19
금융보증계약
금융보증계약은 채무상품의 최초 계약조건이나 변경된 계약조건에 따라 지급기일에 특정 채무자가 지급하지 못하여 보유자가 입은 손실을 보상하기 위하여 특정 금액을 지급하여야 하는 계약입니다. 회사가 제공한 금융보증계약은 최초 인식 시 공정가치로 측정되며, 후속적으로는 다음 중 큰 금액으로 측정하여 기타금융부채로 인식됩니다. (1) 금융상품의 손상 규정에 따라 산정한 손실충당금 (2) 최초 인식금액에서 기준서 제1115호에 따라 인식한 이익누계액을 차감한 금액
2.
20
당기법인세 및 이연법인세
회사의 법인세비용은 당기법인세와 이연법인세로 구성됩니다. 법인세는 기타포괄손익이나 자본에 직접 인식된 항목과 관련된 금액은 해당 항목에서 직접 인식하며, 이를 제외하고는 당기손익으로 인식됩니다. 법인세비용은 보고기간종료일 현재 제정되었거나 실질적으로 제정된 세법에 기초하여 측정됩니다.
이연법인세는 자산과 부채의 장부금액과 세무기준액의 차이로 정의되는 일시적차이에 대하여 장부금액을 회수하거나 결제할 때의 예상
법인세효과로
인식됩니다.
다만,
사업결합 이외의 거래에서 자산ㆍ부채를 최초로 인식할 때 발생하는 이연법인세자산과 부채는 그 거래가 회계이익이나 과세소득에 영향을 미치지 않는다면 인식되지 않습니다. 이연법인세자산은 차감할 일시적차이가 사용될 수 있는 미래 과세소득의 발생가능성이 높은 경우에 인식됩니다.
종속기업, 관계기업 및 공동기업 투자지분과 관련된 가산할 일시적차이에 대하여 소멸 시점을 통제할 수 있고 예측가능한 미래에 일시적차이가 소멸하지 않을 가능성이 높은 경우를 제외하고 이연법인세부채를 인식하고 있습니다. 또한 이러한 자산으로부터 발생하는 차감할 일시적차이에 대하여
일시적차이가
예측가능한
미래에
소멸할
가능성이 높고 일시적차이가 사용될 수 있는 과세소득이 발생할 가능성이 높은 경우에만 이연법인세자산을 인식하고 있습니다.
이연법인세자산과 부채는 당기법인세자산과 당기법인세부채를 상계할 수 있는 법적으로 집행가능한 권리를 회사가 보유하고, 이연법인세자산과 부채가 동일한 과세당국에 의해서 부과되는 법인세와 관련이 있으면서 순액으로 결제할 의도가 있는 경우
에 상계됩니다.
2.
21
파생상품
회사는 파생상품의 계약에 따라 발생된 권리와 의무를 공정가액으로 평가하여 자산과 부채로 계상하고, 동 계약으로부터 발생한 손익은 발생 시점에 당기손익으로 인식하고 있습니다. 다만, 요건을 충족한 현금흐름위험회피와 해외사업장에 대한 순투자에 대한 위험회피금액은 자본항목으로 이연하고 있습니다.
회사는 재고자산의 가격 변동 위험 등을 회피하기 위한 현금흐름 위험회피회계를 적용하고 있습니다. 현금흐름위험회피 대상으로 지정되어 적용요건을 충족하는 파생상품의 공정가치 변동 중 위험회피에 효과적인 부분은 기타포괄손익으로 인식하고, 비효과적인 부분은 금융수익 또는 금융비용으로 인식하고 있습니다.
2.
22
배당금
배당금은 회사의 주주에 의해 승인된 시점에 부채로 인식하고 있습니다.
2.
23
자본금
보통주와 상환의무 없는 우선주는 모두 자본으로 분류하고 있습니다. 회사 또는 종속기업이 회사의 보통주를 취득하는 경우, 직접거래원가를 포함하는 지급 대가는 그 보통주가 소각되거나 재발행 될 때까지 회사의 자본에서 차감하여 표시하고 있습니다. 이러한 자기주식이 재발행되는 경우, 수취한 대가는 회사의 주주에게 귀속되는 자본에 포함하고 있습니다.
2.
24
수익인식
수익은 주로 회사의 통상적인 활동에서 발생하는 재화의 판매에 대하여 받았거나 받을 대가의 공정가액으로 구성되어 있습니다. 수익은 부가가치세, 반품, 판매장려금 및 가격 할인액을 차감한 순액으로 표시하며, 내부거래를 제거한 후의 금액으로 표시하고 있습니다.
회사는 2018년 1월 1일부터 기준서 제1115호 '고객과의 계약에서 생기는 수익'을 적용하였습니다
.
제1115호에 따르면 모든 유형의 계약에 5단계 수익인식모형(① 계약 식별 → ② 수행의무 식별 → ③ 거래가격 산정 → ④ 거래가격을 수행의무에 배분 → ⑤ 수행의무 이행 시 수익 인식)을 적용하여 수익을 인식합니다.
(
1
) 수행의무의 식별
회사는
Incoterms Group C
조건(무역조건 CIF 등)에
따라 다양한 제품 및 상품을 수출하고 있습니다. 고객에게 통제가 이전된 이후 매도인이 운송서비스를 제공하므로 해당 운송서비스(보험 포함)를 별도의 수행의무로 인식합니다.
(2) 기간에 걸쳐 이행하는 수행의무
회사는
조달청을
통해
수주되는
시스템에어컨 도급공사계약에 따라 고객에게 제품을
납품하고 설치를 수행하고 있습니다. 기준서 제1115호에 따르면 기업이 수행하여 만들어지거나 가치가 높아지는 대로 고객이 통제하는 자산을 기업이 만들거나 그 자산가치를 높이는 경우 진행기준을 적용하여 수익을 인식하여야 합니다. 이에 따라 시스템에어컨 설치용역의 경우 용역 수행 경과에 따른 결과물을 고객이 직접 통제하기 때문에 진행기준을 적용하여 수익을 인식합
니다.
(3) 변동대가
회사는 받을 권리를 갖게 될 대가를 더 잘 예측할 것으로 예상하는 기댓값 방법을 사용하여 변동 대가를 추정하고, 반품 기한이 경과할 때 이미 인식한 누적 수익금액 중 유의적인 부분을 되돌리지 않을 가능성이 매우 높은 금액까지만 변동대가를 거래가격에 포함하여 수익을 인식합니다. 기업이 받았거나 받을 대가 중에서 권리를 갖게 될 것으로 예상하지 않는
금액은
환불부채로
인식하며,
고객이
반품
권리를
행사할 때 고객으로부터 제품을 회수할 권리를 가지므로 그 자산을 환
불자산으로
인식하고 해당 금액만큼 매출원가를 조정합니다. 제품을 회수할 권리는 제품의 과거 장부금액에서 제품을 회수하는데 드는 원가를 차감하여 측정합니다.
(4) 거래가격의 배분
회사는 하나의 계약에서 식별된 여러 수행의무에 상대적 개별 판매가격을 기초로 거래가격을 배분합니다. 각 수행의무의 개별 판매가격을 추정하기 위하여 '시장평가 조정 접근법' 등을 사용합니다.
2.
25
리스
리스는 리스제공자가
대가와 교환하여
식별되는 자산의 사용 통제권을 일정기간 리스이용자에게 이전하는 계약입니다.
회사는 계약의 약정 시점에, 계약 자체가 리스인지, 계약이 리스를 포함하는지를 판단합니다.
다만,
회사는
기준서 제1116호 '리스' 최초적용일인
2019년 1월 1일
이전 계약에 대해서는 실무적 간편법을 적용하여 모든 계약에 대해 다시 판단하지
않았습니다.
리스이용자 및 리스제공자는 리스계약이나 리스를 포함하는 계약에서 계약의 각 리스요소를 리스가 아닌 요소(이하 ""비리스요소"")와 분리하여 리스로 회계처리합니다.
다만, 회사는 리스이용자로서의 회계처리에서
실무적 간편법을 적용하여 비리스요소를 리스요소와 분리하지 않고 각 리스요소와 관련 비리스요소를 하나의 리스요소로 회계처리합니다. (
1) 리스이용자 회사는
리스개시일에
기초자산을 사용할 권리를 나타내는 사용권자산(리스자산)과 리스료를 지급할 의무를 나타내는 리스부채를
인식합니다.
사용권자산은 최초 인식 시 원가로 측정하고, 후속적으로 원가에서 감가상각누계액과 손상차손누계액을 차감하고, 리스부
채의 재측정에 따른 조정을 반영하여 측정합니다.
또한 사용권자산은 리스개시일부터 사용권자산의 내용연수 종료일과 리스기간 종료일 중 이른 날까지의 기간동안 감가상각합니다.
사용권자산은
재무상태표에
'유형자산'으로 분류합니다.
리스부채는
리스개시일에 그날 현재 지급되지 않은 리스료의 현재가치로 측정합니다. 현재가치 측정 시 리스의 내재이자율로 리스료를 할인하되, 내재이자율을 쉽게 산정할 수 없는 경우에는 회사의 증분차입이자율로 리스료를 할인하고 있습니다. 리스부채는 후속적으로 리스부채에 대하여 인식한 이자비용만큼 증가하고, 리스료의 지급을 반영하여 감소합니다. 지수나 요율(이율)의 변동, 잔존가치보증에 따라 지급할 것으로 예상되는 금액의 변동, 매수선택권이나 연장선택권을 행사할 것이 상당히 확실한지나 종료선택권을 행사하지 않을 것이 상당히 확실한지에 대한 평가의 변동에 따라 미래 리스료가 변경되는 경우에 리스부채를 재측정합니다. 리스부채는 재무상태표에 '유동성장기부채' 또는 '장기차입금'으로 분류합니다.
단기리스(리스개시일에 리스기간이 12개월 이하)와 소액자산 리스(기초자산 US$ 5,000 이하)의 경우
실무적 간편법을 적용
하여
리스료를 리스기간에 걸쳐 정액기준으로 비용을 인식합니다.
(
2)
리스제공자
리스제공자의 회계처리는
2019년 1월 1일 기준서 제1116호를
최초 적용하기 전의
회계정책과 유의적으로 변동되지 않았습니다.
회사는 리스약정일에 리스자산의 소유에 따른 위험과 보상의 대부분을 이전하는 리스는 금융리스로 분류하고, 금융리스 이외의 모든 리스는 운용리스로 분류합니다. 운용리스로부터 발생하는 리스료 수익은 리스기간에 걸쳐 정액기준으로 인식하고, 운용리스의 협상 및 계약 단계에서 발생한 리스개설 직접원가는 리스자산의 장부금액에 가산한 후 리스료 수익에 대응하여 리스기간 동안 비용으로 인식합니다.
2.
26
정부보조금
정부보조금은 보조금의 수취와 정부보조금에 부가된 조건의 준수에 대한 합리적인 확신이 있을 때 공정가치로 인식됩니다. 수익과 관련된 정부보조금은 이연하여 정부보조금의 교부 목적과 관련된 수익 또는 비용과 대응될 수
있는
기간에
손익계산서에
인식하고 있습니다. 한편, 특정 자산의 취득과 관련된 정부보조금은 이연수익으로 처리하고, 정부보조금 관련 이연수익은 관련 자산의 내용연수 동안 상각하여 손익으로 반영하고 있습니다.
2.
27
주당이익
기본주당이익은 주주에게 귀속되는 손익계산서상 당기순이익을 보고기간 동안의 회사의 가중평균 유통보통주식수로 나누어 산정한 것입니다.
희석주당이익은 주주에게 귀속되는 손익계산서상 당기순이익을 보고기간 동안의 회사의 가중평균 유통보통주식수와 가중평균 잠재적 희석증권주식수로 나누어 산정한 것입니다. 잠재적 희석증권은 희석효과가 발생하는 경우에만 희석주당이익의 계산에 반영됩니다.
2.
28
보고부문
보고부문은 최고영업의사결정자에게 보고되는 부문별로 공시되고 있습니다
. 최고영업의사결정자는 부문에 배부될 자원에 대한 의사결정을 하고 부문의 성과를 평가하는데 책임이 있으며, 전략적 의사결정을 수행하는 경영위원회를 최고의사결정자로 보고 있습니다.
2.
29
재무제표의 승인
회사의 재무제표는
2021년 1월
28
일
이
사회
에서 승인되었으며,
향
후
정기주주총회에서 수정 승인될 수 있습니다.
3. 중요한 회계추정 및 가정:
회사는 미래에 대하여 추정 및 가정을 하고 있습니다. 추정 및 가정은 지속적으로 평가되며, 과거 경험과 현재의 상황에서 합리적으로 예측가능한 미래의 사건을 고려하여 이루어집니다. 이러한 회계추정은 실제 결과와 다를 수도 있습니다.
특히
2020년
코로나19
(COVID-19)
의 확산으로 회사의 추정 및 가정에 영향이 발생할 수
있으나,
당기말
현재 그 영향을 합리적으로 추정할 수 없습니다.
다음 회계연도에 자산 및 부채 장부금액의 조정에 영향을 미칠 수 있는 유의적 위험에 대한 추정 및 가정은 다음과 같습니다.
가. 수익인식
회사는 고객에게 제품 판매 후 고객이 반품할 것으로 예상되는 제품에 대하여 환불부채와 회수할 재화에 대한 권리를 인식하고 있습니다. 판매 시점에 포트폴리오 수준에서 누적된 경험에 기초하여 기댓값 방법으로 반품률을 예측하고 있으며, 회사의 수익은 예측된 반품률의 변동에 영향을 받습니다.
회사는 재화의 판매로 인한 수익을 통제가 이전되는 시점에 계약에 따른 대가에서 특정 매출장려활동을 차감한 금액으로 인식하고 있습니다. 과거의 경험 및 계약에 기초하여 매출차감액을 합리적으로 추정하고 있으며, 회사의 수익은 추정된 매출차감에 영향을 받습니다.
나. 판매보증충당부채
회사는 판매한 제품에 대하여 품질에 대한 보증의무를 부담하고 있습니다. 회사는 매 보고기간종료일 미래와 현재의 보증의무를 제공하는데 필요하다고 판단되는 최선의 추정치를 기준으로 보증충당부채를 계상하고 있습니다. 이러한 최선의 추정치는 과거 경험에 기초하여 결정하고 있습니다.
다. 금융상품의 공정가치
회사는 활성시장에서 거래되지 않는 금융상품의 공정가치에 대하여 보고기간종료일 현재 주요한 시장상황을 기초로 다양한 평가기법 및 가정을 사용하여 결정하고 있습니다. 라. 금융자산의 손상
회사는
금융자산의 손실충당금
을 측정할 때에
채무불이행위험과
기대신용률에
대한 가정에 근거하였습니다. 회사는 이러한 가정을 세우고 손상 계산을 위한 투입요소를 선택할 때 보고기간종료일의 미래 전망에 대한 추정 및 과거 경험, 현재 시장 상황에 근거하여 판단합니다. 마
. 리스 회사는 리스기간을 산정할 때에 연장선택권을 행사하거나 종료선택권을 행사하지 않을 경제적 유인이 생기게 하는 관련되는 사실 및 상황을 모두 고려합니다. 연장선택권의 대상 기간(또는 종료선택권의 대상 기간)은 리스이용자가 연장선택권을 행사할 것(또는 행사하지 않을 것)이 상당히 확실한 경우에만 리스기간에 포함됩니다.
선택권이 실제로 행사되거나(행사되지 않거나) 회사가 선택권을 행사할(행사하지 않을) 의무를 부담하게 되는 경우에 리스기간을
다시
평가합니다. 리스이용자가
통제할
수 있는 범위에 있고 리스기간을 산정할 때에 영향을 미치는 유의적인 사건이 일어나거나 상황에 유의적인 변화가 있을 때에만 회사는 연장선택권을 행사할 것(또는 행사하지 않을 것)이 상당히 확실한지의 판단을 변경합니다.
바. 순확정급여부채(자산)
순확정급여부채(자산)는 많은 가정을 사용하는 보험수리적 방식에 의해 결정되는 다양한 요소들에 따라 달라질 수 있습니다. 퇴직연금의 순원가(이익)를 결정하는 데 사용되는 가정은 할인율을 포함하고 있으며, 이러한 가정의 변동은 순확정급여부채(자산)의 장부금액에 영향을 줄 것입니다. 회사는 매년 말 우량회사채 이자율을 고려하여 적절한 할인율을 결정하고 있으며 이러한 할인율은 순확정급여부채(자산)의 정산 시 발생할 것으로 예상되는 미래의 추정 현금 유출액의 현재가치를 결정할 때 사용되어야 하는 이자율을 나타냅니다. 순확정급여부채(자산)와 관련된 다른 주요한 가정들은 일부 현재의 시장 상황에 근거하고 있습니다.
사. 영업권 및 내용연수가 비한정인 무형자산의 손상
회사는 매년
영업권
및
내용연수가 비한정인 무형자산의 손상 여부를 검토하고 있습니다.
현금창출단위 또는 자산의 회수가능금액은 사용가치의 계산에 기초하여 결정하고 있습니다. 이러한 계산은 추정에 근거하여 이루어집니다.
아. 법인세
회사의 과세소득에 대한 법인세는 다양한 국가의 세법 및 과세당국의 결정을 적용하여 산정되므로 최종 세효과를 산정하는 데에는 불확실성이 존재합니다. 회사는 보고기간종료일 현재까지의 영업활동의 결과로 미래에 부담할 것으로 예상되는 법인세효과를 최선의 추정과정을 거쳐 당기법인세 및 이연법인세로 인식하였습니다. 하지만 실제 미래 최종 법인세부담은 인식한 관련 자산ㆍ부채와 일치하지 않을 수 있으며, 이러한 차이는 최종 세효과가 확정된 시점의 당기법인세 및 이연법인세 자산ㆍ부채에 영향을 줄 수 있습니다.
회사는 특정 기간 동안 과세소득의 일정 금액을 투자, 임금증가 등에 사용하지 않았을 때 세법에서 정하는 방법에 따라 산정된 법인세를 추가로 부담합니다. 따라서 해당 기간의 당기법인세와 이연법인세를 측정할 때 이에 따른 세효과를 반영하여야 하고, 이로 인해 회사가 부담할 법인세는 각 연도의 투자, 임금증가 등의 수준에 따라 달라지므로 최종 세효과를 산정하는 데에는 불확실성이 존재합니다.
회사는
법인세 처리의 불확실성 여부를 검토하고 있으며
,
과세당국이
불확실한
법인세 처리를 수용할 가능성이 높지 않다고 결론
내리는
경우에는
불확실한
법인세
처리
각각에 다음 방법 가운데 불확실성의 해소를 더 잘 예측할 것으로 예상하는 방법을 사용하여 불확실성의 영향을 재무제표에 반영하고 있습니다.
(1) 가능성이 가장 높은 금액: 가능한 결과치 범위에서 가능성이 가장 높은 단일금액
(2) 기댓값: 가능한 결과치의 범위에 있는 모든 금액에 각 확률을 곱한 금액의 합
4
.
범주별 금융상품:
가. 보고기간종료일 현재 범주별 금융상품 내역은 다음과 같습니다.
(1) 당기말
(단위 : 백만원)
현금및현금성자산
989,045
-
-
989,045
단기금융상품
29,101,284
-
-
29,101,284
매출채권
24,736,740
-
-
24,736,740
기타포괄손익-공정가치금융자산
-
1,539,659
-
1,539,659
당기손익-공정가치금융자산
-
-
3,107
3,107
기타
4,149,950
-
-
4,149,950
계
58,977,019
1,539,659
3,107
60,519,785
(단위 : 백만원)
매입채무
6,599,025
-
6,599,025
단기차입금
-
12,520,367
12,520,367
미지급금
9,671,280
-
9,671,280
유동성장기부채
5,318
82,253
87,571
사채
31,909
-
31,909
장기차입금
-
150,397
150,397
장기미지급금
935,038
-
935,038
기타
3,423,251
-
3,423,251
계
20,665,821
12,753,017
33,418,838
(*) 기타금융부채는 범주별 금융부채의 적용을 받지 않는 담보부차입금 및 리스부채 등을 포함하고 있습니다.
(2) 전기말
(단위 : 백만원)
현금및현금성자산
2,081,917
-
-
2,081,917
단기금융상품
26,501,392
-
-
26,501,392
매출채권
26,255,438
-
-
26,255,438
기타포괄손익-공정가치금융자산
-
1,206,080
-
1,206,080
당기손익-공정가치금융자산
-
-
3,181
3,181
기타
4,307,370
-
-
4,307,370
계
59,146,117
1,206,080
3,181
60,355,378
(단위 : 백만원)
매입채무
7,547,273
-
7,547,273
단기차입금
-
10,228,216
10,228,216
미지급금
9,031,752
-
9,031,752
유동성장기부채
5,646
148,296
153,942
사채
39,520
-
39,520
장기차입금
-
174,651
174,651
장기미지급금
1,305,278
-
1,305,278
기타
2,458,165
-
2,458,165
계
20,387,634
10,551,163
30,938,797
(*) 기타금융부채는 범주별 금융부채의 적용을 받지 않는 담보부차입금 및 리스부채 등을 포함하고 있습니다.
나. 금융상품 범주별 순손익 구분
(1) 당기
(단위 : 백만원)
평가손익(기타포괄손익)
-
93,251
-
93,251
평가ㆍ처분손익(당기손익)
-
-
(1)
(1)
이자수익
507,947
-
-
507,947
외환차이(당기손익)
(542,069)
-
-
(542,069)
배당금수익
-
2,160
1,343
3,503
손상(환입)
(1,195)
-
-
(1,195)
(단위 : 백만원)
이자비용
(44,725)
(144,576)
(189,301)
외환차이(당기손익)
110,776
21,112
131,888
(*) 기타금융부채는 범주별 금융부채의 적용을 받지 않는 담보부차입금 및 리스부채 등을 포함하고 있습니다.
(2) 전기
(단위 : 백만원)
평가손익(기타포괄손익)
-
73,199
-
73,199
평가ㆍ처분손익(당기손익)
-
-
3,130
3,130
이자수익
777,225
-
-
777,225
외환차이(당기손익)
(188,482)
-
-
(188,482)
배당금수익
-
2,414
140
2,554
손상(환입)
232,192
-
-
232,192
(단위 : 백만원)
이자비용
(74,701)
(300,151)
(374,852)
외환차이(당기손익)
85,078
95,496
180,574
(*) 기타금융부채는 범주별 금융부채의 적용을 받지 않는 담보부차입금 및 리스부채 등을 포함하고 있습니다.
5. 금융자산의 양도:
회사는
당기
및 전기 중 은행과의 매출채권 팩토링 계약을 통해 매출채권을 할인하였습니다. 회사가 매출채권 팩토링 거래에서 제공한 매출채권은 채무자의 채무불이행 시의 소구조건 등으로 대부분의 위험과 보상을 회사가 보유하므로 금융자산의 제거요건을 충족하지 않아 제거되지 않았습니다. 이러한 거래에서 인식한 금융부채는 재무상태표에 '단기차입금'으로 분
류되어 있습니다
(주석
12
참조)
.
보고기간종료일 현재 매출채권의 할인된 내역은 다음과 같습니다.
(단위 : 백만원)
할인된 매출채권의 장부금액
12,520,367
10,228,216
관련 차입금의 장부금액
12,520,367
10,228,216
6. 공정가치금융자산:
가.
보고기간종료일 현재
공정가치금융자산
의 구성 내역은 다음과 같습니다.
(1) 기타포괄손익-공정가치금융자산
(단위 : 백만원)
지분상품
1,539,659
1,206,080
(2)
당기손익-공정가치금융자산
(단위 : 백만원)
채무상품
채무상품
3,107
3,181
나.
당
기 및 전기 중 공정가치금융자산의
변동 내역은 다음과 같습니다. (1) 기타포괄손익-공정가치금융자산
(단위 : 백만원)
기초
1,206,080
1,098,565
취득
204,957
6,701
처분
-
(331)
공정가치평가
128,622
101,449
기타
-
(304)
기말
1,539,659
1,206,080
(2) 당기손익-공정가치금융자산
(단위 : 백만원)
기초
3,181
7,413
처분
(74)
(2,774)
공정가치평가
-
(1,458)
기말
3,107
3,181
다. 당기 및 전기 중 기타포괄손익-공정가치금융자산평가손익의 변동 내역은 다음과 같습니다.
(단위 : 백만원)
기초
134,130
31,393
공정가치평가
128,622
101,449
처분으로 인한 이익잉여금 대체
-
1,288
기말
262,752
134,130
차감: 자본에 가감되는 법인세효과
(72,257)
(36,886)
계
190,495
97,244
라. 보고기간종료일 현재
공정가치금융자산
중 상장주식의
내역은 다음과 같습니다.
(단위 : 주, %, 백만원)
삼성중공업
㈜
100,693,398
16.0
735,488
708,882
732,041
㈜
호텔신라
2,004,717
5.1
13,957
164,988
182,028
㈜
아이마켓코리아
647,320
1.8
324
5,658
6,732
㈜
케이티스카이라이프
240,000
0.5
3,344
2,114
2,093
㈜용평리조트
400,000
0.8
1,869
1,702
2,400
㈜
에이테크솔루션
1,592,000
15.9
26,348
19,263
11,733
㈜
원익홀딩스
1,759,171
2.3
15,410
11,153
9,605
㈜
원익아이피에스
1,850,936
3.8
16,214
81,904
66,356
㈜동진쎄미켐
2,467,894
4.8
48,277
90,078
41,337
솔브레인홀딩스㈜
461,741
2.2
30,752
20,825
70,400
솔브레인㈜
373,368
4.8
24,866
101,668
-
㈜에스앤에스텍
1,716,116
8.0
65,933
74,651
-
와이아이케이㈜
9,601,617
11.9
47,336
60,010
-
㈜
케이씨텍
1,022,216
4.9
20,720
31,433
-
㈜
엘오티베큠
1,267,668
7.7
18,990
24,086
-
㈜뉴파워프라즈마
2,140,939
4.9
12,739
14,109
-
계
1,082,567
1,412,524
1,124,725
(*) 총발행보통주식수 기준 지분율입니다.
7. 매출채권 및 미수금:
가. 보고기간종료일 현재 매출채권 및 미수금의 내역은 다음과 같습니다.
(단위 : 백만원)
채권액
24,841,610
1,915,583
26,520,599
2,434,262
차감:
손실
충당금
(37,469)
(7,014)
(37,992)
(5,331)
소 계
24,804,141
1,908,569
26,482,607
2,428,931
차감: 장기 채권
(67,401)
(9,986)
(227,169)
(22,136)
유동항목
24,736,740
1,898,583
26,255,438
2,406,795
보
고기간종료일 현재 회사가 은행에 양도한 매출채권은 담보부 차입금으로 회계처리되
었으며,
보고기간종료일 현재
12,520,367
백만원(
전
기
:
10,228,216
백만원
)입니다(주
석
12
참조)
.
나. 당기 및 전기 중
손실충당금
의 변동 내역은 다음과 같습니다.
(단위 : 백만원)
기초
37,992
5,331
260,588
14,912
대손상각(환입)
(489)
1,739
(222,589)
(9,578)
제각
(34)
(56)
-
(3)
기타
-
-
(7)
-
기말
37,469
7,014
37,992
5,331
다. 보
고
기간종료일 현재
기대신용손실을 측정하기 위해 연체일을 기준으로 구분한 매출
채권 및 미수금 내역은 다음과 같습니다.
(단위 : 백만원)
연체되지 않은 채권
24,504,533
1,576,620
26,096,358
2,360,059
연체된 채권(*):
31일 이하
69,437
54,393
158,726
28,330
31일 초과 90일 이하
18,924
31,398
117,619
12,179
90일 초과
248,716
253,172
147,896
33,694
소 계
337,077
338,963
424,241
74,203
계
24,841,610
1,915,583
26,520,599
2,434,262
(*) 회사는 31일 이하 연체된 매출채권 및 미수금은 신용이 손상된 것으로 간주하지 않습니다.
라. 보고기간종료일 현재 신용위험의 최대 노출금액은 채권의 장부금액입니다. 회사의 주요 채권과 관련하여 보험사와 보험계약을 체결하고 있
습
니
다.
8. 재고자산
:
보고기간종료일 현재 재고자산의 내역은 다음과 같습니다.
(단위 : 백만원)
제품 및 상품
2,535,410
(118,007)
2,417,403
2,621,083
(148,012)
2,473,071
반제품 및 재공품
8,904,968
(65,773)
8,839,195
7,956,962
(275,685)
7,681,277
원재료 및 저장품
2,544,706
(379,326)
2,165,380
2,014,689
(358,132)
1,656,557
미착품
409,394
-
409,394
390,807
-
390,807
계
14,394,478
(563,106)
13,831,372
12,983,541
(781,829)
12,201,712
당기 중 비용으로 인식한 재고자산의 금액은
116,543,552
백만원(전기:
113,382,792
백만원)입니다.
동 비용에는 재고자산평가손실 금액이
포함되어 있습니다.
9. 종속기업, 관계기업 및 공동기업 투자:
가. 당기 및 전기 중 종속기업, 관계기업 및 공동기업 투자의 변동 내역은 다음과 같습니다.
(단위 : 백만원)
기초
56,571,252
55,959,745
취득
163,456
925,139
처분
(22,057)
(58,677)
손상
(125,103)
(254,955)
기말
56,587,548
56,571,252
나. 보고기간종료일 현재 주요 관계기업
투자 현황은 다음과 같습니다. (종속기업 현황은 주석
30
참조)
삼성전기㈜
수동소자, 회로부품, 모듈 등 전자부품의 생산 및 공급
23.7
한국
12월
삼성에스디에스㈜
컴퓨터 프로그래밍, 시스템 통합ㆍ관리 등 IT 서비스 및 물류서비스 제공
22.6
한국
12월
삼성바이오로직스㈜
신사업 투자
31.5
한국
12월
삼성SDI㈜(*2)
2차전지 등 전자제품의 생산 및 공급
19.6
한국
12월
㈜제일기획
광고 대행업
25.2
한국
12월
(*1) 총발행보통주식수 기준 지분율입니다.
(*2) 유통보통주식수 기준 지분율은
20.6%
입니다.
다. 보고기간종료일 현재 주요 종속기업 및 관계기업 투자의
요약
재무정보는
다음과
같습니다.
(1) 주요 종속기업
(단위 : 백만원)
삼성디스플레이㈜
50,039,755
7,612,332
27,149,102
1,798,100
Samsung Electronics America, Inc. (SEA)
36,765,070
15,828,083
35,237,365
1,623,555
Samsung (CHINA) Investment Co., Ltd. (SCIC)
15,438,819
12,358,881
2,475,454
127,051
Samsung (China) Semiconductor Co., Ltd. (SCS)
14,348,735
3,511,003
5,321,312
1,100,619
Samsung Electronics Europe Holding Cooperatief U.A. (SEEH)
11,495,430
7,641,709
-
16,150
Samsung Asia
Pte.
Ltd. (SAPL)
9,552,755
523,402
1,634,692
968,504
Shanghai Samsung Semiconductor Co., Ltd. (SSS)
7,678,989
5,010,041
25,829,119
271,691
Samsung Eletronica da Amazonia Ltda. (SEDA)
6,280,131
1,556,057
6,390,696
819,561
Samsung India Electronics Private Ltd. (SIEL)
6,250,492
2,523,027
10,943,343
611,571
Thai Samsung Electronics Co., Ltd. (TSE)
2,920,299
451,055
3,744,080
160,264
Samsung Electronics (UK) Ltd. (SEUK)
2,767,563
1,886,447
4,987,522
133,016
Samsung Electronics GmbH (SEG)
2,687,535
2,626,979
6,306,675
605
Samsung Electronics Hungarian Private Co. Ltd. (SEH)
2,230,457
504,952
3,665,360
148,056
Samsung Electronics Benelux B.V. (SEBN)
2,145,488
736,480
2,324,308
58,579
Samsung Electronics Europe Logistics B.V. (SELS)
1,700,033
1,550,350
13,444,960
20,623
(*) 상기 요약 재무정보는 각 종속기업의 별도재무제표 기준입니다.
(단위 : 백만원)
삼성디스플레이㈜
46,543,974
6,421,516
27,088,475
407,791
Samsung Electronics America, Inc. (SEA)
34,704,039
13,992,397
33,859,423
1,127,719
Samsung (CHINA) Investment Co., Ltd. (SCIC)
14,637,222
11,701,871
3,098,948
581,115
Samsung (China) Semiconductor Co., Ltd. (SCS)
12,370,070
2,678,742
5,445,396
537,037
Samsung Electronics Europe Holding Cooperatief U.A. (SEEH)
10,682,847
7,662,042
-
21,915
Samsung Asia
Pte.
Ltd. (SAPL)
9,137,262
579,618
1,572,146
1,265,359
Samsung Eletronica da Amazonia Ltda. (SEDA)
7,058,719
1,594,907
7,252,673
887,298
Samsung India Electronics Private Ltd. (SIEL)
7,042,872
3,588,241
12,902,906
448,678
Shanghai Samsung Semiconductor Co., Ltd. (SSS)
5,880,616
4,446,885
26,067,175
265,801
Thai Samsung Electronics Co., Ltd. (TSE)
2,912,731
450,833
3,921,248
144,087
Samsung Electronics (UK) Ltd. (SEUK)
2,644,358
1,877,903
4,730,414
104,741
Samsung Electronics GmbH (SEG)
2,258,269
2,199,561
5,597,323
4,729
Samsung Electronics Hungarian Private Co. Ltd. (SEH)
2,109,654
416,160
2,915,812
106,704
Samsung SemiConductor Xian Co., Ltd. (SSCX)
2,091,092
1,954,875
4,283,163
53,160
Samsung Electronics Europe Logistics B.V. (SELS)
2,027,213
1,891,221
12,540,817
6,531
(*) 상기 요약 재무정보는 각 종속기업의 별도재무제표 기준입니다.
(2)
주요 관계기업
(단위 : 백만원)
요약 재무상태표:
유동자산
4,150,303
6,581,153
1,751,347
5,657,405
1,742,270
비유동자산
5,075,196
2,573,766
4,672,854
15,876,827
500,194
유동부채
1,914,880
1,720,757
589,301
4,983,633
1,046,224
비유동부채
1,400,223
575,054
1,236,117
3,191,672
180,710
요약 포괄손익계산서:
매출
8,208,738
11,017,432
1,164,777
11,294,770
2,747,922
계속영업손익(*)
595,938
443,455
240,975
574,723
157,400
세후중단영업손익(*)
8,024
-
-
-
-
기타포괄손익(*)
(33,475)
(134,669)
3,354
144,901
(14,795)
총포괄손익(*)
570,487
308,786
244,329
719,624
142,605
(*) 관계기업별 지배기업의 소유주에 귀속될 손익입니다.
(단위 : 백만원)
요약 재무상태표:
유동자산
3,507,525
6,383,847
1,356,262
5,181,415
1,787,299
비유동자산
5,166,724
2,637,389
4,555,365
14,670,682
504,347
유동부채
1,850,405
1,698,187
690,505
3,741,523
1,115,652
비유동부채
1,393,746
597,891
866,668
3,450,229
219,178
요약 포괄손익계산서:
매출
8,040,818
10,719,632
701,592
10,097,426
3,421,673
계속영업손익(*)
605,725
736,458
202,904
356,549
138,055
세후중단영업손익(*)
(91,428)
-
-
-
-
기타포괄손익(*)
26,270
(17,665)
(3,919)
137,272
2,172
총포괄손익(*)
540,567
718,793
198,985
493,821
140,227
(*) 관계기업별 지배기업의 소유주에 귀속될 손익입니다.
라. 보고기간종료일 현재 시장성 있는 관계기업 투자주식의 내역은 다음과 같습니다.
(단위 : 주, 백만원)
삼성전기㈜
17,693,084
3,149,369
445,244
2,211,636
445,244
삼성에스디에스㈜
17,472,110
3,118,772
560,827
3,398,325
560,827
삼성바이오로직스㈜
20,836,832
17,211,223
443,193
9,022,348
443,193
삼성SDI㈜
13,462,673
8,454,559
1,242,605
3,177,191
1,242,605
㈜제일기획
29,038,075
598,184
491,599
698,366
491,599
10. 유형자산
:
가. 당기 및 전기 중 유형자산의 변동 내역은 다음과 같습니다. (1) 당기
(단위 : 백만원)
기초장부금액
7,803,272
14,908,032
34,492,059
15,294,787
1,592,125
74,090,275
- 취득원가
7,803,624
23,486,138
127,459,572
15,294,787
3,312,418
177,356,539
- 감가상각누계액(손상 포함)
(352)
(8,578,106)
(92,967,513)
-
(1,720,293)
(103,266,264)
일반취득 및 자본적지출
2,254
5,569,437
23,651,596
(1,233,051)
445,494
28,435,730
감가상각
(472)
(1,378,486)
(14,263,941)
-
(482,631)
(16,125,530)
처분ㆍ폐기
(4,878)
(6,526)
(128,181)
-
(21,121)
(160,706)
기타
259
(5,323)
(1,924)
(67,477)
1,620
(72,845)
기말장부금액
7,800,435
19,087,134
43,749,609
13,994,259
1,535,487
86,166,924
- 취득원가
7,801,259
28,992,675
146,778,918
13,994,259
3,535,985
201,103,096
- 감가상각누계액(손상 포함)
(824)
(9,905,541)
(103,029,309)
-
(2,000,498)
(114,936,172)
(2)
전기
(단위 : 백만원)
기초장부금액
7,825,177
15,373,415
39,529,786
6,380,213
1,493,902
70,602,493
- 취득원가
7,825,177
22,801,947
122,746,311
6,380,213
2,821,585
162,575,233
- 감가상각누계액(손상 포함)
-
(7,428,532)
(83,216,525)
-
(1,327,683)
(91,972,740)
일반취득 및 자본적지출
40,103
568,514
8,213,462
9,041,876
346,203
18,210,158
사업결합으로 인한 취득
-
15,168
378,440
4,252
1,124
398,984
감가상각
(352)
(1,180,353)
(13,564,862)
-
(455,581)
(15,201,148)
처분ㆍ폐기
(61,099)
(20,851)
(220,890)
(98)
(4,491)
(307,429)
손상(환입)
-
-
(518)
-
(8,344)
(8,862)
기타
(557)
152,139
156,641
(131,456)
219,312
396,079
기말장부금액
7,803,272
14,908,032
34,492,059
15,294,787
1,592,125
74,090,275
- 취득원가
7,803,624
23,486,138
127,459,572
15,294,787
3,312,418
177,356,539
- 감가상각누계액(손상 포함)
(352)
(8,578,106)
(92,967,513)
-
(1,720,293)
(103,266,264)
나.
당기 및 전기 중 유
형자산에 포함된 사용권자산의 변동 내역은 다음과 같습니다. (1) 당기
(단위 : 백만원)
기초장부금액
2,703
177,324
117,522
208,852
506,401
일반취득
103
46,476
6,414
8,796
61,789
감가상각
(472)
(77,761)
(46,849)
(11,233)
(136,315)
처분ㆍ폐기
-
(1,424)
(6,510)
(17,919)
(25,853)
기타
259
-
(148)
(260)
(149)
기말장부금액
2,593
144,615
70,429
188,236
405,873
(2) 전기
(단위 : 백만원)
기초장부금액
-
-
-
-
-
일반취득
3,055
86,919
3,863
11,603
105,440
감가상각
(352)
(64,472)
(50,603)
(15,859)
(131,286)
처분ㆍ폐기
-
(2,009)
-
(1,586)
(3,595)
기타(*)
-
156,886
164,262
214,694
535,842
기말장부금액
2,703
177,324
117,522
208,852
506,401
(*) 기타는 회계변경누적효과 등을 포함하고 있습니다.
다. 당기 및 전기 중 계정과목별 유형자산 상각 내역은 다음과 같습니다.
(단위 : 백만원)
매출원가
14,529,186
13,830,961
판매비와관리비 등
1,596,344
1,370,187
계
16,125,530
15,201,148
11.
무형자산:
가. 당기 및 전기 중 무형자산의 변동 내역은 다음과 같습니다.
(1) 당기
(단위 : 백만원)
기초장부금액
1,143,602
740,736
187,186
206,741
5,730,388
8,008,653
개별 취득
272,799
-
-
-
1,112,729
1,385,528
내부개발에 의한 취득
-
109,482
-
-
-
109,482
상각
(207,641)
(455,990)
-
-
(1,951,594)
(2,615,225)
처분ㆍ폐기
(29,840)
-
-
-
(6,132)
(35,972)
손상(환입)
(6,545)
(3,474)
7,091
(206,741)
-
(209,669)
기타
22,944
(19,362)
-
-
356,269
359,851
기말장부금액
1,195,319
371,392
194,277
-
5,241,660
7,002,648
(2) 전기
(단위 : 백만원)
기초장부금액
982,357
704,734
189,398
-
1,024,987
2,901,476
개별 취득
261,071
-
-
-
1,103,793
1,364,864
내부개발에 의한 취득
-
285,699
-
-
-
285,699
사업결합으로 인한 취득
130,299
51,872
-
206,741
-
388,912
상각
(190,558)
(279,709)
-
-
(1,914,889)
(2,385,156)
처분ㆍ폐기
(51,506)
-
(1,240)
-
(934)
(53,680)
손상(환입)
-
-
(972)
-
-
(972)
기타
(*)
11,939
(21,860)
-
-
5,517,431
5,507,510
기말장부금액
1,143,602
740,736
187,186
206,741
5,730,388
8,008,653
(*) 기타는 라이선스 자산의 계정재분류 등을 포함하고 있습니다.
나.
회사는 영업권을 식별된 현금창출단위에 배분하고
있으며,
보고기간종료일
현재
보고부문별
영업권 내역은 다음과 같습니다.
(단위 : 백만원)
DS 부문
-
206,741
회사는 매년 영업권의 손상 여부를 검토하고 있으며, 현금창출단위의 회수가능가액은 사용가치 계산에 근거하여 결정되었습니다. 사용가치의 계산은 경영진이 승인한 향후
5년치
(단, 신기술 산업 등 중장기 계획이
합리적인
경우
5년
초과)
의
재무예산에
근거하여 세전현금흐름추정치를 사용하였습니다
.
동
기간을
초과하는
기간에
대한 영구 현금흐름의 산출은 일정 성장률의 가정(단,
산업평균성장률을
초과하지
않음)이
사용되었습니다.
당기 중
영업권이 배분된 현금창출단위에 대해
손상검사
를 수행한 결과,
회사는
DS 부문
반도체 사업의 PLP 현금창출단위
에
서 영업권 손상차손
206,741백만원
등을 인식하
였습니다.
사용가치의 계산에 사용된 주요 가정치는 다음과 같습니다.
(단위 : %)
영구성장률
0.0
세전할인율(*)
11.5
(*)
예상현금흐름에 적용된 세전할인율입니다.
다. 당기 및 전기 중 계정과목별 무형자산 상각 내역은 다음과 같습니다.
(단위 : 백만원)
매출원가
2,171,952
1,963,720
판매비와관리비 등
443,273
421,436
계
2,615,225
2,385,156
12. 차입금:
가. 보고기간종료일 현재 차입금의 내역은 다음과 같습니다.
(단위 : %, 백만원)
단기차입금:
담보부차입금(*1)
우리은행 등
0.0~8.8
12,520,367
10,228,216
유동성장기차입금:
리스부채(*2)
-
1.8
82,253
148,296
장기차입금:
리스부채(*2)
-
1.8
150,397
174,651
(*1) 담보부차입금
과 관련하여
매출채권을 담보로 제공
하였습니
다
.
(*2)
리스부채와 관련하여
연이자율은 가중평균증분차입이자율이며, 당기 중 발생한
이자비용은
4,696
백
만원(전기:
6,365
백
만원
)입니다.
또한
, 채무불이행이 발생할 경우에 대비하여 리스제공자에게
사용권
자산
에 대한 권리를 담보로 제공하였습니다
.
한편, 당기 중 리스부채 측정치에 포함되지 않은 단기리스료, 소액자산
리스료 등은
42,088
백만원(전
기: 69,557백만원)입니다.
나. 보고기간종료일 현재 리스부채의 연도별 상환계획은 다음과 같습니다.
(단위 : 백만원)
2021년
86,158
2022년
45,754
2023년
44,740
2024년
30,790
2025년 이후
41,358
계
248,800
13. 사채:
가. 보고기간종료일 현재 사채의 내역은 다음과 같습니다.
(단위 : %, 백만원)
US$ denominated Straight Bonds(*)
1997.10.02
2027.10.01
7.7
38,080 (US$ 35,000천)
46,312 (US$ 40,000천)
사채할인발행차금
(853)
(1,146)
계
37,227
45,166
차감: 유동성사채
(5,318)
(5,646)
비유동성사채
31,909
39,520
(*)
10년 거치 20년 분할상환되며 이자는 6개월마다 후급됩니다.
나. 보고기간종료일 현재 사채의 연도별 상환계획은 다음과 같습니다.
(단위 : 백만원)
2021년
5,440
2022년
5,440
2023년
5,440
2024년
5,440
2025년 이후
16,320
계
38,080
14.
순확정급여부채(자산)
:
가. 보고기간종료일
현재
순확정급여부채(자산)
의
내역은 다음과 같습니다.
(단위 : 백만원)
기금이 적립된 확정급여채무의 현재가치
9,740,095
8,265,802
기금이 적립되지 않은 확정급여채무의 현재가치
13,987
12,106
소 계
9,754,082
8,277,908
사외적립자산의 공정가치
(10,916,538)
(8,764,763)
순확정급여부
채(자산
) 계
(1,162,456)
(486,855)
나. 당기 및 전기 중
확정급여제도 관련 비용의 세부 내역은 다음과 같습니다.
(단위 : 백만원)
당기근무원가
802,039
648,298
순이자원가(수익)
(15,895)
(19,706)
계
786,144
628,592
다. 당기 및 전기 중 확정급여제도 관련 비용의 계정과목별 금액은 다음과 같습니다.
(단위 : 백만원)
매출원가
317,381
249,999
판매비와관리비 등
468,763
378,593
계
786,144
628,592
라. 당기 및 전기 중 확정급여채무의 변동 내역은 다음과 같습니다.
(단위 : 백만원)
기초
8,277,908
6,432,630
당기근무원가
802,039
648,298
이자원가
240,765
205,474
확정급여채무의 재측정요소:
- 인구통계적가정의 변동으로 인한 보험수리적손익
(40,581)
-
- 재무적가정의 변동으로 인한 보험수리적손익
622,915
904,975
- 기타사항에 의한 효과
225,438
280,294
급여지급액
(385,631)
(224,901)
기타
11,229
31,138
기말
9,754,082
8,277,908
마. 당기 및 전기 중 사외적립자산의 변동 내역은 다음과 같습니다.
(단위 : 백만원)
기초
8,764,763
6,994,986
사외적립자산의 이자수익
256,660
225,179
사외적립자산의 재측정요소
(78,505)
(90,811)
사용자의 기여금
2,159,200
1,819,400
급여지급액
(194,495)
(211,971)
기타
8,915
27,980
기말
10,916,538
8,764,763
한
편
,
확정급여제도와 관련하여
2021년도
에 납입할 것으로 예상되는 사용자 기여금의 합리적인 추
정
치는
1,054,622
백
만원
입니다.
바. 보고기간종료일 현재 사외적립자산은 원금보장형 고정수익 상품에 투자되어 있습니다.
사. 보고기간종료일 현재 사용한 주요 보험수리적 가정은 다음과 같습니다.
(단위 : %)
할인율
3.2
3.0
미래임금상승률 (인플레이션 효과 포함)
4.5
3.8
아. 보고기간종료일 현재 주요 가정의 변동에 따른 확정급여채무의 민감도 분석은 다음과 같습니다.
(단위 : %)
할인율:
1%p 증가
91
92
1%p 감소
110
109
임금상승률:
1%p 증가
110
109
1%p 감소
91
92
자. 보고기간종료일 현재 확정급여채무의 가중평균만기는
9.51
년
입니다
.
15
. 충당부채:
당기 중 충당부채의 변동 내역은 다음과 같습니다.
(단위 : 백만원)
기타
(라),(마)
기초
245,366
1,015,280
567,016
497,885
2,325,547
순전입(환입)
399,582
735,544
388,550
1,524,166
3,047,842
사용
(304,130)
(357,148)
(388,562)
(781,974)
(1,831,814)
기타
-
(89,658)
-
(16,414)
(106,072)
기말
340,818
1,304,018
567,004
1,223,663
3,435,503
가. 회사는 출고한 제품에 대한 품질보증,
교환
, 하자보수 및 그에 따른 사후서비스 등으로 인하여 향후 부담할 것으로 예상되는 비용을 보증기간 및 과거 경험률 등을 기초로 추정하여 충당부채로 설정하고 있습니다.
나. 회사는 협상 진행 중인 기술사용계약과 관련하여 향후 지급이 예상되는 기술사용료를 추정하여 충당부채로 계상하고 있습니다. 지급시기 및 금액은 협상결과에 따라 변동될 수 있습니다.
다. 회사는 임원을 대상으로 부여연도를 포함한 향후 3년간의 경영실적에 따라 성과급을 지급하는 장기성과 인센티브를 부여하였는 바, 향후 지급이 예상되는 금액의 경
과 기간 해당분을 충당부채로 계상하고 있습니다.
라. 회사는 생산 및 판매 중단한 제품에 대하여 향후 부담할 것으로 예상되는 비용 등을 추정하여 충당부채로 계상하고 있습니다.
마.
회사는 온실가스 배출과 관련하여 해당 이행연도분 배출권의 장부금액과 이를 초과하는 배출량에 대해 향후 부담할 것으로 예상되는 비용을 추정하여 충당부채로 계상하고 있습니다.
(1) 당기말 현재 무상할당 배출권 및 온실가스 배출량 추정치는 다음과 같습니다.
(단위 : 만톤)
무상할당 배출권
1,132
배출량 추정치
1,293
(2) 당기 중 배출권 변동 내역은 다음과 같습니다.
(단위 : 백만원)
기초
38,787
증가
6,078
기말
44,865
(3) 당기 중 배출부채 변동 내역은 다음과 같습니다.
(단위 : 백만원)
기초
18,048
순전입(환입)
13,729
기말
31,777
16. 우발부채와 약정사항:
가. 지급보증한 내역 (1)
당기말
현재 회사가
해외종속기업의 자금조달 등을 위하여 제공하고 있는
채무보증 내역은 다음과 같습니다.
(단위 : 백만원
)
SETK
BNP 등
2021.12.16
184,175
910,656
SAMCOL
Citibank 등
2021.12.16
128,239
337,280
기타
-
7,743,618
계
312,414 (US$ 286,389천)
8,991,554 (US$ 8,264,296천)
(2)
당기말
현재 회사가 해외종속기업의 계약이행을 위하여 제공하고 있는 지급보증 한도액은
383,269백
만
원
입니다.
(3) 당기말 현재 회
사가
특수관계자로부터 제공받고 있는 담보 및 지급보증은 없습니다.
나. 소송 등
당기말 현재
회사는
다수의 회사 등과 정상적인 영업과정에서 발생한 소송, 분쟁 및 규제기관의 조사 등이 진행 중에 있습니다. 이에 따른 자원의 유출금액 및 시기는 불확실하며 회사의 경영진은 이러한 소송 등의 결과가 회사의 재무상태에 중요한 영향을 미치지 않을 것으로 판단하고 있습니다.
다. 분할과 관련된 연대채무
회사와 삼성디스플레이㈜ 등은 분할된 삼성디스플레이㈜ 등의 분할 전 채무에 관하여 연대하여 변제할 책임이 있습니다.
라
. 기타 약정사항
(1) 보고기간종료일 현재 회사는 우리은행
등
5개
은행
과 무역금융, 상업어음할인 및 외상매출채권담보대출 등의 약정을 맺고 있으며 동 약정에 대한 통합한도액은
10,177,080
백
만원입니다. 이외에도 회사는 신한은행
등
19개 은
행
과 한도액
US$
8,950
백
만의
무역금융 약정을 체결하고 있으며, 구매대금의 지급과 관련하여 기업은
행 등 3
개 은
행과 한도액
401,600
백
만원의 외상매출채권담보대출 약정
등을
맺고
있습니다.
(2) 보고기간종료일 현재 발생하지 않은
유ㆍ
무형
자산
의 취득을 위한 약정액은
5,526,690백
만
원입니다.
17. 계약부채:
보고기간종료일 현재
계약부채
는 다음과 같습니다.
(단위 : 백만원)
계약부채(*)
1,065,465
998,532
(*) 계약부채는 선수금, 미지급비용, 기타유동부채 등에 포함되어 있습니다.
회사가 당기초 계약부채 잔액 중 당기에 수익으로 인식한 금액은
274,436
백
만
원입니다.
18. 자본금:
보고기간종료일 현재 회사의 정관에 의한 발행할 주식의 총수는 250억주(1주의 금액: 100원)이며, 회사가 발행한 보통주 및 우선주의 수(소각 주식수 제외)는 각 5,969,782,550주와 822,886,700주입니다.
보고기간종료일 현재 유통주식수는 상기 발행주식의 수와 동일하며, 당기 및 전기 중 변동사항은 없습니다.
한편,
발행주식의 액면총액은 679,267백만원(보통주 596,978백만원, 우선주 82,289백만원)으로 이익소각으로 인하여 납입자본금 897,514백만원과 상이합니다.
19. 이익잉여금:
가. 보고기간종료일 현재 이익잉여금의 내역은 다음과 같습니다.
(단위 : 백만원)
(1) 법정적립금:
이익준비금(*1)
450,789
450,789
(2) 임의적립금:
재무구조개선적립금
204,815
204,815
기업합리화적립금(*2)
40,199,966
37,699,966
해외시장개척준비금
510,750
510,750
해외투자손실준비금
164,982
164,982
연구및인력개발준비금
91,936,458
88,936,458
수출손실준비금
167,749
167,749
자사주처분손실준비금
3,100,000
3,100,000
시설적립금
33,147,360
32,914,565
소 계
169,432,080
163,699,285
(3) 미처분이익잉여금
8,401,233
8,138,252
계
178,284,102
172,288,326
(*1) 회사는 상법상의 규정에 따라 납입자본의 50%에 달할 때까지 매 결산기마다 금전에 의한 이익배당액의 10% 이상을 이익준비금으로 적립하도록 되어 있으나, 보고기간종료일 현재 회사의 이익준비금이 납입자본의 50%에 달하였으므로 추가 적립할 의무는 없습니다. (*2) 회사는 2001년까지 조세특례제한법에 의거 세액공제에 상응하는 법인세 상당액을 기업 합리화적립금으로 적립하였으나, 2002년부터는 개정된 조세특례제한법에 따라 동 적립금 의 적립 의무 및 사용제한이 없습니다.
나. 당기 및 전기의 회사의 이익잉여금처분계산서는 다음과 같습니다.
당기의 이익잉여금처분계산서는 주주총회에서 확정될 예정입니
다
(전기 처분확정일:
2020년
3월 18일
)
.
(단위 : 백만원)
Ⅰ. 미처분이익잉여금
8,401,233
8,138,252
1. 전기이월이익잉여금
30
30
2. 분기배당 주당배당금(률) 제52기 - 1,062원(1062%) 제51기 - 1,062원(1062%)
(7,213,815)
(7,213,815)
3. 당기순이익
15,615,018
15,353,323
4. 기타포괄손익-공정가치금융자산 처분
-
(1,286)
Ⅱ. 임의적립금 등의 이입액
4,723,057
-
1. 기업합리화적립금
4,723,057
-
Ⅲ. 이익잉여금처분액
13,124,260
8,138,222
1. 기업합리화적립금
-
2,500,000
2. 배당금 주당배당금(률)
제52기 - 보통주:
1,932원(1932%) 우선주: 1,933원(1933%)
제51기 - 보통주: 354원(354%) 우선주: 355원(355%)
13,124,260
2,405,428
3. 연구및인력개발준비금
-
3,000,000
4. 시설적립금
-
232,794
Ⅳ. 차기이월미처분이익잉여금
30
30
다.
당기 및 전기 중 배당금 산정 내역은 다음과 같습니다.
(1) 분기배당
(배당기준일
:
2020년과 2019년 3월 31일, 6월 30일, 9월 30일
)
(단위 : 주, %, 백만원)
1분기
배당받을 주식
보통주
5,969,782,550주
5,969,782,550주
우선주
822,886,700주
822,886,700주
배당률(액면가 기준)
보통주ㆍ우선주
354%
354%
배당금액
보통주
2,113,303
2,113,303
우선주
291,302
291,302
계
2,404,605
2,404,605
2분기
배당받을 주식
보통주
5,969,782,550주
5,969,782,550주
우선주
822,886,700주
822,886,700주
배당률(액면가 기준)
보통주ㆍ우선주
354%
354%
배당금액
보통주
2,113,303
2,113,303
우선주
291,302
291,302
계
2,404,605
2,404,605
3분기
배당받을 주식
보통주
5,969,782,550주
5,969,782,550주
우선주
822,886,700주
822,886,700주
배당률(액면가 기준)
보통주ㆍ우선주
354%
354%
배당금액
보통주
2,113,303
2,113,303
우선주
291,302
291,302
계
2,404,605
2,404,605
(2) 기말배당 (배당기준일
:
2020년과 2019년 12월 31일
)
(단위 : 주, %, 백만원)
배당받을 주식
보통주
5,969,782,550주
5,969,782,550주
우선주
822,886,700주
822,886,700주
배당률(액면가 기준)
보통주
1932%
354%
우선주
1933%
355%
배당금액
보통주
11,533,620
2,113,303
우선주
1,590,640
292,125
계
13,124,260
2,405,428
20. 기타자본항목:
보고기간종료일 현재 기타자본항목의 내역은 다음과 같습니다.
(단위 : 백만원)
기타포괄손익-공정가치금융자산평가손익
190,495
97,244
순확정급여부채(자산) 재측정요소
(2,219,688)
(1,577,138)
기타
1,760,408
1,760,408
계
(268,785)
280,514
21. 비용의 성격별 분류:
당기 및 전기 중 비용의 성격별 분류 내역은 다음과 같습니다.
(단위 : 백만원)
제품 및 재공품 등의 변동
(1,102,250)
515,608
원재료 등의 사용액 및 상품 매입액 등
79,001,881
77,835,300
급여
12,510,224
10,294,765
퇴직급여
811,122
649,786
감가상각비
16,125,530
15,201,148
무형자산상각비
2,615,225
2,385,156
복리후생비
2,327,252
2,059,765
유틸리티비
2,600,685
2,340,940
외주용역비
2,989,647
2,848,918
광고선전비
1,316,851
1,424,771
판매촉진비
896,646
923,894
기타비용
25,699,404
24,177,741
계(*)
145,792,217
140,657,792
(*) 손익계산서 상 매출원가와 판매비와관리비를 합한 금액입니다.
22. 판매비와관리비:
당기 및 전기 중 판매비와관리비의 내역은 다음과 같습니다.
(단위 : 백만원)
(1) 판매비와관리비:
급여
2,178,159
1,719,897
퇴직급여
135,433
117,755
지급수수료
2,226,051
2,235,610
감가상각비
429,725
439,692
무형자산상각비
194,890
176,805
광고선전비
1,316,851
1,424,771
판매촉진비
896,646
923,894
운반비
759,938
686,473
서비스비
1,318,609
872,054
기타판매비와관리비
1,878,587
1,743,692
소 계
11,334,889
10,340,643
(2) 경상연구개발비:
연구개발 총지출액
17,813,391
16,984,404
개발비 자산화
(109,482)
(285,699)
소 계
17,703,909
16,698,705
계
29,038,798
27,039,348
23. 기타수익
및 기타비용:
당기 및 전기 중 기타수익 및 기타비용의 내역은 다음과 같습니다.
(단위 : 백만원)
(1) 기타수익:
배당금수익
129,569
4,454,698
임대료수익
167,239
169,875
투자자산처분이익
3
9,308
유형자산처분이익
306,182
331,376
기타
194,501
258,045
계
797,494
5,223,302
(2) 기타비용:
유형자산처분손실
9,831
25,450
기부금
254,791
287,830
기타
592,620
365,285
계
857,242
678,565
24. 금융수익 및 금융비용:
당기 및 전기 중 금융수익 및 금융비용의 내역은 다음과 같습니다.
(단위 : 백만원)
(1) 금융수익:
이자수익
507,947
777,225
- 상각후원가 측정 금융자산
507,947
777,225
외환차이
5,168,930
3,504,309
계
5,676,877
4,281,534
(2) 금융비용:
이자비용
189,301
374,852
- 상각후원가 측정 금융부채
44,725
74,701
- 기타금융부채
144,576
300,151
외환차이
5,494,879
3,534,017
계
5,684,180
3,908,869
회사는 외화거래 및 환산으로 발생한 외환차이를 금융수익 및 금융비용으로 인식하고 있습니다.
25. 법인세비용:
가. 당기 및 전기 중 법인세비용의 주요 구성 내역은 다음과 같습니다.
(단위 : 백만원)
(1) 당기법인세:
기간손익에 대한 당기법인세
4,823,845
3,530,390
당기에 인식한 조정사항
249,914
(281,193)
소 계
5,073,759
3,249,197
(2) 이연법인세:
세액공제의 이월로 인한 이연법인세변동액
(34,673)
(170,267)
일시적차이로 인한 이연법인세변동액
(202,181)
600,216
소 계
(236,854)
429,949
(3) 자본에 직접 부가되는 법인세부담액
-
-
법인세비용 계
4,836,905
3,679,146
나. 회사의 법인세비용차감전순이익에 대한 법인세비용과 적용세율을 사용하여 이론적으로 계산된 금액과의 차이는 다음과 같습니다.
(단위 : 백만원)
법인세비용차감전순이익
20,451,923
19,032,469
(1) 적용세율에 따른 법인세비용(*)
5,624,279
5,233,928
(2) 조정사항:
세무상 과세되지 않는 수익
(94,157)
(9,834)
세무상 차감되지 않는 비용
9,073
462,997
세액공제
(940,044)
(2,051,265)
기타
237,754
43,320
소 계
(787,374)
(1,554,782)
법인세비용 계
4,836,905
3,679,146
(*) 보고기간종료일 현재 제정된 세법에서 규정한 법정세율을 적용하여 산정하였습니다.
다. 당기 및 전기 중 누적일시적차이 및 이연법인세자산(부채)의 증감 내역은 다음과 같습니다.
(1) 당기
(단위 : 백만원)
1) 일시적차이로 인한 이연법인세:
토지재평가
(3,417,804)
(3,082)
(3,420,886)
(939,896)
(848)
(940,744)
종속기업, 관계기업 및 공동기업 투자
(*1)
(3,994,444)
-
(3,994,444)
(909,018)
-
(909,018)
감가상각누계액 등
108,447
(622,550)
(514,103)
29,823
(171,202)
(141,379)
미수수익
(155,013)
42,203
(112,810)
(42,628)
11,605
(31,023)
충당부채 및 미지급비용 등
7,244,548
2,296,196
9,540,744
1,992,251
631,453
2,623,704
외화평가조정
(124,453)
72,498
(51,955)
(34,224)
19,936
(14,288)
자산손상
1,611,087
133,764
1,744,851
443,049
(43,781)
399,268
퇴직급여
(2,702,738)
(1,520,620)
(4,223,358)
(743,253)
(418,171)
(1,161,424)
분할 시 투자주식 평가증(*2)
10,586,822
-
10,586,822
-
-
-
기타
466,776
572,186
1,038,962
(58,136)
173,189
115,053
소 계
9,623,228
970,595
10,593,823
(262,032)
202,181
(59,851)
2) 세액공제로 인한 이연법인세:
세액공제이월액
247,870
34,672
282,542
247,869
34,673
282,542
3) 자본에 직접 가감하는 이연법인세:
기타포괄손익-공정가치금융자산평가손익 등
(134,131)
(128,622)
(262,753)
(36,886)
(35,371)
(72,257)
순확정급여부채(자산) 재측정요소
2,175,363
886,277
3,061,640
598,225
243,726
841,951
소 계
2,041,232
757,655
2,798,887
561,339
208,355
769,694
이연법인세자산(부채) 계
547,176
445,209
992,385
(*1) 종속기업, 관계기업 및 공동기업 투자와 관련된 차감할 일시적차이 중 예측가능한 미래에 소멸할 가능성이 높지
않을 경우 이연법인세자산을
인식하지 않았습니다.
(*2) 과거 LCD 사업부문 분할로 인하여 교부 받은 삼성디스플레이㈜ 투자주식에 대한 세무상 장부금액과 회계상 장부 금액의 차이입니다. 보고기간종료일 현재 회사는 향후 삼성디스플레이㈜ 주식을 처분하지 않을 예정이므로, 동 투자주식의 차감할 일시적차이가 예측가능한 미래에 소멸할 가능성이 높지 않을 것으로 보아 이연법인세자산을 인식하지 않았습니다.
(2) 전기
(단위 : 백만원)
1) 일시적차이로 인한 이연법인세:
토지재평가
(3,422,280)
4,476
(3,417,804)
(941,127)
1,231
(939,896)
종속기업, 관계기업 및 공동기업 투자
(*1)
(3,994,444)
-
(3,994,444)
(773,181)
(135,837)
(909,018)
감가상각누계액 등
203,845
(95,398)
108,447
56,057
(26,234)
29,823
미수수익
(233,775)
78,762
(155,013)
(64,288)
21,660
(42,628)
충당부채 및 미지급비용 등
6,943,148
301,400
7,244,548
1,909,366
82,885
1,992,251
외화평가조정
(100,849)
(23,604)
(124,453)
(27,734)
(6,490)
(34,224)
자산손상
1,346,297
264,790
1,611,087
370,232
72,817
443,049
퇴직급여
(1,483,954)
(1,218,784)
(2,702,738)
(408,087)
(335,166)
(743,253)
분할 시 투자주식 평가증(*2)
10,586,822
-
10,586,822
-
-
-
기타
1,153,228
(686,452)
466,776
216,946
(275,082)
(58,136)
소 계
10,998,038
(1,374,810)
9,623,228
338,184
(600,216)
(262,032)
2) 세액공제로 인한 이연법인세:
세액공제이월액
77,602
170,268
247,870
77,602
170,267
247,869
3) 자본에 직접 가감하는 이연법인세:
기타포괄손익-공정가치금융자산평가손익 등
(31,393)
(102,738)
(134,131)
(8,633)
(28,253)
(36,886)
순확정급여부채(자산) 재측정요소
899,284
1,276,079
2,175,363
247,303
350,922
598,225
소 계
867,891
1,173,341
2,041,232
238,670
322,669
561,339
이연법인세자산(부채) 계
654,456
(107,280)
547,176
(*1) 종속기업, 관계기업 및 공동기업 투자와 관련된 차감할 일시적차이 중 예측가능한 미래에 소멸할 가능성이 높지
않을 경우 이연법인세자산을
인식하지 않았습니다.
(*2) 과거 LCD 사업부문 분할로 인하여 교부 받은 삼성디스플레이㈜ 투자주식에 대한 세무상 장부금액과 회계상 장부 금액의 차이입니다. 보고기간종료일 현재 회사는 향후 삼성디스플레이㈜ 주식을 처분하지 않을 예정이므로, 동 투자주식의 차감할 일시적차이가 예측가능한 미래에 소멸할 가능성이 높지 않을 것으로 보아 이연법인세자산을 인식하지 않았습니다.
라. 보고기간종료일 현재 이연법인세자산(부채)의
회수(결제)
시기는
다음과
같습니다.
(단위 : 백만원)
12개월 이내에
회수
(결제)될 이연법인세자산(부채)
2,168,431
1,624,523
12개월 이후에
회수(
결제)될 이연법인세자산(부채)
(1,176,046)
(1,077,347)
계
992,385
547,176
26. 주당이익:
가. 기본주당순이익 당기 및 전기 중 기본주당이익 산정 내역은 다음과 같습니다. (1) 보통주
(단위 : 백만원, 천주, 원)
당기순이익
15,615,018
15,353,323
당기순이익 중 보통주 해당분
13,722,639
13,492,647
÷ 가중평균유통보통주식수
(천주)
5,969,783
5,969,783
기본 보통주 주당이익(원)
2,299
2,260
(2) 우선주
(단위 : 백만원, 천주, 원)
당기순이익
15,615,018
15,353,323
당기순이익 중 우선주 해당분
1,892,379
1,860,676
÷ 가중평균유통우선주식수
(천주)
822,887
822,887
기본 우선주 주당이익(원)
2,300
2,261
나. 희석주당순이익
회사가 보유하고 있는 희석성 잠재적보통주는 없으며, 당기 및 전기의 기본주당이익과 희석주당이익은 동일합니다.
27. 현금흐름표:
가
.
회사는 영업활동 현금흐름을 간접법으로 작성하였습니다.
당기 및 전기 중 영업활동 현금흐름
관련
조정 내역 및 영업활동으로 인한 자산부채의 변동은 다음과 같습니다.
(1) 조정 내역
(단위 : 백만원)
법인세비용
4,836,905
3,679,146
금융수익
(932,340)
(1,032,054)
금융비용
773,679
776,482
퇴직급여
811,122
649,786
감가상각비
16,125,530
15,201,148
무형자산상각비
2,615,225
2,385,156
대손상각비(환입)
(489)
(222,589)
배당금수익
(129,569)
(4,454,698)
유형자산처분이익
(306,182)
(331,376)
유형자산처분손실
9,831
25,450
재고자산평가손실(환입) 등
145,280
(6,367)
투자자산처분이익
(3)
(9,308)
기타
370,853
250,446
계
24,319,842
16,911,222
(2) 영업활동으로 인한 자산부채의 변동
(단위 : 백만원)
매출채권의 감소(증가)
1,680,321
135,029
미수금의 감소(증가)
468,606
(890,448)
장단기선급비용의 감소(증가)
(86,681)
(97,988)
재고자산의 감소(증가)
(1,680,513)
330,937
매입채무의 증가(감소)
(867,032)
316,922
장단기미지급금의 증가(감소)
296,526
106,124
선수금의 증가(감소)
68,806
141,087
예수금의 증가(감소)
49,264
(189,252)
미지급비용의 증가(감소)
2,030,147
(806,961)
장단기
충당부채의 증가(감소)
1,216,028
(159,412)
퇴직금의 지급
(410,608)
(246,095)
사외적립자산의 감소(증가)
(1,964,705)
(1,607,429)
기타
(1,193,365)
(952,353)
계
(393,206)
(3,919,839)
나.
당기 및 전기 중
투
자ㆍ재무활
동 현금흐름 관련 주요 비현금거래는
다음과
같습니다.
(단위 : 백만원)
기타포괄손익-공정가치금융자산
의
평가
128,622
101,449
유형자산의 본계정 대체
30,550,917
8,968,190
사용권자산의 취득(리스부채의 신규계약)
61,789
105,440
사채의 유동성 대체
5,318
5,646
장기차입금의 유동성 대체
82,253
112,365
다.
당기 및 전기 중 재무활동 현금흐름에서 생기는 부채의 변동 내역은 다음과 같습니다. (1) 당기
(단위 : 백만원)
단기차입금
10,228,216
2,326,350
-
(34,199)
12,520,367
사채
및 장기차입금
368,113
(134,443)
61,789
(25,582)
269,877
계
10,596,329
2,191,907
61,789
(59,781)
12,790,244
(*)
상각,
환율변동에 의한 증감액 등을 포함하고 있습니다.
(2) 전기
(단위 : 백만원)
단기차입금
10,353,873
(41,078)
-
(84,579)
10,228,216
사채
및 장기차입금
48,956
(128,431)
105,440
342,148
368,113
계
10,402,829
(169,509)
105,440
257,569
10,596,329
(*)
상각,
환율변동에 의한 증감액 및 회계변경누적효과 등을 포함하고 있습니다.
한편, 당기 및 전기 중 리스부채와 관련하여 발생한 원금 상환에 따른 현금유출액(재무활동)은
128,575
백만원
및
122,435
백만원, 이자비용 현금유출액(영업활동)은
4,696백만
원
및 6,365백만원입니다.
라. 회사는 거래가 빈번하며 총금액이
크고
단기간에
만기가
도래하는
단기금융상품
,
단기차입금
등으로 인한 현금의 유입과 유출항목을 순증감액으로
작성
하였습니다.
한
편,
보고기간종료일 현재 회사의 현금및현금성자산은 대부분 예금 등으로 구성되어 있습니다.
28. 재무위험관리:
회사의 재무위험관리는 영업활동에서 파생되는 시장위험, 신용위험, 유동성위험 등을 최소화하는데 중점을 두고 있습니다. 회사는
이를
위하여
각각의 위험요인에 대해
면밀하게 모니터링하고 대응하는 재무위험관리정책과 프로그램을 운영하고 있습니다.
위험을
회피하기
위한
파생상품의
이용도
이
프로그램에 포함되어 있습니다.
재무위험관리는 재경팀이 주관하고 있으며, 글로벌 재무위험 관리정책을 수립한 후 주기적으로 재무위험 측정, 헷지 및 평가 등을 실행하고 있습니다.
한
편,
해외 주요 권역별로 지역 금융센터(미국, 영국, 싱가포르, 중국,
브라질,
러시아)
에서
환율변동 모니터링 및 환거래 대행을 통해
환
율변동
위험을 관리하고 있으
며,
권역 내 자금을 통합운용하여 유동성위험을
관리하고 있습
니다.
재무위험관리의 주요 대상인 자산은 현금및현금성자산,
단기금융상품,
매출채권
등으로
구성되어 있으며, 부채는 매입채무, 차입금 등으로
구성되어 있습니다.
가. 시장위험
(1) 환율변동위험
회사는 글로벌 영업 활동을 수행함에 따라 기능통화와 다른 통화로
거래를
하고
있어
환율변동위험에 노출되어 있습니다. 환율변동위험에 노출되는 환포지션의 주요 통화로는 USD, EUR, INR 등이 있습니다.
회사는 환율변동과는 무관하게 통화별 자산과 부채규모를 일치하는 수준으로 유지하여 환율변동 영향을 최소화하는데 주력하고 있습니다. 이를 위해 수출입 등의 경상거래 및 예금, 차입 등의 금융 거래 발생 시 현지 통화로 거래하거나 입금
및
지출
통화를
일치시킴으로써 환포지션 발생을 최대한 억제하고 있습
니다.
또한, 회사는 효
율적인 환율변동위험 관리를 위해 환위험을 주기적으로 모니터링 및 평가하고 있으며
투기적
외환거래는
엄격히
금지하고 있습니다.
보고기간종료일 현재
기능통화와 다른 주요 외화로 표시된 금융자산 및 금융부채에 대하여 환
율이
5% 변동할
경우 당기손익(
법인세효과 반영
전)에
미치는
영향은
다음과
같습니다.
(단위 : 백만원)
USD
25,761
(25,761)
72,735
(72,735)
EUR
(22,112)
22,112
(19,487)
19,487
INR
21,948
(21,948)
64,155
(64,155)
JPY
(5,662)
5,662
(6,274)
6,274
(2) 이자율변동위험
변동금리부 금융상품의 이자율변동위험은 시장금리 변동으로 인한 재무상태표 항목의 가치변동(공정가치) 위험과 투자 및 재무활동으로부터 발생하는 이자수익, 비용의현금흐름이 변동될 위험으로 정의할 수 있습니다. 이러한 회사의 이자율변동위험은 주로 예금 및 변동금리부 차입금에서 비롯되며, 회사는 이자율 변동으로 인한 불확실성과 금융비용의 최소화를 위한 정책을 수립 및 운영하고 있습니다.
(3) 주가변동위험
회사는
전략적
목적
등으로
기타포괄손익-공정가치금융자산
으로
분류된
지분상품
에
투자하고 있습니다. 이를 위하여 직ㆍ간접적 투자수단을 이용하고 있습니다.
보고기간종료일
현재
지분
상품
(상장주식)의 주가가 1% 변동할 경우 기타포괄손익
(법인세효과 반영 전)
에 미치는 영향은
14,125
백만
원
(전
기
:
11
,247
백만원)입
니다.
나. 신용위험
신용위험은 통상적인 거래 및 투자활동에서 발생하며 고객 또는 거래상대방이 계약조건상 의무사항을 지키지 못하였을 때 발생합니다. 이러한 신용위험을 관리하기 위하
여 고객과 거래상대방의 재무상태와 과거 경험 및 기타 요소를 고려하여 주기적으로 재무신용도를 평가하고 있으며, 고객과 거래상대방 각각에 대한 신용한도를 설정ㆍ관리하고 있습니다.
그리고 위험국가에 소재한 거래처의 매출채권은 보험한도 내에서 적절하게 위험 관리되고 있습니다.
신용위험은 금융기관과의 거래에서도 발생할 수 있으며 해당 거래는 현금및현금성자산, 각종 예금 그리고 파생금융상품 등의 금융상품 거래를 포함합니다. 이러한 위험을 줄이기 위해, 회사는 국제 신용등급이 높은 은행(S&P A등급 이상)에 대해서만 거래를 하는 것을 원칙으로 하고 있으며, 기존에 거래가 없는 금융기관과의 신규 거래는 재경팀과 지역 금융센터의 승인, 관리, 감독하에 이루어지고 있습니다. 회사가 체결하는 금융계약은 부채비율 제한 조항, 담보제공, 차입금 회수 등의 제약조건이 없는 계약을 위주로 체결하고 있으며, 기타의 경우 별도의 승인을 받아 거래하도록 되어 있습니다.
보고기간종료일 현재 회사의 금융자산 장부금액은 손상차손 차감 후 금액으로 회사의 신용위험 최대노출액을 나타내고 있습니다.
다. 유동성위험
대규모 투자가 많은 회사 사업 특성상 적정 유동성의 유지가 매우 중요합니다. 회사는 주기적인 자금수지 예측, 필요 현금 수준
산정
및 수입, 지출 관리 등을 통하여 적정 유동성을
유지ㆍ관리
하고 있습니다.
회사는
주기적으로 미래 현금 흐름을 예측하여 유동성위험을 사전 관리하고 있습니다.
권역별로 Cash Pooling을 구축
ㆍ
활용하여 권역 내 자금 부족의 경우에도
내부 자금
을 활용하
여
유동
성위험을
효율적으로 관리하고 있습니다.
Cash
Pooling은
자금 부족 회사와 자금 잉여 회사 간 자금을 공유하는 체제로 개별회사의 유동성위험을 최소화하는
한편
자금운용부담 경감 및 금융비용 절감 등의 효과가 있어 회사의 사업 경쟁력 강화에 기여하고 있습니다.
또한,
만약의 대규모 유동성 필요에 대비하여 본사의 지급보증을 통해
해외 종속기업이 활용할 수 있는 차입한도를 확보하고 있습니다.
보고기간종료일 현재 금융부채에 대하여 보고기간종료일로부터 계약만기일까지의 잔여만기에 따라 만기별로 구분된 유동성은 다음과 같습니다.
(1) 당기말
(단위 : 백만원)
금융부채
31,594,935
131,341
608,538
1,121,448
35,383
(2) 전기말
(단위 : 백만원)
금융부채
28,627,758
192,584
619,092
1,441,604
167,293
위의 분석에 포함된 금융부채는 보고기간종료일로부터 계약 만기일까지의 잔여기간에 따라 만기별로 구분되었습니다. 계약 만기일까지의 잔여기간에 따른 만기별 구분에 포함된 현금흐름은 현재가치 할인을 하지 않은 금액입니다.
당기말 현재 상기 금융부채 외 종속기업 지급보증 및 이행보증 등으로 노출된 유동성위험의 최대금액은
9,374,823
백
만
원
(전기말:
9,871,982
백만
원
)입
니다.
라. 자본위험
회사의 자본관리 목적은
계속기업으로서 주주
및
이해관계자에게
이익을
지속적으로
제공할 수 있는 능력을 보호하고 건전한
자본구조를 유지하는 것입니다.
회사는 신
용등급, 부채비율 등의
지표
를 이용하여 자본위험을 관리하고 있습니다.
당기말
현재
회사는
S&P로부터
AA-,
Moody's로부터
Aa3
평가등급을
받고
있으며,
보고기간종료일 현재
부채비율은 다음과 같습니다.
(단위 : 백만원)
부 채
46,347,703
38,310,673
자 본
183,316,724
177,870,247
부채비율
25.3%
21.5%
마. 공정가치 측정 (1) 보고기간종료일 현재 금융상품의 장부금액과 공정가치는 다음과 같습니다.
(단위 : 백만원)
금융자산:
현금및현금성자산
989,045
(*1)
2,081,917
(*1)
단기금융상품
29,101,284
(*1)
26,501,392
(*1)
매출채권
24,736,740
(*1)
26,255,438
(*1)
기타포괄손익-공정가치금융자산
1,539,659
1,539,659
1,206,080
1,206,080
당기손익-공정가치금융자산
3,107
3,107
3,181
3,181
기타
4,149,950
(*1)
4,307,370
(*1)
계
60,519,785
60,355,378
금융부채:
매입채무
6,599,025
(*1)
7,547,273
(*1)
단기차입금
12,520,367
(*1)
10,228,216
(*1)
미지급금
9,671,280
(*1)
9,031,752
(*1)
유동성장기부채
87,571
(*2)
153,942
(*2)
사채
31,909
36,507
39,520
52,144
장기차입금
150,397
(*2)
174,651
(*2)
장기미지급금
935,038
(*1)
1,305,278
(*1)
기타
3,423,251
(*1)
2,458,165
(*1)
계
33,418,838
30,938,797
(*1) 장부금액이 공정가치의 합리적인 근사치이므로 공정가치
공시
대상
에서 제외하였습니다.
(*2) 리스부채는 기업회계기준서 제1107호
'금융상품: 공시'
에 따라 공정가치
공시
대상
에서 제외하였습니다.
(2) 보고기간종료일 현재 공정가치로 측정 및 공시되는 금융상품의 공정가치 서열체계에 따른 수준별 공시는 다음과 같습니다.
(단위 : 백만원)
금융자산:
기타포괄손익-공정가치금융자산
1,412,524
-
127,135
1,539,659
당기손익-공정가치금융자산
-
-
3,107
3,107
금융부채:
사채
-
36,507
-
36,507
(단위 : 백만원)
금융자산:
기타포괄손익-공정가치금융자산
1,124,725
-
81,355
1,206,080
당기손익-공정가치금융자산
-
-
3,181
3,181
금융부채:
사채
-
52,144
-
52,144
공정가치 측정의 투입변수 특징에 따른 공정가치 서열체계는 다음과 같습니다. ㆍ'수준 1': 동일한 자산이나 부채에 대한 시장 공시가격 ㆍ'수준 2': 시장에서 관측가능한 투입변수를 활용한 공정가치 (단, '수준 1'에 포함된 공시가격은 제외) ㆍ'수준 3':
관측가능하지 않은 투입변수를 활용한 공정가치
활성시장에서 거래되는 금융상품의 공정가치는 보고기간종료일 현재 고시되는 시장가격에 기초하여 산정됩니다. 거래소, 판매자, 중개인, 산업집단, 평가기관 또는 감독기관을 통해 공시가격이 용이하게 그리고 정기적으로 이용가능하고, 그러한 가격이 독립된 당사자 사이에서 정기적으로 발생한 실제 시장거래를 나타낸다면, 이를 활성시장으로 간주하며, 이러한 상품은 '수준 1'에 포함됩니다. '수준 1'에 포함된 상품은 대부분
기타포괄손익-공정가치금융자산
으로 분류된 상장주식으로 구성됩니다.
활성시장에서 거래되지 않는 금융상품의 공정가치는 평가기법을 사용하여 결정하고 있습니다. 이러한 평가기법은 관측가능한 시장정보를 최대한 사용하고 기업고유정보는 최소한으로 사용합니다. 이때, 해당 상품의 공정가치 측정에 요구되는 모든 유의적인 투입변수가 관측가능하다면 해당 상품은 '수준 2'에 포함됩니다.
만약 하나 이상의 유의적인 투입변수가 관측가능한 시장정보에 기초한 것이 아니라면 해당 상품은 '수준 3'에 포함됩니다.
회사는 '수준 3'으로 분류되는 공정가치 측정을 포함하여 재무보고 목적의 공정가치를 측정하고 있습니다. 재무보고 일정에 맞추어 공정가치 평가 과정 및 그 결과에 대해 협의하고 있고, 공정가치 '수준' 간 이동을 발생시키는 사건이나 상황의 변동이 일어난 보고기간종료일에 '수준' 변동을 인식하고 있습니다. 금융상품의 공정가치를 측정하는 데 사용되는 평가기법에는 다음이 포함됩니다. - 유사한 상품의 공시시장가격 또는 딜러가격 - 파생상품의 공정가치는 보고기간종료일 현재의 선도환율 등을 사용하여 해당 금액을 현재가치로 할인하여 측정
나머지 금융상품에 대해서는 현금흐름의 할인기법 등의 기타 기법을 사용합니다. 유동자산으로 분류된 매출채권 및 기타채권의 경우 장부금액을 공정가치의 합리적인 근사치로 추정하고 있습니다.
(3) 가치평가기법 및 투입변수
회사는 공정가치 서열체계에서 '수준 2'로 분류되는 회사채, 국공채, 금융채 등에 대하여 미래현금흐름을 적정이자율로 할인하는 현재가치법을 사용하고 있습니다.
당기말 현재
'수준 3'으로 분류된 주요 금융상품에 대하여 사용된 가치평가기법과 투입변수는
다음과 같습니다.
(단위 : 백만원, %)
기타포괄손익-공정가치금융자산:
㈜말타니
9,121
현금흐름할인법
영구성장률
-1.0%~1.0%(0.0%)
가중평균자본비용
8.7%-10.7%(9.7%)
삼성벤처투자㈜
22,060
현금흐름할인법
영구성장률
-1.0%~1.0%(0.0%)
가중평균자본비용
18.7%~20.7%(19.7%)
(4) '수준 3'에 해당하는 금융상품의 변동 내역
(단위 : 백만원)
기초
84,536
83,258
매입
39,239
6,701
매도
(74)
(3,105)
평가(당기손익)
-
(1,458)
평가(기타포괄손익)
6,541
733
기타
-
(1,593)
기말
130,242
84,536
(5) '수준 3'으로 분류된 반복적인 공정가치 측정치의 민감도분석 금융상품의 민감도분석은 통계적 기법을 이용한 관측 불가능한 투입변수의 변동에 따른 금융상품의 가치 변동에 기초하여 유리한 변동과 불리한 변동으로 구분하여 이루어집니다.
그리고
공정가치가
두
개
이상의
투입변수에
영향을
받는
경우에는
가장
유리하거나 또는 가장 불리한 금액을 바탕으로 산출됩니다.
당기말 현재
'수준 3'으로 분류되는 주요 금융상품의 투입변수의 변동에 따른 손익효과(
자본
은 법인세효과 반영 전
효과
)에 대한 민감도분석 결과는 다음과 같습니다
.
(단위 : 백만원)
유리한 변동
효과
불리한 변동
효과
기타포괄손익-공정가치금융자산(*)
-
3,906
-
(2,711)
(*) 지분상품은 주요 관측불가능한 투입변수인 성장률(-1.0%~1.0%)과 할인율 사이의 상관관계를 증가 또는 감소시킴으로써 공정가치 변동을 산출하였습니다.
29. 부문별 보고:
회사는 전략적 의사결정을 수립하는 경영진(경영위원회)에게 보고되는 사업 단위를 기준으로 보고부문을 결정하고 있습니다. 경영위원회는 부문에 배분될 자원에 대한 의사결정을 하고 부문의 성과를 평가하기 위하여 부문의 영업이익을 기준으로 검토하고 있습니다.
매출은 대부분 재화의 매출로 구성되어 있습니다. 회사의 보고부문은
조직
및
수익을
창출하는 제품의 유형을 기준으로 식별되었으며, 보고기간종료일 현재 보고부문은 CE, IM, DS(반도체 사업) 등으로 구성되어 있습니다.
보고부문별 자산과 부채는 경영위원회에 정기적으로 제공되지 않아
포함하지 않았습니다.
(1) 당기
(단위 : 백만원)
매출액
30,618,259
64,473,747
70,874,770
166,311,191
감가상각비
98,409
202,568
15,413,851
16,125,530
무형자산상각비
50,762
1,373,849
1,021,608
2,615,225
영업이익
592,493
4,285,747
15,633,976
20,518,974
(*) 기타는 별도로 표시하지 않았습니다.
(2) 전기
(단위 : 백만원)
매출액
27,340,760
64,289,119
62,787,670
154,772,859
감가상각비
101,834
190,012
14,502,309
15,201,148
무형자산상각비
47,939
1,366,641
806,368
2,385,156
영업이익
891,195
1,425,024
11,793,296
14,115,067
(*1) 의료기기 사업부가 기타에서 CE 부문으로 보고부문의 구성이 변경되어,
해당 부문
정보를 재작성하였습니다.
(*2) 기타는 별도로 표시하지 않았습니다.
30. 특수관계자와의 거래:
가.
당기말 현재 종속기업의 현황은 다음과 같습니다.
미주
Samsung Electronics America, Inc. (SEA)
전자제품 판매
100.0
Samsung International, Inc. (SII)
전자제품 생산
100.0
Samsung Mexicana S.A. de C.V (SAMEX)
전자제품 생산
100.0
Samsung Electronics Home Appliances America, LLC (SEHA)
가전제품 생산
100.0
Samsung Research America, Inc (SRA)
R&D
100.0
Samsung Next LLC (SNX)
해외자회사 관리
100.0
Samsung Next Fund LLC (SNXF)
신기술사업자, 벤처기업 투자
100.0
NeuroLogica Corp.
의료기기 생산 및 판매
100.0
Samsung HVAC America, LLC
에어컨공조 판매
100.0
Prismview, LLC
LED 디스플레이 생산 및 판매
100.0
Joyent, Inc.
클라우드서비스
100.0
Viv Labs, Inc.
인공지능서비스
100.0
Dacor Holdings, Inc.
해외자회사 관리
100.0
Dacor, Inc.
가전제품 생산 및 판매
100.0
Dacor Canada Co.
가전제품 판매
100.0
SmartThings, Inc.
스마트홈 플랫폼
100.0
TeleWorld Solutions, Inc. (TWS)
네트워크장비 설치 및 최적화
100.0
TWS LATAM B, LLC
해외자회사 관리
100.0
TWS LATAM S, LLC
해외자회사 관리
100.0
SNB Technologies, Inc. Mexico, S.A. de C.V
네트워크장비 설치 및 최적화
100.0
Zhilabs Inc.
네트워크Solution 판매
100.0
Samsung Semiconductor, Inc. (SSI)
반도체ㆍDP 판매
100.0
Samsung Austin Semiconductor LLC. (SAS)
반도체 생산
100.0
Samsung Oak Holdings, Inc. (SHI)
해외자회사 관리
100.0
Stellus Technologies, Inc.
반도체 시스템 생산 및 판매
100.0
SEMES America, Inc.
반도체 장비 서비스
100.0
(*) 종속기업 보유 지분율을 포함한 의결권 있는 주식 기준입니다.
미주
Samsung Electronics Canada, Inc. (SECA)
전자제품 판매
100.0
AdGear Technologies Inc.
디지털광고 플랫폼
100.0
SigMast Communications Inc.
문자메시지 개발
100.0
Samsung Eletronica da Amazonia Ltda. (SEDA)
전자제품 생산 및 판매
100.0
Samsung Electronics Mexico S.A. De C.V. (SEM)
전자제품 판매
100.0
Samsung Electronics Digital Appliance Mexico, SA de CV (SEDAM)
가전제품 생산
100.0
Samsung Electronics Latinoamerica(Zona Libre), S. A. (SELA)
전자제품 판매
100.0
Samsung Electronics Latinoamerica Miami, Inc. (SEMI)
전자제품 판매
100.0
Samsung Electronica Colombia S.A. (SAMCOL)
전자제품 판매
100.0
Samsung Electronics Argentina S.A. (SEASA)
마케팅 및 서비스
100.0
Samsung Electronics Chile Limitada (SECH)
전자제품 판매
100.0
Samsung Electronics Peru S.A.C. (SEPR)
전자제품 판매
100.0
Samsung Electronics Venezuela, C.A. (SEVEN)
마케팅 및 서비스
100.0
Samsung Electronics Panama. S.A. (SEPA)
컨설팅
100.0
Harman International Industries, Inc.
해외자회사 관리
100.0
Harman Becker Automotive Systems, Inc.
오디오제품 생산, 판매, R&D
100.0
Harman Connected Services, Inc.
Connected Service Provider
100.0
Harman Connected Services Engineering Corp.
Connected Service Provider
100.0
Harman da Amazonia Industria Eletronica e Participacoes Ltda.
오디오제품 생산, 판매
100.0
Harman de Mexico, S. de R.L. de C.V.
오디오제품 생산
100.0
Harman do Brasil Industria Eletronica e Participacoes Ltda.
오디오제품 판매, R&D
100.0
Harman Financial Group LLC
Management Company
100.0
Harman International Industries Canada Ltd.
오디오제품 판매
100.0
Harman International Mexico, S. de R.L. de C.V.
오디오제품 판매
100.0
Harman KG Holding, LLC
해외자회사 관리
100.0
Harman Professional, Inc.
오디오제품 판매, R&D
100.0
RT SV CO-INVEST, LP
벤처기업 투자
99.9
Beijing Integrated Circuit Industry International Fund, L.P
벤처기업 투자
61.4
China Materialia New Materials 2016 Limited Partnership
벤처기업 투자
99.0
(*) 종속기업 보유 지분율을 포함한 의결권 있는 주식 기준입니다.
유럽ㆍ CIS
Samsung Electronics (UK) Ltd. (SEUK)
전자제품 판매
100.0
Samsung Electronics Ltd. (SEL)
해외자회사 관리
100.0
Samsung Semiconductor Europe Limited (SSEL)
반도체ㆍDP 판매
100.0
Samsung Electronics GmbH (SEG)
전자제품 판매
100.0
Samsung Electronics Holding GmbH (SEHG)
해외자회사 관리
100.0
Samsung Semiconductor Europe GmbH (SSEG)
반도체ㆍDP 판매
100.0
Samsung Electronics France S.A.S (SEF)
전자제품 판매
100.0
Samsung Electronics Italia S.P.A. (SEI)
전자제품 판매
100.0
Samsung Electronics Iberia, S.A. (SESA)
전자제품 판매
100.0
Samsung Electronics Portuguesa S.A. (SEP)
전자제품 판매
100.0
Samsung Electronics Hungarian Private Co. Ltd. (SEH)
전자제품 생산 및 판매
100.0
Samsung Electronics Europe Logistics B.V. (SELS)
물류
100.0
Samsung Electronics Benelux B.V. (SEBN)
전자제품 판매
100.0
Samsung Electronics Europe Holding Cooperatief U.A. (SEEH)
해외자회사 관리
100.0
Samsung Electronics Nordic Aktiebolag (SENA)
전자제품 판매
100.0
Samsung Electronics Slovakia s.r.o (SESK)
TVㆍ모니터 생산
100.0
Samsung Display Slovakia s.r.o. (SDSK)
DP 임가공
100.0
Samsung Electronics Polska, SP.Zo.o (SEPOL)
전자제품 판매
100.0
Samsung Electronics Poland Manufacturing SP.Zo.o (SEPM)
가전제품 생산
100.0
Samsung Electronics Romania LLC (SEROM)
전자제품 판매
100.0
Samsung Electronics Austria GmbH (SEAG)
전자제품 판매
100.0
Samsung Electronics Switzerland GmbH (SESG)
전자제품 판매
100.0
Samsung Electronics Czech and Slovak s.r.o. (SECZ)
전자제품 판매
100.0
Samsung Electronics Baltics SIA (SEB)
전자제품 판매
100.0
Samsung Electronics Greece S.M.S.A (SEGR)
전자제품 판매
100.0
Samsung Electronics Air Conditioner Europe B.V. (SEACE)
에어컨공조 판매
100.0
Samsung Nanoradio Design Center (SNDC)
R&D
100.0
Samsung Denmark Research Center ApS (SDRC)
R&D
100.0
Samsung Cambridge Solution Centre Limited (SCSC)
R&D
100.0
Zhilabs, S.L.
네트워크Solution 개발, 판매
100.0
Foodient Ltd.
R&D
100.0
Samsung Electronics Rus Company LLC (SERC)
전자제품 판매
100.0
Samsung Electronics Rus Kaluga LLC (SERK)
TV 생산
100.0
Samsung Electronics Ukraine Company LLC (SEUC)
전자제품 판매
100.0
Samsung Electronics Central Eurasia LLP (SECE)
전자제품 판매
100.0
Samsung Electronics Overseas B.V. (SEO)
전자제품 판매
100.0
Samsung R&D Institute Rus LLC (SRR)
R&D
100.0
Samsung Electronics Caucasus Co. Ltd (SECC)
마케팅
100.0
(*) 종속기업 보유 지분율을 포함한 의결권 있는 주식 기준입니다.
유럽ㆍ CIS
AKG Acoustics GmbH
오디오제품 생산, 판매
100.0
AMX UK Limited
오디오제품 판매
100.0
Arcam Limited
해외자회사 관리
100.0
A&R Cambridge Limited
오디오제품 판매
100.0
Harman Audio Iberia Espana Sociedad Limitada
오디오제품 판매
100.0
Harman Automotive UK Limited
오디오제품 생산
100.0
Harman Becker Automotive Systems GmbH
오디오제품 생산, 판매, R&D
100.0
Harman Becker Automotive Systems Italy S.R.L.
오디오제품 판매
100.0
Harman Becker Automotive Systems Manufacturing Kft
오디오제품 생산, R&D
100.0
Harman Belgium SA
오디오제품 판매
100.0
Harman Connected Services AB.
Connected Service Provider
100.0
Harman Finland Oy
Connected Service Provider
100.0
Harman Connected Services GmbH
Connected Service Provider
100.0
Harman Connected Services Limited
Connected Service Provider
100.0
Harman Connected Services Poland Sp.zoo
Connected Service Provider
100.0
Harman Connected Services UK Ltd.
Connected Service Provider
100.0
Harman Consumer Nederland B.V.
오디오제품 판매
100.0
Harman Deutschland GmbH
오디오제품 판매
100.0
Harman Finance International GP S.a.r.l
해외자회사 관리
100.0
Harman France SNC
오디오제품 판매
100.0
Harman Holding Gmbh & Co. KG
Management Company
100.0
Harman Hungary Financing Ltd.
Financing Company
100.0
Harman Inc. & Co. KG
해외자회사 관리
100.0
Harman International Estonia OU
R&D
100.0
Harman International Industries Limited
오디오제품 판매, R&D
100.0
Harman International Romania SRL
R&D
100.0
Harman Finance International, SCA
Financing Company
100.0
Harman International s.r.o
오디오제품 생산
100.0
Harman Management GmbH
해외자회사 관리
100.0
Harman Professional Kft
오디오제품 생산, R&D
100.0
Martin Manufacturing (UK) Ltd
오디오제품 생산
100.0
Harman Professional Denmark ApS
오디오제품 판매, R&D
100.0
Red Bend Software Ltd.
소프트웨어 디자인
100.0
Red Bend Software SAS
소프트웨어 디자인
100.0
Studer Professional Audio GmbH
오디오제품 판매, R&D
100.0
Harman Connected Services OOO
Connected Service Provider
100.0
Harman RUS CIS LLC
오디오제품 판매
100.0
(*) 종속기업 보유 지분율을 포함한 의결권 있는 주식 기준입니다.
중동ㆍ 아프리카
Samsung Gulf Electronics Co., Ltd. (SGE)
전자제품 판매
100.0
Samsung Electronics Turkey (SETK)
전자제품 판매
100.0
Samsung Electronics Levant Co.,Ltd. (SELV)
전자제품 판매
100.0
Samsung Electronics Maghreb Arab (SEMAG)
전자제품 판매
100.0
Samsung Electronics Egypt S.A.E (SEEG)
전자제품 생산 및 판매
100.0
Samsung Electronics Israel Ltd. (SEIL)
마케팅
100.0
Samsung Electronics Tunisia S.A.R.L (SETN)
마케팅
100.0
Samsung Electronics Pakistan(Private) Ltd. (SEPAK)
마케팅
100.0
Samsung Electronics Saudi Arabia Ltd. (SESAR)
전자제품 판매
100.0
Samsung Semiconductor Israel R&D Center, Ltd. (SIRC)
R&D
100.0
Corephotonics Ltd.
R&D
100.0
Samsung Electronics South Africa(Pty) Ltd. (SSA)
전자제품 판매
100.0
Samsung Electronics South Africa Production (pty) Ltd. (SSAP)
TVㆍ모니터 생산
100.0
Samsung Electronics West Africa Ltd. (SEWA)
마케팅
100.0
Samsung Electronics East Africa Ltd. (SEEA)
마케팅
100.0
Global Symphony Technology Group Private Ltd.
해외자회사 관리
100.0
Harman Connected Services Morocco
Connected Service Provider
100.0
Harman Industries Holdings Mauritius Ltd.
해외자회사 관리
100.0
Red Bend Ltd.
오디오제품 생산
100.0
(*) 종속기업 보유 지분율을 포함한 의결권 있는 주식 기준입니다.
아시아 (중국 제외)
Samsung Asia
Pte.
Ltd. (SAPL)
전자제품 판매
100.0
Samsung Electronics Singapore Pte. Ltd. (SESP)
전자제품 판매
100.0
Samsung Malaysia Electronics (SME) Sdn. Bhd. (SME)
전자제품 판매
100.0
Samsung Electronics Display (M) Sdn. Bhd. (SDMA)
전자제품 생산
100.0
Samsung Electronics (M) Sdn. Bhd. (SEMA)
가전제품 생산
100.0
Samsung Vina Electronics Co., Ltd. (SAVINA)
전자제품 판매
100.0
Samsung Electronics Vietnam Co., Ltd. (SEV)
전자제품 생산
100.0
Samsung Electronics Vietnam THAINGUYEN Co., Ltd. (SEVT)
통신제품 생산
100.0
Samsung Electronics HCMC CE Complex Co., Ltd. (SEHC)
전자제품 생산 및 판매
100.0
Samsung Display Vietnam Co., Ltd. (SDV)
DP 생산
100.0
PT Samsung Electronics Indonesia (SEIN)
전자제품 생산 및 판매
100.0
PT Samsung Telecommunications Indonesia (STIN)
전자제품 판매 및 서비스
100.0
Thai Samsung Electronics Co., Ltd. (TSE)
전자제품 생산 및 판매
91.8
Laos Samsung Electronics Sole Co., Ltd (LSE)
마케팅
100.0
Samsung Electronics Philippines Corporation (SEPCO)
전자제품 판매
100.0
Samsung Electronics Australia Pty. Ltd. (SEAU)
전자제품 판매
100.0
Samsung Electronics New Zealand Limited (SENZ)
전자제품 판매
100.0
Samsung India Electronics Private Ltd. (SIEL)
전자제품 생산 및 판매
100.0
Samsung Display Noida Private Limited (SDN)
DP 생산
100.0
Samsung R&D Institute India-Bangalore Private Limited (SRI-Bangalore)
R&D
100.0
Samsung R&D Institute BanglaDesh Limited (SRBD)
R&D
100.0
Samsung Nepal Services Pvt, Ltd (SNSL)
서비스
100.0
Samsung Japan Corporation (SJC)
반도체ㆍDP 판매
100.0
Samsung R&D Institute Japan Co. Ltd. (SRJ)
R&D
100.0
Samsung Electronics Japan Co., Ltd. (SEJ)
전자제품 판매
100.0
Harman Connected Services Corp. India Pvt. Ltd.
Connected Service Provider
100.0
Harman International (India) Private Limited
오디오제품 판매, R&D
100.0
Harman International Industries PTY Ltd.
해외자회사 관리
100.0
Harman International Japan Co., Ltd.
오디오제품 판매, R&D
100.0
Harman Singapore Pte. Ltd.
오디오제품 판매
100.0
(*) 종속기업 보유 지분율을 포함한 의결권 있는 주식 기준입니다.
중국
Samsung (CHINA) Investment Co., Ltd. (SCIC)
전자제품 판매
100.0
Samsung Electronics Hong Kong Co., Ltd. (SEHK)
전자제품 판매
100.0
Samsung Electronics Taiwan Co., Ltd. (SET)
전자제품 판매
100.0
Samsung Electronics Huizhou Co., Ltd. (SEHZ)
전자제품 생산
100.0
Tianjin Samsung Electronics Co., Ltd. (TSEC)
TVㆍ모니터 생산
91.2
Suzhou Samsung Electronics Co., Ltd. (SSEC)
가전제품 생산
88.3
Samsung Suzhou Electronics Export Co., Ltd. (SSEC-E)
가전제품 생산
100.0
Samsung Electronics Suzhou Computer Co., Ltd. (SESC)
전자제품 생산,
R&D
100.0
Tianjin Samsung Telecom Technology Co., Ltd. (TSTC)
통신제품 생산
90.0
Shenzhen Samsung Electronics Telecommunication Co., Ltd. (SSET)
통신제품 생산
100.0
Beijing Samsung Telecom R&D Center (SRC-Beijing)
R&D
100.0
Samsung Electronics China R&D Center (SRC-Nanjing)
R&D
100.0
Samsung Mobile R&D Center China-Guangzhou (SRC-Guangzhou)
R&D
100.0
Samsung R&D Institute China-Shenzhen (SRC-Shenzhen)
R&D
100.0
Shanghai Samsung Semiconductor Co., Ltd. (SSS)
반도체ㆍDP 판매
100.0
Samsung (China) Semiconductor Co., Ltd. (SCS)
반도체 생산
100.0
Samsung SemiConductor Xian Co., Ltd. (SSCX)
반도체ㆍDP 판매
100.0
Samsung
Electronics
Suzhou
Semiconductor
Co.,
Ltd.
(SESS)
반도체 임가공
100.0
Tianjin Samsung LED Co., Ltd. (TSLED)
LED 생산
100.0
Samsung Semiconductor (China) R&D Co., Ltd. (SSCR)
R&D
100.0
Samsung Display Dongguan Co., Ltd. (SDD)
DP 생산
100.0
Samsung Display Tianjin Co., Ltd. (SDT)
DP 생산
95.0
Samsung Suzhou Module Co., Ltd. (SSM)
DP 생산
100.0
Samsung Suzhou LCD Co., Ltd. (SSL)
DP 생산
60.0
SEMES (XIAN) Co., Ltd.
반도체 장비 서비스
100.0
Harman (China) Technologies Co., Ltd.
오디오제품 생산
100.0
Harman (Suzhou) Audio and Infotainment Systems Co., Ltd.
오디오제품 판매
100.0
Harman Automotive Electronic Systems (Suzhou) Co., Ltd.
오디오제품 생산, R&D
100.0
Harman Commercial (Shanghai) Co., Ltd.
오디오제품 판매
100.0
Harman Connected Services Solutions (Chengdu) Co., Ltd.
Connected Service Provider
100.0
Harman Holding Limited
오디오제품 판매
100.0
Harman International (China) Holdings Co., Ltd.
오디오제품 판매, R&D
100.0
Harman Technology (Shenzhen) Co., Ltd.
오디오제품 판매, R&D
100.0
(*) 종속기업 보유 지분율을 포함한 의결권 있는 주식 기준입니다.
지역
지분율 (%)
(*)
국내
삼성디스플레이㈜
DP 생산 및 판매
84.8
에스유머티리얼스㈜
DP 부품 생산
50.0
스테코㈜
반도체 부품 생산
70.0
세메스㈜
반도체ㆍFPD 장비 생산, 판매
91.5
삼성전자서비스㈜
전자제품 수리 서비스
99.3
삼성전자서비스씨에스㈜
고객상담서비스
100.0
삼성전자판매㈜
전자제품 판매
100.0
삼성전자로지텍㈜
종합물류대행
100.0
삼성메디슨㈜
의료기기 생산 및 판매
68.5
㈜미래로시스템
반도체 소프트웨어 개발 및 공급
99.9
㈜도우인시스
DP 부품 생산
52.5
지에프㈜
DP 부품 생산
100.0
㈜하만인터내셔널코리아
소프트웨어 개발 및 공급
100.0
SVIC 21호 신기술투자조합
신기술사업자, 벤처기업 투자
99.0
SVIC 22호 신기술투자조합
신기술사업자, 벤처기업 투자
99.0
SVIC 26호 신기술투자조합
신기술사업자, 벤처기업 투자
99.0
SVIC 27호 신기술투자조합
신기술사업자, 벤처기업 투자
99.0
SVIC 28호 신기술투자조합
신기술사업자, 벤처기업 투자
99.0
SVIC 29호 신기술투자조합
신기술사업자, 벤처기업 투자
99.0
SVIC 32호 신기술투자조합
신기술사업자, 벤처기업 투자
99.0
SVIC 33호 신기술투자조합
신기술사업자, 벤처기업 투자
99.0
SVIC 37호 신기술투자조합
신기술사업자, 벤처기업 투자
99.0
SVIC 40호 신기술투자조합
신기술사업자, 벤처기업 투자
99.0
SVIC 42호 신기술투자조합
신기술사업자, 벤처기업 투자
99.0
SVIC 43호 신기술투자조합
신기술사업자, 벤처기업 투자
99.0
SVIC 45호 신기술투자조합
신기술사업자, 벤처기업 투자
99.0
SVIC 48호 신기술투자조합
신기술사업자, 벤처기업 투자
99.0
반도체성장 전문투자형 사모 투자신탁
반도체산업 투자
66.7
시스템반도체 상생 전문투자형 사모 투자신탁
반도체산업 투자
62.5
(*) 종
속기업 보유 지분율을 포함한 의결권 있는 주식 기준입니다.
나.
당기 및 전기 중 특수관계자와의 매출ㆍ매입 등 거래 내역은 다음과 같습니다. (1) 당기
(단위 : 백만원)
종속기업
삼성디스플레이㈜
196,823
-
1,016,635
99
Samsung Electronics America, Inc. (SEA)
26,957,506
-
169,209
-
Samsung Electronics Vietnam THAINGUYEN Co., Ltd. (SEVT)
5,604,586
160
17,562,566
1,666
Samsung (CHINA) Investment Co., Ltd. (SCIC)
1,258,362
-
16,121
-
Harman과 그 종속기업(*2)
82
-
96,868
-
Samsung (China) Semiconductor Co., Ltd. (SCS)
151,476
266,135
5,321,169
6,447
Samsung Electronics Vietnam Co., Ltd. (SEV)
3,996,320
2,650
13,734,647
1,355
Samsung Semiconductor, Inc. (SSI)
20,816,043
-
433,784
330
Samsung Asia
Pte.
Ltd. (SAPL)
1,623,597
-
30,383
-
Shanghai Samsung Semiconductor Co., Ltd. (SSS)
19,538,264
-
205,749
-
Samsung Display Vietnam Co., Ltd. (SDV)
1,155,048
-
-
-
Samsung Austin Semiconductor LLC. (SAS)
768
62,423
3,913,100
1,863
Samsung Eletronica da Amazonia Ltda. (SEDA)
1,043,819
243
5,089
-
Samsung India Electronics Private Ltd. (SIEL)
3,839,831
-
2,613,913
-
Thai Samsung Electronics Co., Ltd. (TSE)
1,234,284
-
2,002,528
-
Samsung Electronics (UK) Ltd. (SEUK)
888,317
-
105,904
-
Samsung Electronics GmbH (SEG)
3,560,864
-
8,158
-
Samsung Electronics HCMC CE Complex Co., Ltd. (SEHC)
709,713
-
5,249,002
31
Samsung Electronics Hungarian Private Co. Ltd. (SEH)
884,255
-
1,849
-
Samsung Electronics Benelux B.V. (SEBN)
200,787
-
2,611
-
Samsung Display Dongguan Co., Ltd. (SDD)
79,708
-
-
-
Samsung Electronics Europe Logistics B.V. (SELS)
4,047,574
-
8,728
-
Samsung Electronics France S.A.S (SEF)
2,034,589
-
4,367
-
Samsung Japan Corporation (SJC)
2,526,771
-
7,163
-
기타
42,074,984
13,361
19,651,006
14,732
종속기업 계
144,424,371
344,972
72,160,549
26,523
(*1) 회사와 특수관계에 있는 개별회사와의 거래 금액입니다. (*2) Harman International Industries, Inc. 및 그 종속기업이 포함된 중간지배기업과의 거래 금액입니다.
(단위 : 백만원)
관계기업 및 공동기업
삼성에스디에스
㈜
106,676
77
1,566,150
426,799
삼성전기
㈜
36,562
-
1,072,949
-
삼성SDI
㈜
54,356
272
314,277
69,619
㈜
제일기획
26,244
-
620,199
-
기타
541,318
30
696,055
4,360
관계기업 및 공동기업 계
765,156
379
4,269,630
500,778
그 밖의 특수관계자
삼성물산
㈜
87,844
-
151,612
3,491,244
기타
264,426
-
535,448
84,663
그 밖의 특수관계자 계
352,270
-
687,060
3,575,907
기타(*2)
삼성엔지니어링
㈜
3,906
-
43,472
1,614,571
㈜
에스원
10,933
-
374,209
33,340
기타
79,524
-
202,874
799
기타 계
94,363
-
620,555
1,648,710
(*1) 회사와 특수관계에 있는 개별회사와의 거래 금액입니다.
(*2) 기업회계기준서 제1024호 특수관계자 범위에 포함되지 않으나「독점규제 및 공정거래에 관한 법률」에 따른 동일한 대규모기업집단 소속회사입니다.
(
2) 전기
(단위 : 백만원)
종속기업
삼성디스플레이㈜
296,371
-
1,109,506
-
Samsung Electronics America, Inc. (SEA)
25,947,874
-
170,222
-
Harman과 그 종속기업(*2)
-
-
144,447
-
Samsung (CHINA) Investment Co., Ltd. (SCIC)
548,807
-
7,485
-
Samsung Electronics Vietnam THAINGUYEN Co., Ltd. (SEVT)
6,762,858
456
18,745,823
608
Samsung (China) Semiconductor Co., Ltd. (SCS)
433,109
362,161
5,445,299
36,882
Samsung Electronics Vietnam Co., Ltd. (SEV)
4,227,935
730
14,114,536
458
Samsung Semiconductor, Inc. (SSI)
13,538,834
-
459,832
3,678
Samsung Asia
Pte.
Ltd. (SAPL)
1,546,887
-
34,588
-
Samsung Display Vietnam Co., Ltd. (SDV)
833,203
-
-
-
Samsung Eletronica da Amazonia Ltda. (SEDA)
1,339,423
8
720
-
Samsung India Electronics Private Ltd. (SIEL)
4,856,926
107
2,976,359
-
Samsung Austin Semiconductor LLC. (SAS)
51
12,807
3,897,162
-
Shanghai Samsung Semiconductor Co., Ltd. (SSS)
18,401,945
-
92,670
-
Thai Samsung Electronics Co., Ltd. (TSE)
1,426,618
155
1,824,003
-
Samsung Electronics (UK) Ltd. (SEUK)
258,150
-
112,884
-
Samsung Electronics HCMC CE Complex Co., Ltd. (SEHC)
472,809
650
3,600,154
-
Samsung Electronics GmbH (SEG)
2,974,269
-
18,487
-
Samsung Electronics Hungarian Private Co. Ltd. (SEH)
665,434
-
1,564
26
Samsung SemiConductor Xian Co., Ltd. (SSCX)
3,982,935
-
118,948
-
Samsung Electronics Europe Logistics B.V. (SELS)
3,129,396
-
18,409
-
Samsung Electronics Benelux B.V. (SEBN)
19,813
-
2,465
-
Samsung Suzhou LCD Co., Ltd. (SSL)
32,213
-
-
-
Samsung Display Dongguan Co., Ltd. (SDD)
137,643
-
-
-
기타
44,985,051
5,807
20,918,718
9,963
종속기업 계
136,818,554
382,881
73,814,281
51,615
(*1) 회사와 특수관계에 있는 개별회사와의 거래 금액입니다. (*2) Harman International Industries, Inc. 및 그 종속기업이 포함된 중간지배기업과의 거래 금액입니다.
(단위 : 백만원)
관계기업 및 공동기업
삼성에스디에스
㈜
83,635
-
1,837,876
456,400
삼성전기
㈜
35,565
-
1,309,616
16
삼성SDI
㈜
55,949
16,106
294,075
77,813
㈜
제일기획
24,743
-
781,027
958
기타
438,875
-
733,333
1,772
관계기업 및 공동기업 계
638,767
16,106
4,955,927
536,959
그 밖의 특수관계자
삼성물산
㈜
111,363
-
217,617
4,057,175
기타
176,123
-
455,355
57,405
그 밖의 특수관계자 계
287,486
-
672,972
4,114,580
기타(*2)
삼성엔지니어링
㈜
5,488
-
80,218
1,873,941
㈜
에스원
10,114
-
333,797
25,142
기타
104,221
38
200,719
1,089
기타 계
119,823
38
614,734
1,900,172
(*1) 회사와 특수관계에 있는 개별회사와의 거래 금액입니다.
(*2) 기업회계기준서 제1024호 특수관계자 범위에 포함되지 않으나「독점규제 및 공정거래에 관한 법률」에 따른 동일한 대규모기업집단 소속회사입니다.
다. 보고기간종료일 현재 특수관계자에 대한 채권ㆍ채무 등 잔액은 다음과 같습니다. (1) 당기
말
(단위 : 백만원)
종속기업
삼성디스플레이㈜
8,791
110,590
Samsung Electronics America, Inc. (SEA)
4,386,729
109,808
Samsung Electronics Vietnam THAINGUYEN Co., Ltd. (SEVT)
573,990
1,475,012
Samsung (CHINA) Investment Co., Ltd. (SCIC)
114,209
63,247
Harman과 그 종속기업(*4)
-
11,649
Samsung (China) Semiconductor Co., Ltd. (SCS)
58,124
503,142
Samsung Electronics Vietnam Co., Ltd. (SEV)
479,330
1,642,273
Samsung Electronics Europe Holding Cooperatief U.A. (SEEH)
348
-
Samsung Semiconductor, Inc. (SSI)
3,904,314
119,569
Samsung Asia
Pte.
Ltd. (SAPL)
92,692
38,434
Shanghai Samsung Semiconductor Co., Ltd. (SSS)
3,310,319
202
Samsung Display Vietnam Co., Ltd. (SDV)
118,106
-
Samsung Austin Semiconductor LLC. (SAS)
6,634
297,169
Samsung Eletronica da Amazonia Ltda. (SEDA)
368,591
938
Samsung India Electronics Private Ltd. (SIEL)
825,400
283,091
Thai Samsung Electronics Co., Ltd. (TSE)
76,754
219,580
Samsung Electronics (UK) Ltd. (SEUK)
250,169
27,984
Samsung Electronics GmbH (SEG)
674,888
1,999
Samsung Electronics HCMC CE Complex Co., Ltd. (SEHC)
127,677
502,978
Samsung Electronics Hungarian Private Co. Ltd. (SEH)
83,227
229
Samsung Electronics Benelux B.V. (SEBN)
114,569
3,363
Samsung Display Dongguan Co., Ltd. (SDD)
14,237
-
Samsung Electronics Europe Logistics B.V. (SELS)
939,206
1,651
Samsung Electronics France S.A.S (SEF)
313,893
340
Samsung Japan Corporation (SJC)
227,020
57,762
기타
6,543,308
2,253,734
종속기업 계
23,612,525
7,724,744
(*1) 회사와 특수관계에 있는 개별회사에 대한 채권ㆍ채무 금액입니다.
(*2)
종속기업 채권에 대하여 인식된 손실충당금은 없습니다. (*3) 채무 등은 리스부채가 포함된 금액입니다.
(*4) Harman International Industries, Inc. 및 그 종속기업이 포함된 중간지배기업과의 거래 금액입니다.
(단위 : 백만원)
관계기업 및 공동기업
삼성에스디에스
㈜
36,752
493,346
삼성전기
㈜
310
71,041
삼성SDI
㈜
107,201
58,274
㈜
제일기획
76
393,348
기타
103,652
161,686
관계기업 및 공동기업 계
247,991
1,177,695
그 밖의 특수관계자
삼성물산
㈜
212,894
2,300,740
기타
16,065
111,425
그 밖의 특수관계자 계
228,959
2,412,165
기타(*3)
삼성엔지니어링
㈜
441
523,140
㈜
에스원
1,619
32,165
기타
3,133
20,697
기타 계
5,193
576,002
(*1) 회사와 특수관계에 있는 개별회사에 대한 채권ㆍ채무 금액입니다.
(*2) 채무 등은 리스부채가 포함된 금액입니다.
(*3)
기업회계기준서 제1024호 특수관계자 범위에 포함되지 않으나 「독점규제 및 공정거래에 관한 법률」 에 따른 동일한 대규모기업집단 소속회사입니다.
(2) 전기말
(단위 : 백만원)
기업명
(*1)
채권 등
(*2)
채무 등(*
3)
종속기업
삼성디스플레이㈜
16,232
163,386
Samsung Electronics America, Inc. (SEA)
4,698,974
157,317
Harman과 그 종속기업(
*4
)
-
15,017
Samsung (CHINA) Investment Co., Ltd. (SCIC)
88,657
16,564
Samsung Electronics Vietnam THAINGUYEN Co., Ltd. (SEVT)
599,646
1,931,886
Samsung (China) Semiconductor Co., Ltd. (SCS)
139,874
419,294
Samsung Electronics Vietnam Co., Ltd. (SEV)
389,210
1,798,113
Samsung Electronics Europe Holding Cooperatief U.A. (SEEH)
259
-
Samsung Semiconductor, Inc. (SSI)
2,845,229
316,567
Samsung Asia
Pte.
Ltd. (SAPL)
111,318
13,200
Samsung Display Vietnam Co., Ltd. (SDV)
63,993
-
Samsung Eletronica da Amazonia Ltda. (SEDA)
428,198
2,148
Samsung India Electronics Private Ltd. (SIEL)
2,003,078
241,310
Samsung Austin Semiconductor LLC. (SAS)
6,586
333,194
Shanghai Samsung Semiconductor Co., Ltd. (SSS)
2,455,224
3
Thai Samsung Electronics Co., Ltd. (TSE)
108,403
221,205
Samsung Electronics (UK) Ltd. (SEUK)
85,813
25,329
Samsung Electronics HCMC CE Complex Co., Ltd. (SEHC)
274,829
303,913
Samsung Electronics GmbH (SEG)
737,175
2,276
Samsung Electronics Hungarian Private Co. Ltd. (SEH)
55,907
26
Samsung SemiConductor Xian Co., Ltd. (SSCX)
1,821,955
-
Samsung Electronics Europe Logistics B.V. (SELS)
957,252
1,499
Samsung Electronics Benelux B.V. (SEBN)
3,465
3,275
Samsung Suzhou LCD Co., Ltd. (SSL)
5,257
-
Samsung Display Dongguan Co., Ltd. (SDD)
9,737
-
기타
6,967,309
2,076,526
종속기업 계
24,873,580
8,042,048
(*1) 회사와 특수관계에 있는 개별회사에 대한 채권ㆍ채무 금액입니다.
(*2)
종속기업 채권에 대하여 인식된 손실충당금은 없습니다. (*3) 채무 등은 리스부채가 포함된 금액입니다.
(*4) Harman International Industries, Inc. 및 그 종속기업이 포함된 중간지배기업과의 거래 금액입니다.
(단위 : 백만원)
기업명
(*1)
관계기업 및 공동기업
삼성에스디에스
㈜
19,584
583,369
삼성전기
㈜
2,397
156,536
삼성SDI
㈜
102,523
96,955
㈜
제일기획
46
409,411
기타
41,555
139,910
관계기업 및 공동기업 계
166,105
1,386,181
그 밖의 특수관계자
삼성물산
㈜
201,947
1,161,055
기타
14,027
105,558
그 밖의 특수관계자 계
215,974
1,266,613
기타(*3)
삼성엔지니어링
㈜
2,689
615,831
㈜
에스원
786
42,239
기타
3,361
31,652
기타 계
6,836
689,722
(*1) 회사와 특수관계에 있는 개별회사에 대한 채권ㆍ채무 금액입니다.
(*2) 채무 등은 리스부채가 포함된 금액입니다.
(*3)
기업회계기준서 제1024호 특수관계자 범위에 포함되지 않으나 「독점규제 및 공정거래에 관한 법률」 에 따른 동일한 대규모기업집단 소속회사입니다.
라. 회사는 당기 및 전기 중 종속기업에
163,456
백만원
및
925,139백만원을
출자하였으며, 종속기업으로부터 출자원금
22,057
백만원 및 58,370백만원을 회수하였습니다. 또한 당기 및 전기 중 관계기업 및 공동기업에
출자한 내역은 없으며,
당
기
중
관계기업 및 공동기업으로부터 회수한 출자원금은 없습니다
(전기: 306백만원 회수). 그리고 회사는 전기 중 관계기업인 삼성전기㈜의 PLP 사업을 785,000백만원에 양수하였습니다.
마. 회사가 당기 및 전기 중 특수관계자에게 지급 결의한 배당금은
1,659,962
백만원
및
1,661,903
백만원입니다.
또한 기업회계기준서 제1024호 특수관계자 범위에 포함되지 않으나「독점규제 및 공정거래에 관한 법률」에 따른 동일한 대규모기업집단 소속회사에게
당기 및 전기 중 지급 결의한 배당금은
125,744
백
만원
및
125,744백만
원입니다.
당기말과 전기말 현재 배당과 관련한 미지급금은 존재하지 않습니다.
바. 회사가 당기 및 전기 중 특수관계자와 체결한 리스 이용 계약은
289
백
만원
및 67,898백만원이며, 특수관계자에게 지급한 리스료는
67,002
백만
원
및
65,783백만원입니다.
사. 회사는 보고기간종료일 현재 특수관계자의 채무에 대하여 채무보증을 제공하고 있습니다(주석
16
참조).
아
.
회사가 당기 및 전기 중 주요 경영진(등기임원)에 대한 보상을 위해 비용으로 반영한 금액은 다음과 같습니다.
(단위 : 백만원)
단기급여
13,333
9,821
퇴직급여
987
1,321
기타 장기급여
7,287
6,449
내부회계관리제도 감사 또는 검토의견
내부회계관리제도 감사 또는 검토의견
독립된 감사인의 내부회계관리제도 감사보고서는 삼성전자주식회사의 2020년 12월31일자로 종료되는 회계연도의 재무제표에 대한 감사업무를 수행하고 회사의 내부회계관리제도를 감사한 결과 주식회사 등의 외부감사에 관한 법률 제8조에 따라 첨부하는 것입니다.
첨부:
1. 독립된 감사인의 내부회계관리제도 감사보고서 2. 대표이사 및 내부회계관리자의 운영실태보고서
독립된 감사인의 내부회계관리제도 감사보고서
삼성전자주식회사
주주 및 이사회 귀중
내부회계관리제도에 대한 감사의견
우리는 2020년 12월 31일 현재「내부회계관리제도 설계 및 운영 개념체계」에 근거한 삼성전자주식회사(이하 ""회사"")의 내부회계관리제도를 감사하였습니다.
우리의 의견으로는 회사의 내부회계관리제도는 2020년 12월 31일 현재 「내부회계관리제도 설계 및 운영 개념체계」에 따라 중요성의 관점에서 효과적으로 설계 및 운영되고 있습니다.
우리는 또한 대한민국의 회계감사기준에 따라, 회사의 2020년 12월 31일 현재의 재무상태표, 동일로 종료되는 보고기간의 손익계산서, 포괄손익계산서, 자본변동표 및 현금흐름표 그리고 유의적 회계정책의 요약을 포함한 재무제표의 주석을 감사하였으며, 2021년 2월 17일자 감사보고서에서 적정의견을 표명하였습니다.
내부회계관리제도 감사의견근거
우리는 대한민국의 회계감사기준에 따라 감사를 수행하였습니다. 이 기준에 따른 우리의 책임은 이 감사보고서의 내부회계관리제도감사에 대한 감사인의 책임 단락에 기술되어 있습니다. 우리는 내부회계관리제도감사와 관련된 대한민국의 윤리적 요구사항에 따라 회사로부터 독립적이며, 그러한 요구사항에 따른 기타 윤리적 책임들을 이행하였습니다. 우리가 입수한 감사증거가 감사의견을 위한 근거로서 충분하고 적합하다고 우리는 믿습니다.
내부회계관리제도에 대한 경영진과 지배기구의 책임
경영진은 효과적인 내부회계관리제도를 설계, 실행 및 유지할 책임이 있으며, 내부회계관리제도 운영실태보고서에 포함된 내부회계관리제도의 효과성에 대한 평가에 책임이 있습니다.
지배기구는 회사의 내부회계관리제도의 감시에 대한 책임이 있습니다.
내부회계관리제도감사에 대한 감사인의 책임
우리의 책임은 우리의 감사에 근거하여 회사의 내부회계관리제도에 대한 의견을 표명하는데
따라 감사를 수행하였습니다.이 기준은 우리가 중요성의 관점에서 내부회계관리제도가 효과적으로 유지되는지에 대한 합리적 확신을 얻도록 감사를 계획하고 수행할 것을 요구하고 있습니다.
내부회계관리제도 감사는 중요한 취약점이 존재하는지에 대한 감사증거를 입수하기 위한 절차의 수행을 포함합니다. 절차의 선택은 중요한 취약점이 존재하는지에 대한 위험평가를 포함하여 감사인의 판단에 따라 달라집니다. 감사는 내부회계관리제도에대한 이해의 획득과 평가된 위험에 근거한 내부회계관리제도의 설계 및 운영에 대한 테스트 및 평가를 포함합니다.
내부회계관리제도의 정의와 고유한계
회사의 내부회계관리제도는 지배기구와 경영진, 그 밖의 다른 직원에 의해 시행되며,한국채택국제회계기준에 따라 신뢰성 있는 재무제표의 작성에 합리적인 확신을 제공하기 위하여 고안된 프로세스입니다. 회사의 내부회계관리제도는 (1) 회사 자산의 거래와 처분을 합리적인 수준으로 정확하고 공정하게 반영하는 기록을 유지하고 (2) 한국채택국제회계기준에 따라 재무제표가 작성되도록 거래가 기록되고, 회사의 경영진과 이사회의 승인에 의해서만 회사의 수입과 지출이 이루어진다는 합리적인 확신을 제공하며 (3) 재무제표에 중요한 영향을 미칠 수 있는 회사 자산의 부적절한 취득, 사용 및 처분을 적시에 예방하고 발견하는 데 합리적인 확신을 제공하는 정책과 절차를포함합니다.
내부회계관리제도는 내부회계관리제도의 본질적인 한계로 인하여 재무제표에 대한 중요한 왜곡표시를 발견하거나 예방하지 못할 수 있습니다. 또한, 효과성 평가에 대한 미래기간의 내용을 추정시에는 상황의 변화 혹은 절차나 정책이 준수되지 않음으로써 내부회계관리제도가 부적절하게 되어 미래기간에 대한 평가 및 추정내용이 달라질 위험에 처할 수 있습니다.
이 독립된 감사인의 내부회계관리제도 감사보고서의 근거가 된 감사를 실시한 업무수행이사는 공인회계사 유병문입니다.
서울시 영등포구 국제금융로 10
서울시 영등포구 국제금융로 10
안 진 회 계 법 인
안 진 회 계 법 인
대 표 이 사 홍 종 성
대 표 이 사 홍 종 성
2021년 2월 17일
2021년 2월 17일
이 감사보고서는 감사보고서일(2021년 2월 17일) 현재로 유효한 것입니다. 따라서 감사보고서일 후 이 보고서를 열람하는 시점까지의 기간 사이에 회사의 내부회계관리제도에 중요한 영향을 미칠 수 있는 사건이나 상황이 발생할 수도 있으며, 이로 인하여 이 감사보고서가 수정될수도 있습니다.
이 감사보고서는 감사보고서일(2021년 2월 17일) 현재로 유효한 것입니다. 따라서 감사보고서일 후 이 보고서를 열람하는 시점까지의 기간 사이에 회사의 내부회계관리제도에 중요한 영향을 미칠 수 있는 사건이나 상황이 발생할 수도 있으며, 이로 인하여 이 감사보고서가 수정될수도 있습니다.
내부회계관리제도 운영실태 보고서.jpg
내부회계관리제도 운영실태 보고서
내부회계관리제도 운영실태 보고서
외부감사 실시내용
외부감사 실시내용
「주식회사 등의 외부감사에 관한 법률」제18조제3항의 규정에 의하여 외부감사 실시내용을 첨부합니다.
1. 감사대상업무
회 사 명
삼성전자주식회사
감사대상 사업연도
2020년 01월 01일
부터
2020년 12월 31일
까지
2. 감사참여자 구분별 인원수 및 감사시간
(단위 : 명, 시간)
감사참여자 ＼ 인원수 및 시간
품질관리 검토자 (심리실 등)
감사업무 담당 회계사
전산감사ㆍ 세무ㆍ가치평가 등 전문가
건설계약 등 수주산업 전문가
합계
담당이사 (업무수행이사)
등록 공인회계사
수습 공인회계사
당기
전기
당기
전기
당기
전기
당기
전기
당기
전기
당기
전기
당기
전기
투입 인원수
16
17
1
1
52
26
23
18
83
74
-
-
175
136
투입시간
분ㆍ반기검토
156
32
198
612
22,167
14,976
4,024
4,194
5,604
4,287
-
-
32,149
24,101
감사
1,262
154
1,084
676
25,024
18,643
5,018
5,235
21,591
18,830
-
-
53,979
43,538
합계
1,418
186
1,282
1,288
47,191
33,619
9,042
9,429
27,195
23,117
-
-
86,128
67,639
3. 주요 감사실시내용
구 분
내 역
전반감사계획 (감사착수단계)
수행시기
2020.03.09 ~ 2020.09.30
84
일
주요내용
회사 및 산업에 대한 전반적 이해를 바탕으로 감사위험평가 및 감사절차의 성격, 시기 및 범위 등을 결정
현장감사 주요내용
수행시기
투입인원
주요 감사업무 수행내용
상주
비상주
2020.04.09 ~ 2021.01.29
120
일
13
명
24
명
시스템 및 자동 내부통제 감사
2020.03.09 ~ 2020.12.31
83
일
44
명
38
명
조기입증감사(연중감사)
2021.01.11 ~ 2021.01.22
10
일
40
명
6
명
조회확인 등 조기입증감사절차 업데이트
2021.01.28 ~ 2021.02.17
15
일
40
명
3
명
재무제표 검증 및 감사종결 절차 수행
재고자산실사(입회)
실사(입회)시기
2020.11.29 / 2020.11.30 / 2020.12.1
3
일
실사(입회)장소
수원, 기흥, 구미, 광주사업장 등
실사(입회)대상
원재료, 재공품, 제품 등
금융자산실사(입회)
실사(입회)시기
2021.01.05 / 2021.01.07
2
일
실사(입회)장소
태평로, 수원사업장 등
실사(입회)대상
현금, 유가증권 등
외부조회
금융거래조회
O
채권채무조회
O
변호사조회
O
기타조회
타처보관재고자산
지배기구와의 커뮤니케이션
커뮤니케이션 횟수
4
회
수행시기
2020.04.27 / 2020.07.28 / 2020.10.27 / 2021.01.26
외부전문가 활용
감사 활용 내용
해당사항없음
수행시기
-
-
일
4. 감사(감사위원회)와의 커뮤니케이션
1
2020년 04월 27일
감사위원회: 위원 3명 회사: 감사팀장 감사인: 업무수행이사 외 1명
대면회의
연간 지배기구와의 커뮤니케이션 계획 연간 회계감사 일정 계획 분기 검토 경과 및 비감사업무 독립성 확인
2
2020년 07월 28일
감사위원회: 위원 3명 회사: 감사팀장 감사인: 업무수행이사 외 1명
대면회의
연간 감사계획 및 진행 상황 핵심감사사항 선정계획 내부회계관리제도 감사 진행 상황 분기 중점 검토사항 및 기타 필수 커뮤니케이션 사항
3
2020년 10월 27일
감사위원회: 위원 3명 회사: 감사팀장 감사인: 업무수행이사 외 1명
대면회의
연간 감사계획 및 진행 상황 핵심감사사항 선정내역 내부회계관리제도 감사 진행 상황 분기 중점 검토사항 및 기타 필수 커뮤니케이션 사항
4
2021년 01월 26일
감사위원회: 위원 3명 회사: 감사팀장 감사인: 업무수행이사 외 1명
대면회의
핵심감사사항 등 중점 감사사항 내부회계관리제도 감사 진행 상황 기타 감사종료단계 필수 커뮤니케이션 사항",80871,/Users/june_kim/samsung_audit_nlp/data/raw/감사보고서_2020.htm,2026-03-31T07:17:33.185891+00:00
50,2021,감사의견,"우리는 삼성전자주식회사(이하 ""회사"")의 재무제표를 감사하였습니다. 동 재무제표는2021년 12월 31일과 2020년 12월 31일 현재의 재무상태표, 동일로 종료되는 양 보고기간의 손익계산서, 포괄손익계산서, 자본변동표 및 현금흐름표 그리고 유의적 회계정책의 요약을 포함한 재무제표의 주석으로 구성되어 있습니다.
우리의 의견으로는 별첨된 회사의 재무제표는 회사의 2021년 12월 31일과 2020년 12월 31일 현재의 재무상태, 동일로 종료되는 양 보고기간의 재무성과 및 현금흐름을 한국채택국제회계기준에 따라 중요성의 관점에서 공정하게 표시하고 있습니다.
우리는 또한 회계감사기준에 따라,「내부회계관리제도 설계 및 운영개념체계」에 근거한 회사의 2021년 12월 31일 현재의 내부회계관리제도를 감사하였으며, 2022년 2월 16일자 감사보고서에서 적정의견을 표명하였습니다.",436,/Users/june_kim/samsung_audit_nlp/data/raw/감사보고서_2021.htm,2026-03-31T07:17:33.403716+00:00
51,2021,감사의견근거,"우리는 대한민국의 회계감사기준에 따라 감사를 수행하였습니다. 이 기준에 따른 우리의 책임은 이 감사보고서의 재무제표감사에 대한 감사인의 책임 단락에 기술되어 있습니다. 우리는 재무제표감사와 관련된 대한민국의 윤리적 요구사항에 따라 회사로부터 독립적이며, 그러한 요구사항에 따른 기타의 윤리적 책임을 이행하였습니다. 우리가 입수한 감사증거가 감사의견을 위한 근거로서 충분하고 적합하다고 우리는 믿습니다.",224,/Users/june_kim/samsung_audit_nlp/data/raw/감사보고서_2021.htm,2026-03-31T07:17:33.403716+00:00
52,2021,핵심감사사항,"핵심감사사항은 우리의 전문가적 판단에 따라 당기 재무제표 감사에서 가장 유의적인 사항들입니다. 해당 사항들은 재무제표 전체에 대한 감사의 관점에서 우리의 의견형성 시 다루어졌으며, 우리는 이런 사항에 대하여 별도의 의견을 제공하지는 않습니다.
가. 재화의 판매장려활동에 대한 매출차감 핵심감사사항으로 결정한 이유
IM(Information technology & Mobile communications) 부문 및 CE(Consumer Electronics) 부문에서 재화의 판매 시 회사는 명시적이거나 암묵적인 약정에 의거하여 유통업자 및 통신업자 등에게 판매수량 또는 금액에 따른 할인 및 장려금 등을 제공하는 매출장려활동을 수행합니다. 재무제표에 대한 주석2(중요한 회계처리방침)과주석3(중요한 회계추정 및 가정)에서 설명한 바와 같이, 회사는 매출장려활동에 대한예상지출액을 추정하여 재화의 판매에 따른 수익에서 차감합니다.
수익 차감 금액의 적정성과 관련하여 회사 경영진의 유의적인 추정 및 판단이 수반되어 편의가 개입될 가능성이 있으며 그 금액이 유의적인 것으로 판단되는 바, 우리는 재화의 판매장려활동에 대한 매출차감을 핵심감사사항으로 결정하였습니다.
핵심감사사항이 감사에서 다루어진 방법 회사의 재화의 판매 관련 매출장려활동 등의 회계처리에 대하여 우리가 수행한 주요 감사절차는 다음과 같습니다.
· 매출차감 처리 관련 회사의 정책, 프로세스 및 내부통제 이해
· 매출차감 처리 관련 시스템에 대한 이해 및 평가
· 매출차감 정책의 승인에 대한 내부 통제 평가
· 매출차감 추정 및 사후 정산 금액의 승인에 대한 내부 통제 평가
· 매출차감 거래 근거 문서검사를 통한 추정과 관련 가정에 대한 평가 및 확인 · 판매장려금의 추정치와 정산 금액 비교 및 관련 문서검사를 통한 매출차감금액의 적정성 확인
재무제표에 대한 경영진과 지배기구의 책임
경영진은 한국채택국제회계기준에 따라 이 재무제표를 작성하고 공정하게 표시할 책임이 있으며, 부정이나 오류로 인한 중요한 왜곡표시가 없는 재무제표를 작성하는데 필요하다고 결정한 내부통제에 대해서도 책임이 있습니다.
경영진은 재무제표를 작성할 때, 회사의 계속기업으로서의 존속능력을 평가하고 해당되는 경우, 계속기업 관련 사항을 공시할 책임이 있습니다. 그리고 경영진이 기업을 청산하거나 영업을 중단할 의도가 없는 한, 회계의 계속기업전제의 사용에 대해서도 책임이 있습니다.
지배기구는 회사의 재무보고절차의 감시에 대한 책임이 있습니다.
재무제표감사에 대한 감사인의 책임
우리의 목적은 회사의 재무제표에 전체적으로 부정이나 오류로 인한 중요한 왜곡표시가 없는지에 대하여 합리적인 확신을 얻어 우리의 의견이 포함된 감사보고서를 발행하는데 있습니다. 합리적인 확신은 높은 수준의 확신을 의미하나, 감사기준에 따라수행된 감사가 항상 중요한 왜곡표시를 발견한다는 것을 보장하지는 않습니다. 왜곡표시는 부정이나 오류로부터 발생할 수 있으며, 왜곡표시가 재무제표를 근거로 하는 이용자의 경제적 의사결정에 개별적으로 또는 집합적으로 영향을 미칠 것이 합리적으로 예상되면, 그 왜곡표시는 중요하다고 간주됩니다.
감사기준에 따른 감사의 일부로서 우리는 감사의 전 과정에 걸쳐 전문가적 판단을 수행하고 전문가적 의구심을 유지하고 있습니다. 또한 우리는:
- 부정이나 오류로 인한 재무제표의 중요왜곡표시위험을 식별하고 평가하며 그러한위험에 대응하는 감사절차를 설계하고 수행합니다. 그리고 감사의견의 근거로서 충분하고 적합한 감사증거를 입수합니다. 부정은 공모, 위조, 의도적인 누락, 허위진술 또는 내부통제 무력화가 개입될 수 있기 때문에 부정으로 인한 중요한 왜곡표시를 발견하지 못할 위험은 오류로 인한 위험보다 큽니다.
- 상황에 적합한 감사절차를 설계하기 위하여 감사와 관련된 내부통제를 이해합니다.
- 재무제표를 작성하기 위하여 경영진이 적용한 회계정책의 적합성과 경영진이 도출한 회계추정치와 관련 공시의 합리성에 대하여 평가합니다.
- 경영진이 사용한 회계의 계속기업전제의 적절성과, 입수한 감사증거를 근거로 계속기업으로서의 존속능력에 대하여 유의적 의문을 초래할 수 있는 사건이나 상황과 관련된 중요한 불확실성이 존재하는지 여부에 대하여 결론을 내립니다. 중요한 불확실성이 존재한다고 결론을 내리는 경우, 우리는 재무제표의 관련 공시에 대하여 감사보고서에 주의를 환기시키고, 이들 공시가 부적절한 경우 의견을 변형시킬 것을 요구받고 있습니다. 우리의 결론은 감사보고서일까지 입수된 감사증거에 기초하나, 미래의 사건이나 상황이 회사의 계속기업으로서 존속을 중단시킬 수 있습니다.
- 공시를 포함한 재무제표의 전반적인 표시와 구조 및 내용을 평가하고, 재무제표의기초가 되는 거래와 사건을 재무제표가 공정한 방식으로 표시하고 있는지 여부를 평가합니다.
우리는 여러 가지 사항들 중에서 계획된 감사범위와 시기 그리고 감사 중 식별된 유의적 내부통제 미비점 등 유의적인 감사의 발견사항에 대하여 지배기구와 커뮤니케이션합니다.
또한 우리는 독립성 관련 윤리적 요구사항들을 준수하고, 우리의 독립성 문제와 관련된다고 판단되는 모든 관계와 기타사항들 및 해당되는 경우 관련 제도적 안전장치를 지배기구와 커뮤니케이션한다는 진술을 지배기구에게 제공합니다. 우리는 지배기구와 커뮤니케이션한 사항들 중에서 당기 재무제표감사에서 가장 유의적인 사항들을 핵심감사사항으로 결정합니다. 법규에서 해당 사항에 대하여 공개적인 공시를 배제하거나, 극히 드문 상황으로 우리가 감사보고서에 해당 사항을 기술함으로 인한 부정적 결과가 해당 커뮤니케이션에 따른 공익적 효익을 초과할 것으로 합리적으로 예상되어 해당 사항을 감사보고서에 커뮤니케이션해서는 안 된다고 결론을내리는 경우가 아닌 한, 우리는 감사보고서에 이러한 사항들을 기술합니다.
이 감사보고서의 근거가 된 감사를 실시한 업무수행이사는 공인회계사 유병문 입니다.
서울시 영등포구 국제금융로 10
서울시 영등포구 국제금융로 10
핵심감사사항은 우리의 전문가적 판단에 따라 당기 재무제표 감사에서 가장 유의적인 사항들입니다. 해당 사항들은 재무제표 전체에 대한 감사의 관점에서 우리의 의견형성 시 다루어졌으며, 우리는 이런 사항에 대하여 별도의 의견을 제공하지는 않습니다.
가. 재화의 판매장려활동에 대한 매출차감 핵심감사사항으로 결정한 이유
IM(Information technology & Mobile communications) 부문 및 CE(Consumer Electronics) 부문에서 재화의 판매 시 회사는 명시적이거나 암묵적인 약정에 의거하여 유통업자 및 통신업자 등에게 판매수량 또는 금액에 따른 할인 및 장려금 등을 제공하는 매출장려활동을 수행합니다. 재무제표에 대한 주석2(중요한 회계처리방침)과주석3(중요한 회계추정 및 가정)에서 설명한 바와 같이, 회사는 매출장려활동에 대한예상지출액을 추정하여 재화의 판매에 따른 수익에서 차감합니다.
수익 차감 금액의 적정성과 관련하여 회사 경영진의 유의적인 추정 및 판단이 수반되어 편의가 개입될 가능성이 있으며 그 금액이 유의적인 것으로 판단되는 바, 우리는 재화의 판매장려활동에 대한 매출차감을 핵심감사사항으로 결정하였습니다.
핵심감사사항이 감사에서 다루어진 방법 회사의 재화의 판매 관련 매출장려활동 등의 회계처리에 대하여 우리가 수행한 주요 감사절차는 다음과 같습니다.
· 매출차감 처리 관련 회사의 정책, 프로세스 및 내부통제 이해
· 매출차감 처리 관련 시스템에 대한 이해 및 평가
· 매출차감 정책의 승인에 대한 내부 통제 평가
· 매출차감 추정 및 사후 정산 금액의 승인에 대한 내부 통제 평가
· 매출차감 거래 근거 문서검사를 통한 추정과 관련 가정에 대한 평가 및 확인 · 판매장려금의 추정치와 정산 금액 비교 및 관련 문서검사를 통한 매출차감금액의 적정성 확인
재무제표에 대한 경영진과 지배기구의 책임
경영진은 한국채택국제회계기준에 따라 이 재무제표를 작성하고 공정하게 표시할 책임이 있으며, 부정이나 오류로 인한 중요한 왜곡표시가 없는 재무제표를 작성하는데 필요하다고 결정한 내부통제에 대해서도 책임이 있습니다.
경영진은 재무제표를 작성할 때, 회사의 계속기업으로서의 존속능력을 평가하고 해당되는 경우, 계속기업 관련 사항을 공시할 책임이 있습니다. 그리고 경영진이 기업을 청산하거나 영업을 중단할 의도가 없는 한, 회계의 계속기업전제의 사용에 대해서도 책임이 있습니다.
지배기구는 회사의 재무보고절차의 감시에 대한 책임이 있습니다.
재무제표감사에 대한 감사인의 책임
우리의 목적은 회사의 재무제표에 전체적으로 부정이나 오류로 인한 중요한 왜곡표시가 없는지에 대하여 합리적인 확신을 얻어 우리의 의견이 포함된 감사보고서를 발행하는데 있습니다. 합리적인 확신은 높은 수준의 확신을 의미하나, 감사기준에 따라수행된 감사가 항상 중요한 왜곡표시를 발견한다는 것을 보장하지는 않습니다. 왜곡표시는 부정이나 오류로부터 발생할 수 있으며, 왜곡표시가 재무제표를 근거로 하는 이용자의 경제적 의사결정에 개별적으로 또는 집합적으로 영향을 미칠 것이 합리적으로 예상되면, 그 왜곡표시는 중요하다고 간주됩니다.
감사기준에 따른 감사의 일부로서 우리는 감사의 전 과정에 걸쳐 전문가적 판단을 수행하고 전문가적 의구심을 유지하고 있습니다. 또한 우리는:
- 부정이나 오류로 인한 재무제표의 중요왜곡표시위험을 식별하고 평가하며 그러한위험에 대응하는 감사절차를 설계하고 수행합니다. 그리고 감사의견의 근거로서 충분하고 적합한 감사증거를 입수합니다. 부정은 공모, 위조, 의도적인 누락, 허위진술 또는 내부통제 무력화가 개입될 수 있기 때문에 부정으로 인한 중요한 왜곡표시를 발견하지 못할 위험은 오류로 인한 위험보다 큽니다.
- 상황에 적합한 감사절차를 설계하기 위하여 감사와 관련된 내부통제를 이해합니다.
- 재무제표를 작성하기 위하여 경영진이 적용한 회계정책의 적합성과 경영진이 도출한 회계추정치와 관련 공시의 합리성에 대하여 평가합니다.
- 경영진이 사용한 회계의 계속기업전제의 적절성과, 입수한 감사증거를 근거로 계속기업으로서의 존속능력에 대하여 유의적 의문을 초래할 수 있는 사건이나 상황과 관련된 중요한 불확실성이 존재하는지 여부에 대하여 결론을 내립니다. 중요한 불확실성이 존재한다고 결론을 내리는 경우, 우리는 재무제표의 관련 공시에 대하여 감사보고서에 주의를 환기시키고, 이들 공시가 부적절한 경우 의견을 변형시킬 것을 요구받고 있습니다. 우리의 결론은 감사보고서일까지 입수된 감사증거에 기초하나, 미래의 사건이나 상황이 회사의 계속기업으로서 존속을 중단시킬 수 있습니다.
- 공시를 포함한 재무제표의 전반적인 표시와 구조 및 내용을 평가하고, 재무제표의기초가 되는 거래와 사건을 재무제표가 공정한 방식으로 표시하고 있는지 여부를 평가합니다.
우리는 여러 가지 사항들 중에서 계획된 감사범위와 시기 그리고 감사 중 식별된 유의적 내부통제 미비점 등 유의적인 감사의 발견사항에 대하여 지배기구와 커뮤니케이션합니다.
또한 우리는 독립성 관련 윤리적 요구사항들을 준수하고, 우리의 독립성 문제와 관련된다고 판단되는 모든 관계와 기타사항들 및 해당되는 경우 관련 제도적 안전장치를 지배기구와 커뮤니케이션한다는 진술을 지배기구에게 제공합니다. 우리는 지배기구와 커뮤니케이션한 사항들 중에서 당기 재무제표감사에서 가장 유의적인 사항들을 핵심감사사항으로 결정합니다. 법규에서 해당 사항에 대하여 공개적인 공시를 배제하거나, 극히 드문 상황으로 우리가 감사보고서에 해당 사항을 기술함으로 인한 부정적 결과가 해당 커뮤니케이션에 따른 공익적 효익을 초과할 것으로 합리적으로 예상되어 해당 사항을 감사보고서에 커뮤니케이션해서는 안 된다고 결론을내리는 경우가 아닌 한, 우리는 감사보고서에 이러한 사항들을 기술합니다.
이 감사보고서의 근거가 된 감사를 실시한 업무수행이사는 공인회계사 유병문 입니다.
서울시 영등포구 국제금융로 10
서울시 영등포구 국제금융로 10",5809,/Users/june_kim/samsung_audit_nlp/data/raw/감사보고서_2021.htm,2026-03-31T07:17:33.403716+00:00
53,2021,재무상태표,"제 53 기 : 2021년 12월 31일 현재
제 52 기 : 2020년 12월 31일 현재
삼성전자주식회사
(단위 : 백만원)
자 산
Ⅰ. 유 동 자 산
73,553,416
73,798,549
1. 현금및현금성자산
4, 28
3,918,872
989,045
2. 단기금융상품
4, 28
15,000,576
29,101,284
3. 매출채권
4, 5, 7, 28
33,088,247
24,736,740
4. 미수금
4, 7, 28
1,832,488
1,898,583
5. 선급비용
817,689
890,680
6. 재고자산
8
15,973,053
13,831,372
7. 기타유동자산
4, 28
2,922,491
2,350,845
Ⅱ. 비 유 동 자 산
177,558,768
155,865,878
1. 기타포괄손익-공정가치금융자산
4, 6, 28
1,662,532
1,539,659
2. 당기손익-공정가치금융자산
4, 6, 28
2,135
3,107
3. 종속기업, 관계기업 및 공동기업 투자
9
56,225,599
56,587,548
4. 유형자산
10
103,667,025
86,166,924
5. 무형자산
11
8,657,456
7,002,648
6. 순확정급여자산
14
2,324,291
1,162,456
7. 이연법인세자산
25
1,211,100
992,385
8. 기타비유동자산
4, 7, 28
3,808,630
2,411,151
자 산 총 계
251,112,184
229,664,427
부 채
Ⅰ. 유 동 부 채
53,067,303
44,412,904
1. 매입채무
4, 28
11,557,441
6,599,025
2. 단기차입금
4, 5, 12, 28
9,204,268
12,520,367
3. 미지급금
4, 28
13,206,753
9,829,541
4. 선수금
17
474,731
424,368
5. 예수금
4, 28
624,585
432,714
6. 미지급비용
4, 17, 28
8,275,410
7,927,017
7. 당기법인세부채
5,599,896
3,556,146
8. 유동성장기부채
4, 12, 13, 28
139,328
87,571
9. 충당부채
15
3,643,853
2,932,468
10. 기타유동부채
17
341,038
103,687
Ⅱ. 비 유 동 부 채
4,851,149
1,934,799
1. 사채
4, 13, 28
29,048
31,909
2. 장기차입금
4, 12, 28
431,915
150,397
3. 장기미지급금
4, 28
2,653,715
1,247,752
4. 장기충당부채
15
1,659,774
503,035
5. 기타비유동부채
76,697
1,706
부 채 총 계
57,918,452
46,347,703
자 본
Ⅰ. 자본금
18
897,514
897,514
1. 우선주자본금
119,467
119,467
2. 보통주자본금
778,047
778,047
Ⅱ. 주식발행초과금
4,403,893
4,403,893
Ⅲ. 이익잉여금
19
188,774,335
178,284,102
Ⅳ. 기타자본항목
20
(882,010)
(268,785)
자 본 총 계
193,193,732
183,316,724
부 채 와 자 본 총 계
251,112,184
229,664,427
별첨 주석은 본 재무제표의 일부입니다.",1595,/Users/june_kim/samsung_audit_nlp/data/raw/감사보고서_2021.htm,2026-03-31T07:17:33.403716+00:00
54,2021,포괄손익,"제 53 기 : 2021년 1월 1일부터 2021년 12월 31일까지
제 52 기 : 2020년 1월 1일부터 2020년 12월 31일까지
삼성전자주식회사
(단위 : 백만원)
Ⅰ. 매 출 액
29
199,744,705
166,311,191
Ⅱ. 매 출 원 가
21
135,823,433
116,753,419
Ⅲ. 매 출 총 이 익
63,921,272
49,557,772
판매비와관리비
21, 22
31,928,110
29,038,798
Ⅳ. 영 업 이 익
29
31,993,162
20,518,974
기 타 수 익
23
7,359,004
797,494
기 타 비 용
23
745,978
857,242
금 융 수 익
24
3,796,979
5,676,877
금 융 비 용
24
3,698,675
5,684,180
Ⅴ. 법인세비용차감전순이익
38,704,492
20,451,923
법 인 세 비 용
25
7,733,538
4,836,905
Ⅵ. 당 기 순 이 익
30,970,954
15,615,018
Ⅶ. 주 당 이 익
26
기본주당이익(단위 : 원)
4,559
2,299
희석주당이익(단위 : 원)
4,559
2,299
별첨 주석은 본 재무제표의 일부입니다.
포 괄 손 익 계 산 서
제 53 기 : 2021년 1월 1일부터 2021년 12월 31일까지
제 52 기 : 2020년 1월 1일부터 2020년 12월 31일까지
삼성전자주식회사
(단위 : 백만원)
Ⅰ. 당기순이익
30,970,954
15,615,018
Ⅱ. 기타포괄손익
(613,225)
(549,299)
후속적으로 당기손익으로 재분류되지 않는 포괄손익
(613,225)
(549,299)
1. 기타포괄손익-공정가치금융자산평가손익
6, 20
(99,916)
93,251
2. 순확정급여부채(자산) 재측정요소
14, 20
(513,309)
(642,550)
후속적으로 당기손익으로 재분류되는 포괄손익
-
-
Ⅲ. 총포괄손익
30,357,729
15,065,719
별첨 주석은 본 재무제표의 일부입니다.
자 본 변 동 표
제 53 기 : 2021년 1월 1일부터 2021년 12월 31일까지
제 52 기 : 2020년 1월 1일부터 2020년 12월 31일까지
삼성전자주식회사
(단위 : 백만원)
2020.1.1(전기초)
897,514
4,403,893
172,288,326
280,514
177,870,247
Ⅰ. 총포괄손익
1. 당기순이익
-
-
15,615,018
-
15,615,018
2. 기타포괄손익-공정가치금융자산평가손익
6, 20
-
-
-
93,251
93,251
3.
순확정급여부채(자산)
재측정요소
14, 20
-
-
-
(642,550)
(642,550)
Ⅱ. 자본에 직접 인식된 주주와의 거래
1. 배당
19
-
-
(9,619,242)
-
(9,619,242)
2020.12.31(전기말)
897,514
4,403,893
178,284,102
(268,785)
183,316,724
2021.1.1(당기초)
897,514
4,403,893
178,284,102
(268,785)
183,316,724
Ⅰ. 총포괄손익
1. 당기순이익
-
-
30,970,954
-
30,970,954
2. 기타포괄손익-공정가치금융자산평가손익
6, 20
-
-
-
(99,916)
(99,916)
3.
순확정급여부채(자산)
재측정요소
14, 20
-
-
-
(513,309)
(513,309)
Ⅱ. 자본에 직접 인식된 주주와의 거래
1. 배당
19
-
-
(20,480,721)
-
(20,480,721)
2021.12.31(당기말)
897,514
4,403,893
188,774,335
(882,010)
193,193,732
별첨 주석은 본 재무제표의 일부입니다.",1808,/Users/june_kim/samsung_audit_nlp/data/raw/감사보고서_2021.htm,2026-03-31T07:17:33.403716+00:00
55,2021,현금흐름,"제 53 기 : 2021년 1월 1일부터 2021년 12월 31일까지
제 52 기 : 2020년 1월 1일부터 2020년 12월 31일까지
삼성전자주식회사
(단위 : 백만원)
Ⅰ. 영업활동 현금흐름
51,250,069
37,509,025
1. 영업에서 창출된 현금흐름
50,357,361
39,541,654
가. 당기순이익
30,970,954
15,615,018
나. 조정
27
25,168,062
24,319,842
다. 영업활동으로 인한 자산부채의 변동
27
(5,781,655)
(393,206)
2. 이자의 수취
282,918
448,323
3. 이자의 지급
(125,036)
(148,262)
4. 배당금 수입
6,560,011
129,569
5. 법인세 납부액
(5,825,185)
(2,462,259)
Ⅱ. 투자활동 현금흐름
(24,435,207)
(31,175,575)
1. 단기금융상품의 순감소(증가)
13,600,708
(2,099,892)
2. 기타포괄손익-공정가치금융자산의 처분
-
503
3. 기타포괄손익-공정가치금융자산의 취득
(234,975)
(204,957)
4. 당기손익-공정가치금융자산의 처분
912
74
5. 종속기업, 관계기업 및 공동기업 투자의 처분
605,607
22,057
6. 종속기업, 관계기업 및 공동기업 투자의 취득
(138,858)
(163,456)
7. 유형자산의 처분
408,560
431,142
8. 유형자산의 취득
(36,021,504)
(26,962,042)
9. 무형자산의 처분
5,809
1,082
10. 무형자산의 취득
(2,459,929)
(2,239,834)
11. 기타투자활동으로 인한 현금유출입액
(201,537)
39,748
Ⅲ. 재무활동 현금흐름
(23,885,054)
(7,426,376)
1. 단기차입금의 순증가(감소)
27
(3,288,858)
2,326,350
2. 사채 및 장기차입금의 상환
27
(117,963)
(134,443)
3. 배당금의 지급
(20,478,233)
(9,618,283)
Ⅳ. 외화환산으로 인한 현금의 변동
19
54
Ⅴ. 현금및현금성자산의 증가(감소)(Ⅰ+Ⅱ+Ⅲ+Ⅳ)
2,929,827
(1,092,872)
Ⅵ. 기초의 현금및현금성자산
989,045
2,081,917
Ⅶ. 기말의 현금및현금성자산
3,918,872
989,045
별첨 주석은 본 재무제표의 일부입니다.",1163,/Users/june_kim/samsung_audit_nlp/data/raw/감사보고서_2021.htm,2026-03-31T07:17:33.403716+00:00
56,2021,주석,"주석
제 53 기 : 2021년 12월 31일 현재
제 52 기 : 2020년 12월 31일 현재
삼성전자주식회사
1. 일반적 사항
:
삼성전자주식회사(이하 ""회사"")는 1969년 대한민국에서 설립되어 1975년에 대한민국의 증권거래소에 상장하였습니다. 회사의 사업은 CE 부문, IM 부문, DS 부문으로 구성되어 있습니다. CE(Consumer Electronics) 부문은 TV, 모니터, 에어컨 및 냉장고 등의 사업으로 구성되어 있고, IM(Information technology & Mobile communications) 부문은 휴대폰, 통신시스템, 컴퓨터 등의 사업으로 구성되어 있으며, DS(Device Solutions) 부문은
메모리,
Foundry, System LSI 등
의
반도체
사업으로
구성되어 있습니다. 회사의 본점 소재지는 경기도 수원시입니다.
회사의 재무제표는 한국채택국제회계기준에 따라 작성되었으며, 기업회계기준서 제1027호 '별도재무제표'에 따른 별도재무제표입니다.
2. 중요한 회계처리방침:
다음은 재무제표의 작성에 적용된 주요한 회계정책입니다. 이러한 정책은 별도의 언급이 없다면, 표시된 회계기간에 계속적으로 적용됩니다.
2.1 재무제표 작성기준
회사의 재무제표는 한국채택국제회계기준에 따라 작성되었습니다. 한국채택국제회계기준은 국제회계기준위원회(""IASB"")가 발표한 기준서와 해석서 중 대한민국이 채택한 내용을 의미합니다. 한국채택국제회계기준은 재무제표 작성 시 중요한 회계추정의 사용을 허용하고 있으며, 회계정책을 적용함에 있어 경영진의 판단을 요구하고 있습니다. 보다 복잡하고 높은 수준의 판단이 요구되는 부분이나 중요한 가정 및 추정이 요구되는 부분은 주석3에서 설명하고 있습니다.
2.2 회계정책과 공시의 변경
가. 회사가 채택한 제ㆍ개정 기준서
회사는 2021년 1월 1일로 개시하는 회계기간부터 다음의 주요 제ㆍ개정 기준서를 신규로
적용하였습니다.
- 기업회계기준서 제1116호 '리스' 개정 코로나바이러스감염증-19(이하 ""코로나19(COVID-19)"") 관련 임차료 할인 등에 대한 실무적 간편법으로,
리스이용자는
코로나19(COVID-19)
세계적
유행의
직접적인
결과로
발생한
임차료
할인
등이
리스변경에 해당하는지 평가하지 않을 수 있습니다.
이러한 실무적 간편법을 선택한 리스이용자는 임차료 할인 등으로 인한 리스료 변동을 그러한 변동이 리스변경이 아닐 경우에 이 기준서가 규정하는 방식과 일관되게 회계처리합니다.
해당 기준서의 개정으로 인하여 재무제표에 미치는 유의적인 영향은 없습니다.
나. 회사가 적용하지 않은 제ㆍ개정 기준서
제정 또는 공표됐으나 2021년 1월 1일 이후 시작하는 회계연도에 시행일이 도래하지 않았고, 회사가 조기 적용하지 않은 주요 제ㆍ개정 기준서는 다음과 같습니다.
-
기업회계기준서 제1116호 '리스' 개정
코로나19의 직접적인 결과로 발생한 임차료 할인 등이 리스변경에 해당하는지 평가하지 않을 수 있도록 하는 실무적 간편법의 적용대상이 2022년 6월 30일 이전에 지급하여야 할 리스료에 영향을 미치는 리스료 감면으로 확대되었습니다. 동 개정사항은 2021년 4월 1일 이후 시작하는 회계연도부터 적용되며, 조기적용이 가능합니다.
- 기업회계기준서 제1103호 '사업결합' 개정
사업결합 시 인식할 자산과 부채의 정의를 개정된 재무보고를 위한 개념체계를 참조하도록 개정되었으나, 기업회계기준서 제1037호 '충당부채, 우발부채 및 우발자산' 및 해석서 제2121호 '부담금'의 적용범위에 포함되는 부채 및 우발부채에 대해서는 해당 기준서를 적용하도록 예외를 추가하고, 우발자산이 취득일에 인식되지 않는다는 점을 명확히 하였습니다. 동 개정사항은 2022년 1월 1일 이후 시작하는 회계연도부터 적용되며, 조기적용이 허용됩니다.
- 기업회계기준서 제1016호 '유형자산' 개정
기업이 자산을 의도한 방식으로 사용하기 전에 생산된 품목의 판매에서 발생하는 수익을 생산원가와 함께 당기손익으로 인식하도록 요구하며, 유형자산의 취득원가에서차감하는 것을 금지하고 있습니다. 동 개정사항은 2022년 1월 1일 이후 시작하는 회계연도부터 적용되며, 조기적용이 허용됩니다.
- 기업회계기준서 제1037호 '충당부채, 우발부채 및 우발자산' 개정
손실부담계약을 식별할 때 계약이행원가의 범위를 계약 이행을 위한 증분원가와 계약 이행에 직접 관련되는 다른 원가의 배분이라는 점을 명확히 하였습니다. 동 개정사항은 2022년 1월 1일 이후 시작하는 회계연도부터 적용되며, 조기적용이 허용됩니다.
- 기업회계기준서 제1001호 '재무제표 표시' 개정
보고기간말 현재 존재하는 실질적인 권리에 따라 유동 또는 비유동으로 분류되며, 부채의 결제를 연기할 수 있는 권리의 행사가능성이나 경영진의 기대는 고려하지 않습니다. 또한, 부채의 결제에 자기지분상품의 이전도 포함되나, 복합금융상품에서 자기지분상품으로 결제하는 옵션이 지분상품의 정의를 충족하여 부채와 분리하여 인식된경우는 제외됩니다. 동 개정사항은 2023년 1월 1일 이후 시작하는 회계연도부터 적용하며, 조기적용이 허용됩니다.
- 기업회계기준서 제1001호 '재무제표 표시'
개정
중요한 회계정책을 정의하고 공시하도록 하며, 중요성 개념을 적용하는 방법에 대한 지침을 제공하기 위하여 국제회계기준 실무서 2 '회계정책 공시'를 개정하였습니다.
동 개정 사항은 2023년 1월 1일 이후 최초로 시작하는 회계연도부터 적용되며 조기적용이 허용됩니다.
- 기업회계기준서 제1008호 '회계정책, 회계추정의 변경 및 오류'
개정
회계추정을 정의하고, 회계정책의 변경과 구별하는 방법을 명확히 하였습니다. 동 개정 사항은 2023년 1월 1일 이후 최초로 시작하는 회계연도부터 적용되며 조기적용이허용됩니다.
- 기업회계기준서 제1012호 '법인세'
개정
자산 또는 부채가 최초로 인식되는 거래의 최초 인식 예외 요건에 거래시점 동일한 가산할 일시적차이와 차감할 일시적차이를 발생시키지 않는 거래라는 요건을 추가하였습니다. 동 개정사항은 2023년 1월 1일 이후 시작하는 회계연도부터 적용하며, 조기적용이 허용됩니다.
2.3 종속기업, 관계기업 및 공동기업
기업회계기준서 제1110호 '연결재무
제표'에 의한 지배회사인 회사는
별도재무제표에서 종속기업, 관계기업 및 공동기업에 대한 투자를 기준서 제1027호 '별도재무제표'에 따라 원가법으로 처리하고 있습니다. 또한 종속기업, 관계기업 및 공동기업 투자에 대한 객관적인 손상의 징후가 있는 경우 종속기업, 관계기업 및 공동기업 투자의 회수가능액과 장부금액과의 차이는 손상차손으로 인식됩니다.
2.4 외화환산
가. 기능통화와 표시통화
회사는 회사 내 개별기업의 재무제표에 포함되는 항목들을 각각의 영업활동이 이루어지는 주된 경제 환경에서의 통화(""기능통화"")를 적용하여 측정하고 있습니다. 회사의 기능통화는 대한민국 원화(KRW)이며 재무제표는 대한민국 원화(KRW)로 표시되어 있습니다.
나. 외화거래와 보고기간종료일의 외화환산
외화거래는 거래일의 환율 또는 재측정되는 항목인 경우 평가일의 환율을 적용한 기능통화로 인식되고, 외화거래의 결제나 화폐성 외화 자산ㆍ부채의 환산에서 발생하는 외환차이는 당기손익으로 인식됩니다. 비화폐성 금융자산ㆍ부채로부터 발생하는 외환차이는 공정가치 변동손익의 일부로 보아 당기손익-공정가치 측정 지분상품으로부터 발생하는
외환차이는
당기손익에,
기타포괄손익-공정가치
측정
지분상품의 외환차이는 기타포괄손익에 포함하여 인식됩니다.
2.5 현금및현금성자산
현금및현금성자산은 보유중인 현금, 요구불예금 및 취득일 현재 확정된 금액의 현금으로 전환이 용이하고, 가치변동의 위험이 경미한 매우 유동적인 단기 투자자산으로 구성되어 있습니다.
2.6 금융자산
가. 분류
회사는
기준서
제1109호
'금
융상품
'의 최
초적용일
인
2018년 1월 1일부터 다음의 측정 범주로 금융자산을 분류합니다. -
공정가치 측정 금융자산 (기타포괄손익 또는 당기손익에 공정가치 변동 인식)
-
상각후원가 측정 금융자산
금융자산은 금융자산의 관리를 위한 사업모형과
금융자산의
계약상
현금흐름
특성에
근거하여 분류합니다. 공정가치로 측정하는 금융자산의 손익은 당기손익 또는 기타포괄손익으로 인식합니다. 채무상품에 대한 투자는 해당 자산을 보유하는 사업모형에 따라 당기손익 또는 기타포괄손익으로 인식합니다.
회사는 금융자산을 관리하는 사업모형을 변경하는 경우에만 채무상품을 재분류합니다.
단기매매항목이 아닌 지분상품에 대한 투자는 최초 인식 시점에 후속적인 공정가치 변동을 기타포괄손익으로 표시할 것을 지정하는 취소불가능한 선택을 할 수 있습니다. 지정되지 않은 지분상품에 대한 투자의 공정가치 변동은 당기손익으로 인식합니다.
나. 측정
회사는 최초 인식 시점에 금융자산을 공정가치로 측정하며, 당기손익-공정가치 측정금융자산이 아닌 경우에 해당 금융자산의 취득이나 해당 금융부채의 발행과 직접 관련되는 거래원가는 공정가치에 가산합니다. 당기손익-공정가치 측정 금융자산의 거래원가는 당기손익으로 비용처리합니다. 내재파생상품을 포함하는 복합계약은 계약상 현금흐름이 원금과 이자로만 구성되어 있는지를 결정할 때 해당 복합계약 전체를 고려합니다.
(1) 채무상품
금융자산의 후속적인 측정은 금융자산의 계약상 현금흐름 특성과 그 금융자산을 관리하는 사업모형에 근거합니다. 회사는 채무상품을 다음의 세 범주로 분류합니다.
① 상각후원가 측정 금융자산 계약상 현금흐름을 수취하기 위해 보유하는 것이 목적인 사업모형 하에서 금융자산을 보유하고, 계약상 현금흐름이 원리금만으로 구성되어 있는 자산은 상각후원가로 측정합니다. 상각후원가로 측정하는 금융자산으로서 위험회피관계의 적용 대상이 아닌 금융자산의 손익은 해당 금융자산을 제거하거나 손상할 때 당기손익으로 인식합니다. 유효이자율법에 따라 인식하는 금융자산의 이자수익은 '금융수익'에 포함됩니다.
② 기타포괄손익-공정가치 측정 금융자산 계약상 현금흐름의 수취와 금융자산의 매도 둘 모두를 통해 목적을 이루는 사업모형 하에서 금융자산을 보유하고, 계약상 현금흐름이 원리금만으로 구성되어 있는 금융자산은 기타포괄손익-공정가치로 측정합니다. 손상차손(환입)과 이자수익 및 외환손익을 제외하고는, 기타포괄손익-공정가치로 측정하는 금융자산의 손익은 기타포괄손익으로 인식합니다. 금융자산을 제거할 때에는 인식한 기타포괄손익누계액을 자본에서 당기손익으로 재분류합니다. 유효이자율법에 따라 인식하는 금융자산의 이자수익은 '금융수익'에 포함됩니다. 외환손익은
'금융수익' 또는
'금융비용'
으로
표시하고
손상차손은 '
기타비용'
으로 표시합니다.
③ 당기손익-공정가치 측정 금융자산 상각후원가 측정이나 기타포괄손익-공정가치 측정 금융자산이 아닌 채무상품은 당기손익-공정가치로 측정됩니다. 위험회피관계가 적용되지 않는 당기손익-공정가치 측정 채무상품의 손익은 당기손익으로 인식하고 발생한 기간에 손익계산서에
'기타수익' 또는 '기타비용'
으로 표시합니다.
(
2) 지분상품
회사는 모든 지분상품에 대한 투자를 후속적으로 공정가치로 측정합니다. 공정가치 변동을 기타포괄손익으로 표시할 것을 선택한 지분상품에 대해 기타포괄손익으로 인식한 금액은 해당 지분상품을 제거할 때에도 당기손익으로 재분류하지 않
고
제
거되는 시점에 자본에 누적된 기타포괄손익-공정가치금융자산평가손익을 이익잉여금으로 대체합니다.
이러한 지분상품에 대한 배당수익은 회사가 배당을 받을 권리가 확정된 때에
손익계산서에
'기타수익'
으로
인식합니다.
당기손익-공정가치로 측정하는 금융자산의 공정가치 변동은 손익계산서에
'기타수익' 또는 '기타비용'
으로 표시합니다.
다. 손상
회사는 미래전망정보에 근거하여 상각후원가로 측정하거나 기타포괄손익-공정가치로 측정하는 채무상품에 대한 기대신용손실을 평가합니다. 손상 방식은 신용위험의 유의적인 증가 여부에 따라 결정됩니다.
단, 매출채권에 대해 회사는 채권의 최초 인식 시점부터 전체기간 기대신용손실을 인식하는 간편법을 적용합니다.
라. 인식과 제거 금융자산의 정형화된 매입 또는 매도는 매매일에 인식하거나 제거합니다. 금융자산은 현금흐름에 대한 계약상 권리가 소멸하거나 금융자산을 양도하고 소유에 따른 위험과 보상의 대부분을 이전한 경우에 제거됩니다. 회사가 금융자산을 양도한 경우라도 채무자의 채무불이행 시의 소구권 등으로 양도한 금융자산의 소유에 따른 위험과 보상의 대부분을 회사가 보유하는 경우에는 이를 제거하지 않고 그 양도자산 전체를 계속하여 인식하되, 수취한 대가를 금융부채로 인식합니다. 해당 금융부채는 재무상태표에 '차입금'으로 분류하고 있습니다.
마. 금융상품의 상계 금융자산과 부채는 인식한 자산과 부채에 대해 법적으로 집행가능한 상계권리를 현재 보유하고 있고, 순액으로 결제하거나 자산을 실현하는 동시에 부채를 결제할 의도를 가지고 있을 때 상계하여 재무상태표에 순액으로 표시합니다. 법적으로 집행가능한 상계권리는 미래사건에 좌우되지 않으며, 정상적인 사업과정의 경우와 채무불이행의 경우 및 지급불능이나 파산의 경우에도 집행가능한 것을 의미합니다.
2.7 매출채권
매출채권은 정상적인 영업과정에서 판매된 재고자산 및 제공된 용역과 관련하여 고객으로부터 수취할 금액입니다. 매출채권의 회수가 1년 이내에 예상되는 경우 유동자산으로 분류하고, 그렇지 않은 경우 비유동자산으로 분류합니다.
매출채권은
유의적인
금융요소를 포함하지 않는 경우를 제외하고는
최초에
거래가격으로
인식하며, 유효이자율을 적용한 상각후원가에서
손실충당금을 차감하여 측정하고 있습니다.
2.8 재고자산
재고자산은 원가와 순실현가능가치 중 작은 금액으로 표시하고 있습니다. 원가는 미착품을 제외하고는 평균법에 따라 결정하고 있습니다. 제품과 재공품의 원가는 원재료비, 직접노무비 및 기타 직접원가와 정상조업도에 근거한 관련 제조간접비로 이루어지며, 유휴생산설비원가나 폐기비용은 제외하고 있습니다. 순실현가능가치는 정상적인 영업과정에서의 추정 판매가격에서 적용 가능한 변동 판매비용을 차감한 금액입니다.
회사는 주기적으로 재고자산평가충당금의 중요한 변동을 발생시킬 가능성이 있는 미래의 제품 수요 등을 검토하여 과잉, 진부화 및 시장가치의 하락 등이 발생한 경우 재고자산평가충당금을 계상하고 있으며 재고자산평가손실을 '매출원가'로 처리하고 있습니다.
2.9 유형자산
유형자산은 역사적 원가에서 감가상각누계액과 손상차손누계액을 차감하여 표시하고 있습니다. 역사적 원가는 자산의 취득에 직접적으로 관련된 지출을 포함합니다. 후속원가는 자산으로부터 발생하는 미래의 경제적 효익이 회사에 유입될 가능성이 높으며 그 원가를 신뢰성 있게 측정할 수 있는 경우에 한하여 자산의 장부금액에 포함하거나 별도의 자산으로 인식하고 있습니다. 대체된 부분의 장부금액은 제거하고 있으며 그 외의 모든 수선 및 유지비는 발생한 기간의 비용으로 인식하고 있습니다.
회사의 유형자산은 취득원가에서 회사가 추정한 추정내용연수에 따라 정액법에 의하여 상각됩니다. 토지는 상각되지 않으며, 자본화차입금이자를 포함한 장기건설자산의 취득에 사용된 원가는 관련 자산의 추정내용연수 동안 상각됩니다.
자산별로 회사가 사용하고 있는 대표추정내용연수는 다음과 같습니다.
건물 및 구축물
15, 30 년
기계장치
5 년
기타
5 년
회사는 매 회계연도 말에 유형자산의 감가상각방법, 잔존가치와 경제적 내용연수를 검토하고 필요한 경우 조정을 하고 있습니다. 자산의 장부금액이 추정 회수가능액을 초과하는 경우 자산의 장부금액을 회수가능액으로 즉시 감소시키고 있습니다. 자산의 처분손익은 처분대가와 자산의 장부금액의 차이로 결정되며, 손익계산서에 '기타수익' 또는 '기타비용'으로 표시하고 있습니다.
2.10
차입원가
적격자산을 취득 또는 건설하는데 발생한 차입원가는 해당 자산을 의도된 용도로 사용할
수 있도록 준비하는 기간 동안 자본화되고, 적격자산을 취득하기
위한
특정목적
차입금의 일시적 운용에서 발생한 투자수익은 당 회계기간 동안 자본화 가능한 차입원가에서 차감됩니다. 기타 차입원가는 발생기간에 비용으로 인식됩니다.
2.11
무형자산
영업권은 취득 시점에 취득하는 종속기업, 관계기업 및 공동기업, 사업 등의 순식별가능자산에 대한 회사의 지분에 해당하는 공정가치를 초과하여 지급한 대가에 해당하며 사업취득과 관련된 건은 무형자산으로, 종속기업, 관계기업 및 공동기업의 지분취득과 관련한 건은 투자주식에 포함하여 계상하고 있습니다. 영업권을 제외한 무형자산은 역사적 원가로 최초 인식되고, 원가에서 상각누계액과 손상차손누계액을 차감한 금액으로 표시됩니다. 내부적으로 창출한 무형자산인 개발비는 기술적 실현가능성, 미래경제적효익 등을 포함한 자산 인식요건이 충족된 시점 이후에 발생한 지출금액의 합계입니다.
회원권 및
특정 상표권은
이용 가능 기간에 대하여 예측가능한 제한이 없으므로 내용연수가 한정되지 않아 상각되지 않습니다. 하지만 회원권의 시장가치 하락 등 손상 징후 발견 시 합리적으로 추정하여 손상을 반영합니다.
특허권, 상표권 및 기타무형자산 등 한정된 내용연수를 가지는 무형자산은 추정내용연수동안 정액법에 따라 상각하고 있습니다.
자산별 대표추정내용연수는 다음과 같습니다.
개발비
2년
특허권, 상표권 및 기타무형자산
5년 ~ 10년
2.12
비금융자산의 손상
영업권이나 비한정내용연수를 가진 무형자산은 상각하지 않고 매년 손상검사를 실시하고 있습니다. 상각하는 자산의 경우 매 보고기간종료일에 장부금액이 회수가능하지 않을 수도 있음을 나타내는 환경의 변화나 사건이 있을 때마다 손상검사를 수행하고 있습니다. 손상차손은 회수가능액을 초과하는 장부금액만큼 인식하고 있습니다. 회수가능액은 순공정가치와 사용가치 중 큰 금액으로 결정하고 있습니다. 손상을 측정하기 위한 목적으로 자산은 별도로 식별 가능한 현금흐름을 창출하는 가장 하위 수준의 집단(현금창출단위)으로 그룹화하고 있습니다. 손상차손을 인식한 경우, 영업권이외의 비금융자산은 매
보고기간종료일에 손상차손의 환입가능성을 검토하고 있습니다.
2.13 매각예정분류(처분자산집단)
비유동자산(또는 처분자산집단)은 장부금액이 매각거래를 통하여 주로 회수되고, 매각될 가능성이 매우 높은 경우에 매각예정으로 분류되며, 그러한 자산은 장부금액과 순공정가치 중 작은 금액으로 측정됩니다. 매각예정분류(처분자산집단) 처분손익은 처분대가와 자산의 장부금액의 차이로 결정되며, 손익계산서에 '기타수익' 또는 '기타비용'으로 표시하고 있습니다.
2.
14
금융부채
가. 분류 및 측정
모든 금융부채는 다음을 제외하고는 후속적으로 상각후원가로 측정되도록 분류합니다.
(1) 당기손익-공정가치 측정 금융부채
파생상품부채를 포함한 이러한 부채는 후속적으로 공정가치로 측정합니다.
(2)
금융자산의 양도가 제거 조건을 충족하지 못하거나 지속적 관여 접근법이 적용 되는 경우에 생기는 금융부채
이러한 금융부채는 주석 2.6 금융자산의 내용을 적용하여 측정합니다.
(3) 금융보증계약
최초 인식 시 공정가치로 측정되며, 이후에 이러한 계약의 발행자는 해당 계약을 후속적으로 다음 중 큰 금액으로 측정합니다.
- 기대신용손실에 따라 산정한 손실충당금
- 최초 인식금액에서 기준서 제1115호 '고객과의 계약에서 생기는 수익'에 따라 인식한 이익누계액을 차감한 금액
(4) 시장이자율보다 낮은 이자율로 대출하기로 한 약정 최초 인식 후에 이러한 약정의 발행자는 후속적으로 해당 약정을 다음 중 큰 금액으로 측정합니다. - 기대신용손실에 따라 산정한 손실충당금 - 최초 인식금액에서 기준서 제1115호에 따라 인식한 이익누계액을 차감한 금액
(5) 기준서 제1103호를 적용하는 사업결합에서 취득자가 인식하는 조건부 대가 이러한 조건부 대가는 후속적으로 당기손익-공정가치로 측정합니다.
나. 제거 금융부채는 계약상 의무가 이행, 취소 또는 만료되어 소멸되거나 기존 금융부채의 조건이 실질적으로 변경된 경우에 재무상태표에서 제거됩니다. 소멸하거나 제3자에게 양도한 금융부채의 장부금액과 지급한 대가(양도한 비현금자산이나 부담한 부채를 포함)의 차액은 당기손익으로 인식합니다.
2.
15
매입채무
매입채무는 정상적인 영업과정에서 공급자로부터 취득한 재고자산 및 제공받은 용역과 관련하여 지급할 의무가 있는 금액입니다. 매입채무의 지급이 12개월 이내에 예상되는 경우 유동부채로 분류하고, 그렇지 않은 경우 비유동부채로 분류합니다. 매입채무는 최초에 공정가치로 인식하며, 후속적으로 유효이자율법을 사용한 상각후원가로 측정하고 있습니다.
2.
16
차입금
차입금은 최초에 공정가치에서 거래비용을 차감한 가액으로 인식하며, 후속적으로 상각후원가로 측정하고 있습니다. 거래비용 차감 후 수취한 금액과 상환금액의 차이는 유효이자율법으로 상각하여 차입기간 동안 손익계산서에 인식하고 있습니다. 또한, 보고기간종료일 이후 12개월 이상 결제를 이연할 수 있는 무조건적인 권리가 있는 경우 비유동부채로 분류하며, 그렇지 않은 경우 유동부채로 분류하고 있습니다.
2.
17
충당부채 및 우발부채
과거사건의 결과로 현재의 법적의무나 의제의무가 존재하고, 그 의무를 이행하기 위한 자원의 유출가능성이 높으며, 당해 금액의 신뢰성 있는 추정이 가능한 경우 회사는 충당부채를 인식하고 있습니다. 미래영업손실에 대하여는 충당부채를 인식하지 않습니다.
충당부채는 의무를 이행하기 위하여 예상되는 지출액의 현재가치로 측정하며, 현재가치 평가에 사용하는 할인율은 그 부채의 고유한 위험과 화폐의 시간가치에 대한 현행 시장의 평가를 반영한 세전이자율입니다. 시간경과로 인한 충당부채의 증가는 이자비용으로 인식하고 있습니다.
또한, 과거사건은 발생하였으나 불확실한 미래사건의 발생 여부에 의해서 존재 여부가 확인되는 잠재적인 의무가 있는 경우 또는 과거사건이나 거래의
결과
현재
의무가
존재하나 자원이 유출될 가능성이 높지 않거나 당해 의무를 이행하여야 할 금액을 신뢰성 있게 추정할 수 없는 경우 우발부채로 주석기재하고 있습니다.
2.
18
종업원급여
회사는 확정급여제도와 확정기여제도를 포함하는 다양한 형태의 퇴직연금제도를 운영하고 있습니다.
확정기여제도는 회사가 고정된 금액의 기여금을 별도 기금에 지급하는 퇴직연금제도입니다. 해당 기금이 현재나 과거 기간의 종업원 용역과 관련하여 지급하여야 할 급여 전액을 지급하기에 충분한 자산을 보유하지 못하는 경우에도 회사는 추가적인 기여금을 납부할 법적 의무나 의제의무를 부담하지 않습니다. 확정기여제도와 관련하여 회사는 상장되거나 비상장으로 관리되고 있는 연금보험제도에 의무적으로나 계약에 의해 또는 자발적으로 기여금을 지급하고 있습니다. 기여금이 지급된 이후에 회사는 더 이상의 미래 의무를 부담하지 않습니다. 기여금은 종업원이 근무 용역을 제공했을 때 비용으로 인식됩니다. 선급 기여금은 초과 기여금으로 인해 미래 지급액이 감소하거나 현금이 환급되는 만큼을 자산으로 인식하고 있습니다.
확정급여제도는 확정기여제도를 제외한 모든 퇴직연금제도입니다. 일반적으로 확정급여제도는 연령, 근속연수나 급여수준 등의 요소에 의해 종업원이 퇴직할 때 지급받을 퇴직연금급여의 금액을 확정하고 있습니다. 확정급여제도와 관련하여 재무상태표에 계상된 부채(자산)는 보고기간종료일 현재 확정급여채무의 현재가치에 사외적립자산의 공정가치를 차감한 과소적립액(자산인식상한을 한도로 하는 초과적립액)입니다. 확정급여채무는 매년 독립된 보험계리인에 의해 예측단위적립방식에 따라 산정됩니다. 확정급여채무의 현재가치는 급여가 지급될 통화로 표시되고 관련 확정급여채무의 지급 시점과 만기가 유사한 우량회사채의 이자율로 기대미래현금유출액을 할인하여 산정하고 있습니다.
보험수리적 가정의 변경 및 보험수리적 가정과 실제로 발생한 결과의 차이로 인해 발생하는 보험수리적손익은 발생한 기간의 기타포괄손익으로 인식하고 있으며, 제도개정, 축소 또는 정산이 발생하는 경우 과거근무원가 또는 정산으로 인한 손익은 발생 즉시 당기손익으로 인식하고 있습니다.
2.
19
금융보증계약
금융보증계약은 채무상품의 최초 계약조건이나 변경된 계약조건에 따라 지급기일에 특정 채무자가 지급하지 못하여 보유자가 입은 손실을 보상하기 위하여 특정 금액을 지급하여야 하는 계약입니다. 회사가 제공한 금융보증계약은 최초 인식 시 공정가치로 측정되며, 후속적으로는 다음 중 큰 금액으로 측정하여 기타금융부채로 인식됩니다. (1) 금융상품의 손상 규정에 따라 산정한 손실충당금 (2) 최초 인식금액에서 기준서 제1115호에 따라 인식한 이익누계액을 차감한 금액
2.
20
당기법인세 및 이연법인세
회사의 법인세비용은 당기법인세와 이연법인세로 구성됩니다. 법인세는 기타포괄손익이나 자본에 직접 인식된 항목과 관련된 금액은 해당 항목에서 직접 인식하며, 이를 제외하고는 당기손익으로 인식됩니다. 법인세비용은 보고기간종료일 현재 제정되었거나 실질적으로 제정된 세법에 기초하여 측정됩니다.
이연법인세는 자산과 부채의 장부금액과 세무기준액의 차이로 정의되는 일시적차이에 대하여 장부금액을 회수하거나 결제할 때의 예상
법인세효과로
인식됩니다.
다만,
사업결합 이외의 거래에서 자산ㆍ부채를 최초로 인식할 때 발생하는 이연법인세자산과 부채는 그 거래가 회계이익이나 과세소득에 영향을 미치지 않는다면 인식되지 않습니다. 이연법인세자산은 차감할 일시적차이가 사용될 수 있는 미래 과세소득의 발생가능성이 높은 경우에 인식됩니다.
종속기업, 관계기업 및 공동기업 투자지분과 관련된 가산할 일시적차이에 대하여 소멸 시점을 통제할 수 있고 예측가능한 미래에 일시적차이가 소멸하지 않을 가능성이 높은 경우를 제외하고 이연법인세부채를 인식하고 있습니다. 또한 이러한 자산으로부터 발생하는 차감할 일시적차이에 대하여
일시적차이가
예측가능한
미래에
소멸할
가능성이 높고 일시적차이가 사용될 수 있는 과세소득이 발생할 가능성이 높은 경우에만 이연법인세자산을 인식하고 있습니다.
이연법인세자산과 부채는 당기법인세자산과 당기법인세부채를 상계할 수 있는 법적으로 집행가능한 권리를 회사가 보유하고, 이연법인세자산과 부채가 동일한 과세당국에 의해서 부과되는 법인세와 관련이 있으면서 순액으로 결제할 의도가 있는 경우
에 상계됩니다.
2.
21
파생상품
회사는 파생상품의 계약에 따라 발생된 권리와 의무를 공정가액으로 평가하여 자산과 부채로 계상하고, 동 계약으로부터 발생한 손익은 발생 시점에 당기손익으로 인식하고 있습니다. 다만, 요건을 충족한 현금흐름위험회피와 해외사업장에 대한 순투자에 대한 위험회피금액은 자본항목으로 이연하고 있습니다.
회사는 재고자산의 가격 변동 위험 등을 회피하기 위한 현금흐름 위험회피회계를 적용하고 있습니다. 현금흐름위험회피 대상으로 지정되어 적용요건을 충족하는 파생상품의 공정가치 변동 중 위험회피에 효과적인 부분은 기타포괄손익으로 인식하고, 비효과적인 부분은
'
금융수익
'
또는
'
금융비용
'
으로 인식하고 있습니다.
2.
22
배당금
배당금은 회사의 주주에 의해 승인된 시점에 부채로 인식하고 있습니다.
2.
23
자본금
보통주와 상환의무 없는 우선주는 모두 자본으로 분류하고 있습니다. 회사 또는 종속기업이 회사의 보통주를 취득하는 경우, 직접거래원가를 포함하는 지급 대가는 그 보통주가 소각되거나 재발행 될 때까지 회사의 자본에서 차감하여 표시하고 있습니다. 이러한 자기주식이 재발행되는 경우, 수취한 대가는 회사의 주주에게 귀속되는 자본에 포함하고 있습니다.
2.
24
수익인식
수익은 주로 회사의 통상적인 활동에서 발생하는 재화의 판매에 대하여 받았거나 받을 대가의 공정가액으로 구성되어 있습니다. 수익은 부가가치세, 반품, 판매장려금 및 가격 할인액을 차감한 순액으로 표시하며, 내부거래를 제거한 후의 금액으로 표시하고 있습니다.
회사는 2018년 1월 1일부터 기준서 제1115호 '고객과의 계약에서 생기는 수익'을 적용하였습니다
.
제1115호에 따르면 모든 유형의 계약에 5단계 수익인식모형(① 계약 식별 → ② 수행의무 식별 → ③ 거래가격 산정 → ④ 거래가격을 수행의무에 배분 →⑤ 수행의무 이행 시 수익 인식)을 적용하여 수익을 인식합니다.
(
1
) 수행의무의 식별
회사는
Incoterms Group C
조건(무역조건 CIF 등)에
따라 다양한 제품 및 상품을 수출하고 있습니다. 고객에게 통제가 이전된 이후 매도인이 운송서비스를 제공하므로 해당 운송서비스(보험 포함)를 별도의 수행의무로 인식합니다.
(2) 기간에 걸쳐 이행하는 수행의무
회사는
조달청을
통해
수주되는
시스템에어컨 도급공사계약에 따라 고객에게 제품을
납품하고 설치를 수행하고 있습니다. 기준서 제1115호에 따르면 기업이 수행하여 만들어지거나 가치가 높아지는 대로 고객이 통제하는 자산을 기업이 만들거나 그 자산가치를 높이는 경우 진행기준을 적용하여 수익을 인식하여야 합니다. 이에 따라 시스템에어컨 설치용역의 경우 용역 수행 경과에 따른 결과물을 고객이 직접 통제하기 때문에 진행기준을 적용하여 수익을 인식합
니다.
(3) 변동대가
회사는
할
인 등 고객과 약속한 대가에 변동가능성이 있는 경우, 고객으로부터 이미 받았거나 받을 대가 중 권리를 갖지 않을 것으로 예상하는
금액(변동대가)을 기대값 또는 가능성이 가장 높은 금액 중 보다 신뢰성있는 방법으로 추정합니다.
이
미 인식한 누적 수익금액 중 유의적인 부분을 되돌리지 않을 가능성이 매우 높은 금액까지만거래가격에 포함하여 수익을 인식
하며,
회사가 이미 받았거나 받을 대가 중에서 권리를 갖지 않는 것으로 예상하는
금액은
계약부채
로
분
류합
니
다.
회사는 고객에게 제품 판매 후 고객이 반품할 것으로 예상되는 제품에 대해
경험률에기초한 기댓값 방법으로 반품율을 예측하여
계약부채(환불부채)를 인식하고 있습니다
.
고객이 반품 권리를 행사할 때 고객으로부터 제품을 회수할 권리를 가지므로그 자산을 환
불자산으로 인식하고 해당 금액만큼 매출원가를 조정합니다. 제품을 회수할 권리는 제품의 과거 장부금액에서 제품을 회수하는데 드는 원가를 차감하여 측정합니다.
(4) 거래가격의 배분
회사는 하나의 계약에서 식별된 여러 수행의무에 상대적 개별 판매가격을 기초로 거래가격을 배분합니다. 각 수행의무의 개별 판매가격을 추정하기 위하여 '시장평가 조정 접근법' 등을 사용합니다.
2.
25
리스
리스는 리스제공자가
대가와 교환하여
식별되는 자산의 사용 통제권을 일정기간 리스이용자에게 이전하는 계약입니다.
회사는 계약의 약정 시점에, 계약 자체가 리스인지, 계약이 리스를 포함하는지를 판단합니다.
다만,
회사는
기준서 제1116호 '리스' 최초적용일인
2019년 1월 1일
이전 계약에 대해서는 실무적 간편법을 적용하여 모든 계약에 대해 다시 판단하지
않았습니다.
리스이용자 및 리스제공자는 리스계약이나 리스를 포함하는 계약에서 계약의 각 리스요소를 리스가 아닌 요소(이하 ""비리스요소"")와 분리하여 리스로 회계처리합니다.
다만, 회사는 리스이용자로서의 회계처리에서
실무적 간편법을 적용하여 비리스요소를 리스요소와 분리하지 않고 각 리스요소와 관련 비리스요소를 하나의 리스요소로 회계처리합니다. (
1) 리스이용자 회사는
리스개시일에
기초자산을 사용할 권리를 나타내는 사용권자산(리스자산)과 리스료를 지급할 의무를 나타내는 리스부채를
인식합니다.
사용권자산은 최초 인식 시 원가로 측정하고, 후속적으로 원가에서 감가상각누계액과 손상차손누계액을 차감하고, 리스부
채의 재측정에 따른 조정을 반영하여 측정합니다.
또한 사용권자산은 리스개시일부터 사용권자산의 내용연수 종료일과 리스기간 종료일 중 이른 날까지의 기간동안 감가상각합니다.
사용권자산은
재무상태표에
'유형자산'으로 분류합니다.
리스부채는
리스개시일에 그날 현재 지급되지 않은 리스료의 현재가치로 측정합니다. 현재가치 측정 시 리스의 내재이자율로 리스료를 할인하되, 내재이자율을 쉽게 산정할 수 없는 경우에는 회사의 증분차입이자율로 리스료를 할인하고 있습니다. 리스부채는 후속적으로 리스부채에 대하여 인식한 이자비용만큼 증가하고, 리스료의 지급을 반영하여 감소합니다. 지수나 요율(이율)의 변동, 잔존가치보증에 따라 지급할 것으로 예상되는 금액의 변동, 매수선택권이나 연장선택권을 행사할 것이 상당히 확실한지나 종료선택권을 행사하지 않을 것이 상당히 확실한지에 대한 평가의 변동에 따라 미래 리스료가 변경되는 경우에 리스부채를 재측정합니다. 리스부채는 재무상태표에 '유동성장기부채' 또는 '장기차입금'으로 분류합니다.
단기리스(리스개시일에 리스기간이 12개월 이하)와 소액자산 리스(기초자산 US$ 5,000 이하)의 경우
실무적 간편법을 적용
하여
리스료를 리스기간에 걸쳐 정액기준으로 비용을 인식합니다.
(
2)
리스제공자
리스제공자의 회계처리는
2019년 1월 1일 기준서 제1116호를
최초 적용하기 전의
회계정책과 유의적으로 변동되지 않았습니다.
회사는 리스약정일에 리스자산의 소유에 따른 위험과 보상의 대부분을 이전하는 리스는 금융리스로 분류하고, 금융리스 이외의 모든 리스는 운용리스로 분류합니다. 운용리스로부터 발생하는 리스료 수익은 리스기간에 걸쳐 정액기준으로 인식하고, 운용리스의 협상 및 계약 단계에서 발생한 리스개설 직접원가는 리스자산의 장부금액에 가산한 후 리스료 수익에 대응하여 리스기간 동안 비용으로 인식합니다.
2.
26
정부보조금
정부보조금은 보조금의 수취와 정부보조금에 부가된 조건의 준수에 대한 합리적인 확신이 있을 때 공정가치로 인식됩니다. 수익과 관련된 정부보조금은 이연하여 정부보조금의 교부 목적과 관련된 수익 또는 비용과 대응될 수
있는
기간에
손익계산서에
인식하고 있습니다. 한편, 특정 자산의 취득과 관련된 정부보조금은 이연수익으로 처리하고, 정부보조금 관련 이연수익은 관련 자산의 내용연수 동안 상각하여 손익으로 반영하고 있습니다.
2.
27
주당이익
기본주당이익은 주주에게 귀속되는 손익계산서상 당기순이익을 보고기간 동안의 회사의 가중평균 유통보통주식수로 나누어 산정한 것입니다.
희석주당이익은 주주에게 귀속되는 손익계산서상 당기순이익을 보고기간 동안의 회사의 가중평균 유통보통주식수와 가중평균 잠재적 희석증권주식수로 나누어 산정한 것입니다. 잠재적 희석증권은 희석효과가 발생하는 경우에만 희석주당이익의 계산에반영됩니다.
2.
28
보고부문
보고부문은 최고영업의사결정자에게 보고되는 부문별로 공시되고 있습니다
. 최고영업의사결정자는 부문에 배부될 자원에 대한 의사결정을 하고 부문의 성과를 평가하는데 책임이 있으며, 전략적 의사결정을 수행하는 경영위원회를 최고의사결정자로 보고 있습니다.
2.
29
재무제표의 승인
회사의 재무제표는
2022년 1월
27
일
이
사회
에서 승인되었으며,
향
후
정기주주총회에서 수정 승인될 수 있습니다.
3. 중요한 회계추정 및 가정:
회사는 미래에 대하여 추정 및 가정을 하고 있습니다. 추정 및 가정은 지속적으로 평가되며, 과거 경험과 현재의 상황에서 합리적으로 예측가능한 미래의 사건을 고려하여 이루어집니다. 이러한 회계추정은 실제 결과와 다를 수도 있습니다.
특히
2020년
부터 발생한
코로나19
(COVID-19)
의 확산으로 회사의 추정 및 가정에 영향이 발생할 수
있으나,
당기말
현재 그 영향을 합리적으로 추정할 수 없습니다.
다음 회계연도에 자산 및 부채 장부금액의 조정에 영향을 미칠 수 있는 유의적 위험에 대한 추정 및가정은 다음과 같습니다.
가. 수익인식
회사는 고객에게 제품 판매 후 고객이 반품할 것으로 예상되는 제품에 대하여 환불부채와 회수할 재화에 대한 권리를 인식하고 있습니다. 판매 시점에 포트폴리오 수준에서 누적된 경험에 기초하여 기댓값 방법으로 반품률을 예측하고 있으며, 회사의 수익은 예측된 반품률의 변동에 영향을 받습니다.
회사는 재화의 판매로 인한 수익을 통제가 이전되는 시점에 계약에 따른 대가에서 특정 매출장려활동을 차감한 금액으로 인식하고 있습니다. 과거의 경험 및 계약에 기초하여 매출차감액을 합리적으로 추정하고 있으며, 회사의 수익은 추정된 매출차감에 영향을 받습니다.
나. 판매보증충당부채
회사는 판매한 제품에 대하여 품질에 대한 보증의무를 부담하고 있습니다. 회사는 매 보고기간종료일 미래와 현재의 보증의무를 제공하는데 필요하다고 판단되는 최선의 추정치를 기준으로 보증충당부채를 계상하고 있습니다. 이러한 최선의 추정치는 과거 경험에 기초하여 결정하고 있습니다.
다. 금융상품의 공정가치
회사는 활성시장에서 거래되지 않는 금융상품의 공정가치에 대하여 보고기간종료일 현재 주요한 시장상황을 기초로 다양한 평가기법 및 가정을 사용하여 결정하고 있습니다.
라. 금융자산의 손상
회사는
금융자산의 손실충당금
을 측정할 때에
채무불이행위험과
기대신용률에
대한 가정에 근거하였습니다. 회사는 이러한 가정을 세우고 손상 계산을 위한 투입요소를 선택할 때 보고기간종료일의 미래 전망에 대한 추정 및 과거 경험, 현재 시장 상황에 근거하여 판단합니다. 마
. 리스 회사는 리스기간을 산정할 때에 연장선택권을 행사하거나 종료선택권을 행사하지 않을 경제적 유인이 생기게 하는 관련되는 사실 및 상황을 모두 고려합니다. 연장선택권의 대상 기간(또는 종료선택권의 대상 기간)은 리스이용자가 연장선택권을 행사할 것(또는 행사하지 않을 것)이 상당히 확실한 경우에만 리스기간에 포함됩니다.
선택권이 실제로 행사되거나(행사되지 않거나) 회사가 선택권을 행사할(행사하지 않을) 의무를 부담하게 되는 경우에 리스기간을
다시
평가합니다. 리스이용자가
통제할
수 있는 범위에 있고 리스기간을 산정할 때에 영향을 미치는 유의적인 사건이 일어나거나 상황에 유의적인 변화가 있을 때에만 회사는 연장선택권을 행사할 것(또는 행사하지 않을 것)이 상당히 확실한지의 판단을 변경합니다.
바. 순확정급여부채(자산)
순확정급여부채(자산)는 많은 가정을 사용하는 보험수리적 방식에 의해 결정되는 다양한 요소들에 따라 달라질 수 있습니다. 퇴직연금의 순원가(이익)를 결정하는 데 사용되는 가정은 할인율을 포함하고 있으며, 이러한 가정의 변동은 순확정급여부채(자산)의 장부금액에 영향을 줄 것입니다. 회사는 매년 말 우량회사채 이자율을 고려하여 적절한 할인율을 결정하고 있으며 이러한 할인율은 순확정급여부채(자산)의 정산 시 발생할 것으로 예상되는 미래의 추정 현금 유출액의 현재가치를 결정할 때 사용되어야 하는 이자율을 나타냅니다. 순확정급여부채(자산)와 관련된 다른 주요한 가정들은 일부 현재의 시장 상황에 근거하고 있습니다.
사. 영업권 및 내용연수가 비한정인 무형자산의 손상
회사는 매년
영업권
및
내용연수가 비한정인 무형자산의 손상 여부를 검토하고 있습니다.
현금창출단위 또는 자산의 회수가능금액은 사용가치의 계산에 기초하여 결정하고 있습니다. 이러한 계산은 추정에 근거하여 이루어집니다.
아. 법인세
회사의 과세소득에 대한 법인세는 다양한 국가의 세법 및 과세당국의 결정을 적용하여 산정되므로 최종 세효과를 산정하는 데에는 불확실성이 존재합니다. 회사는 보고기간종료일 현재까지의 영업활동의 결과로 미래에 부담할 것으로 예상되는 법인세효과를 최선의 추정과정을 거쳐 당기법인세 및 이연법인세로 인식하였습니다. 하지만 실제 미래 최종 법인세부담은 인식한 관련 자산ㆍ부채와 일치하지 않을 수 있으며, 이러한 차이는 최종 세효과가 확정된 시점의 당기법인세 및 이연법인세 자산ㆍ부채에 영향을 줄 수 있습니다.
회사는 특정 기간 동안 과세소득의 일정 금액을 투자, 임금증가 등에 사용하지 않았을 때 세법에서 정하는 방법에 따라 산정된 법인세를 추가로 부담합니다. 따라서 해당 기간의 당기법인세와 이연법인세를 측정할 때 이에 따른 세효과를 반영하여야 하고, 이로 인해 회사가 부담할 법인세는 각 연도의 투자, 임금증가 등의 수준에 따라 달라지므로 최종 세효과를 산정하는 데에는 불확실성이 존재합니다.
회사는
법인세 처리의 불확실성 여부를 검토하고 있으며
,
과세당국이
불확실한
법인세 처리를 수용할 가능성이 높지 않다고 결론
내리는
경우에는
불확실한
법인세
처리
각각에 다음 방법 가운데 불확실성의 해소를 더 잘 예측할 것으로 예상하는 방법을 사용하여 불확실성의 영향을 재무제표에 반영하고 있습니다.
(1) 가능성이 가장 높은 금액: 가능한 결과치 범위에서 가능성이 가장 높은 단일금액
(2) 기댓값: 가능한 결과치의 범위에 있는 모든 금액에 각 확률을 곱한 금액의 합
4
.
범주별 금융상품:
가. 보고기간종료일 현재 범주별 금융상품 내역은 다음과 같습니다.
(1) 당기말
(단위 : 백만원)
현금및현금성자산
3,918,872
-
-
3,918,872
단기금융상품
15,000,576
-
-
15,000,576
매출채권
33,088,247
-
-
33,088,247
기타포괄손익-공정가치금융자산
-
1,662,532
-
1,662,532
당기손익-공정가치금융자산
-
-
2,135
2,135
기타
5,076,418
-
-
5,076,418
계
57,084,113
1,662,532
2,135
58,748,780
(단위 : 백만원)
매입채무
11,557,441
-
11,557,441
단기차입금
-
9,204,268
9,204,268
미지급금
12,948,960
-
12,948,960
유동성장기부채
5,810
133,518
139,328
사채
29,048
-
29,048
장기차입금
-
431,915
431,915
장기미지급금
2,335,218
-
2,335,218
기타
3,056,156
-
3,056,156
계
29,932,633
9,769,701
39,702,334
(*) 기타금융부채는 범주별 금융부채의 적용을 받지 않는 담보부차입금 및 리스부채 등을 포함하고 있습니다.
(2) 전기말
(단위 : 백만원)
현금및현금성자산
989,045
-
-
989,045
단기금융상품
29,101,284
-
-
29,101,284
매출채권
24,736,740
-
-
24,736,740
기타포괄손익-공정가치금융자산
-
1,539,659
-
1,539,659
당기손익-공정가치금융자산
-
-
3,107
3,107
기타
4,149,950
-
-
4,149,950
계
58,977,019
1,539,659
3,107
60,519,785
(단위 : 백만원)
매입채무
6,599,025
-
6,599,025
단기차입금
-
12,520,367
12,520,367
미지급금
9,671,280
-
9,671,280
유동성장기부채
5,318
82,253
87,571
사채
31,909
-
31,909
장기차입금
-
150,397
150,397
장기미지급금
935,038
-
935,038
기타
3,423,251
-
3,423,251
계
20,665,821
12,753,017
33,418,838
(*) 기타금융부채는 범주별 금융부채의 적용을 받지 않는 담보부차입금 및 리스부채 등을 포함하고 있습니다.
나. 금융상품 범주별 순손익 구분
(1) 당기
(단위 : 백만원)
평가손익(기타포괄손익)
-
(99,916)
-
(99,916)
평가ㆍ처분손익(당기손익)
-
-
14,003
14,003
이자수익
260,396
-
-
260,396
외환차이(당기손익)
69,874
-
-
69,874
배당금수익
-
3,118
593
3,711
손상(환입)
(17,144)
-
-
(17,144)
(단위 : 백만원)
이자비용
(49,982)
(100,002)
(149,984)
외환차이(당기손익)
317,176
(21,167)
296,009
(*) 기타금융부채는 범주별 금융부채의 적용을 받지 않는 담보부차입금 및 리스부채 등을 포함하고 있습니다.
(2) 전기
(단위 : 백만원)
평가손익(기타포괄손익)
-
93,251
-
93,251
평가ㆍ처분손익(당기손익)
-
-
(1)
(1)
이자수익
507,947
-
-
507,947
외환차이(당기손익)
(542,069)
-
-
(542,069)
배당금수익
-
2,160
1,343
3,503
손상(환입)
(1,195)
-
-
(1,195)
(단위 : 백만원)
이자비용
(44,725)
(144,576)
(189,301)
외환차이(당기손익)
110,776
21,112
131,888
(*) 기타금융부채는 범주별 금융부채의 적용을 받지 않는 담보부차입금 및 리스부채 등을 포함하고 있습니다.
5. 금융자산의 양도:
회사는
당기
및 전기 중 은행과의 매출채권 팩토링 계약을 통해 매출채권을 할인하였습니다. 회사가 매출채권 팩토링 거래에서 제공한 매출채권은 채무자의 채무불이행 시의 소구조건 등으로 대부분의 위험과 보상을 회사가 보유하므로 금융자산의 제거요건을 충족하지 않아 제거되지 않았습니다. 이러한 거래에서 인식한 금융부채는 재무상태표에 '단기차입금'으로 분
류되어 있습니다
(주석
12
참조)
.
보고기간종료일 현재 매출채권의 할인된 내역은 다음과 같습니다.
(단위 : 백만원)
할인된 매출채권의 장부금액
9,204,268
12,520,367
관련 차입금의 장부금액
9,204,268
12,520,367
6. 공정가치금융자산:
가.
보고기간종료일 현재
공정가치금융자산
의 구성 내역은 다음과 같습니다.
(1) 기타포괄손익-공정가치금융자산
(단위 : 백만원)
지분상품
1,662,532
1,539,659
(2)
당기손익-공정가치금융자산
(단위 : 백만원)
채무상품
채무상품
2,135
3,107
나.
당
기 및 전기 중 공정가치금융자산의
변동 내역은 다음과 같습니다. (1) 기타포괄손익-공정가치금융자산
(단위 : 백만원)
기초
1,539,659
1,206,080
취득
260,642
204,957
공정가치평가
(137,815)
128,622
기타
46
-
기말
1,662,532
1,539,659
(2) 당기손익-공정가치금융자산
(단위 : 백만원)
기초
3,107
3,181
처분
(912)
(74)
기타
(60)
-
기말
2,135
3,107
다. 당기 및 전기 중 기타포괄손익-공정가치금융자산평가손익의 변동 내역은 다음과 같습니다.
(단위 : 백만원)
기초
262,752
134,130
공정가치평가
(137,815)
128,622
기말
124,937
262,752
차감: 자본에 가감되는 법인세효과
(34,358)
(72,257)
계
90,579
190,495
라. 보고기간종료일 현재
공정가치금융자산
중 상장주식의
내역은 다음과 같습니다.
(단위 : 주, %, 백만원)
삼성중공업
㈜
134,027,281
15.2
932,158
759,935
708,882
㈜
호텔신라
2,004,717
5.1
13,957
156,368
164,988
㈜
아이마켓코리아
647,320
1.9
324
6,926
5,658
㈜
케이티스카이라이프
240,000
0.5
3,344
2,194
2,114
㈜용평리조트
400,000
0.8
1,869
1,958
1,702
㈜
에이테크솔루션
1,592,000
15.9
26,348
26,188
19,263
㈜
원익홀딩스
1,759,171
2.3
15,410
8,761
11,153
㈜
원익아이피에스
1,850,936
3.8
16,214
78,295
81,904
㈜동진쎄미켐
2,467,894
4.8
48,277
125,863
90,078
솔브레인홀딩스㈜
461,741
2.2
30,752
15,976
20,825
솔브레인㈜
373,368
4.8
24,866
103,983
101,668
㈜에스앤에스텍
1,716,116
8.0
65,933
63,153
74,651
와이아이케이㈜
9,601,617
11.7
47,336
59,530
60,010
㈜
케이씨텍
1,022,216
4.9
20,720
24,584
31,433
㈜
엘오티베큠
1,267,668
7.1
18,990
21,805
24,086
㈜뉴파워프라즈마
2,140,939
4.9
12,739
13,723
14,109
㈜에프에스티
1,522,975
7.0
43,009
38,607
-
㈜디엔에프
810,030
7.0
20,964
18,509
-
Marvell
173,187
0.0
11,705
17,962
-
계
1,354,915
1,544,320
1,412,524
(*) 총발행보통주식수 기준 지분율입니다.
7. 매출채권 및 미수금:
가. 보고기간종료일 현재 매출채권 및 미수금의 내역은 다음과 같습니다.
(단위 : 백만원)
채권액
33,353,467
1,855,136
24,841,610
1,915,583
차감:
손실
충당금
(56,610)
(4,397)
(37,469)
(7,014)
소 계
33,296,857
1,850,739
24,804,141
1,908,569
차감: 장기 채권
(208,610)
(18,251)
(67,401)
(9,986)
유동항목
33,088,247
1,832,488
24,736,740
1,898,583
보
고기간종료일 현재 회사가 은행에 양도한 매출채권은 담보부 차입금으로 회계처리되
었으며,
보고기간종료일 현재
9,204,268
백만원(
전
기
:
12,520,367
백만원
)입니다 (주
석
12
참조)
.
나. 당기 및 전기 중
손실충당금
의 변동 내역은 다음과 같습니다.
(단위 : 백만원)
기초
37,469
7,014
37,992
5,331
대손상각(환입)
19,235
(1,998)
(489)
1,739
제각
(94)
(619)
(34)
(56)
기말
56,610
4,397
37,469
7,014
다. 보
고
기간종료일 현재
기대신용손실을 측정하기 위해 연체일을 기준으로 구분한 매출
채권 및 미수금 내역은 다음과 같습니다.
(단위 : 백만원)
연체되지 않은 채권
32,986,766
1,640,450
24,504,533
1,576,620
연체된 채권(*):
31일 이하
181,986
31,420
69,437
54,393
31일 초과 90일 이하
26,727
17,586
18,924
31,398
90일 초과
157,988
165,680
248,716
253,172
소 계
366,701
214,686
337,077
338,963
계
33,353,467
1,855,136
24,841,610
1,915,583
(*) 회사는 31일 이하 연체된 매출채권 및 미수금은 신용이 손상된 것으로 간주하지 않습니다.
라. 보고기간종료일 현재 신용위험의 최대 노출금액은 채권의 장부금액입니다. 회사의 주요 채권과 관련하여 보험사와 보험계약을 체결하고 있
습
니
다.
8. 재고자산
:
보고기간종료일 현재 재고자산의 내역은 다음과 같습니다.
(단위 : 백만원)
제품 및 상품
3,884,713
(366,987)
3,517,726
2,535,410
(118,007)
2,417,403
반제품 및 재공품
9,384,285
(222,291)
9,161,994
8,904,968
(65,773)
8,839,195
원재료 및 저장품
3,211,380
(258,464)
2,952,916
2,544,706
(379,326)
2,165,380
미착품
340,417
-
340,417
409,394
-
409,394
계
16,820,795
(847,742)
15,973,053
14,394,478
(563,106)
13,831,372
당기 중 비용으로 인식한 재고자산의 금액은
135,609,737백만원
(전기:
116,543,552백만원)입니다.
동 비용에는 재고자산평가손실
(환입)
금액이
포함되어 있습니다.
9. 종속기업, 관계기업 및 공동기업 투자:
가. 당기 및 전기 중 종속기업, 관계기업 및 공동기업 투자의 변동 내역은 다음과 같습니다.
(단위 : 백만원)
기초
56,587,548
56,571,252
취득
138,858
163,456
처분
(567,693)
(22,057)
손상
(환입)
66,886
(125,103)
기말
56,225,599
56,587,548
나. 보고기간종료일 현재 주요 관계기업
투자 현황은 다음과 같습니다. (종속기업 현황은 주석
30
참조)
삼성전기㈜
수동소자, 회로부품, 모듈 등 전자부품의 생산 및 공급
23.7
한국
12월
삼성에스디에스㈜
컴퓨터 프로그래밍, 시스템 통합ㆍ관리 등 IT 서비스 및 물류서비스 제공
22.6
한국
12월
삼성바이오로직스㈜
신사업 투자
31.5
한국
12월
삼성SDI㈜(*2)
2차전지 등 전자
부
품의 생산 및 공급
19.6
한국
12월
㈜제일기획
광고 대행업
25.2
한국
12월
(*1) 총발행보통주식수 기준 지분율입니다.
(*2) 유통보통주식수 기준 지분율은
20.6%
입니다.
다. 보고기간종료일 현재 주요 종속기업 및 관계기업 투자의
요약
재무정보는
다음과
같습니다.
(1) 주요 종속기업
(단위 : 백만원)
삼성디스플레이㈜
54,967,156
9,081,737
28,755,975
2,770,060
Samsung Electronics America, Inc. (SEA)
42,982,054
19,246,751
42,325,524
823,914
Samsung (CHINA) Investment Co., Ltd. (SCIC)
13,599,093
9,685,278
2,615,685
451,062
Samsung (China) Semiconductor Co., Ltd. (SCS)
19,049,536
5,168,738
7,341,018
1,708,832
Samsung Electronics Europe Holding Cooperatief U.A. (SEEH)
14,651,496
8,998,502
-
24,527
Samsung Asia
Pte.
Ltd. (SAPL)
14,683,789
58,381
-
4,668,478
Shanghai Samsung Semiconductor Co., Ltd. (SSS)
7,765,126
5,799,690
31,326,186
325,397
Samsung Eletronica da Amazonia Ltda. (SEDA)
4,589,505
1,671,097
6,020,523
490,202
Samsung India Electronics Private Ltd. (SIEL)
7,765,019
3,236,745
12,222,643
522,672
Thai Samsung Electronics Co., Ltd. (TSE)
3,018,358
474,223
4,443,031
142,191
Samsung Electronics (UK) Ltd. (SEUK)
2,925,062
1,992,367
5,621,922
241,403
Samsung Electronics GmbH (SEG)
2,289,391
2,228,650
6,385,080
2,158
Samsung Electronics Hungarian Private Co.
,
Ltd. (SEH)
2,504,075
641,004
4,357,137
157,616
Samsung Electronics Benelux B.V. (SEBN)
2,612,357
766,034
2,569,603
284,816
Samsung Electronics Europe Logistics B.V. (SELS)
2,305,275
2,144,805
14,700,517
13,943
(*) 상기 요약 재무정보는 각 종속기업의 별도재무제표 기준입니다.
(단위 : 백만원)
삼성디스플레이㈜
50,039,755
7,612,332
27,149,102
1,798,100
Samsung Electronics America, Inc. (SEA)
36,765,070
15,828,083
35,237,365
1,623,555
Samsung (CHINA) Investment Co., Ltd. (SCIC)
15,438,819
12,358,881
2,475,454
127,051
Samsung (China) Semiconductor Co., Ltd. (SCS)
14,348,735
3,511,003
5,321,312
1,100,619
Samsung Electronics Europe Holding Cooperatief U.A. (SEEH)
11,495,430
7,641,709
-
16,150
Samsung Asia
Pte.
Ltd. (SAPL)
9,552,755
523,402
1,634,692
968,504
Shanghai Samsung Semiconductor Co., Ltd. (SSS)
7,678,989
5,010,041
25,829,119
271,691
Samsung Eletronica da Amazonia Ltda. (SEDA)
6,280,131
1,556,057
6,390,696
819,561
Samsung India Electronics Private Ltd. (SIEL)
6,250,492
2,523,027
10,943,343
611,571
Thai Samsung Electronics Co., Ltd. (TSE)
2,920,299
451,055
3,744,080
160,264
Samsung Electronics (UK) Ltd. (SEUK)
2,767,563
1,886,447
4,987,522
133,016
Samsung Electronics GmbH (SEG)
2,687,535
2,626,979
6,306,675
605
Samsung Electronics Hungarian Private Co.
,
Ltd. (SEH)
2,230,457
504,952
3,665,360
148,056
Samsung Electronics Benelux B.V. (SEBN)
2,145,488
736,480
2,324,308
58,579
Samsung Electronics Europe Logistics B.V. (SELS)
1,700,033
1,550,350
13,444,960
20,623
(*) 상기 요약 재무정보는 각 종속기업의 별도재무제표 기준입니다.
(2)
주요 관계기업
(단위 : 백만원)
요약 재무상태표:
유동자산
4,598,269
7,575,968
2,823,175
7,444,907
2,018,598
비유동자산
5,343,105
2,941,464
5,146,835
18,388,286
523,513
유동부채
2,234,657
2,370,290
1,107,295
6,461,286
1,224,222
비유동부채
835,592
703,442
1,871,614
4,175,208
190,622
요약 포괄손익계산서:
매출
9,675,036
13,630,002
1,568,007
13,553,220
3,325,712
계속영업손익(*)
1,055,411
611,171
393,589
1,169,801
165,485
세후중단영업손익(*)
(162,966)
-
-
-
-
기타포괄손익(*)
151,809
134,163
(1,270)
623,792
32,535
총포괄손익(*)
1,044,254
745,334
392,319
1,793,593
198,020
(*) 관계기업별 지배기업의 소유주에 귀속될 손익입니다.
(단위 : 백만원)
요약 재무상태표:
유동자산
4,150,303
6,581,153
1,751,347
5,657,405
1,742,270
비유동자산
5,075,196
2,573,766
4,672,854
15,876,827
500,194
유동부채
1,914,880
1,720,757
589,301
4,983,633
1,046,224
비유동부채
1,400,223
575,054
1,236,117
3,191,672
180,710
요약 포괄손익계산서:
매출
8,208,738
11,017,432
1,164,777
11,294,770
2,747,922
계속영업손익(*)
595,938
443,455
240,975
574,723
157,400
세후중단영업손익(*)
8,024
-
-
-
-
기타포괄손익(*)
(33,475)
(134,669)
3,354
144,901
(14,795)
총포괄손익(*)
570,487
308,786
244,329
719,624
142,605
(*) 관계기업별 지배기업의 소유주에 귀속될 손익입니다.
라. 보고기간종료일 현재 시장성 있는 관계기업 투자주식의 내역은 다음과 같습니다.
(단위 : 주, 백만원)
삼성전기㈜
17,693,084
3,494,384
445,244
3,149,369
445,244
삼성에스디에스㈜
17,472,110
2,734,385
560,827
3,118,772
560,827
삼성바이오로직스㈜
20,836,832
18,815,659
443,193
17,211,223
443,193
삼성SDI㈜
13,462,673
8,818,051
1,242,605
8,454,559
1,242,605
㈜제일기획
29,038,075
663,520
491,599
598,184
491,599
10. 유형자산
:
가. 당기 및 전기 중 유형자산의 변동 내역은 다음과 같습니다. (1) 당기
(단위 : 백만원)
기초장부금액
7,800,435
19,087,134
43,749,609
13,994,259
1,535,487
86,166,924
- 취득원가
7,801,259
28,992,675
146,778,918
13,994,259
3,535,985
201,103,096
- 감가상각누계액(손상 포함)
(824)
(9,905,541)
(103,029,309)
-
(2,000,498)
(114,936,172)
일반취득 및 자본적지출(*)
5,295
4,385,819
31,501,402
1,339,173
607,076
37,838,765
감가상각
(406)
(1,614,006)
(18,016,803)
-
(532,894)
(20,164,109)
처분ㆍ폐기
(24,319)
(5,104)
(108,737)
-
(5,402)
(143,562)
기타
(11)
(12,027)
9,842
(25,930)
(2,867)
(30,993)
기말장부금액
7,780,994
21,841,816
57,135,313
15,307,502
1,601,400
103,667,025
- 취득원가
7,782,125
33,244,532
175,487,461
15,307,502
4,022,759
235,844,379
- 감가상각누계액(손상 포함)
(1,131)
(11,402,716)
(118,352,148)
-
(2,421,359)
(132,177,354)
(*) 자본화된 차입원가
는
21,9
11
백만원
이며, 자본화가능차입원가를 산정하기 위하여 사용된 자본화 이자율은
1.1%
입니다.
(2)
전기
(단위 : 백만원)
기초장부금액
7,803,272
14,908,032
34,492,059
15,294,787
1,592,125
74,090,275
- 취득원가
7,803,624
23,486,138
127,459,572
15,294,787
3,312,418
177,356,539
- 감가상각누계액(손상 포함)
(352)
(8,578,106)
(92,967,513)
-
(1,720,293)
(103,266,264)
일반취득 및 자본적지출
2,254
5,569,437
23,651,596
(1,233,051)
445,494
28,435,730
감가상각
(472)
(1,378,486)
(14,263,941)
-
(482,631)
(16,125,530)
처분ㆍ폐기
(4,878)
(6,526)
(128,181)
-
(21,121)
(160,706)
기타
259
(5,323)
(1,924)
(67,477)
1,620
(72,845)
기말장부금액
7,800,435
19,087,134
43,749,609
13,994,259
1,535,487
86,166,924
- 취득원가
7,801,259
28,992,675
146,778,918
13,994,259
3,535,985
201,103,096
- 감가상각누계액(손상 포함)
(824)
(9,905,541)
(103,029,309)
-
(2,000,498)
(114,936,172)
나.
당기 및 전기 중 유
형자산에 포함된 사용권자산의 변동 내역은 다음과 같습니다. (1) 당기
(단위 : 백만원)
기초장부금액
2,593
144,615
70,429
188,236
405,873
일반취득
91
446,071
4,674
992
451,828
감가상각
(405)
(80,085)
(36,065)
(9,617)
(126,172)
계약의 해지
-
(28)
-
(1,131)
(1,159)
기타
-
(45)
-
-
(45)
기말장부금액
2,279
510,528
39,038
178,480
730,325
(2) 전기
(단위 : 백만원)
기초장부금액
2,703
177,324
117,522
208,852
506,401
일반취득
103
46,476
6,414
8,796
61,789
감가상각
(472)
(77,761)
(46,849)
(11,233)
(136,315)
계약의 해지
-
(1,424)
(6,510)
(17,919)
(25,853)
기타
259
-
(148)
(260)
(149)
기말장부금액
2,593
144,615
70,429
188,236
405,873
다. 당기 및 전기 중 계정과목별 유형자산 상각 내역은 다음과 같습니다.
(단위 : 백만원)
매출원가
18,479,655
14,529,186
판매비와관리비 등
1,684,454
1,596,344
계
20,164,109
16,125,530
11.
무형자산:
가. 당기 및 전기 중 무형자산의 변동 내역은 다음과 같습니다.
(1) 당기
(단위 : 백만원)
기초장부금액
1,195,319
371,392
194,277
5,241,660
7,002,648
개별 취득
286,963
-
4,329
3,610,518
3,901,810
내부개발에 의한 취득
-
193,708
-
-
193,708
상각
(218,754)
(321,608)
-
(1,851,408)
(2,391,770)
처분ㆍ폐기
(42,031)
-
-
(557)
(42,588)
손상(환입)
-
-
(3,471)
-
(3,471)
기타
4,744
(6,582)
-
(1,043)
(2,881)
기말장부금액
1,226,241
236,910
195,135
6,999,170
8,657,456
(2) 전기
(단위 : 백만원)
기초장부금액
1,143,602
740,736
187,186
206,741
5,730,388
8,008,653
개별 취득
272,799
-
-
-
1,112,729
1,385,528
내부개발에 의한 취득
-
109,482
-
-
-
109,482
상각
(207,641)
(455,990)
-
-
(1,951,594)
(2,615,225)
처분ㆍ폐기
(29,840)
-
-
-
(6,132)
(35,972)
손상(환입)
(6,545)
(3,474)
7,091
(206,741)
-
(209,669)
기타
22,944
(19,362)
-
-
356,269
359,851
기말장부금액
1,195,319
371,392
194,277
-
5,241,660
7,002,648
나. 당기 및 전기 중 계정과목별 무형자산 상각 내역은 다음과 같습니다.
(단위 : 백만원)
매출원가
1,931,598
2,171,952
판매비와관리비 등
460,172
443,273
계
2,391,770
2,615,225
12. 차입금:
가. 보고기간종료일 현재 차입금의 내역은 다음과 같습니다.
(단위 : %, 백만원)
단기차입금:
담보부차입금(*1)
우리은행 등
0.0 ~ 8.7
9,204,268
12,520,367
유동성장기차입금:
리스부채(*2)
-
1.2
133,518
82,253
장기차입금:
리스부채(*2)
-
1.2
431,915
150,397
(*1) 담보부차입금
과 관련하여
매출채권을 담보로 제공
하였습니
다
.
(*2)
리스부채와 관련하여
연이자율은 가중평균증분차입이자율이며, 당기 중 발생한
이자비용은
4,939백
만원
(전기:
4,696백
만원
)입니다.
또한
, 채무불이행이 발생할 경우에 대비하여 리스제공자에게
사용권
자산
에 대한 권리를 담보로 제공하였습니다
.
한편, 당기 중 리스부채 측정치에 포함되지 않은 단기리스료, 소액 자산
리스료 등은
56,750백만원
(전
기: 42,088백만원)입니다.
나. 보고기간종료일 현재 리스부채의 연도별 상환계획은 다음과 같습니다.
(단위 : 백만원)
2022년
141,900
2023년
94,422
2024년
87,942
2025년
81,229
2026년 이후
195,016
계
600,509
13. 사채:
가. 보고기간종료일 현재 사채의 내역은 다음과 같습니다.
(단위 : %, 백만원)
US$ denominated Straight Bonds(*)
1997.10.02
2027.10.01
7.7
35,565 (US$ 30,000천)
38,080 (US$ 35,000천)
사채할인발행차금
(707)
(853)
계
34,858
37,227
차감: 유동성사채
(5,810)
(5,318)
비유동성사채
29,048
31,909
(*)
10년 거치 20년 분할상환되며 이자는 6개월마다 후급됩니다.
나. 보고기간종료일 현재 사채의 연도별 상환계획은 다음과 같습니다.
(단위 : 백만원)
2022년
5,928
2023년
5,928
2024년
5,928
2025년
5,928
2026년 이후
11,853
계
35,565
14.
순확정급여부채(자산)
:
가. 보고기간종료일
현재
순확정급여부채(자산)
의
내역은 다음과 같습니다.
(단위 : 백만원)
기금이 적립된 확정급여채무의 현재가치
11,155,187
9,740,095
기금이 적립되지 않은 확정급여채무의 현재가치
18,449
13,987
소 계
11,173,636
9,754,082
사외적립자산의 공정가치
(13,497,927)
(10,916,538)
순확정급여부
채(자산
) 계
(2,324,291)
(1,162,456)
나. 당기 및 전기 중
확정급여제도 관련 비용의 세부 내역은 다음과 같습니다.
(단위 : 백만원)
당기근무원가
907,450
802,039
순이자원가(수익)
(40,104)
(15,895)
계
867,346
786,144
다. 당기 및 전기 중 확정급여제도 관련 비용의 계정과목별 금액은 다음과 같습니다.
(단위 : 백만원)
매출원가
341,934
317,381
판매비와관리비 등
525,412
468,763
계
867,346
786,144
라. 당기 및 전기 중 확정급여채무의 변동 내역은 다음과 같습니다.
(단위 : 백만원)
기초
9,754,082
8,277,908
당기근무원가
907,450
802,039
이자원가
296,029
240,765
확정급여채무의 재측정요소:
- 인구통계적가정의 변동으로 인한 보험수리적손익
-
(40,581)
- 재무적가정의 변동으로 인한 보험수리적손익
150,624
622,915
- 기타사항에 의한 효과
429,051
225,438
급여지급액
(374,416)
(385,631)
기타
10,816
11,229
기말
11,173,636
9,754,082
마. 당기 및 전기 중 사외적립자산의 변동 내역은 다음과 같습니다.
(단위 : 백만원)
기초
10,916,538
8,764,763
사외적립자산의 이자수익
336,133
256,660
사외적립자산의 재측정요소
(128,336)
(78,505)
사용자의 기여금
2,640,100
2,159,200
급여지급액
(276,733)
(194,495)
기타
10,225
8,915
기말
13,497,927
10,916,538
한
편
,
확정급여제도와 관련하여
2022년도
에 납입할 것으로 예상되는 사용자 기여금의 합리적인 추
정
치는
1,326,253백
만원
입니다.
바. 보고기간종료일 현재 사외적립자산은 원금보장형 고정수익 상품에 투자되어 있습니다.
사. 보고기간종료일 현재 사용한 주요 보험수리적 가정은 다음과 같습니다.
(단위 : %)
할인율
3.8
3.2
미래임금상승률 (인플레이션 효과 포함)
5.3
4.5
아. 보고기간종료일 현재 주요 가정의 변동에 따른 확정급여채무의 민감도 분석은 다음과 같습니다.
(단위 : %)
할인율:
1%p 증가
91
91
1%p 감소
110
110
임금상승률:
1%p 증가
110
110
1%p 감소
91
91
자. 보고기간종료일 현재 확정급여채무의 가중평균만기는
9.26
년
입니다
.
15
. 충당부채:
당기 중 충당부채의 변동 내역은 다음과 같습니다.
(단위 : 백만원)
기타
(라),(마)
기초
340,818
1,304,018
567,004
1,223,663
3,435,503
순전입(환입)
464,983
541,054
186,259
2,481,632
3,673,928
사용
(419,088)
(464,463)
(194,281)
(1,025,978)
(2,103,810)
기타
-
115,916
-
182,090
298,006
기말
386,713
1,496,525
558,982
2,861,407
5,303,627
가. 회사는 출고한 제품에 대한 품질보증,
교환
, 하자보수 및 그에 따른 사후서비스 등으로 인하여 향후 부담할 것으로 예상되는 비용을 보증기간 및 과거 경험률 등을 기초로 추정하여 충당부채로 설정하고 있습니다.
나. 회사는 협상 진행 중인 기술사용계약과 관련하여 향후 지급이 예상되는 기술사용료를 추정하여 충당부채로 계상하고 있습니다. 지급시기 및 금액은 협상결과에 따라 변동될 수 있습니다.
다. 회사는 임원을 대상으로 부여연도를 포함한 향후 3년간의 경영실적에 따라 성과급을 지급하는 장기성과 인센티브를 부여하였는 바, 향후 지급이 예상되는 금액의 경
과 기간 해당분을 충당부채로 계상하고 있습니다.
라. 회사는 생산 및 판매 중단한 제품에 대하여 향후 부담할 것으로 예상되는 비용 등을 추정하여 충당부채로 계상하고 있습니다.
마.
회사는 온실가스 배출과 관련하여 해당 이행연도분 배출권의 장부금액과 이를 초과하는 배출량에 대해 향후 부담할 것으로 예상되는 비용을 추정하여 충당부채로 계상하고 있습니다.
(1) 보고기간종료일 현재
당기 이행연도에 대한 무상할당 배출권과 온실가스 배출량 추정치는 다음과 같습니다.
(단위 : 만톤(tCO2-eq))
무상할당 배출권
1,126
배출량 추정치
1,442
또한 보고기간종료일 현재
회사가
잔여 계획기간에 대해 무상할당받은 배출권 수량은 4,472만톤입니다.
(2) 당기 중 배출권 변동 내역은 다음과 같습니다.
(단위 : 백만원)
기초
44,865
증가
1,312
사용
(104)
기말
46,073
(3) 당기 중 배출부채 변동 내역은 다음과 같습니다.
(단위 : 백만원)
기초
31,777
순전입
13,376
사용
(104)
기말
45,049
16. 우발부채와 약정사항:
가. 지급보증한 내역 (1)
보고기간종료일 현재 회사가
해외종속기업의 자금조달 등을 위하여 제공하고 있는
채무보증 내역은 다음과 같습니다.
(단위 : 백만원
)
SETK
BNP 외
2022-12-16
121,244
956,699
SETK-P
BNP 외
2022-12-16
39,516
154,115
SEIL
Citibank
2022-12-16
12,978
18,494
기타
기타
-
-
8,669,206
계
173,738 (US$ 146,556천)
9,798,514 (US$ 8,265,301천)
(2)
보고기간종료일 현재 회사가 해외종속기업의 계약이행을 위하여 제공하고 있는 지급보증 한도액은
413,105
백
만
원
입니다.
(3) 보고기간종료일 현재 회
사가
특수관계자로부터 제공받고 있는 담보 및 지급보증은 없습니다.
나. 소송 등
보고기간종료일 현재
회사는
다수의 회사 등과 정상적인 영업과정에서 발생한 소송, 분쟁 및 규제기관의 조사 등이 진행 중에 있습니다. 이에 따른 자원의 유출금액 및 시기는 불확실하며 회사의 경영진은 이러한 소송 등의 결과가 회사의 재무상태에 중요한 영향을 미치지 않을 것으로 판단하고 있습니다.
다. 분할과 관련된 연대채무
회사와 삼성디스플레이㈜ 등은 분할된 삼성디스플레이㈜ 등의 분할 전 채무에 관하여 연대하여 변제할 책임이 있습니다.
라
. 기타 약정사항
(1) 보고기간종료일 현재 회사는
우리은행
등
5개
은행
과 무역금융, 상업어음할인 및 외상매출채권담보대출 등의 약정을 맺고 있으며 동 약정에 대한 통합한도액은
10,304,805
백
만원
입
니다. 이외에도 회사는 신한은행
등
19개 은
행
과 한도액
US$
8,950
백
만
의
무역금융 약정을 체결하고 있으며, 구매대금의 지급과 관련하여 기업은
행 등
4
개 은
행
과 한도액
408,913
백
만원
의 외상매출채권담보대출 약정
등을
맺고
있습니다.
(2) 보고기간종료일 현재 발생하지 않은
유ㆍ
무형
자산
의 취득을 위한 약정액은
7,536,277백
만
원
입니다.
17. 계약부채:
보고기간종료일 현재
계약부채
는 다음과 같습니다.
(단위 : 백만원)
계약부채(*)
1,104,756
1,065,465
(*) 계약부채는 선수금, 미지급비용, 기타유동부채 등에 포함되어 있습니다.
회사가 당기초 계약부채 잔액 중 당기에 수익으로 인식한 금액은
330,965
백
만
원
입니다.
18. 자본금:
보고기간종료일 현재 회사의 정관에 의한 발행할 주식의 총수는
250억
주(1주의
액면
금액: 100원)이며, 회사가 발행한 보통주 및 우선주의 수(소각 주식수 제외)는 각
각
5,969,7
82,550주와 822,886,700주
입니다.
보고기간종료일 현재 유통주식수는 상기 발행주식의 수와 동일하며, 당기 및 전기 중 변동사항은 없습니다.
한편,
발행주식의 액면총액은
679,267
백만원(보통주
596,978
백만원, 우선주
82,289
백만원)으로 이익소각으로 인하여 납입자본금 897,514백만원과 상이합니다.
19. 이익잉여금:
가. 보고기간종료일 현재 이익잉여금의 내역은 다음과 같습니다.
(단위 : 백만원)
(1) 법정적립금:
이익준비금(*1)
450,789
450,789
(2) 임의적립금
164,709,023
169,432,080
(3) 미처분이익잉여금
23,614,523
8,401,233
계
188,774,335
178,284,102
(*1) 회사는 상법상의 규정에 따라 납입자본의 50%에 달할 때까지 매 결산기마다 금전에 의한 이익배당액의 10% 이상을 이익준비금으로 적립하도록 되어 있으나, 보고기간종료일 현재 회사의 이익준비금이 납입자본의 50%에 달하였으므로 추가 적립할 의무는 없습니다.
나. 당기 및 전기의 회사의 이익잉여금처분계산서는 다음과 같습니다.
당기의 이익잉여금처분계산서는 주주총회에서 확정될 예정입니
다
(전기 처분확정일:
2021년
3월 17일
)
.
(단위 : 백만원)
Ⅰ. 미처분이익잉여금
23,614,523
8,401,233
1. 전기이월이익잉여금
30
30
2. 분기배당 주당배당금(률)
제53기 - 1,083원(1083%)
제52기 - 1,062원(1062%)
(7,356,461)
(7,213,815)
3. 당기순이익
30,970,954
15,615,018
Ⅱ. 임의적립금 등의 이입액
-
4,723,057
1. 기업합리화적립금
-
4,723,057
Ⅲ. 이익잉여금처분액
23,614,493
13,124,260
1. 배당금 주당배당금(률)
제53기 - 보통주:
361원(361%) 우선주: 362원(362%)
제52기 - 보통주:
1,932원(1932%) 우선주: 1,933원(1933%)
2,452,976
13,124,260
2. 연구및인력개발준비금
21,161,517
-
Ⅳ. 차기이월미처분이익잉여금
30
30
다.
당기 및 전기 중 배당금 산정 내역은 다음과 같습니다.
(1) 분기배당
(배당기준일
:
2021년과 2020년 3월 31일, 6월 30일, 9월 30일
)
(단위 : 주, %, 백만원)
1분기
배당받을 주식
보통주
5,969,782,550주
5,969,782,550주
우선주
822,886,700주
822,886,700주
배당률(액면가 기준)
보통주ㆍ우선주
361%
354%
배당금액
보통주
2,155,092
2,113,303
우선주
297,062
291,302
계
2,452,154
2,404,605
2분기
배당받을 주식
보통주
5,969,782,550주
5,969,782,550주
우선주
822,886,700주
822,886,700주
배당률(액면가 기준)
보통주ㆍ우선주
361%
354%
배당금액
보통주
2,155,092
2,113,303
우선주
297,062
291,302
계
2,452,154
2,404,605
3분기
배당받을 주식
보통주
5,969,782,550주
5,969,782,550주
우선주
822,886,700주
822,886,700주
배당률(액면가 기준)
보통주ㆍ우선주
361%
354%
배당금액
보통주
2,155,092
2,113,303
우선주
297,062
291,302
계
2,452,154
2,404,605
(2) 기말배당 (배당기준일
:
2021년과 2020년 12월 31일
)
(단위 : 주, %, 백만원)
배당받을 주식
보통주
5,969,782,550주
5,969,782,550주
우선주
822,886,700주
822,886,700주
배당률(액면가 기준)
보통주
361%
1932%
우선주
362%
1933%
배당금액
보통주
2,155,092
11,533,620
우선주
297,884
1,590,640
계
2,452,976
13,124,260
20. 기타자본항목:
보고기간종료일 현재 기타자본항목의 내역은 다음과 같습니다.
(단위 : 백만원)
기타포괄손익-공정가치금융자산평가손익
90,579
190,495
순확정급여부채(자산) 재측정요소
(2,732,997)
(2,219,688)
기타
1,760,408
1,760,408
계
(882,010)
(268,785)
21. 비용의 성격별 분류:
당기 및 전기 중 비용의 성격별 분류 내역은 다음과 같습니다.
(단위 : 백만원)
제품 및 재공품 등의 변동
(1,423,122)
(1,102,250)
원재료 등의 사용액 및 상품 매입액 등
90,519,249
79,001,881
급여
14,870,760
12,510,224
퇴직급여
898,132
811,122
감가상각비
20,164,109
16,125,530
무형자산상각비
2,391,770
2,615,225
복리후생비
2,630,171
2,327,252
유틸리티비
2,903,838
2,600,685
외주용역비
3,106,610
2,989,647
광고선전비
1,945,358
1,316,851
판매촉진비
1,066,434
896,646
기타비용
28,678,234
25,699,404
계(*)
167,751,543
145,792,217
(*) 손익계산서 상 매출원가와 판매비와관리비를 합한 금액입니다.
22. 판매비와관리비:
당기 및 전기 중 판매비와관리비의 내역은 다음과 같습니다.
(단위 : 백만원)
(1) 판매비와관리비:
급여
2,396,978
2,178,159
퇴직급여
163,395
135,433
지급수수료
2,397,640
2,226,051
감가상각비
396,881
429,725
무형자산상각비
220,616
194,890
광고선전비
1,945,358
1,316,851
판매촉진비
1,066,434
896,646
운반비
907,948
759,938
서비스비
1,675,628
1,318,609
기타판매비와관리비
1,911,866
1,878,587
소 계
13,082,744
11,334,889
(2) 경상연구개발비:
연구개발 총지출액
19,039,074
17,813,391
개발비 자산화
(193,708)
(109,482)
소 계
18,845,366
17,703,909
계
31,928,110
29,038,798
23. 기타수익
및 기타비용:
당기 및 전기 중 기타수익 및 기타비용의 내역은 다음과 같습니다.
(단위 : 백만원)
(1) 기타수익:
배당금수익
6,560,011
129,569
임대료수익
164,197
167,239
유형자산처분이익
278,849
306,182
기타
355,947
194,504
계
7,359,004
797,494
(2) 기타비용:
유형자산처분손실
13,366
9,831
기부금
195,457
254,791
기타
537,155
592,620
계
745,978
857,242
24. 금융수익 및 금융비용:
당기 및 전기 중 금융수익 및 금융비용의 내역은 다음과 같습니다.
(단위 : 백만원)
(1) 금융수익:
이자수익
260,396
507,947
- 상각후원가 측정 금융자산
260,396
507,947
외환차이
3,497,401
5,168,930
파생상품관련이익
39,182
-
계
3,796,979
5,676,877
(2) 금융비용:
이자비용
149,984
189,301
- 상각후원가 측정 금융부채
49,982
44,725
- 기타금융부채
100,002
144,576
외환차이
3,485,602
5,494,879
파생상품관련손실
63,089
-
계
3,698,675
5,684,180
회사는 외화거래 및 환산으로 발생한 외환차이를 금융수익 및 금융비용으로 인식하고 있습니다.
25. 법인세비용:
가. 당기 및 전기 중 법인세비용의 주요 구성 내역은 다음과 같습니다.
(단위 : 백만원)
(1) 당기법인세:
기간손익에 대한 당기법인세
8,041,604
4,823,845
당기에 인식한 조정사항
(321,952)
249,914
소 계
7,719,652
5,073,759
(2) 이연법인세:
세액공제의 이월로 인한 이연법인세변동액
(332,351)
(34,673)
일시적차이로 인한 이연법인세변동액
346,237
(202,181)
소 계
13,886
(236,854)
(3) 자본에 직접 부가되는 법인세부담액
-
-
법인세비용 계
7,733,538
4,836,905
나. 회사의 법인세비용차감전순이익에 대한 법인세비용과 적용세율을 사용하여 이론적으로 계산된 금액과의 차이는 다음과 같습니다.
(단위 : 백만원)
법인세비용차감전순이익
38,704,492
20,451,923
(1) 적용세율에 따른 법인세비용(*)
10,643,735
5,624,279
(2) 조정사항:
세무상 과세되지 않는 수익
(34,706)
(94,157)
세무상 차감되지 않는 비용
651,517
9,073
세액공제
(3,420,702)
(940,044)
기타
(106,306)
237,754
소 계
(2,910,197)
(787,374)
법인세비용 계
7,733,538
4,836,905
(*) 보고기간종료일 현재 제정된 세법에서 규정한 법정세율을 적용하여 산정하였습니다.
다. 당기 및 전기 중 누적일시적차이 및 이연법인세자산(부채)의 증감 내역은 다음과 같습니다.
(1) 당기
(단위 : 백만원)
1) 일시적차이로 인한 이연법인세:
토지재평가
(3,420,886)
14,261
(3,406,625)
(940,744)
3,922
(936,822)
종속기업, 관계기업 및 공동기업 투자
(*1)
(3,994,444)
157,076
(3,837,368)
(909,018)
55,853
(853,165)
감가상각누계액 등
(514,103)
(1,942,199)
(2,456,302)
(141,379)
(534,104)
(675,483)
미수수익
(112,810)
58,703
(54,107)
(31,023)
16,144
(14,879)
충당부채 및 미지급비용 등
9,540,744
1,557,561
11,098,305
2,623,704
428,330
3,052,034
외화평가조정
(51,955)
46,642
(5,313)
(14,288)
12,827
(1,461)
자산손상
1,744,851
(648,554)
1,096,297
399,268
(178,352)
220,916
퇴직급여
(4,223,358)
(1,869,997)
(6,093,355)
(1,161,424)
(514,249)
(1,675,673)
분할 시 투자주식 평가증(*2)
10,586,822
-
10,586,822
-
-
-
기타
1,038,962
2,858,629
3,897,591
115,053
363,392
478,445
소 계
10,593,823
232,122
10,825,945
(59,851)
(346,237)
(406,088)
2) 세액공제로 인한 이연법인세:
세액공제이월액
282,542
389,511
672,053
282,542
332,351
614,893
3) 자본에 직접 가감하는 이연법인세:
기타포괄손익-공정가치금융자산평가손익 등
(262,75
3
)
137,815
(124,93
8
)
(72,257)
37,899
(34,358)
순확정급여부채(자산) 재측정요소
3,061,640
708,012
3,769,652
841,951
194,702
1,036,653
소 계
2,798,88
7
845,827
3,644,71
4
769,694
232,601
1,002,295
이연법인세자산(부채) 계
992,385
218,715
1,211,100
(*1) 종속기업, 관계기업 및 공동기업 투자와 관련된 차감할 일시적차이 중 예측가능한 미래에 소멸할 가능성이 높지
않을 경우 이연법인세자산을
인식하지 않았습니다.
(*2) 과거 LCD 사업부문 분할로 인하여 교부 받은 삼성디스플레이㈜ 투자주식에 대한 세무상 장부금액과 회계상 장부 금액의 차이입니다. 보고기간종료일 현재 회사는 향후 삼성디스플레이㈜ 주식을 처분하지 않을 예정이므로, 동 투자주식의 차감할 일시적차이가 예측가능한 미래에 소멸할 가능성이 높지 않을 것으로 보아 이연법인세자산을 인식하지 않았습니다.
(2) 전기
(단위 : 백만원)
1) 일시적차이로 인한 이연법인세:
토지재평가
(3,417,804)
(3,082)
(3,420,886)
(939,896)
(848)
(940,744)
종속기업, 관계기업 및 공동기업 투자
(*1)
(3,994,444)
-
(3,994,444)
(909,018)
-
(909,018)
감가상각누계액 등
108,447
(622,550)
(514,103)
29,823
(171,202)
(141,379)
미수수익
(155,013)
42,203
(112,810)
(42,628)
11,605
(31,023)
충당부채 및 미지급비용 등
7,244,548
2,296,196
9,540,744
1,992,251
631,453
2,623,704
외화평가조정
(124,453)
72,498
(51,955)
(34,224)
19,936
(14,288)
자산손상
1,611,087
133,764
1,744,851
443,049
(43,781)
399,268
퇴직급여
(2,702,738)
(1,520,620)
(4,223,358)
(743,253)
(418,171)
(1,161,424)
분할 시 투자주식 평가증(*2)
10,586,822
-
10,586,822
-
-
-
기타
466,776
572,186
1,038,962
(58,136)
173,189
115,053
소 계
9,623,228
970,595
10,593,823
(262,032)
202,181
(59,851)
2) 세액공제로 인한 이연법인세:
세액공제이월액
247,870
34,672
282,542
247,869
34,673
282,542
3) 자본에 직접 가감하는 이연법인세:
기타포괄손익-공정가치금융자산평가손익 등
(134,131)
(128,622)
(262,753)
(36,886)
(35,371)
(72,257)
순확정급여부채(자산) 재측정요소
2,175,363
886,277
3,061,640
598,225
243,726
841,951
소 계
2,041,232
757,655
2,798,887
561,339
208,355
769,694
이연법인세자산(부채) 계
547,176
445,209
992,385
(*1) 종속기업, 관계기업 및 공동기업 투자와 관련된 차감할 일시적차이 중 예측가능한 미래에 소멸할 가능성이 높지
않을 경우 이연법인세자산을
인식하지 않았습니다.
(*2) 과거 LCD 사업부문 분할로 인하여 교부 받은 삼성디스플레이㈜ 투자주식에 대한 세무상 장부금액과 회계상 장부 금액의 차이입니다. 보고기간종료일 현재 회사는 향후 삼성디스플레이㈜ 주식을 처분하지 않을 예정이므로, 동 투자주식의 차감할 일시적차이가 예측가능한 미래에 소멸할 가능성이 높지 않을 것으로 보아 이연법인세자산을 인식하지 않았습니다.
라. 보고기간종료일 현재 이연법인세자산(부채)의
회수(결제)
시기는
다음과
같습니다.
(단위 : 백만원)
12개월 이내에
회수
(결제)될 이연법인세자산(부채)
2,837,162
2,168,431
12개월 이후에
회수(
결제)될 이연법인세자산(부채)
(1,626,062)
(1,176,046)
계
1,211,100
992,385
26. 주당이익:
가. 기본주당순이익 당기 및 전기 중 기본주당이익 산정 내역은 다음과 같습니다. (1) 보통주
(단위 : 백만원, 천주, 원)
당기순이익
30,970,954
15,615,018
당기순이익 중 보통주 해당분
27,218,306
13,722,639
÷ 가중평균유통보통주식수
(천주)
5,969,783
5,969,783
기본 보통주 주당이익(원)
4,559
2,299
(2) 우선주
(단위 : 백만원, 천주, 원)
당기순이익
30,970,954
15,615,018
당기순이익 중 우선주 해당분
3,752,648
1,892,379
÷ 가중평균유통우선주식수
(천주)
822,887
822,887
기본 우선주 주당이익(원)
4,560
2,300
나. 희석주당순이익
회사가 보유하고 있는 희석성 잠재적보통주는 없으며, 당기 및 전기의 기본주당이익과 희석주당이익은 동일합니다.
27. 현금흐름표:
가
.
회사는 영업활동 현금흐름을 간접법으로 작성하였습니다.
당기 및 전기 중 영업활동 현금흐름
관련
조정 내역 및 영업활동으로 인한 자산부채의 변동은 다음과 같습니다.
(1) 조정 내역
(단위 : 백만원)
법인세비용
7,733,538
4,836,905
금융수익
(514,303)
(932,340)
금융비용
636,934
773,679
퇴직급여
898,132
811,122
감가상각비
20,164,109
16,125,530
무형자산상각비
2,391,770
2,615,225
대손상각비(환입)
19,235
(489)
배당금수익
(6,560,011)
(129,569)
유형자산처분이익
(278,849)
(306,182)
유형자산처분손실
13,366
9,831
재고자산평가손실(환입) 등
696,536
145,280
기타
(32,395)
370,850
계
25,168,062
24,319,842
(2) 영업활동으로 인한 자산부채의 변동
(단위 : 백만원)
매출채권의 감소(증가)
(8,102,318)
1,680,321
미수금의 감소(증가)
54,306
468,606
장단기선급비용의 감소(증가)
(198,371)
(86,681)
재고자산의 감소(증가)
(2,732,143)
(1,680,513)
매입채무의 증가(감소)
4,935,529
(867,032)
장단기미지급금의 증가(감소)
1,004,128
296,526
선수금의 증가(감소)
50,363
68,806
예수금의 증가(감소)
191,872
49,264
미지급비용의 증가(감소)
920,919
2,030,147
장단기
충당부채의 증가(감소)
1,570,11
8
1,216,028
퇴직금의 지급
(405,203)
(410,608)
사외적립자산의 감소(증가)
(2,363,367)
(1,964,705)
기타
(707,48
8
)
(1,193,365)
계
(5,781,655)
(393,206)
나.
당기 및 전기 중
투
자ㆍ재무활
동 현금흐름 관련 주요 비현금거래는
다음과
같습니다.
(단위 : 백만원)
기타포괄손익-공정가치금융자산
의
평가
(137,815)
128,622
유형자산의 본계정 대체
36,663,946
30,550,917
사용권자산의 취득(리스부채의 신규계약)
451,828
61,789
사채의 유동성 대체
5,810
5,318
장기차입금의 유동성 대체
133,518
82,253
다.
당기 및 전기 중 재무활동 현금흐름에서 생기는 부채의 변동 내역은 다음과 같습니다. (1) 당기
(단위 : 백만원)
단기차입금
12,520,367
(3,288,858)
-
(27,241)
9,204,268
사채
및 장기차입금
269,877
(117,963)
451,828
(3,451)
600,291
계
12,790,244
(3,406,821)
451,828
(30,692)
9,804,559
(*)
상각,
환율변동에 의한 증감액 등을 포함하고 있습니다.
(2) 전기
(단위 : 백만원)
단기차입금
10,228,216
2,326,350
-
(34,199)
12,520,367
사채
및 장기차입금
368,113
(134,443)
61,789
(25,582)
269,877
계
10,596,329
2,191,907
61,789
(59,781)
12,790,244
(*)
상각,
환율변동에 의한 증감액 등을 포함하고 있습니다.
한편, 당기 및 전기 중 리스부채와 관련하여 발생한 원금 상환에 따른 현금유출액(재무활동)은
112,523백만원
및
128,575
백만원, 이자비용 현금유출액(영업활동)은
4,939
백만
원
및
4,696
백만원입니다.
라. 회사는 거래가 빈번하며 총금액이
크고
단기간에
만기가
도래하는
단기금융상품
,
단기차입금
등으로 인한 현금의 유입과 유출항목을 순증감액으로
작성
하였습니다.
한
편,
보고기간종료일 현재 회사의 현금및현금성자산은 대부분 예금 등으로 구성되어 있습니다.
28. 재무위험관리:
회사의 재무위험관리는 영업활동에서 파생되는 시장위험, 신용위험, 유동성위험 등을 최소화하는데 중점을 두고 있습니다. 회사는
이를
위하여
각각의 위험요인에 대해
면밀하게 모니터링하고 대응하는 재무위험관리정책과 프로그램을 운영하고 있습니다.
위험을
회피하기
위한
파생상품의
이용도
이
프로그램에 포함되어 있습니다.
재무위험관리는 재경팀이 주관하고 있으며, 글로벌 재무위험 관리정책을 수립한 후 주기적으로 재무위험 측정, 헷지 및 평가 등을 실행하고 있습니다.
한
편,
해외 주요 권역별로 지역 금융센터(미국, 영국, 싱가포르, 중국,
브라질,
러시아)
에서
환율변동 모니터링 및 환거래 대행을 통해
환
율변동
위험을 관리하고 있으
며,
권역 내 자금을 통합운용하여 유동성위험을
관리하고 있습
니다.
재무위험관리의 주요 대상인 자산은 현금및현금성자산,
단기금융상품,
매출채권
등으로
구성되어 있으며, 부채는 매입채무, 차입금 등으로
구성되어 있습니다.
가. 시장위험
(1) 환율변동위험
회사는 글로벌 영업 활동을 수행함에 따라 기능통화와 다른 통화로
거래를
하고
있어
환율변동위험에 노출되어 있습니다. 환율변동위험에 노출되는 환포지션의 주요 통화로는 USD, EUR, INR 등이 있습니다.
회사는 환율변동과는 무관하게 통화별 자산과 부채규모를 일치하는 수준으로 유지하여 환율변동 영향을 최소화하는데 주력하고 있습니다. 이를 위해 수출입 등의 경상거래 및 예금, 차입 등의 금융 거래 발생 시 현지 통화로 거래하거나 입금
및
지출
통화를
일치시킴으로써 환포지션 발생을 최대한 억제하고 있습
니다.
또한, 회사는 효
율적인 환율변동위험 관리를 위해 환위험을 주기적으로 모니터링 및 평가하고 있으며
투기적
외환거래는
엄격히
금지하고 있습니다.
보고기간종료일 현재
기능통화와 다른 주요 외화로 표시된 금융자산 및 금융부채에 대하여 환
율이
5% 변동할
경우 당기손익(
법인세효과 반영
전)에
미치는
영향은
다음과
같습니다.
(단위 : 백만원)
USD
119,312
(119,312)
25,761
(25,761)
EUR
(33,776)
33,776
(22,112)
22,112
INR
25,057
(25,057)
21,948
(21,948)
(2) 이자율변동위험
변동금리부 금융상품의 이자율변동위험은 시장금리 변동으로 인한 재무상태표 항목의 가치변동(공정가치) 위험과 투자 및 재무활동으로부터 발생하는 이자수익, 비용의현금흐름이 변동될 위험으로 정의할 수 있습니다. 이러한 회사의 이자율변동위험은 주로 예금 및 변동금리부 차입금에서 비롯되며, 회사는 이자율 변동으로 인한 불확실성과 금융비용의 최소화를 위한 정책을 수립 및 운영하고 있습니다.
(3) 주가변동위험
회사는
전략적
목적
등으로
기타포괄손익-공정가치금융자산
으로
분류된
지분상품
에
투자하고 있습니다. 이를 위하여 직ㆍ간접적 투자수단을 이용하고 있습니다.
보고기간종료일
현재
지분
상품
(상장주식)의 주가가 1% 변동할 경우 기타포괄손익
(법인세효과 반영 전)
에 미치는 영향은
15,443
백만
원
(전
기
:
14,125
백만원)입
니다.
나. 신용위험
신용위험은 통상적인 거래 및 투자활동에서 발생하며 고객 또는 거래상대방이 계약조건상 의무사항을 지키지 못하였을 때 발생합니다. 이러한 신용위험을 관리하기 위하
여 고객과 거래상대방의 재무상태와 과거 경험 및 기타 요소를 고려하여 주기적으로 재무신용도를 평가하고 있으며, 고객과 거래상대방 각각에 대한 신용한도를 설정ㆍ관리하고 있습니다.
그리고 위험국가에 소재한 거래처의 매출채권은 보험한도 내에서 적절하게 위험 관리되고 있습니다.
신용위험은 금융기관과의 거래에서도 발생할 수 있으며 해당 거래는 현금및현금성자산, 각종 예금 그리고 파생금융상품 등의 금융상품 거래를 포함합니다. 이러한 위험을 줄이기 위해, 회사는 국제 신용등급이 높은 은행(S&P A등급 이상)에 대해서만 거래를 하는 것을 원칙으로 하고 있으며, 기존에 거래가 없는 금융기관과의 신규 거래는 재경팀과 지역 금융센터의 승인, 관리, 감독하에 이루어지고 있습니다. 회사가 체결하는 금융계약은 부채비율 제한 조항, 담보제공, 차입금 회수 등의 제약조건이 없는 계약을 위주로 체결하고 있으며, 기타의 경우 별도의 승인을 받아 거래하도록 되어 있습니다.
보고기간종료일 현재 회사의 금융자산 장부금액은 손상차손 차감 후 금액으로 회사의 신용위험 최대노출액을 나타내고 있습니다.
다. 유동성위험
대규모 투자가 많은 회사 사업 특성상 적정 유동성의 유지가 매우 중요합니다. 회사는 주기적인 자금수지 예측, 필요 현금 수준
산정
및 수입, 지출 관리 등을 통하여 적정 유동성을
유지ㆍ관리
하고 있습니다.
회사는
주기적으로 미래 현금 흐름을 예측하여 유동성위험을 사전 관리하고 있습니다.
권역별로 Cash Pooling을 구축
ㆍ
활용하여 권역 내 자금 부족의 경우에도
내부 자금
을 활용하
여
유동
성위험을
효율적으로 관리하고 있습니다.
Cash
Pooling은
자금 부족 회사와 자금 잉여 회사 간 자금을 공유하는 체제로 개별회사의 유동성위험을 최소화하는
한편
자금운용부담 경감 및 금융비용 절감 등의 효과가 있어 회사의 사업 경쟁력 강화에 기여하고 있습니다.
또한,
만약의 대규모 유동성 필요에 대비하여 본사의 지급보증을 통해
해외 종속기업이 활용할 수 있는 차입한도를 확보하고 있습니다.
보고기간종료일 현재 금융부채에 대하여 보고기간종료일로부터 계약만기일까지의 잔여만기에 따라 만기별로 구분된 유동성은 다음과 같습니다.
(1) 당기말
(단위 : 백만원)
금융부채
35,764,225
435,581
728,627
2,798,560
87,798
(2) 전기말
(단위 : 백만원)
금융부채
31,594,935
131,341
608,538
1,121,448
35,383
위의 분석에 포함된 금융부채는 보고기간종료일로부터 계약 만기일까지의 잔여기간에 따라 만기별로 구분되었습니다. 계약 만기일까지의 잔여기간에 따른 만기별 구분에 포함된 현금흐름은 현재가치 할인을 하지 않은 금액입니다.
당기말 현재 상기 금융부채 외 종속기업 지급보증 및 이행보증 등으로 노출된 유동성위험의 최대금액은
10,211,619백
만
원
(전기말:
9,374,823
백만
원
)입
니다.
라. 자본위험
회사의 자본관리 목적은
계속기업으로서 주주
및
이해관계자에게
이익을
지속적으로
제공할 수 있는 능력을 보호하고 건전한
자본구조를 유지하는 것입니다.
회사는 신
용등급, 부채비율 등의
지표
를 이용하여 자본위험을 관리하고 있습니다.
보고기간종료일 현재
회사는
S&P로부터
AA-,
Moody's로부터
Aa3
평가등급을
받고
있으며,
보고기간종료일 현재
부채비율은 다음과 같습니다.
(단위 : 백만원)
부 채
57,918,452
46,347,703
자 본
193,193,732
183,316,724
부채비율
30.0%
25.3%
마. 공정가치 측정 (1) 보고기간종료일 현재 금융상품의 장부금액과 공정가치는 다음과 같습니다.
(단위 : 백만원)
금융자산:
현금및현금성자산
3,918,872
(*1)
989,045
(*1)
단기금융상품
15,000,576
(*1)
29,101,284
(*1)
매출채권
33,088,247
(*1)
24,736,740
(*1)
기타포괄손익-공정가치금융자산
1,662,532
1,662,532
1,539,659
1,539,659
당기손익-공정가치금융자산
2,135
2,135
3,107
3,107
기타
5,076,418
(*1)
4,149,950
(*1)
계
58,748,780
60,519,785
금융부채:
매입채무
11,557,441
(*1)
6,599,025
(*1)
단기차입금
9,204,268
(*1)
12,520,367
(*1)
미지급금
12,948,960
(*1)
9,671,280
(*1)
유동성장기부채
139,328
6,276
87,571
5,318
- 유동성장기차입금
133,518
(*2)
82,253
(*2)
- 유동성사채
5,810
6,276
5,318
5,318
사채
29,048
35,863
31,909
36,507
장기차입금
431,915
(*2)
150,397
(*2)
장기미지급금
2,335,218
(*1)
935,038
(*1)
기타
3,056,156
(*1)
3,423,251
(*1)
계
39,702,334
33,418,838
(*1) 장부금액이 공정가치의 합리적인 근사치이므로 공정가치
공시
대상
에서 제외하였습니다.
(*2) 리스부채는 기업회계기준서 제1107호
'금융상품: 공시'
에 따라 공정가치
공시
대상
에서 제외하였습니다.
(2) 보고기간종료일 현재 공정가치로 측정 및 공시되는 금융상품의 공정가치 서열체계에 따른 수준별 공시는 다음과 같습니다.
(단위 : 백만원)
금융자산:
기타포괄손익-공정가치금융자산
1,544,320
-
118,212
1,662,532
당기손익-공정가치금융자산
-
-
2,135
2,135
금융부채:
유동성사채
-
6,276
-
6,276
사채
-
35,863
-
35,863
(단위 : 백만원)
금융자산:
기타포괄손익-공정가치금융자산
1,412,524
-
127,135
1,539,659
당기손익-공정가치금융자산
-
-
3,107
3,107
금융부채:
유동성사채
-
5,318
-
5,318
사채
-
36,507
-
36,507
공정가치 측정의 투입변수 특징에 따른 공정가치 서열체계는 다음과 같습니다. ㆍ'수준 1': 동일한 자산이나 부채에 대한 시장 공시가격 ㆍ'수준 2': 시장에서 관측가능한 투입변수를 활용한 공정가치 (단, '수준 1'에 포함된 공시가격은 제외) ㆍ'수준 3':
관측가능하지 않은 투입변수를 활용한 공정가치
활성시장에서 거래되는 금융상품의 공정가치는 보고기간종료일 현재 고시되는 시장가격에 기초하여 산정됩니다. 거래소, 판매자, 중개인, 산업집단, 평가기관 또는 감독기관을 통해 공시가격이 용이하게 그리고 정기적으로 이용가능하고, 그러한 가격이 독립된 당사자 사이에서 정기적으로 발생한 실제 시장거래를 나타낸다면, 이를 활성시장으로 간주하며, 이러한 상품은 '수준 1'에 포함됩니다. '수준 1'에 포함된 상품은 대부분
기타포괄손익-공정가치금융자산
으로 분류된 상장주식으로 구성됩니다.
활성시장에서 거래되지 않는 금융상품의 공정가치는 평가기법을 사용하여 결정하고 있습니다. 이러한 평가기법은 관측가능한 시장정보를 최대한 사용하고 기업고유정보는 최소한으로 사용합니다. 이때, 해당 상품의 공정가치 측정에 요구되는 모든 유의적인 투입변수가 관측가능하다면 해당 상품은 '수준 2'에 포함됩니다.
만약 하나 이상의 유의적인 투입변수가 관측가능한 시장정보에 기초한 것이 아니라면 해당 상품은 '수준 3'에 포함됩니다.
회사는 '수준 3'으로 분류되는 공정가치 측정을 포함하여 재무보고 목적의 공정가치를 측정하고 있습니다. 재무보고 일정에 맞추어 공정가치 평가 과정 및 그 결과에 대해 협의하고 있고, 공정가치 '수준' 간 이동을 발생시키는 사건이나 상황의 변동이 일어난 보고기간종료일에 '수준' 변동을 인식하고 있습니다. 금융상품의 공정가치를 측정하는 데 사용되는 평가기법에는 다음이 포함됩니다. - 유사한 상품의 공시시장가격 또는 딜러가격 - 파생상품의 공정가치는 보고기간종료일 현재의 선도환율 등을 사용하여 해당 금액을 현재가치로 할인하여 측정
나머지 금융상품에 대해서는 현금흐름의 할인기법 등의 기타 기법을 사용합니다. 유동자산으로 분류된 매출채권 및 기타채권의 경우 장부금액을 공정가치의 합리적인 근사치로 추정하고 있습니다.
(3) 가치평가기법 및 투입변수
회사는 공정가치 서열체계에서 '수준 2'로 분류되는 회사채, 국공채, 금융채 등에 대하여 미래현금흐름을 적정이자율로 할인하는 현재가치법을 사용하고 있습니다.
보고기간종료일 현재
'수준 3'으로 분류된 주요 금융상품에 대하여 사용된 가치평가기법과 투입변수는
다음과 같습니다.
(단위 : 백만원, %)
기타포괄손익-공정가치금융자산:
삼성벤처투자㈜
22,198
현금흐름할인법
영구성장률
-1.0%~1.0%(0.0%)
가중평균자본비용
19.7%~21.7%(20.7%)
㈜미코세라믹스
24,636
현금흐름할인법 등
영구성장률
-1.0%~1.0%(0.0%)
가중평균자본비용
14.7%~16.7%(15.7%)
(4) '수준 3'에 해당하는 금융상품의 변동 내역
(단위 : 백만원)
기초
130,242
84,536
매입
-
39,239
매도
(912)
(74)
기타포괄손익으로 인식된 손익
2,736
6,541
기타
(11,719)
-
기말
120,347
130,242
(5) '수준 3'으로 분류된 반복적인 공정가치 측정치의 민감도분석 금융상품의 민감도분석은 통계적 기법을 이용한 관측 불가능한 투입변수의 변동에 따른 금융상품의 가치 변동에 기초하여 유리한 변동과 불리한 변동으로 구분하여 이루어집니다.
그리고
공정가치가
두
개
이상의
투입변수에
영향을
받는
경우에는
가장
유리하거나 또는 가장 불리한 금액을 바탕으로 산출됩니다.
당기말 현재
'수준 3'으로 분류되는 주요 금융상품의 투입변수의 변동에 따른 손익효과(
자본
은 법인세효과 반영 전
효과
)에 대한 민감도분석 결과는 다음과 같습니다
.
(단위 : 백만원)
유리한 변동
효과
불리한 변동
효과
기타포괄손익-공정가치금융자산(*)
-
1,721
-
(1,346)
(*) 지분상품은 주요 관측불가능한 투입변수인 성장률(-1.0%~1.0%)과 할인율 사이의 상관관 계를 증가 또는 감소시킴으로써 공정가치 변동을 산출하였습니다.
29. 부문별 보고:
회사는 전략적 의사결정을 수립하는 경영진(경영위원회)에게 보고되는 사업 단위를 기준으로 보고부문을 결정하고 있습니다. 경영위원회는 부문에 배분될 자원에 대한 의사결정을 하고 부문의 성과를 평가하기 위하여 부문의 영업이익을 기준으로 검토하고 있습니다.
매출은 대부분 재화의 매출로 구성되어 있습니다. 회사의 보고부문은
조직
및
수익을
창출하는 제품의 유형을 기준으로 식별되었으며, 보고기간종료일 현재 보고부문은
CE, IM, DS(반도체 사업)
등
으로 구성되어 있습니다.
보고부문별 자산과 부채는 경영위원회에 정기적으로 제공되지 않아
포함하지 않았습니다.
(1) 당기
(단위 : 백만원)
매출액
33,729,352
73,506,114
94,373,136
199,744,705
감가상각비
96,931
206,276
19,457,650
20,164,109
무형자산상각비
58,754
1,251,306
891,431
2,391,770
영업이익
(712,563)
7,118,710
25,592,201
31,993,162
(*) 기타는 별도로 표시하지 않았습니다.
(2) 전기
(단위 : 백만원)
매출액
30,618,259
64,473,747
70,874,770
166,311,191
감가상각비
98,409
202,568
15,413,851
16,125,530
무형자산상각비
50,762
1,373,849
1,021,608
2,615,225
영업이익
592,493
4,285,747
15,633,976
20,518,974
(*) 기타는 별도로 표시하지 않았습니다.
30. 특수관계자와의 거래:
가.
보고기간종료일 현재 종속기업의 현황은 다음과 같습니다.
미주
Samsung Electronics America, Inc. (SEA)
전자제품 판매
100.0
Samsung International, Inc. (SII)
전자제품 생산
100.0
Samsung Mexicana S.A. de C.V (SAMEX)
전자제품 생산
100.0
Samsung Electronics Home Appliances America, LLC (SEHA)
가전제품 생산
100.0
Samsung Research America, Inc (SRA)
R&D
100.0
Samsung Next LLC (SNX)
해외자회사 관리
100.0
Samsung Next Fund LLC (SNXF)
신기술사업자, 벤처기업 투자
100.0
NeuroLogica Corp.
의료기기 생산 및 판매
100.0
Samsung HVAC America, LLC
에어컨공조 판매
100.0
Joyent, Inc.
클라우드서비스
100.0
Dacor Holdings, Inc.
해외자회사 관리
100.0
Dacor, Inc.
가전제품 생산 및 판매
100.0
Dacor Canada Co.
가전제품 판매
100.0
SmartThings, Inc.
스마트홈 플랫폼
100.0
TeleWorld Solutions, Inc. (TWS)
네트워크장비 설치 및 최적화
100.0
Samsung Semiconductor, Inc. (SSI)
반도체ㆍDP 판매
100.0
Samsung Austin Semiconductor LLC (SAS)
반도체 생산
100.0
Samsung Oak Holdings, Inc. (SHI)
해외자회사 관리
100.0
SEMES America, Inc.
반도체 장비 서비스
100.0
(*) 종속기업 보유 지분율을 포함한 의결권 있는 주식 기준입니다.
미주
Samsung Electronics Canada, Inc. (SECA)
전자제품 판매
100.0
AdGear Technologies Inc.
디지털광고 플랫폼
100.0
Samsung Eletronica da Amazonia Ltda. (SEDA)
전자제품 생산 및 판매
100.0
Samsung Electronics Mexico S.A.
d
e C.V. (SEM)
전자제품 판매
100.0
Samsung Electronics Digital Appliance Mexico, S
.
A
.
de C
.
V
.
(SEDAM)
가전제품 생산
100.0
Samsung Electronics Latinoamerica(Zona Libre), S. A. (SELA)
전자제품 판매
100.0
Samsung Electronics Latinoamerica Miami, Inc. (SEMI)
전자제품 판매
100.0
Samsung Electronica Colombia S.A. (SAMCOL)
전자제품 판매
100.0
Samsung Electronics Argentina S.A. (SEASA)
마케팅 및 서비스
100.0
Samsung Electronics Chile Limitada (SECH)
전자제품 판매
100.0
Samsung Electronics Peru S.A.C. (SEPR)
전자제품 판매
100.0
Samsung Electronics Venezuela, C.A. (SEVEN)
마케팅 및 서비스
100.0
Samsung Electronics Panama. S.A. (SEPA)
컨설팅
100.0
Harman International Industries, Inc.
해외자회사 관리
100.0
Harman Becker Automotive Systems, Inc.
오디오제품 생산, 판매, R&D
100.0
Harman Connected Services, Inc.
Connected Service Provider
100.0
Harman Connected Services Engineering Corp.
Connected Service Provider
100.0
Harman da Amazonia Industria Eletronica e Participacoes Ltda.
오디오제품 생산, 판매
100.0
Harman de Mexico, S. de R.L. de C.V.
오디오제품 생산
100.0
Harman do Brasil Industria Eletronica e Participacoes Ltda.
오디오제품 판매, R&D
100.0
Harman Financial Group LLC
Management Company
100.0
Harman International Industries Canada Ltd.
오디오제품 판매
100.0
Harman International Mexico, S. de R.L. de C.V.
오디오제품 판매
100.0
Harman KG Holding, LLC
해외자회사 관리
100.0
Harman Professional, Inc.
오디오제품 판매, R&D
100.0
Beijing Integrated Circuit Industry International Fund, L.P
벤처기업 투자
61.4
China Materialia New Materials 2016 Limited Partnership
벤처기업 투자
99.0
(*) 종속기업 보유 지분율을 포함한 의결권 있는 주식 기준입니다.
유럽ㆍ CIS
Samsung Electronics (UK) Ltd. (SEUK)
전자제품 판매
100.0
Samsung Electronics Ltd. (SEL)
해외자회사 관리
100.0
Samsung Semiconductor Europe Limited (SSEL)
반도체ㆍDP 판매
100.0
Samsung Electronics GmbH (SEG)
전자제품 판매
100.0
Samsung Electronics Holding GmbH (SEHG)
해외자회사 관리
100.0
Samsung Semiconductor Europe GmbH (SSEG)
반도체ㆍDP 판매
100.0
Samsung Electronics France S.A.S (SEF)
전자제품 판매
100.0
Samsung Electronics Italia S.P.A. (SEI)
전자제품 판매
100.0
Samsung Electronics Iberia, S.A. (SESA)
전자제품 판매
100.0
Samsung Electronics Portuguesa,
Unipessoal, Lda.
(SEP)
전자제품 판매
100.0
Samsung Electronics Hungarian Private Co.
,
Ltd. (SEH)
전자제품 생산 및 판매
100.0
Samsung Electronics Europe Logistics B.V. (SELS)
물류
100.0
Samsung Electronics Benelux B.V. (SEBN)
전자제품 판매
100.0
Samsung Electronics Europe Holding Cooperatief U.A. (SEEH)
해외자회사 관리
100.0
Samsung Electronics Nordic Aktiebolag (SENA)
전자제품 판매
100.0
Samsung Electronics Slovakia s.r.o
.
(SESK)
TVㆍ모니터 생산
100.0
Samsung Display Slovakia s.r.o. (SDSK)
DP 임가공
100.0
Samsung Electronics Polska, SP.Zo.o (SEPOL)
전자제품 판매
100.0
Samsung Electronics Poland Manufacturing SP.Zo.o (SEPM)
가전제품 생산
100.0
Samsung Electronics Romania LLC (SEROM)
전자제품 판매
100.0
Samsung Electronics Austria GmbH (SEAG)
전자제품 판매
100.0
Samsung Electronics Switzerland GmbH (SESG)
전자제품 판매
100.0
Samsung Electronics Czech and Slovak s.r.o. (SECZ)
전자제품 판매
100.0
Samsung Electronics Baltics SIA (SEB)
전자제품 판매
100.0
Samsung Electronics Greece S.M.S.A (SEGR)
전자제품 판매
100.0
Samsung Electronics Air Conditioner Europe B.V. (SEACE)
에어컨공조 판매
100.0
Samsung Nanoradio Design Center (SNDC)
R&D
100.0
Samsung Denmark Research Center ApS (SDRC)
R&D
100.0
Samsung Cambridge Solution Centre Limited (SCSC)
R&D
100.0
Zhilabs, S.L.
네트워크Solution 개발, 판매
100.0
Foodient Ltd.
R&D
100.0
Samsung Electronics Rus Company LLC (SERC)
전자제품 판매
100.0
Samsung Electronics Rus Kaluga LLC (SERK)
TV 생산
100.0
Samsung Electronics Ukraine Company LLC (SEUC)
전자제품 판매
100.0
Samsung Electronics Central Eurasia LLP (SECE)
전자제품 판매
100.0
Samsung Electronics Overseas B.V. (SEO)
전자제품 판매
100.0
Samsung R&D Institute Rus LLC (SRR)
R&D
100.0
Samsung Electronics Caucasus Co.
,
Ltd (SECC)
마케팅
100.0
(*) 종속기업 보유 지분율을 포함한 의결권 있는 주식 기준입니다.
유럽ㆍ CIS
AKG Acoustics GmbH
오디오제품 생산, 판매
100.0
AMX UK Limited
오디오제품 판매
100.0
Harman Audio Iberia Espana Sociedad Limitada
오디오제품 판매
100.0
Harman Automotive UK Limited
오디오제품 생산
100.0
Harman Becker Automotive Systems GmbH
오디오제품 생산, 판매, R&D
100.0
Harman Becker Automotive Systems Italy S.R.L.
오디오제품 판매
100.0
Harman Becker Automotive Systems Manufacturing Kft
오디오제품 생산, R&D
100.0
Harman Belgium SA
오디오제품 판매
100.0
Harman Connected Services AB.
Connected Service Provider
100.0
Harman Finland Oy
Connected Service Provider
100.0
Harman Connected Services GmbH
Connected Service Provider
100.0
Harman Connected Services Poland Sp
.
Zo
.
o
Connected Service Provider
100.0
Harman Connected Services UK Ltd.
Connected Service Provider
100.0
Harman Consumer Nederland B.V.
오디오제품 판매
100.0
Harman Deutschland GmbH
오디오제품 판매
100.0
Harman Finance International GP S.a.r.l
해외자회사 관리
100.0
Harman France SNC
오디오제품 판매
100.0
Harman Holding Gmbh & Co. KG
Management Company
100.0
Harman Hungary Financing Ltd.
Financing Company
100.0
Harman Inc. & Co. KG
해외자회사 관리
100.0
Harman International Estonia OU
R&D
100.0
Harman International Industries Limited
오디오제품 판매, R&D
100.0
Harman International Romania SRL
R&D
100.0
Harman Finance International, SCA
Financing Company
100.0
Harman International s.r.o
오디오제품 생산
100.0
Harman Management GmbH
해외자회사 관리
100.0
Harman Professional Kft
오디오제품 생산, R&D
100.0
Harman Professional Denmark ApS
오디오제품 판매, R&D
100.0
Red Bend Software Ltd.
소프트웨어 디자인
100.0
Red Bend Software S
.
A
.
S
소프트웨어 디자인
100.0
Studer Professional Audio GmbH
오디오제품 판매, R&D
100.0
Harman Connected Services OOO
Connected Service Provider
100.0
Harman RUS CIS LLC
오디오제품 판매
100.0
(*) 종속기업 보유 지분율을 포함한 의결권 있는 주식 기준입니다.
중동ㆍ 아프리카
Samsung Gulf Electronics Co., Ltd. (SGE)
전자제품 판매
100.0
Samsung Electronics Turkey (SETK)
전자제품 판매
100.0
Samsung Electronics Industry and Commerce Ltd. (SETK-P)
전자제품 생산
100.0
Samsung Electronics Levant Co.,Ltd. (SELV)
전자제품 판매
100.0
Samsung Electronics Maghreb Arab (SEMAG)
전자제품 판매
100.0
Samsung Electronics Egypt S.A.E (SEEG)
전자제품 생산 및 판매
100.0
Samsung Electronics Israel Ltd. (SEIL)
마케팅
100.0
Samsung Electronics Tunisia S.A.R.L (SETN)
마케팅
100.0
Samsung Electronics Pakistan(Private) Ltd. (SEPAK)
마케팅
100.0
Samsung Electronics Saudi Arabia Ltd. (SESAR)
전자제품 판매
100.0
Samsung Semiconductor Israel R&D Center, Ltd. (SIRC)
R&D
100.0
Corephotonics Ltd.
R&D
100.0
Samsung Electronics South Africa(Pty) Ltd. (SSA)
전자제품 판매
100.0
Samsung Electronics South Africa Production (pty) Ltd. (SSAP)
TVㆍ모니터 생산
100.0
Samsung Electronics West Africa Ltd. (SEWA)
마케팅
100.0
Samsung Electronics East Africa Ltd. (SEEA)
마케팅
100.0
Global Symphony Technology Group Private Ltd.
해외자회사 관리
100.0
Harman Connected Services Morocco
Connected Service Provider
100.0
Harman Industries Holdings Mauritius Ltd.
해외자회사 관리
100.0
Red Bend Ltd.
오디오제품 생산
100.0
(*) 종속기업 보유 지분율을 포함한 의결권 있는 주식 기준입니다.
아시아 (중국 제외)
Samsung Asia
Pte.
Ltd. (SAPL)
해외자회사 관리
100.0
Samsung Electronics Singapore Pte. Ltd. (SESP)
전자제품 판매
100.0
Samsung Malaysia Electronics (SME) Sdn. Bhd. (SME)
전자제품 판매
100.0
Samsung Electronics Display (M) Sdn. Bhd. (SDMA)
전자제품 생산
100.0
Samsung Electronics (M) Sdn. Bhd. (SEMA)
가전제품 생산
100.0
Samsung Vina Electronics Co., Ltd. (SAVINA)
전자제품 판매
100.0
Samsung Electronics Vietnam Co., Ltd. (SEV)
전자제품 생산
100.0
Samsung Electronics Vietnam THAINGUYEN Co., Ltd. (SEVT)
통신제품 생산
100.0
Samsung Electronics HCMC CE Complex Co., Ltd. (SEHC)
전자제품 생산 및 판매
100.0
Samsung Display Vietnam Co., Ltd. (SDV)
DP 생산
100.0
PT Samsung Electronics Indonesia (SEIN)
전자제품 생산 및 판매
100.0
PT Samsung Telecommunications Indonesia (STIN)
전자제품 판매 및 서비스
100.0
Thai Samsung Electronics Co., Ltd. (TSE)
전자제품 생산 및 판매
91.8
Laos Samsung Electronics Sole Co., Ltd
.
(LSE)
마케팅
100.0
Samsung Electronics Philippines Corporation (SEPCO)
전자제품 판매
100.0
Samsung Electronics Australia Pty. Ltd. (SEAU)
전자제품 판매
100.0
Samsung Electronics New Zealand Limited (SENZ)
전자제품 판매
100.0
Samsung India Electronics Private Ltd. (SIEL)
전자제품 생산 및 판매
100.0
Samsung Display Noida Private Limited (SDN)
DP 생산
100.0
Samsung R&D Institute India-Bangalore Private Limited (SRI-Bangalore)
R&D
100.0
Samsung R&D Institute BanglaDesh Limited (SRBD)
R&D
100.0
Samsung Nepal Services Pvt, Ltd
.
(SNSL)
서비스
100.0
Samsung Japan Corporation (SJC)
반도체ㆍDP 판매
100.0
Samsung R&D Institute Japan Co.
,
Ltd. (SRJ)
R&D
100.0
Samsung Electronics Japan Co., Ltd. (SEJ)
전자제품 판매
100.0
Harman Connected Services Corp. India Pvt. Ltd.
Connected Service Provider
100.0
Harman International (India) Private Limited
오디오제품 판매, R&D
100.0
Harman International Industries PTY Ltd.
해외자회사 관리
100.0
Harman International Japan Co., Ltd.
오디오제품 판매, R&D
100.0
Harman Singapore Pte. Ltd.
오디오제품 판매
100.0
(*) 종속기업 보유 지분율을 포함한 의결권 있는 주식 기준입니다.
중국
Samsung (CHINA) Investment Co., Ltd. (SCIC)
전자제품 판매
100.0
Samsung Electronics Hong Kong Co., Ltd. (SEHK)
전자제품 판매
100.0
Samsung Electronics Taiwan Co., Ltd. (SET)
전자제품 판매
100.0
Tianjin Samsung Electronics Co., Ltd. (TSEC)
TVㆍ모니터 생산
91.2
Suzhou Samsung Electronics Co., Ltd. (SSEC)
가전제품 생산
88.3
Samsung Suzhou Electronics Export Co., Ltd. (SSEC-E)
가전제품 생산
100.0
Samsung Electronics Suzhou Computer Co., Ltd. (SESC)
전자제품 생산,
R&D
100.0
Tianjin Samsung Telecom Technology Co., Ltd. (TSTC)
통신제품 생산
90.0
Beijing Samsung Telecom R&D Center (SRC-Beijing)
R&D
100.0
Samsung Electronics China R&D Center (SRC-Nanjing)
R&D
100.0
Samsung Mobile R&D Center China-Guangzhou (SRC-Guangzhou)
R&D
100.0
Samsung R&D Institute China-Shenzhen (SRC-Shenzhen)
R&D
100.0
Shanghai Samsung Semiconductor Co., Ltd. (SSS)
반도체ㆍDP 판매
100.0
Samsung (China) Semiconductor Co., Ltd. (SCS)
반도체 생산
100.0
Samsung SemiConductor Xian Co., Ltd. (SSCX)
반도체ㆍDP 판매
100.0
Samsung
Electronics
Suzhou
Semiconductor
Co.,
Ltd.
(SESS)
반도체 임가공
100.0
Tianjin Samsung LED Co., Ltd. (TSLED)
LED 생산
100.0
Samsung Semiconductor (China) R&D Co., Ltd. (SSCR)
R&D
100.0
Samsung Display Dongguan Co., Ltd. (SDD)
DP 생산
100.0
Samsung Display Tianjin Co., Ltd. (SDT)
DP 생산
95.0
SEMES (XIAN) Co., Ltd.
반도체 장비 서비스
100.0
Samsung Semiconductor Investment L.P.Ⅰ
신기술사업자, 벤처기업 투자
99.0
Harman (China) Technologies Co., Ltd.
오디오제품 생산
100.0
Harman (Suzhou) Audio and Infotainment Systems Co., Ltd.
오디오제품 판매
100.0
Harman Automotive Electronic Systems (Suzhou) Co., Ltd.
오디오제품 생산, R&D
100.0
Harman Commercial (Shanghai) Co., Ltd.
오디오제품 판매
100.0
Harman Connected Services Solutions (Chengdu) Co., Ltd.
Connected Service Provider
100.0
Harman Holding Limited
오디오제품 판매
100.0
Harman International (China) Holdings Co., Ltd.
오디오제품 판매, R&D
100.0
Harman Technology (Shenzhen) Co., Ltd.
오디오제품 판매, R&D
100.0
(*) 종속기업 보유 지분율을 포함한 의결권 있는 주식 기준입니다.
지역
지분율 (%)
(*)
국내
삼성디스플레이㈜
DP 생산 및 판매
84.8
에스유머티리얼스㈜
DP 부품 생산
50.0
스테코㈜
반도체 부품 생산
70.0
세메스㈜
반도체ㆍFPD 장비 생산, 판매
91.5
삼성전자서비스㈜
전자제품 수리 서비스
99.3
삼성전자서비스씨에스㈜
고객상담서비스
100.0
삼성전자판매㈜
전자제품 판매
100.0
삼성전자로지텍㈜
종합물류대행
100.0
삼성메디슨㈜
의료기기 생산 및 판매
68.5
㈜미래로시스템
반도체 소프트웨어 개발 및 공급
99.9
㈜도우인시스
DP 부품 생산
69.0
지에프㈜
DP 부품 생산
100.0
㈜하만인터내셔널코리아
소프트웨어 개발 및 공급
100.0
SVIC 21호 신기술투자조합
신기술사업자, 벤처기업 투자
99.0
SVIC 22호 신기술투자조합
신기술사업자, 벤처기업 투자
99.0
SVIC 26호 신기술투자조합
신기술사업자, 벤처기업 투자
99.0
SVIC 28호 신기술투자조합
신기술사업자, 벤처기업 투자
99.0
SVIC 29호 신기술투자조합
신기술사업자, 벤처기업 투자
99.0
SVIC 32호 신기술투자조합
신기술사업자, 벤처기업 투자
99.0
SVIC 33호 신기술투자조합
신기술사업자, 벤처기업 투자
99.0
SVIC 37호 신기술투자조합
신기술사업자, 벤처기업 투자
99.0
SVIC 40호 신기술투자조합
신기술사업자, 벤처기업 투자
99.0
SVIC 42호 신기술투자조합
신기술사업자, 벤처기업 투자
99.0
SVIC 43호 신기술투자조합
신기술사업자, 벤처기업 투자
99.0
SVIC 45호 신기술투자조합
신기술사업자, 벤처기업 투자
99.0
SVIC 48호 신기술투자조합
신기술사업자, 벤처기업 투자
99.0
SVIC 52호 신기술투자조합
신기술사업자, 벤처기업 투자
99.0
SVIC 55호 신기술투자조합
신기술사업자, 벤처기업 투자
99.0
SVIC 56호 신기술투자조합
신기술사업자, 벤처기업 투자
99.0
반도체성장 전문투자형 사모 투자신탁
반도체산업 투자
66.7
시스템반도체 상생 전문투자형 사모 투자신탁
반도체산업 투자
62.5
(*) 종
속기업 보유 지분율을 포함한 의결권 있는 주식 기준입니다.
나.
당기 및 전기 중 특수관계자와의 매출ㆍ매입 등 거래 내역은 다음과 같습니다. (1) 당기
(단위 : 백만원)
종속기업
삼성디스플레이㈜
234,883
2,475
916,709
-
Samsung Electronics America, Inc. (SEA)
32,860,328
-
165,629
-
Samsung (China) Semiconductor Co., Ltd. (SCS)
167,937
190,056
7,340,085
9,857
Samsung Electronics Vietnam THAINGUYEN Co., Ltd. (SEVT)
9,380,604
686
21,146,962
1,111
Harman과 그 종속기업(*2)
65
-
48,387
-
Samsung Electronics Vietnam Co., Ltd. (SEV)
6,652,988
1,716
15,387,219
317
Samsung (CHINA) Investment Co., Ltd. (SCIC)
1,525,639
-
9,019
-
Samsung Semiconductor, Inc. (SSI)
31,894,007
-
409,852
-
Samsung Asia Pte. Ltd. (SAPL)
18
-
22,855
-
Samsung Austin Semiconductor LLC (SAS)
598
1,183
3,703,472
7,511
Samsung India Electronics Private Ltd. (SIEL)
4,327,075
2,609
3,373,962
-
Shanghai Samsung Semiconductor Co., Ltd. (SSS)
25,683,936
-
3,885
-
Samsung Display Vietnam Co., Ltd. (SDV)
1,314,121
-
-
-
Samsung Eletronica da Amazonia Ltda. (SEDA)
3,151,503
403
8,600
-
Samsung Electronics (UK) Ltd. (SEUK)
1,535,053
-
91,821
1
Samsung International, Inc. (SII)
417,680
-
7,721,915
-
Thai Samsung Electronics Co., Ltd. (TSE)
1,459,938
-
2,489,534
-
Samsung Electronics HCMC CE Complex Co., Ltd. (SEHC)
652,277
3,222
5,183,912
900
Samsung Electronics Taiwan Co., Ltd. (SET)
4,853,191
-
674
-
Samsung Electronics Hungarian Private Co., Ltd. (SEH)
547,190
-
547
-
Samsung Electronics Europe Logistics B.V. (SELS)
4,294,662
-
11,007
-
Samsung Electronics Benelux B.V. (SEBN)
365,818
-
2,695
-
Samsung Electronics GmbH (SEG)
3,332,793
-
7,646
-
Samsung Display Dongguan Co., Ltd. (SDD)
288,980
-
-
-
기타
53,602,392
10,982
15,648,603
3,784
계
188,543,676
213,332
83,694,990
23,481
(*1) 회사와 특수관계에 있는 개별회사와의 거래 금액입니다. (*2) Harman International Industries, Inc. 및 그 종속기업이 포함된 중간지배기업과의 거래 금액입니다.
(단위 : 백만원)
관계기업 및 공동기업
삼성에스디에스
㈜
141,014
-
1,542,039
530,412
삼성전기
㈜
45,303
-
975,086
-
삼성SDI
㈜
49,995
269
360,350
30,627
㈜
제일기획
26,794
-
720,533
16
기타
595,551
68
773,381
8,011
계
858,657
337
4,371,389
569,066
그 밖의 특수관계자
삼성물산
㈜
66,745
-
78,054
3,902,417
기타
303,093
-
564,706
92,577
계
369,838
-
642,760
3,994,994
기타(*2)
삼성엔지니어링
㈜
598
-
38,556
2,106,166
㈜
에스원
7,132
-
401,224
27,744
기타
106,714
2,371
200,387
38,531
계
114,444
2,371
640,167
2,172,441
(*1) 회사와 특수관계에 있는 개별회사와의 거래 금액입니다.
(*2) 기업회계기준서 제1024호 특수관계자 범위에 포함되지 않으나「독점규제 및 공정거래에 관한 법률」에 따른 동일한 대규모기업집단 소속회사입니다.
(
2) 전기
(단위 : 백만원)
종속기업
삼성디스플레이㈜
196,823
-
1,016,635
99
Samsung Electronics America, Inc. (SEA)
26,957,506
-
169,209
-
Samsung Electronics Vietnam THAINGUYEN Co., Ltd. (SEVT)
5,604,586
160
17,562,566
1,666
Samsung (CHINA) Investment Co., Ltd. (SCIC)
1,258,362
-
16,121
-
Harman과 그 종속기업(*2)
82
-
96,868
-
Samsung (China) Semiconductor Co., Ltd. (SCS)
151,476
266,135
5,321,169
6,447
Samsung Electronics Vietnam Co., Ltd. (SEV)
3,996,320
2,650
13,734,647
1,355
Samsung Semiconductor, Inc. (SSI)
20,816,043
-
433,784
330
Samsung Asia
Pte.
Ltd. (SAPL)
1,623,597
-
30,383
-
Shanghai Samsung Semiconductor Co., Ltd. (SSS)
19,538,264
-
205,749
-
Samsung Display Vietnam Co., Ltd. (SDV)
1,155,048
-
-
-
Samsung Austin Semiconductor LLC (SAS)
768
62,423
3,913,100
1,863
Samsung Eletronica da Amazonia Ltda. (SEDA)
1,043,819
243
5,089
-
Samsung India Electronics Private Ltd. (SIEL)
3,839,831
-
2,613,913
-
Thai Samsung Electronics Co., Ltd. (TSE)
1,234,284
-
2,002,528
-
Samsung Electronics (UK) Ltd. (SEUK)
888,317
-
105,904
-
Samsung Electronics GmbH (SEG)
3,560,864
-
8,158
-
Samsung Electronics HCMC CE Complex Co., Ltd. (SEHC)
709,713
-
5,249,002
31
Samsung Electronics Hungarian Private Co., Ltd. (SEH)
884,255
-
1,849
-
Samsung Electronics Benelux B.V. (SEBN)
200,787
-
2,611
-
Samsung Display Dongguan Co., Ltd. (SDD)
79,708
-
-
-
Samsung Electronics Europe Logistics B.V. (SELS)
4,047,574
-
8,728
-
Samsung Electronics France S.A.S (SEF)
2,034,589
-
4,367
-
Samsung Japan Corporation (SJC)
2,526,771
-
7,163
-
기타
42,074,984
13,361
19,651,006
14,732
계
144,424,371
344,972
72,160,549
26,523
(*1) 회사와 특수관계에 있는 개별회사와의 거래 금액입니다. (*2) Harman International Industries, Inc. 및 그 종속기업이 포함된 중간지배기업과의 거래 금액입니다.
(단위 : 백만원)
관계기업 및 공동기업
삼성에스디에스
㈜
106,676
77
1,566,150
426,799
삼성전기
㈜
36,562
-
1,072,949
-
삼성SDI
㈜
54,356
272
314,277
69,619
㈜
제일기획
26,244
-
620,199
-
기타
541,318
30
696,055
4,360
계
765,156
379
4,269,630
500,778
그 밖의 특수관계자
삼성물산
㈜
87,844
-
151,612
3,491,244
기타
264,426
-
535,448
84,663
계
352,270
-
687,060
3,575,907
기타(*2)
삼성엔지니어링
㈜
3,906
-
43,472
1,614,571
㈜
에스원
10,933
-
374,209
33,340
기타
79,524
-
202,874
799
계
94,363
-
620,555
1,648,710
(*1) 회사와 특수관계에 있는 개별회사와의 거래 금액입니다.
(*2) 기업회계기준서 제1024호 특수관계자 범위에 포함되지 않으나「독점규제 및 공정거래에 관한 법률」에 따른 동일한 대규모기업집단 소속회사입니다.
다. 보고기간종료일 현재 특수관계자에 대한 채권ㆍ채무 등 잔액은 다음과 같습니다. (1) 당기
말
(단위 : 백만원)
종속기업
삼성디스플레이㈜
23,791
119,401
Samsung Electronics America, Inc. (SEA)
4,708,011
143,310
Samsung (China) Semiconductor Co., Ltd. (SCS)
59,110
726,945
Samsung Electronics Vietnam THAINGUYEN Co., Ltd. (SEVT)
734,283
4,049,400
Harman과 그 종속기업(*4)
-
7,541
Samsung Electronics Vietnam Co., Ltd. (SEV)
414,781
2,301,949
Samsung (CHINA) Investment Co., Ltd. (SCIC)
138,307
77,540
Samsung Electronics Europe Holding Cooperatief U.A. (SEEH)
316
-
Samsung Semiconductor, Inc. (SSI)
7,320,890
123,555
Samsung Asia Pte. Ltd. (SAPL)
1,736
2,164
Samsung Austin Semiconductor LLC (SAS)
4,645
277,682
Samsung India Electronics Private Ltd. (SIEL)
1,099,927
463,652
Shanghai Samsung Semiconductor Co., Ltd. (SSS)
4,337,520
217
Samsung Display Vietnam Co., Ltd. (SDV)
161,441
-
Samsung Eletronica da Amazonia Ltda. (SEDA)
258,490
1,040
Samsung Electronics (UK) Ltd. (SEUK)
201,717
19,595
Samsung International, Inc. (SII)
32,564
259,847
Thai Samsung Electronics Co., Ltd. (TSE)
132,508
334,943
Samsung Electronics HCMC CE Complex Co., Ltd. (SEHC)
167,225
430,960
Samsung Electronics Taiwan Co., Ltd. (SET)
372,716
32,145
Samsung Electronics Hungarian Private Co.
,
Ltd. (SEH)
58,694
99
Samsung Electronics Europe Logistics B.V. (SELS)
629,882
1,715
Samsung Electronics Benelux B.V. (SEBN)
45,171
3,351
Samsung Electronics GmbH (SEG)
223,603
2,272
Samsung Display Dongguan Co., Ltd. (SDD)
18,025
-
기타
9,220,424
2,284,643
계
30,365,777
11,663,966
(*1) 회사와 특수관계에 있는 개별회사에 대한 채권ㆍ채무 금액입니다.
(*2)
종속기업 채권에 대하여 인식된 손실충당금은 없습니다. (*3) 채무 등은 리스부채가 포함된 금액입니다.
(*4) Harman International Industries, Inc. 및 그 종속기업이 포함된 중간지배기업과의 거래 금액입니다.
(단위 : 백만원)
관계기업 및 공동기업
삼성에스디에스
㈜
64,364
574,443
삼성전기
㈜
2,415
108,103
삼성SDI
㈜
113,845
54,076
㈜
제일기획
59
421,901
기타
192,550
166,311
계
373,233
1,324,834
그 밖의 특수관계자
삼성물산
㈜
195,355
1,640,615
기타
15,839
125,470
계
211,194
1,766,085
기타(*3)
삼성엔지니어링
㈜
289
1,099,881
㈜
에스원
2,058
29,620
기타
4,286
56,476
계
6,633
1,185,977
(*1) 회사와 특수관계에 있는 개별회사에 대한 채권ㆍ채무 금액입니다.
(*2) 채무 등은 리스부채가 포함된 금액입니다.
(*3)
기업회계기준서 제1024호 특수관계자 범위에 포함되지 않으나 「독점규제 및 공정거래에 관한 법률」 에 따른 동일한 대규모기업집단 소속회사입니다.
(2) 전기말
(단위 : 백만원)
기업명
(*1)
채권 등
(*2)
채무 등(*
3)
종속기업
삼성디스플레이㈜
8,791
110,590
Samsung Electronics America, Inc. (SEA)
4,386,729
109,808
Samsung Electronics Vietnam THAINGUYEN Co., Ltd. (SEVT)
573,990
1,475,012
Samsung (CHINA) Investment Co., Ltd. (SCIC)
114,209
63,247
Harman과 그 종속기업(*4)
-
11,649
Samsung (China) Semiconductor Co., Ltd. (SCS)
58,124
503,142
Samsung Electronics Vietnam Co., Ltd. (SEV)
479,330
1,642,273
Samsung Electronics Europe Holding Cooperatief U.A. (SEEH)
348
-
Samsung Semiconductor, Inc. (SSI)
3,904,314
119,569
Samsung Asia
Pte.
Ltd. (SAPL)
92,692
38,434
Shanghai Samsung Semiconductor Co., Ltd. (SSS)
3,310,319
202
Samsung Display Vietnam Co., Ltd. (SDV)
118,106
-
Samsung Austin Semiconductor LLC. (SAS)
6,634
297,169
Samsung Eletronica da Amazonia Ltda. (SEDA)
368,591
938
Samsung India Electronics Private Ltd. (SIEL)
825,400
283,091
Thai Samsung Electronics Co., Ltd. (TSE)
76,754
219,580
Samsung Electronics (UK) Ltd. (SEUK)
250,169
27,984
Samsung Electronics GmbH (SEG)
674,888
1,999
Samsung Electronics HCMC CE Complex Co., Ltd. (SEHC)
127,677
502,978
Samsung Electronics Hungarian Private Co. Ltd. (SEH)
83,227
229
Samsung Electronics Benelux B.V. (SEBN)
114,569
3,363
Samsung Display Dongguan Co., Ltd. (SDD)
14,237
-
Samsung Electronics Europe Logistics B.V. (SELS)
939,206
1,651
Samsung Electronics France S.A.S (SEF)
313,893
340
Samsung Japan Corporation (SJC)
227,020
57,762
기타
6,543,308
2,253,734
계
23,612,525
7,724,744
(*1) 회사와 특수관계에 있는 개별회사에 대한 채권ㆍ채무 금액입니다.
(*2)
종속기업 채권에 대하여 인식된 손실충당금은 없습니다. (*3) 채무 등은 리스부채가 포함된 금액입니다.
(*4) Harman International Industries, Inc. 및 그 종속기업이 포함된 중간지배기업과의 거래 금액입니다.
(단위 : 백만원)
기업명
(*1)
관계기업 및 공동기업
삼성에스디에스
㈜
36,752
493,346
삼성전기
㈜
310
71,041
삼성SDI
㈜
107,201
58,274
㈜
제일기획
76
393,348
기타
103,652
161,686
계
247,991
1,177,695
그 밖의 특수관계자
삼성물산
㈜
212,894
2,300,740
기타
16,065
111,425
계
228,959
2,412,165
기타(*3)
삼성엔지니어링
㈜
441
523,140
㈜
에스원
1,619
32,165
기타
3,133
20,697
계
5,193
576,002
(*1) 회사와 특수관계에 있는 개별회사에 대한 채권ㆍ채무 금액입니다.
(*2) 채무 등은 리스부채가 포함된 금액입니다.
(*3)
기업회계기준서 제1024호 특수관계자 범위에 포함되지 않으나 「독점규제 및 공정거래에 관한 법률」 에 따른 동일한 대규모기업집단 소속회사입니다.
라. 회사는 당기 및 전기 중 종속기업에
138,858백만원
및
163,456백만원을
출자하였으며, 종속기업으로부터 출자원금
592,520
백만원
및
22,057
백만원을 회수하였습니다.
또한 당기 및 전기 중 관계기업 및 공동기업에
게
출자 또는
회수한 출자원금은 없습니다
.
마. 회사가 당기 및 전기 중 특수관계자에게 지급 결의한 배당금은
3,527,449백만원
및
1,659,962백만원입니다.
또한 기업회계기준서 제1024호 특수관계자 범위에 포함되지 않으나「독점규제 및 공정거래에 관한 법률」에 따른 동일한 대규모기업집단 소속회사에게
당기 및 전기 중 지급 결의한 배당금은
267,738
백
만원
및
125,744백만
원입니다.
당기말과 전기말 현재 배당과 관련한 미지급금은 존재하지 않습니다.
바. 회사가 당기 및 전기 중 특수관계자와 체결한 리스 이용 계약은
63,887
백
만원
및
289
백만원이며, 특수관계자에게 지급한 리스료는
51,703
백만
원
및
67,002백만원입니다.
사. 회사는 보고기간종료일 현재 특수관계자의 채무에 대하여 채무보증을 제공하고 있습니다(주석
16
참조).
아
.
회사가 당기 및 전기 중 주요 경영진(등기임원)에 대한 보상을 위해 비용으로 반영한 금액은 다음과 같습니다.
(단위 : 백만원)
단기급여
20,370
13,333
퇴직급여
886
987
기타 장기급여
8,092
7,287
내부회계관리제도 감사 또는 검토의견
내부회계관리제도 감사 또는 검토의견
독립된 감사인의 내부회계관리제도 감사보고서는 삼성전자주식회사의 2021년 12월31일자로 종료되는 회계연도의 재무제표에 대한 감사업무를 수행하고 회사의 내부회계관리제도를 감사한 결과 주식회사 등의 외부감사에 관한 법률 제8조에 따라 첨부하는 것입니다.
첨부:
1. 독립된 감사인의 내부회계관리제도 감사보고서 2. 대표이사 및 내부회계관리자의 운영실태보고서
독립된 감사인의 내부회계관리제도 감사보고서
삼성전자주식회사
삼성전자주식회사
주주 및 이사회 귀중
주주 및 이사회 귀중
내부회계관리제도에 대한 감사의견
우리는 2021년 12월 31일 현재 「내부회계관리제도 설계 및 운영 개념체계」에 근거한 삼성전자주식회사(이하 ""회사"")의 내부회계관리제도를 감사하였습니다.
우리의 의견으로는 회사의 내부회계관리제도는 2021년 12월 31일 현재 「내부회계관리제도 설계 및 운영 개념체계」에 따라 중요성의 관점에서 효과적으로 설계 및 운영되고 있습니다.
우리는 또한 대한민국의 회계감사기준에 따라, 회사의 2021년 12월 31일 현재의 재무상태표, 동일로 종료되는 보고기간의 손익계산서, 포괄손익계산서, 자본변동표 및 현금흐름표 그리고 유의적 회계정책의 요약을 포함한 재무제표의 주석을 감사하였으며, 2022년 2월 16일자 감사보고서에서 적정의견을 표명하였습니다.
내부회계관리제도 감사의견근거
우리는 대한민국의 회계감사기준에 따라 감사를 수행하였습니다. 이 기준에 따른 우리의 책임은 이 감사보고서의 내부회계관리제도감사에 대한 감사인의 책임 단락에 기술되어 있습니다. 우리는 내부회계관리제도감사와 관련된 대한민국의 윤리적 요구사항에 따라 회사로부터 독립적이며, 그러한 요구사항에 따른 기타 윤리적 책임들을 이행하였습니다. 우리가 입수한 감사증거가 감사의견을 위한 근거로서 충분하고 적합하다고 우리는 믿습니다.
내부회계관리제도에 대한 경영진과 지배기구의 책임
경영진은 효과적인 내부회계관리제도를 설계, 실행 및 유지할 책임이 있으며, 내부회계관리제도 운영실태보고서에 포함된, 내부회계관리제도의 효과성에 대한 평가에 책임이 있습니다.
지배기구는 회사의 내부회계관리제도의 감시에 대한 책임이 있습니다.
내부회계관리제도감사에 대한 감사인의 책임
우리의 책임은 우리의 감사에 근거하여 회사의 내부회계관리제도에 대한 의견을 표명하는데 있습니다. 우리는 대한민국의 회계감사기준에 따라 감사를 수행하였습니다. 이 기준은 우리가 중요성의 관점에서 내부회계관리제도가 효과적으로 유지되는지에 대한 합리적 확신을 얻도록 감사를 계획하고 수행할 것을 요구하고 있습니다.
내부회계관리제도 감사는 중요한 취약점이 존재하는지에 대한 감사증거를 입수하기 위한 절차의 수행을 포함합니다. 절차의 선택은 중요한 취약점이 존재하는지에 대한 위험평가를 포함하여 감사인의 판단에 따라 달라집니다. 감사는 내부회계관리제도에대한 이해의 획득과 평가된 위험에 근거한 내부회계관리제도의 설계 및 운영에 대한 테스트 및 평가를 포함합니다.
내부회계관리제도의 정의와 고유한계
회사의 내부회계관리제도는 지배기구와 경영진, 그 밖의 다른 직원에 의해 시행되며,한국채택국제회계기준에 따라 신뢰성 있는 재무제표의 작성에 합리적인 확신을 제공하기 위하여 고안된 프로세스입니다. 회사의 내부회계관리제도는 (1) 회사 자산의 거래와 처분을 합리적인 수준으로 정확하고 공정하게 반영하는 기록을 유지하고 (2) 한국채택국제회계기준에 따라 재무제표가 작성되도록 거래가 기록되고, 회사의 경영진과 이사회의 승인에 의해서만 회사의 수입과 지출이 이루어진다는 합리적인 확신을 제공하며 (3) 재무제표에 중요한 영향을 미칠 수 있는 회사 자산의 부적절한 취득, 사용 및 처분을 적시에 예방하고 발견하는 데 합리적인 확신을 제공하는 정책과 절차를포함합니다.
내부회계관리제도는 내부회계관리제도의 본질적인 한계로 인하여 재무제표에 대한 중요한 왜곡표시를 발견하거나 예방하지 못할 수 있습니다. 또한, 효과성 평가에 대한 미래기간의 내용을 추정시에는 상황의 변화 혹은 절차나 정책이 준수되지 않음으로써 내부회계관리제도가 부적절하게 되어 미래기간에 대한 평가 및 추정내용이 달라질 위험에 처할 수 있습니다.
이 독립된 감사인의 내부회계관리제도 감사보고서의 근거가 된 감사를 실시한 업무수행이사는 공인회계사 유병문 입니다.
서울시 영등포구 국제금융로 10
서울시 영등포구 국제금융로 10
안 진 회 계 법 인
안 진 회 계 법 인
대표이사 홍 종 성
대표이사 홍 종 성
2022년 2월 16일
2022년 2월 16일
이 감사보고서는 감사보고서일(2022년 2월 16일) 현재로 유효한 것입니다. 따라서 감사보고서일 이후 이 보고서를 열람하는 시점까지의 기간 사이에 회사의 내부회계관리제도에 중요한 영향을 미칠 수 있는 사건이나 상황이 발생할 수도 있으며 이로 인하여 이 감사보고서가 수정될 수도 있습니다.
이 감사보고서는 감사보고서일(2022년 2월 16일) 현재로 유효한 것입니다. 따라서 감사보고서일 이후 이 보고서를 열람하는 시점까지의 기간 사이에 회사의 내부회계관리제도에 중요한 영향을 미칠 수 있는 사건이나 상황이 발생할 수도 있으며 이로 인하여 이 감사보고서가 수정될 수도 있습니다.
내부회계관리제도 운영실태보고서.jpg
내부회계관리제도 운영실태보고서
내부회계관리제도 운영실태보고서
외부감사 실시내용
외부감사 실시내용
「주식회사 등의 외부감사에 관한 법률」제18조제3항의 규정에 의하여 외부감사 실시내용을 첨부합니다.
1. 감사대상업무
회 사 명
삼성전자주식회사
감사대상 사업연도
2021년 01월 01일
부터
2021년 12월 31일
까지
2. 감사참여자 구분별 인원수 및 감사시간
(단위 : 명, 시간)
감사참여자 ＼ 인원수 및 시간
품질관리 검토자 (심리실 등)
감사업무 담당 회계사
전산감사ㆍ 세무ㆍ가치평가 등 전문가
건설계약 등 수주산업 전문가
합계
담당이사 (업무수행이사)
등록 공인회계사
수습 공인회계사
당기
전기
당기
전기
당기
전기
당기
전기
당기
전기
당기
전기
당기
전기
투입 인원수
10
16
1
1
38
52
17
23
65
83
-
-
131
175
투입시간
분ㆍ반기검토
99
156
307
198
15,802
22,167
2,830
4,024
3,337
5,604
-
-
22,375
32,149
감사
412
1,262
1,025
1,084
26,093
25,024
8,943
5,018
18,151
21,591
-
-
54,624
53,979
합계
511
1,418
1,332
1,282
41,895
47,191
11,773
9,042
21,488
27,195
-
-
76,999
86,128
3. 주요 감사실시내용
구 분
내 역
전반감사계획 (감사착수단계)
수행시기
2021.03.08 ~ 2021.09.30
89
일
주요내용
회사 및 산업에 대한 전반적 이해를 바탕으로 감사위험평가 및 감사절차의 성격, 시기 및 범위 등을 결정
현장감사 주요내용
수행시기
투입인원
주요 감사업무 수행내용
상주
비상주
2021.03.16 ~ 2022.01.07
150
일
12
명
20
명
시스템 및 자동 내부통제 감사
2021.03.08 ~ 2021.12.31
98
일
51
명
16
명
조기입증감사(연중감사)
2022.01.03 ~ 2022.01.28
20
일
59
명
6
명
조회확인 등 조기입증감사 절차 업데이트
2022.02.03 ~ 2022.02.16
10
일
51
명
16
명
재무제표 검증 및 감사종결 절차 수행
재고자산실사(입회)
실사(입회)시기
2021.11.28 / 2021.11.30 / 2021.12.1
3
일
실사(입회)장소
수원, 기흥, 구미, 광주사업장 등
실사(입회)대상
원재료, 재공품, 제품 등
금융자산실사(입회)
실사(입회)시기
2022.01.08 / 2022.01.10
2
일
실사(입회)장소
수원사업장 등
실사(입회)대상
현금, 유가증권 등
외부조회
금융거래조회
O
채권채무조회
O
변호사조회
O
기타조회
타처보관재고자산
지배기구와의 커뮤니케이션
커뮤니케이션 횟수
4
회
수행시기
2021.04.27 / 2021.07.27 / 2021.10.26 / 2022.01.25
외부전문가 활용
감사 활용 내용
해당사항없음
수행시기
-
-
일
4. 감사(감사위원회)와의 커뮤니케이션
1
2021년 04월 27일
감사위원회: 위원 3명 회사: 감사팀장 감사인: 업무수행이사 외 1명
대면회의
연간 지배기구와의 커뮤니케이션 계획 연간 회계감사 일정 계획 분기 검토 경과 및 비감사업무 독립성 확인
2
2021년 07월 27일
감사위원회: 위원 3명 회사: 감사팀장 감사인: 업무수행이사 외 1명
대면회의
연간 감사계획 및 진행 상황 핵심감사사항 선정계획 내부회계관리제도 감사 진행 상황 분기 중점 검토사항 및 기타 필수 커뮤니케이션 사항
3
2021년 10월 26일
감사위원회: 위원 3명 회사: 감사팀장 감사인: 업무수행이사 외 1명
대면회의
연간 감사계획 및 진행 상황 핵심감사사항 선정내역 내부회계관리제도 감사 진행 상황 분기 중점 검토사항 및 기타 필수 커뮤니케이션 사항
4
2022년 01월 25일
감사위원회: 위원 3명 회사: 감사팀장 감사인: 업무수행이사 외 1명
대면회의
핵심감사사항 등 중점 감사사항 내부회계관리제도 감사 진행 상황 기타 감사종료단계 필수 커뮤니케이션 사항",80700,/Users/june_kim/samsung_audit_nlp/data/raw/감사보고서_2021.htm,2026-03-31T07:17:33.403716+00:00
57,2022,감사의견,"우리는 삼성전자주식회사(이하 ""회사"")의 재무제표를 감사하였습니다. 동 재무제표는2022년 12월 31일과 2021년 12월 31일 현재의 재무상태표, 동일로 종료되는 양 보고기간의 손익계산서, 포괄손익계산서, 자본변동표 및 현금흐름표 그리고 유의적 회계정책의 요약을 포함한 재무제표의 주석으로 구성되어 있습니다.
우리의 의견으로는 별첨된 회사의 재무제표는 회사의 2022년 12월 31일과 2021년 12월 31일 현재의 재무상태, 동일로 종료되는 양 보고기간의 재무성과 및 현금흐름을 한국채택국제회계기준에 따라 중요성의 관점에서 공정하게 표시하고 있습니다.
우리는 또한 회계감사기준에 따라,「내부회계관리제도 설계 및 운영개념체계」에 근거한 회사의 2022년 12월 31일 현재의 내부회계관리제도를 감사하였으며, 2023년 2월 15일자 감사보고서에서 적정의견을 표명하였습니다.",436,/Users/june_kim/samsung_audit_nlp/data/raw/감사보고서_2022.htm,2026-03-31T07:17:33.586229+00:00
58,2022,감사의견근거,"우리는 대한민국의 회계감사기준에 따라 감사를 수행하였습니다. 이 기준에 따른 우리의 책임은 이 감사보고서의 재무제표감사에 대한 감사인의 책임 단락에 기술되어 있습니다. 우리는 재무제표감사와 관련된 대한민국의 윤리적 요구사항에 따라 회사로부터 독립적이며, 그러한 요구사항에 따른 기타의 윤리적 책임을 이행하였습니다. 우리가 입수한 감사증거가 감사의견을 위한 근거로서 충분하고 적합하다고 우리는 믿습니다.",224,/Users/june_kim/samsung_audit_nlp/data/raw/감사보고서_2022.htm,2026-03-31T07:17:33.586229+00:00
59,2022,핵심감사사항,"핵심감사사항은 우리의 전문가적 판단에 따라 당기 재무제표 감사에서 가장 유의적인 사항들입니다. 해당 사항들은 재무제표 전체에 대한 감사의 관점에서 우리의 의견형성 시 다루어졌으며, 우리는 이런 사항에 대하여 별도의 의견을 제공하지는 않습니다.
가. 재화의 판매장려활동에 대한 매출차감 핵심감사사항으로 결정한 이유
DX(Device eXperience) 부문에서 재화의 판매 시 회사는 명시적이거나 암묵적인 약정에 의거하여 유통업자 및 통신업자 등에게 판매수량 또는 금액에 따른 할인 및 장려금 등을 제공하는 매출장려활동을 수행합니다. 재무제표에 대한 주석2(중요한 회계처리방침)과 주석3(중요한 회계추정 및 가정)에서 설명한 바와 같이, 회사는 매출장려활동에 대한 예상지출액을 추정하여 재화의 판매에 따른 수익에서 차감합니다.
수익 차감 금액의 적정성과 관련하여 회사 경영진의 유의적인 추정 및 판단이 수반되어 편의가 개입될 가능성이 있으며 그 금액이 유의적인 것으로 판단되는 바, 우리는 재화의 판매장려활동에 대한 매출차감을 핵심감사사항으로 결정하였습니다.
핵심감사사항이 감사에서 다루어진 방법 회사의 재화의 판매 관련 매출장려활동 등의 회계처리에 대하여 우리가 수행한 주요 감사절차는 다음과 같습니다.
· 매출차감 처리 관련 회사의 정책, 프로세스 및 내부통제 이해
· 매출차감 처리 관련 시스템에 대한 이해 및 평가
· 매출차감 정책의 승인에 대한 내부 통제 평가
· 매출차감 추정 및 사후 정산 금액의 승인에 대한 내부 통제 평가
· 매출차감 거래 근거 문서검사를 통한 추정과 관련 가정에 대한 평가 및 확인 · 판매장려금의 추정치와 정산 금액 비교 및 관련 문서검사를 통한 매출차감금액의 적정성 확인
재무제표에 대한 경영진과 지배기구의 책임
경영진은 한국채택국제회계기준에 따라 이 재무제표를 작성하고 공정하게 표시할 책임이 있으며, 부정이나 오류로 인한 중요한 왜곡표시가 없는 재무제표를 작성하는데 필요하다고 결정한 내부통제에 대해서도 책임이 있습니다.
경영진은 재무제표를 작성할 때, 회사의 계속기업으로서의 존속능력을 평가하고 해당되는 경우, 계속기업 관련 사항을 공시할 책임이 있습니다. 그리고 경영진이 기업을 청산하거나 영업을 중단할 의도가 없는 한, 회계의 계속기업전제의 사용에 대해서도 책임이 있습니다.
지배기구는 회사의 재무보고절차의 감시에 대한 책임이 있습니다.
재무제표감사에 대한 감사인의 책임
우리의 목적은 회사의 재무제표에 전체적으로 부정이나 오류로 인한 중요한 왜곡표시가 없는지에 대하여 합리적인 확신을 얻어 우리의 의견이 포함된 감사보고서를 발행하는데 있습니다. 합리적인 확신은 높은 수준의 확신을 의미하나, 감사기준에 따라수행된 감사가 항상 중요한 왜곡표시를 발견한다는 것을 보장하지는 않습니다. 왜곡표시는 부정이나 오류로부터 발생할 수 있으며, 왜곡표시가 재무제표를 근거로 하는 이용자의 경제적 의사결정에 개별적으로 또는 집합적으로 영향을 미칠 것이 합리적으로 예상되면, 그 왜곡표시는 중요하다고 간주됩니다.
감사기준에 따른 감사의 일부로서 우리는 감사의 전 과정에 걸쳐 전문가적 판단을 수행하고 전문가적 의구심을 유지하고 있습니다. 또한 우리는:
- 부정이나 오류로 인한 재무제표의 중요왜곡표시위험을 식별하고 평가하며 그러한위험에 대응하는 감사절차를 설계하고 수행합니다. 그리고 감사의견의 근거로서 충분하고 적합한 감사증거를 입수합니다. 부정은 공모, 위조, 의도적인 누락, 허위진술 또는 내부통제 무력화가 개입될 수 있기 때문에 부정으로 인한 중요한 왜곡표시를 발견하지 못할 위험은 오류로 인한 위험보다 큽니다.
- 상황에 적합한 감사절차를 설계하기 위하여 감사와 관련된 내부통제를 이해합니다.
- 재무제표를 작성하기 위하여 경영진이 적용한 회계정책의 적합성과 경영진이 도출한 회계추정치와 관련 공시의 합리성에 대하여 평가합니다.
- 경영진이 사용한 회계의 계속기업전제의 적절성과, 입수한 감사증거를 근거로 계속기업으로서의 존속능력에 대하여 유의적 의문을 초래할 수 있는 사건이나 상황과 관련된 중요한 불확실성이 존재하는지 여부에 대하여 결론을 내립니다. 중요한 불확실성이 존재한다고 결론을 내리는 경우, 우리는 재무제표의 관련 공시에 대하여 감사보고서에 주의를 환기시키고, 이들 공시가 부적절한 경우 의견을 변형시킬 것을 요구받고 있습니다. 우리의 결론은 감사보고서일까지 입수된 감사증거에 기초하나, 미래의 사건이나 상황이 회사의 계속기업으로서 존속을 중단시킬 수 있습니다.
- 공시를 포함한 재무제표의 전반적인 표시와 구조 및 내용을 평가하고, 재무제표의기초가 되는 거래와 사건을 재무제표가 공정한 방식으로 표시하고 있는지 여부를 평가합니다.
우리는 여러 가지 사항들 중에서 계획된 감사범위와 시기 그리고 감사 중 식별된 유의적 내부통제 미비점 등 유의적인 감사의 발견사항에 대하여 지배기구와 커뮤니케이션합니다.
또한 우리는 독립성 관련 윤리적 요구사항들을 준수하고, 우리의 독립성 문제와 관련된다고 판단되는 모든 관계와 기타사항들 및 해당되는 경우 관련 제도적 안전장치를 지배기구와 커뮤니케이션한다는 진술을 지배기구에게 제공합니다. 우리는 지배기구와 커뮤니케이션한 사항들 중에서 당기 재무제표감사에서 가장 유의적인 사항들을 핵심감사사항으로 결정합니다. 법규에서 해당 사항에 대하여 공개적인 공시를 배제하거나, 극히 드문 상황으로 우리가 감사보고서에 해당 사항을 기술함으로 인한 부정적 결과가 해당 커뮤니케이션에 따른 공익적 효익을 초과할 것으로 합리적으로 예상되어 해당 사항을 감사보고서에 커뮤니케이션해서는 안 된다고 결론을내리는 경우가 아닌 한, 우리는 감사보고서에 이러한 사항들을 기술합니다.
이 감사보고서의 근거가 된 감사를 실시한 업무수행이사는 공인회계사 유병문 입니다.
서울시 영등포구 국제금융로 10
서울시 영등포구 국제금융로 10
핵심감사사항은 우리의 전문가적 판단에 따라 당기 재무제표 감사에서 가장 유의적인 사항들입니다. 해당 사항들은 재무제표 전체에 대한 감사의 관점에서 우리의 의견형성 시 다루어졌으며, 우리는 이런 사항에 대하여 별도의 의견을 제공하지는 않습니다.
가. 재화의 판매장려활동에 대한 매출차감 핵심감사사항으로 결정한 이유
DX(Device eXperience) 부문에서 재화의 판매 시 회사는 명시적이거나 암묵적인 약정에 의거하여 유통업자 및 통신업자 등에게 판매수량 또는 금액에 따른 할인 및 장려금 등을 제공하는 매출장려활동을 수행합니다. 재무제표에 대한 주석2(중요한 회계처리방침)과 주석3(중요한 회계추정 및 가정)에서 설명한 바와 같이, 회사는 매출장려활동에 대한 예상지출액을 추정하여 재화의 판매에 따른 수익에서 차감합니다.
수익 차감 금액의 적정성과 관련하여 회사 경영진의 유의적인 추정 및 판단이 수반되어 편의가 개입될 가능성이 있으며 그 금액이 유의적인 것으로 판단되는 바, 우리는 재화의 판매장려활동에 대한 매출차감을 핵심감사사항으로 결정하였습니다.
핵심감사사항이 감사에서 다루어진 방법 회사의 재화의 판매 관련 매출장려활동 등의 회계처리에 대하여 우리가 수행한 주요 감사절차는 다음과 같습니다.
· 매출차감 처리 관련 회사의 정책, 프로세스 및 내부통제 이해
· 매출차감 처리 관련 시스템에 대한 이해 및 평가
· 매출차감 정책의 승인에 대한 내부 통제 평가
· 매출차감 추정 및 사후 정산 금액의 승인에 대한 내부 통제 평가
· 매출차감 거래 근거 문서검사를 통한 추정과 관련 가정에 대한 평가 및 확인 · 판매장려금의 추정치와 정산 금액 비교 및 관련 문서검사를 통한 매출차감금액의 적정성 확인
재무제표에 대한 경영진과 지배기구의 책임
경영진은 한국채택국제회계기준에 따라 이 재무제표를 작성하고 공정하게 표시할 책임이 있으며, 부정이나 오류로 인한 중요한 왜곡표시가 없는 재무제표를 작성하는데 필요하다고 결정한 내부통제에 대해서도 책임이 있습니다.
경영진은 재무제표를 작성할 때, 회사의 계속기업으로서의 존속능력을 평가하고 해당되는 경우, 계속기업 관련 사항을 공시할 책임이 있습니다. 그리고 경영진이 기업을 청산하거나 영업을 중단할 의도가 없는 한, 회계의 계속기업전제의 사용에 대해서도 책임이 있습니다.
지배기구는 회사의 재무보고절차의 감시에 대한 책임이 있습니다.
재무제표감사에 대한 감사인의 책임
우리의 목적은 회사의 재무제표에 전체적으로 부정이나 오류로 인한 중요한 왜곡표시가 없는지에 대하여 합리적인 확신을 얻어 우리의 의견이 포함된 감사보고서를 발행하는데 있습니다. 합리적인 확신은 높은 수준의 확신을 의미하나, 감사기준에 따라수행된 감사가 항상 중요한 왜곡표시를 발견한다는 것을 보장하지는 않습니다. 왜곡표시는 부정이나 오류로부터 발생할 수 있으며, 왜곡표시가 재무제표를 근거로 하는 이용자의 경제적 의사결정에 개별적으로 또는 집합적으로 영향을 미칠 것이 합리적으로 예상되면, 그 왜곡표시는 중요하다고 간주됩니다.
감사기준에 따른 감사의 일부로서 우리는 감사의 전 과정에 걸쳐 전문가적 판단을 수행하고 전문가적 의구심을 유지하고 있습니다. 또한 우리는:
- 부정이나 오류로 인한 재무제표의 중요왜곡표시위험을 식별하고 평가하며 그러한위험에 대응하는 감사절차를 설계하고 수행합니다. 그리고 감사의견의 근거로서 충분하고 적합한 감사증거를 입수합니다. 부정은 공모, 위조, 의도적인 누락, 허위진술 또는 내부통제 무력화가 개입될 수 있기 때문에 부정으로 인한 중요한 왜곡표시를 발견하지 못할 위험은 오류로 인한 위험보다 큽니다.
- 상황에 적합한 감사절차를 설계하기 위하여 감사와 관련된 내부통제를 이해합니다.
- 재무제표를 작성하기 위하여 경영진이 적용한 회계정책의 적합성과 경영진이 도출한 회계추정치와 관련 공시의 합리성에 대하여 평가합니다.
- 경영진이 사용한 회계의 계속기업전제의 적절성과, 입수한 감사증거를 근거로 계속기업으로서의 존속능력에 대하여 유의적 의문을 초래할 수 있는 사건이나 상황과 관련된 중요한 불확실성이 존재하는지 여부에 대하여 결론을 내립니다. 중요한 불확실성이 존재한다고 결론을 내리는 경우, 우리는 재무제표의 관련 공시에 대하여 감사보고서에 주의를 환기시키고, 이들 공시가 부적절한 경우 의견을 변형시킬 것을 요구받고 있습니다. 우리의 결론은 감사보고서일까지 입수된 감사증거에 기초하나, 미래의 사건이나 상황이 회사의 계속기업으로서 존속을 중단시킬 수 있습니다.
- 공시를 포함한 재무제표의 전반적인 표시와 구조 및 내용을 평가하고, 재무제표의기초가 되는 거래와 사건을 재무제표가 공정한 방식으로 표시하고 있는지 여부를 평가합니다.
우리는 여러 가지 사항들 중에서 계획된 감사범위와 시기 그리고 감사 중 식별된 유의적 내부통제 미비점 등 유의적인 감사의 발견사항에 대하여 지배기구와 커뮤니케이션합니다.
또한 우리는 독립성 관련 윤리적 요구사항들을 준수하고, 우리의 독립성 문제와 관련된다고 판단되는 모든 관계와 기타사항들 및 해당되는 경우 관련 제도적 안전장치를 지배기구와 커뮤니케이션한다는 진술을 지배기구에게 제공합니다. 우리는 지배기구와 커뮤니케이션한 사항들 중에서 당기 재무제표감사에서 가장 유의적인 사항들을 핵심감사사항으로 결정합니다. 법규에서 해당 사항에 대하여 공개적인 공시를 배제하거나, 극히 드문 상황으로 우리가 감사보고서에 해당 사항을 기술함으로 인한 부정적 결과가 해당 커뮤니케이션에 따른 공익적 효익을 초과할 것으로 합리적으로 예상되어 해당 사항을 감사보고서에 커뮤니케이션해서는 안 된다고 결론을내리는 경우가 아닌 한, 우리는 감사보고서에 이러한 사항들을 기술합니다.
이 감사보고서의 근거가 된 감사를 실시한 업무수행이사는 공인회계사 유병문 입니다.
서울시 영등포구 국제금융로 10
서울시 영등포구 국제금융로 10",5695,/Users/june_kim/samsung_audit_nlp/data/raw/감사보고서_2022.htm,2026-03-31T07:17:33.586229+00:00
60,2022,재무상태표,"제 54 기 : 2022년 12월 31일 현재
제 53 기 : 2021년 12월 31일 현재
삼성전자주식회사
(단위 : 백만원)
자 산
Ⅰ. 유 동 자 산
59,062,658
73,553,416
1. 현금및현금성자산
4, 28
3,921,593
3,918,872
2. 단기금융상품
4, 28
137
15,000,576
3. 매출채권
4, 5, 7, 28
20,503,223
33,088,247
4. 미수금
4, 7, 28
2,925,006
1,832,488
5. 선급비용
1,047,900
817,689
6. 재고자산
8
27,990,007
15,973,053
7. 기타유동자산
4, 28
2,674,792
2,922,491
Ⅱ. 비 유 동 자 산
201,021,092
177,558,768
1. 기타포괄손익-공정가치금융자산
4, 6, 28
1,364,325
1,662,532
2. 당기손익-공정가치금융자산
4, 6, 28
283
2,135
3. 종속기업, 관계기업 및 공동기업 투자
9
57,397,249
56,225,599
4. 유형자산
10
123,266,986
103,667,025
5. 무형자산
11
8,561,424
8,657,456
6. 순확정급여자산
14
4,410,223
2,324,291
7. 이연법인세자산
25
2,142,512
1,211,100
8. 기타비유동자산
4, 7, 28
3,878,090
3,808,630
자 산 총 계
260,083,750
251,112,184
부 채
Ⅰ. 유 동 부 채
46,086,047
53,067,303
1. 매입채무
4, 28
8,729,315
11,557,441
2. 단기차입금
4, 5, 12, 28
2,381,512
9,204,268
3. 미지급금
4, 28
18,554,543
13,206,753
4. 선수금
17
320,689
474,731
5. 예수금
4, 28
523,354
624,585
6. 미지급비용
4, 17, 28
8,359,296
8,275,410
7. 당기법인세부채
2,533,481
5,599,896
8. 유동성장기부채
4, 12, 13, 28
135,753
139,328
9. 충당부채
15
4,059,491
3,643,853
10. 기타유동부채
17
488,613
341,038
Ⅱ. 비 유 동 부 채
4,581,512
4,851,149
1. 사채
4, 13, 28
24,912
29,048
2. 장기차입금
4, 12, 28
654,979
431,915
3. 장기미지급금
4, 28
2,439,232
2,653,715
4. 장기충당부채
15
1,423,165
1,659,774
5. 기타비유동부채
39,224
76,697
부 채 총 계
50,667,559
57,918,452
자 본
Ⅰ. 자본금
18
897,514
897,514
1. 우선주자본금
119,467
119,467
2. 보통주자본금
778,047
778,047
Ⅱ. 주식발행초과금
4,403,893
4,403,893
Ⅲ. 이익잉여금
19
204,388,016
188,774,335
Ⅳ. 기타자본항목
20
(273,232)
(882,010)
자 본 총 계
209,416,191
193,193,732
부 채 와 자 본 총 계
260,083,750
251,112,184
별첨 주석은 본 재무제표의 일부입니다.",1597,/Users/june_kim/samsung_audit_nlp/data/raw/감사보고서_2022.htm,2026-03-31T07:17:33.586229+00:00
61,2022,포괄손익,"제 54 기 : 2022년 1월 1일부터 2022년 12월 31일까지
제 53 기 : 2021년 1월 1일부터 2021년 12월 31일까지
삼성전자주식회사
(단위 : 백만원)
Ⅰ. 매 출 액
29
211,867,483
199,744,705
Ⅱ. 매 출 원 가
21
152,589,393
135,823,433
Ⅲ. 매 출 총 이 익
59,278,090
63,921,272
판매비와관리비
21, 22
33,958,761
31,928,110
Ⅳ. 영 업 이 익
29
25,319,329
31,993,162
기 타 수 익
23
4,576,378
7,359,004
기 타 비 용
23
296,344
745,978
금 융 수 익
24
9,734,299
3,796,979
금 융 비 용
24
9,641,742
3,698,675
Ⅴ. 법인세비용차감전순이익
29,691,920
38,704,492
법 인 세 비 용
25
4,273,142
7,733,538
Ⅵ. 당 기 순 이 익
25,418,778
30,970,954
Ⅶ. 주 당 이 익
26
기본주당이익(단위 : 원)
3,742
4,559
희석주당이익(단위 : 원)
3,742
4,559
별첨 주석은 본 재무제표의 일부입니다.
포 괄 손 익 계 산 서
제 54 기 : 2022년 1월 1일부터 2022년 12월 31일까지
제 53 기 : 2021년 1월 1일부터 2021년 12월 31일까지
삼성전자주식회사
(단위 : 백만원)
Ⅰ. 당기순이익
25,418,778
30,970,954
Ⅱ. 기타포괄손익
613,118
(613,225)
후속적으로 당기손익으로 재분류되지 않는 포괄손익
613,118
(613,225)
1. 기타포괄손익-공정가치금융자산평가손익
6, 20
(208,883)
(99,916)
2. 순확정급여부채(자산) 재측정요소
14, 20
822,001
(513,309)
후속적으로 당기손익으로 재분류되는 포괄손익
-
-
Ⅲ. 총포괄손익
26,031,896
30,357,729
별첨 주석은 본 재무제표의 일부입니다.
자 본 변 동 표
제 54 기 : 2022년 1월 1일부터 2022년 12월 31일까지
제 53 기 : 2021년 1월 1일부터 2021년 12월 31일까지
삼성전자주식회사
(단위 : 백만원)
2021.1.1(전기초)
897,514
4,403,893
178,284,102
(268,785)
183,316,724
Ⅰ. 총포괄손익
1. 당기순이익
-
-
30,970,954
-
30,970,954
2. 기타포괄손익-공정가치금융자산평가손익
6, 20
-
-
-
(99,916)
(99,916)
3. 순확정급여부채(자산) 재측정요소
14, 20
-
-
-
(513,309)
(513,309)
Ⅱ. 자본에 직접 인식된 주주와의 거래
1. 배당
19
-
-
(20,480,721)
-
(20,480,721)
2021.12.31(전기말)
897,514
4,403,893
188,774,335
(882,010)
193,193,732
2022.1.1(당기초)
897,514
4,403,893
188,774,335
(882,010)
193,193,732
Ⅰ. 총포괄손익
1. 당기순이익
-
-
25,418,778
-
25,418,778
2. 기타포괄손익-공정가치금융자산평가손익
6, 20
-
-
4,340
(213,223)
(208,883)
3. 순확정급여부채(자산) 재측정요소
14, 20
-
-
-
822,001
822,001
Ⅱ. 자본에 직접 인식된 주주와의 거래
1. 배당
19
-
-
(9,809,437)
-
(9,809,437)
2022.12.31(당기말)
897,514
4,403,893
204,388,016
(273,232)
209,416,191
별첨 주석은 본 재무제표의 일부입니다.",1815,/Users/june_kim/samsung_audit_nlp/data/raw/감사보고서_2022.htm,2026-03-31T07:17:33.586229+00:00
62,2022,현금흐름,"제 54 기 : 2022년 1월 1일부터 2022년 12월 31일까지
제 53 기 : 2021년 1월 1일부터 2021년 12월 31일까지
삼성전자주식회사
(단위 : 백만원)
Ⅰ. 영업활동 현금흐름
44,788,749
51,250,069
1. 영업에서 창출된 현금흐름
49,589,897
50,357,361
가. 당기순이익
25,418,778
30,970,954
나. 조정
27
31,039,388
25,168,062
다. 영업활동으로 인한 자산부채의 변동
27
(6,868,269)
(5,781,655)
2. 이자의 수취
339,560
282,918
3. 이자의 지급
(287,488)
(125,036)
4. 배당금 수입
3,551,435
6,560,011
5. 법인세 납부액
(8,404,655)
(5,825,185)
Ⅱ. 투자활동 현금흐름
(28,123,886)
(24,435,207)
1. 단기금융상품의 순감소(증가)
15,000,439
13,600,708
2. 기타포괄손익-공정가치금융자산의 처분
10,976
-
3. 기타포괄손익-공정가치금융자산의 취득
-
(234,975)
4. 당기손익-공정가치금융자산의 처분
1,744
912
5. 종속기업, 관계기업 및 공동기업 투자의 처분
165,089
605,607
6. 종속기업, 관계기업 및 공동기업 투자의 취득
(1,001,723)
(138,858)
7. 유형자산의 처분
288,684
408,560
8. 유형자산의 취득
(39,160,176)
(36,021,504)
9. 무형자산의 처분
6,242
5,809
10. 무형자산의 취득
(3,298,378)
(2,459,929)
11. 기타투자활동으로 인한 현금유출입액
(136,783)
(201,537)
Ⅲ. 재무활동 현금흐름
(16,665,064)
(23,885,054)
1. 단기차입금의 순증가(감소)
27
(6,700,826)
(3,288,858)
2. 사채 및 장기차입금의 상환
27
(155,264)
(117,963)
3. 배당금의 지급
(9,808,974)
(20,478,233)
Ⅳ. 외화환산으로 인한 현금의 변동
2,922
19
Ⅴ. 현금및현금성자산의 증가(감소)(Ⅰ+Ⅱ+Ⅲ+Ⅳ)
2,721
2,929,827
Ⅵ. 기초의 현금및현금성자산
3,918,872
989,045
Ⅶ. 기말의 현금및현금성자산
3,921,593
3,918,872
별첨 주석은 본 재무제표의 일부입니다.",1172,/Users/june_kim/samsung_audit_nlp/data/raw/감사보고서_2022.htm,2026-03-31T07:17:33.586229+00:00
63,2022,주석,"주석
제 54 기 : 2022년 12월 31일 현재
제 53 기 : 2021년 12월 31일 현재
삼성전자주식회사
1. 일반적 사항: 삼성전자주식회사(이하 ""회사"")는 1969년 대한민국에서 설립되어 1975년에 대한민국의 증권거래소에 상장하였습니다. 회사의 사업은 DX 부문, DS 부문으로 구성되어있습니다. DX(Device eXperience) 부문은 TV, 냉장고, 휴대폰, 통신시스템 등의 사업으로 구성되어 있으며, DS(Device Solutions) 부문은 메모리, Foundry, System LSI 등으로 구성되어 있습니다. 회사의 본점 소재지는 경기도 수원시입니다. 회사의 재무제표는 한국채택국제회계기준에 따라 작성되었으며, 기업회계기준서 제1027호 '별도재무제표'에 따른 별도재무제표입니다.
2. 중요한 회계처리방침:
다음은 재무제표의 작성에 적용된 주요한 회계정책입니다. 이러한 정책은 별도의 언급이 없다면, 표시된 회계기간에 계속적으로 적용됩니다.
2.1 재무제표 작성기준
회사의 재무제표는 한국채택국제회계기준에 따라 작성되었습니다. 한국채택국제회계기준은 국제회계기준위원회(""IASB"")가 발표한 기준서와 해석서 중 대한민국이 채택한 내용을 의미합니다. 한국채택국제회계기준은 재무제표 작성 시 중요한 회계추정의 사용을 허용하고 있으며, 회계정책을 적용함에 있어 경영진의 판단을 요구하고 있습니다. 보다 복잡하고 높은 수준의 판단이 요구되는 부분이나 중요한 가정 및 추정이 요구되는 부분은 주석3에서 설명하고 있습니다.
2.2 회계정책과 공시의 변경
가. 회사가 채택한 제ㆍ개정 기준서 회사는 2022년 1월 1일로 개시하는 회계기간부터 다음의 주요 제ㆍ개정 기준서를 신규로 적용하였습니다.
- 기업회계기준서 제1116호 '리스' 개정
코로나19의 직접적인 결과로 발생한 임차료 할인 등이 리스변경에 해당하는지 평가하지 않을 수 있도록 하는 실무적 간편법의 적용대상이 2022년 6월 30일 이전에 지급하여야 할 리스료에 영향을 미치는 리스료 감면으로 확대되었습니다. 해당 기준서의 개정으로 인하여 재무제표에 미치는 유의적인 영향은 없습니다.
- 기업회계기준서 제1103호 '사업결합' 개정
사업결합 시 인식할 자산과 부채의 정의를 개정된 재무보고를 위한 개념체계를 참조하도록 개정되었으나, 기업회계기준서 제1037호 '충당부채, 우발부채 및 우발자산' 및 해석서 제2121호 '부담금'의 적용범위에 포함되는 부채 및 우발부채에 대해서는 해당 기준서를 적용하도록 예외를 추가하고, 우발자산이 취득일에 인식되지 않는다는 점을 명확히 하였습니다. 해당 기준서의 개정으로 인하여 재무제표에 미치는 유의적인 영향은 없습니다.
- 기업회계기준서 제1016호 '유형자산' 개정
기업이 자산을 의도한 방식으로 사용하기 전에 생산된 품목의 판매에서 발생하는 수익을 생산원가와 함께 당기손익으로 인식하도록 요구하며, 유형자산의 취득원가에서차감하는 것을 금지하고 있습니다. 해당 기준서의 개정으로 인하여 재무제표에 미치는 유의적인 영향은 없습니다. - 기업회계기준서 제1037호 '충당부채, 우발부채 및 우발자산' 개정
손실부담계약을 식별할 때 계약이행원가의 범위를 계약 이행을 위한 증분원가와 계약 이행에 직접 관련되는 다른 원가의 배분이라는 점을 명확히 하였습니다. 해당 기준서의 개정으로 인하여 재무제표에 미치는 유의적인 영향은 없습니다.
나. 회사가 적용하지 않은 제ㆍ개정 기준서 제정 또는 공표됐으나 2022년 1월 1일 이후 시작하는 회계연도에 시행일이 도래하지않았고, 회사가 조기 적용하지 않은 주요 제ㆍ개정 기준서는 다음과 같습니다.
- 기업회계기준서 제1001호 '재무제표 표시' 개정
보고기간말 현재 존재하는 실질적인 권리에 따라 유동 또는 비유동으로 분류되며, 부채의 결제를 연기할 수 있는 권리의 행사가능성이나 경영진의 기대는 고려하지 않습니다. 또한, 부채의 결제에 자기지분상품의 이전도 포함되나, 복합금융상품에서 자기지분상품으로 결제하는 옵션이 지분상품의 정의를 충족하여 부채와 분리하여 인식된경우는 제외됩니다. 동 개정사항은 2023년 1월 1일 이후 시작하는 회계연도부터 적용하며, 조기적용이 허용됩니다.
- 기업회계기준서 제1001호 '재무제표 표시' 개정
중요한 회계정책을 정의하고 공시하도록 하며, 중요성 개념을 적용하는 방법에 대한 지침을 제공하기 위하여 국제회계기준 실무서 2 '회계정책 공시'를 개정하였습니다.
동 개정 사항은 2023년 1월 1일 이후 최초로 시작하는 회계연도부터 적용되며 조기적용이 허용됩니다.
- 기업회계기준서 제1008호 '회계정책, 회계추정의 변경 및 오류' 개정
회계추정을 정의하고, 회계정책의 변경과 구별하는 방법을 명확히 하였습니다. 동 개정 사항은 2023년 1월 1일 이후 최초로 시작하는 회계연도부터 적용되며 조기적용이허용됩니다.
- 기업회계기준서 제1012호 '법인세' 개정
자산 또는 부채가 최초로 인식되는 거래의 최초 인식 예외 요건에 거래당시 동일한 가산할 일시적차이와 차감할 일시적차이를 발생시키지 않는 거래라는 요건을 추가하였습니다. 동 개정사항은 2023년 1월 1일 이후 시작하는 회계연도부터 적용하며, 조기적용이 허용됩니다.
2.3 종속기업, 관계기업 및 공동기업 기업회계기준서 제1110호 '연결재무제표'에 의한 지배회사인 회사는 별도재무제표에서 종속기업, 관계기업 및 공동기업에 대한 투자를 기준서 제1027호 '별도재무제표'에 따라 원가법으로 처리하고 있습니다. 또한 종속기업, 관계기업 및 공동기업 투자에 대한 객관적인 손상의 징후가 있는 경우 종속기업, 관계기업 및 공동기업 투자의 회수가능액과 장부금액과의 차이는 손상차손으로 인식됩니다.
2.4 외화환산
가. 기능통화와 표시통화
회사는 회사 내 개별기업의 재무제표에 포함되는 항목들을 각각의 영업활동이 이루어지는 주된 경제 환경에서의 통화(""기능통화"")를 적용하여 측정하고 있습니다. 회사의 기능통화는 대한민국 원화(KRW)이며 재무제표는 대한민국 원화(KRW)로 표시되어 있습니다.
나. 외화거래와 보고기간종료일의 외화환산
외화거래는 거래일의 환율 또는 재측정되는 항목인 경우 평가일의 환율을 적용한 기능통화로 인식되고, 외화거래의 결제나 화폐성 외화 자산ㆍ부채의 환산에서 발생하는 외환차이는 당기손익으로 인식됩니다. 비화폐성 금융자산ㆍ부채로부터 발생하는 외환차이는 공정가치 변동손익의 일부로 보아 당기손익-공정가치 측정 지분상품으로부터 발생하는 외환차이는 당기손익에, 기타포괄손익-공정가치 측정 지분상품의 외환차이는 기타포괄손익에 포함하여 인식됩니다.
2.5 현금및현금성자산
현금및현금성자산은 보유중인 현금, 요구불예금 및 취득일 현재 확정된 금액의 현금으로 전환이 용이하고, 가치변동의 위험이 경미한 매우 유동적인 단기 투자자산으로 구성되어 있습니다.
2.6 금융자산
가. 분류
회사는 기준서 제1109호 '금융상품'의 최초적용일인 2018년 1월 1일부터 다음의 측정 범주로 금융자산을 분류합니다. - 공정가치 측정 금융자산 (기타포괄손익 또는 당기손익에 공정가치 변동 인식) - 상각후원가 측정 금융자산
금융자산은 금융자산의 관리를 위한 사업모형과 금융자산의 계약상 현금흐름 특성에근거하여 분류합니다. 공정가치로 측정하는 금융자산의 손익은 당기손익 또는 기타포괄손익으로 인식합니다. 채무상품에 대한 투자는 해당 자산을 보유하는 사업모형에 따라 당기손익 또는 기타포괄손익으로 인식합니다. 회사는 금융자산을 관리하는 사업모형을 변경하는 경우에만 채무상품을 재분류합니다.
단기매매항목이 아닌 지분상품에 대한 투자는 최초 인식 시점에 후속적인 공정가치 변동을 기타포괄손익으로 표시할 것을 지정하는 취소불가능한 선택을 할 수 있습니다. 지정되지 않은 지분상품에 대한 투자의 공정가치 변동은 당기손익으로 인식합니다.
나. 측정
회사는 최초 인식 시점에 금융자산을 공정가치로 측정하며, 당기손익-공정가치 측정금융자산이 아닌 경우에 해당 금융자산의 취득이나 해당 금융부채의 발행과 직접 관련되는 거래원가는 공정가치에 가산합니다. 당기손익-공정가치 측정 금융자산의 거래원가는 당기손익으로 비용처리합니다. 내재파생상품을 포함하는 복합계약은 계약상 현금흐름이 원금과 이자로만 구성되어 있는지를 결정할 때 해당 복합계약 전체를 고려합니다.
(1) 채무상품
금융자산의 후속적인 측정은 금융자산의 계약상 현금흐름 특성과 그 금융자산을 관리하는 사업모형에 근거합니다. 회사는 채무상품을 다음의 세 범주로 분류합니다. ① 상각후원가 측정 금융자산 계약상 현금흐름을 수취하기 위해 보유하는 것이 목적인 사업모형 하에서 금융자산을 보유하고, 계약상 현금흐름이 원리금만으로 구성되어 있는 자산은 상각후원가로 측정합니다. 상각후원가로 측정하는 금융자산으로서 위험회피관계의 적용 대상이 아닌 금융자산의 손익은 해당 금융자산을 제거하거나 손상할 때 당기손익으로 인식합니다. 유효이자율법에 따라 인식하는 금융자산의 이자수익은 '금융수익'에 포함됩니다.
② 기타포괄손익-공정가치 측정 금융자산 계약상 현금흐름의 수취와 금융자산의 매도 둘 모두를 통해 목적을 이루는 사업모형 하에서 금융자산을 보유하고, 계약상 현금흐름이 원리금만으로 구성되어 있는 금융자산은 기타포괄손익-공정가치로 측정합니다. 손상차손(환입)과 이자수익 및 외환손익을 제외하고는, 기타포괄손익-공정가치로 측정하는 금융자산의 손익은 기타포괄손익으로 인식합니다. 금융자산을 제거할 때에는 인식한 기타포괄손익누계액을 자본에서 당기손익으로 재분류합니다. 유효이자율법에 따라 인식하는 금융자산의 이자수익은 '금융수익'에 포함됩니다. 외환손익은 '금융수익' 또는 '금융비용'으로 표시하고손상차손은 '기타비용' 으로 표시합니다.
③ 당기손익-공정가치 측정 금융자산 상각후원가 측정이나 기타포괄손익-공정가치 측정 금융자산이 아닌 채무상품은 당기손익-공정가치로 측정됩니다. 위험회피관계가 적용되지 않는 당기손익-공정가치 측정 채무상품의 손익은 당기손익으로 인식하고 발생한 기간에 손익계산서에 '기타수익' 또는 '기타비용'으로 표시합니다.
(2) 지분상품
회사는 모든 지분상품에 대한 투자를 후속적으로 공정가치로 측정합니다. 공정가치 변동을 기타포괄손익으로 표시할 것을 선택한 지분상품에 대해 기타포괄손익으로 인식한 금액은 해당 지분상품을 제거할 때에도 당기손익으로 재분류하지 않고 제거되는 시점에 자본에 누적된 기타포괄손익-공정가치금융자산평가손익을 이익잉여금으로 대체합니다. 이러한 지분상품에 대한 배당수익은 회사가 배당을 받을 권리가 확정된 때에 손익계산서에 '기타수익'으로 인식합니다.
당기손익-공정가치로 측정하는 금융자산의 공정가치 변동은 손익계산서에 '기타수익' 또는 '기타비용'으로 표시합니다.
다. 손상
회사는 미래전망정보에 근거하여 상각후원가로 측정하거나 기타포괄손익-공정가치로 측정하는 채무상품에 대한 기대신용손실을 평가합니다. 손상 방식은 신용위험의 유의적인 증가 여부에 따라 결정됩니다. 단, 매출채권에 대해 회사는 채권의 최초 인식 시점부터 전체기간 기대신용손실을 인식하는 간편법을 적용합니다.
라. 인식과 제거 금융자산의 정형화된 매입 또는 매도는 매매일에 인식하거나 제거합니다. 금융자산은 현금흐름에 대한 계약상 권리가 소멸하거나 금융자산을 양도하고 소유에 따른 위험과 보상의 대부분을 이전한 경우에 제거됩니다. 회사가 금융자산을 양도한 경우라도 채무자의 채무불이행 시의 소구권 등으로 양도한 금융자산의 소유에 따른 위험과 보상의 대부분을 회사가 보유하는 경우에는 이를 제거하지 않고 그 양도자산 전체를 계속하여 인식하되, 수취한 대가를 금융부채로 인식합니다. 해당 금융부채는 재무상태표에 '차입금'으로 분류하고 있습니다.
마. 금융상품의 상계 금융자산과 부채는 인식한 자산과 부채에 대해 법적으로 집행가능한 상계권리를 현재 보유하고 있고, 순액으로 결제하거나 자산을 실현하는 동시에 부채를 결제할 의도를 가지고 있을 때 상계하여 재무상태표에 순액으로 표시합니다. 법적으로 집행가능한 상계권리는 미래사건에 좌우되지 않으며, 정상적인 사업과정의 경우와 채무불이행의 경우 및 지급불능이나 파산의 경우에도 집행가능한 것을 의미합니다.
2.7 매출채권
매출채권은 정상적인 영업과정에서 판매된 재고자산 및 제공된 용역과 관련하여 고객으로부터 수취할 금액입니다. 매출채권의 회수가 1년 이내에 예상되는 경우 유동자산으로 분류하고, 그렇지 않은 경우 비유동자산으로 분류합니다. 매출채권은 유의적인 금융요소를 포함하지 않는 경우를 제외하고는 최초에 거래가격으로 인식하며, 유효이자율을 적용한 상각후원가에서 손실충당금을 차감하여 측정하고 있습니다.
2.8 재고자산
재고자산은 원가와 순실현가능가치 중 작은 금액으로 표시하고 있습니다. 원가는 미착품을 제외하고는 평균법에 따라 결정하고 있습니다. 제품과 재공품의 원가는 원재료비, 직접노무비 및 기타 직접원가와 정상조업도에 근거한 관련 제조간접비로 이루어지며, 유휴생산설비원가나 폐기비용은 제외하고 있습니다. 순실현가능가치는 정상적인 영업과정에서의 추정 판매가격에서 적용 가능한 변동 판매비용을 차감한 금액입니다.
회사는 주기적으로 재고자산평가충당금의 중요한 변동을 발생시킬 가능성이 있는 미래의 제품 수요 등을 검토하여 과잉, 진부화 및 시장가치의 하락 등이 발생한 경우 재고자산평가충당금을 계상하고 있으며 재고자산평가손실을 '매출원가'로 처리하고 있습니다.
2.9 유형자산
유형자산은 역사적 원가에서 감가상각누계액과 손상차손누계액을 차감하여 표시하고 있습니다. 역사적 원가는 자산의 취득에 직접적으로 관련된 지출을 포함합니다. 후속원가는 자산으로부터 발생하는 미래의 경제적 효익이 회사에 유입될 가능성이 높으며 그 원가를 신뢰성 있게 측정할 수 있는 경우에 한하여 자산의 장부금액에 포함하거나 별도의 자산으로 인식하고 있습니다. 대체된 부분의 장부금액은 제거하고 있으며 그 외의 모든 수선 및 유지비는 발생한 기간의 비용으로 인식하고 있습니다.
회사의 유형자산은 취득원가에서 회사가 추정한 추정내용연수에 따라 정액법에 의하여 상각됩니다. 토지는 상각되지 않으며, 자본화차입금이자를 포함한 장기건설자산의 취득에 사용된 원가는 관련 자산의 추정내용연수 동안 상각됩니다.
자산별로 회사가 사용하고 있는 대표추정내용연수는 다음과 같습니다.
건물 및 구축물
15, 30 년
기계장치
5 년
기타
5 년
회사는 매 회계연도 말에 유형자산의 감가상각방법, 잔존가치와 경제적 내용연수를 검토하고 필요한 경우 조정을 하고 있습니다. 자산의 장부금액이 추정 회수가능액을 초과하는 경우 자산의 장부금액을 회수가능액으로 즉시 감소시키고 있습니다. 자산의 처분손익은 처분대가와 자산의 장부금액의 차이로 결정되며, 손익계산서에 '기타수익' 또는 '기타비용'으로 표시하고 있습니다.
2.10 차입원가
적격자산을 취득 또는 건설하는데 발생한 차입원가는 해당 자산을 의도된 용도로 사용할 수 있도록 준비하는 기간 동안 자본화되고, 적격자산을 취득하기 위한 특정목적차입금의 일시적 운용에서 발생한 투자수익은 당 회계기간 동안 자본화 가능한 차입원가에서 차감됩니다. 기타 차입원가는 발생기간에 비용으로 인식됩니다.
2.11 무형자산
영업권은 취득 시점에 취득하는 종속기업, 관계기업 및 공동기업, 사업 등의 순식별가능자산에 대한 회사의 지분에 해당하는 공정가치를 초과하여 지급한 대가에 해당하며 사업취득과 관련된 건은 무형자산으로, 종속기업, 관계기업 및 공동기업의 지분취득과 관련한 건은 투자주식에 포함하여 계상하고 있습니다. 영업권을 제외한 무형자산은 역사적 원가로 최초 인식되고, 원가에서 상각누계액과 손상차손누계액을 차감한 금액으로 표시됩니다. 내부적으로 창출한 무형자산인 개발비는 기술적 실현가능성, 미래경제적효익 등을 포함한 자산 인식요건이 충족된 시점 이후에 발생한 지출금액의 합계입니다. 회원권 및 특정 상표권은 이용 가능 기간에 대하여 예측가능한 제한이 없으므로 내용연수가 한정되지 않아 상각되지 않습니다. 하지만 회원권의 시장가치 하락 등 손상 징후 발견 시 합리적으로 추정하여 손상을 반영합니다. 특허권, 상표권 및 기타무형자산 등 한정된 내용연수를 가지는 무형자산은 추정내용연수동안 정액법에 따라 상각하고 있습니다.
자산별 대표추정내용연수는 다음과 같습니다.
개발비
2년
특허권, 상표권 및 기타무형자산
5년 ~ 10년
2.12 비금융자산의 손상
영업권이나 비한정내용연수를 가진 무형자산은 상각하지 않고 매년 손상검사를 실시하고 있습니다. 상각하는 자산의 경우 매 보고기간종료일에 장부금액이 회수가능하지 않을 수도 있음을 나타내는 환경의 변화나 사건이 있을 때마다 손상검사를 수행하고 있습니다. 손상차손은 회수가능액을 초과하는 장부금액만큼 인식하고 있습니다. 회수가능액은 순공정가치와 사용가치 중 큰 금액으로 결정하고 있습니다. 손상을 측정하기 위한 목적으로 자산은 별도로 식별 가능한 현금흐름을 창출하는 가장 하위 수준의 집단(현금창출단위)으로 그룹화하고 있습니다. 손상차손을 인식한 경우, 영업권이외의 비금융자산은 매 보고기간종료일에 손상차손의 환입가능성을 검토하고 있습니다.
2.13 매각예정분류(처분자산집단)
비유동자산(또는 처분자산집단)은 장부금액이 매각거래를 통하여 주로 회수되고, 매각될 가능성이 매우 높은 경우에 매각예정으로 분류되며, 그러한 자산은 장부금액과 순공정가치 중 작은 금액으로 측정됩니다. 매각예정분류(처분자산집단) 처분손익은 처분대가와 자산의 장부금액의 차이로 결정되며, 손익계산서에 '기타수익' 또는 '기타비용'으로 표시하고 있습니다.
2.14 금융부채
가. 분류 및 측정
모든 금융부채는 다음을 제외하고는 후속적으로 상각후원가로 측정되도록 분류합니다. (1) 당기손익-공정가치 측정 금융부채 파생상품부채를 포함한 이러한 부채는 후속적으로 공정가치로 측정합니다. (2) 금융자산의 양도가 제거 조건을 충족하지 못하거나 지속적 관여 접근법이 적용 되는 경우에 생기는 금융부채 이러한 금융부채는 주석 2.6 금융자산의 내용을 적용하여 측정합니다. (3) 금융보증계약 최초 인식 시 공정가치로 측정되며, 이후에 이러한 계약의 발행자는 해당 계약을 후속적으로 다음 중 큰 금액으로 측정합니다. - 기대신용손실에 따라 산정한 손실충당금 - 최초 인식금액에서 기준서 제1115호 '고객과의 계약에서 생기는 수익'에 따라 인식한 이익누계액을 차감한 금액 (4) 시장이자율보다 낮은 이자율로 대출하기로 한 약정 최초 인식 후에 이러한 약정의 발행자는 후속적으로 해당 약정을 다음 중 큰 금액으로 측정합니다. - 기대신용손실에 따라 산정한 손실충당금 - 최초 인식금액에서 기준서 제1115호에 따라 인식한 이익누계액을 차감한 금액 (5) 기준서 제1103호를 적용하는 사업결합에서 취득자가 인식하는 조건부 대가 이러한 조건부 대가는 후속적으로 당기손익-공정가치로 측정합니다.
나. 제거 금융부채는 계약상 의무가 이행, 취소 또는 만료되어 소멸되거나 기존 금융부채의 조건이 실질적으로 변경된 경우에 재무상태표에서 제거됩니다. 소멸하거나 제3자에게 양도한 금융부채의 장부금액과 지급한 대가(양도한 비현금자산이나 부담한 부채를 포함)의 차액은 당기손익으로 인식합니다.
2.15 매입채무 매입채무는 정상적인 영업과정에서 공급자로부터 취득한 재고자산 및 제공받은 용역과 관련하여 지급할 의무가 있는 금액입니다. 매입채무의 지급이 12개월 이내에 예상되는 경우 유동부채로 분류하고, 그렇지 않은 경우 비유동부채로 분류합니다. 매입채무는 최초에 공정가치로 인식하며, 후속적으로 유효이자율법을 사용한 상각후원가로 측정하고 있습니다.
2.16 차입금
차입금은 최초에 공정가치에서 거래비용을 차감한 가액으로 인식하며, 후속적으로 상각후원가로 측정하고 있습니다. 거래비용 차감 후 수취한 금액과 상환금액의 차이는 유효이자율법으로 상각하여 차입기간 동안 손익계산서에 인식하고 있습니다. 또한, 보고기간종료일 이후 12개월 이상 결제를 이연할 수 있는 무조건적인 권리가 있는 경우 비유동부채로 분류하며, 그렇지 않은 경우 유동부채로 분류하고 있습니다.
2.17 충당부채 및 우발부채
과거사건의 결과로 현재의 법적의무나 의제의무가 존재하고, 그 의무를 이행하기 위한 자원의 유출가능성이 높으며, 당해 금액의 신뢰성 있는 추정이 가능한 경우 회사는 충당부채를 인식하고 있습니다. 미래영업손실에 대하여는 충당부채를 인식하지 않습니다.
충당부채는 의무를 이행하기 위하여 예상되는 지출액의 현재가치로 측정하며, 현재가치 평가에 사용하는 할인율은 그 부채의 고유한 위험과 화폐의 시간가치에 대한 현행 시장의 평가를 반영한 세전이자율입니다. 시간경과로 인한 충당부채의 증가는 이자비용으로 인식하고 있습니다.
또한, 과거사건은 발생하였으나 불확실한 미래사건의 발생 여부에 의해서 존재 여부가 확인되는 잠재적인 의무가 있는 경우 또는 과거사건이나 거래의 결과 현재 의무가존재하나 자원이 유출될 가능성이 높지 않거나 당해 의무를 이행하여야 할 금액을 신뢰성 있게 추정할 수 없는 경우 우발부채로 주석기재하고 있습니다.
2.18 종업원급여
회사는 확정급여제도와 확정기여제도를 포함하는 다양한 형태의 퇴직연금제도를 운영하고 있습니다.
확정기여제도는 회사가 고정된 금액의 기여금을 별도 기금에 지급하는 퇴직연금제도입니다. 해당 기금이 현재나 과거 기간의 종업원 용역과 관련하여 지급하여야 할 급여 전액을 지급하기에 충분한 자산을 보유하지 못하는 경우에도 회사는 추가적인 기여금을 납부할 법적 의무나 의제의무를 부담하지 않습니다. 확정기여제도와 관련하여 회사는 상장되거나 비상장으로 관리되고 있는 연금보험제도에 의무적으로나 계약에 의해 또는 자발적으로 기여금을 지급하고 있습니다. 기여금이 지급된 이후에 회사는 더 이상의 미래 의무를 부담하지 않습니다. 기여금은 종업원이 근무 용역을 제공했을 때 비용으로 인식됩니다. 선급 기여금은 초과 기여금으로 인해 미래 지급액이 감소하거나 현금이 환급되는 만큼을 자산으로 인식하고 있습니다.
확정급여제도는 확정기여제도를 제외한 모든 퇴직연금제도입니다. 일반적으로 확정급여제도는 연령, 근속연수나 급여수준 등의 요소에 의해 종업원이 퇴직할 때 지급받을 퇴직연금급여의 금액을 확정하고 있습니다. 확정급여제도와 관련하여 재무상태표에 계상된 부채(자산)는 보고기간종료일 현재 확정급여채무의 현재가치에 사외적립자산의 공정가치를 차감한 과소적립액(자산인식상한을 한도로 하는 초과적립액)입니다. 확정급여채무는 매년 독립된 보험계리인에 의해 예측단위적립방식에 따라 산정됩니다. 확정급여채무의 현재가치는 급여가 지급될 통화로 표시되고 관련 확정급여채무의 지급 시점과 만기가 유사한 우량회사채의 이자율로 기대미래현금유출액을 할인하여 산정하고 있습니다.
보험수리적 가정의 변경 및 보험수리적 가정과 실제로 발생한 결과의 차이로 인해 발생하는 보험수리적손익은 발생한 기간의 기타포괄손익으로 인식하고 있으며, 제도개정, 축소 또는 정산이 발생하는 경우 과거근무원가 또는 정산으로 인한 손익은 발생 즉시 당기손익으로 인식하고 있습니다.
2.19 금융보증계약
금융보증계약은 채무상품의 최초 계약조건이나 변경된 계약조건에 따라 지급기일에 특정 채무자가 지급하지 못하여 보유자가 입은 손실을 보상하기 위하여 특정 금액을 지급하여야 하는 계약입니다. 회사가 제공한 금융보증계약은 최초 인식 시 공정가치로 측정되며, 후속적으로는 다음 중 큰 금액으로 측정하여 기타금융부채로 인식됩니다. (1) 금융상품의 손상 규정에 따라 산정한 손실충당금 (2) 최초 인식금액에서 기준서 제1115호에 따라 인식한 이익누계액을 차감한 금액
2.20 당기법인세 및 이연법인세
회사의 법인세비용은 당기법인세와 이연법인세로 구성됩니다. 법인세는 기타포괄손익이나 자본에 직접 인식된 항목과 관련된 금액은 해당 항목에서 직접 인식하며, 이를 제외하고는 당기손익으로 인식됩니다. 법인세비용은 보고기간종료일 현재 제정되었거나 실질적으로 제정된 세법에 기초하여 측정됩니다.
이연법인세는 자산과 부채의 장부금액과 세무기준액의 차이로 정의되는 일시적차이에 대하여 장부금액을 회수하거나 결제할 때의 예상 법인세효과로 인식됩니다. 다만,사업결합 이외의 거래에서 자산ㆍ부채를 최초로 인식할 때 발생하는 이연법인세자산과 부채는 그 거래가 회계이익이나 과세소득에 영향을 미치지 않는다면 인식되지 않습니다. 이연법인세자산은 차감할 일시적차이가 사용될 수 있는 미래 과세소득의 발생가능성이 높은 경우에 인식됩니다.
종속기업, 관계기업 및 공동기업 투자지분과 관련된 가산할 일시적차이에 대하여 소멸 시점을 통제할 수 있고 예측가능한 미래에 일시적차이가 소멸하지 않을 가능성이 높은 경우를 제외하고 이연법인세부채를 인식하고 있습니다. 또한 이러한 자산으로부터 발생하는 차감할 일시적차이에 대하여 일시적차이가 예측가능한 미래에 소멸할가능성이 높고 일시적차이가 사용될 수 있는 과세소득이 발생할 가능성이 높은 경우에만 이연법인세자산을 인식하고 있습니다. 이연법인세자산과 부채는 당기법인세자산과 당기법인세부채를 상계할 수 있는 법적으로 집행가능한 권리를 회사가 보유하고, 이연법인세자산과 부채가 동일한 과세당국에 의해서 부과되는 법인세와 관련이 있으면서 순액으로 결제할 의도가 있는 경우에 상계됩니다.
2.21 파생상품
회사는 파생상품의 계약에 따라 발생된 권리와 의무를 공정가액으로 평가하여 자산과 부채로 계상하고, 동 계약으로부터 발생한 손익은 발생 시점에 당기손익으로 인식하고 있습니다. 다만, 요건을 충족한 현금흐름위험회피와 해외사업장에 대한 순투자에 대한 위험회피금액은 자본항목으로 이연하고 있습니다. 회사는 재고자산의 가격 변동 위험 등을 회피하기 위한 현금흐름 위험회피회계를 적용하고 있습니다. 현금흐름위험회피 대상으로 지정되어 적용요건을 충족하는 파생상품의 공정가치 변동 중 위험회피에 효과적인 부분은 기타포괄손익으로 인식하고, 비효과적인 부분은 '금융수익' 또는 '금융비용'으로 인식하고 있습니다.
2.22 배당금
배당금은 회사의 주주에 의해 승인된 시점에 부채로 인식하고 있습니다.
2.23 자본금
보통주와 상환의무 없는 우선주는 모두 자본으로 분류하고 있습니다. 회사 또는 종속기업이 회사의 보통주를 취득하는 경우, 직접거래원가를 포함하는 지급 대가는 그 보통주가 소각되거나 재발행 될 때까지 회사의 자본에서 차감하여 표시하고 있습니다. 이러한 자기주식이 재발행되는 경우, 수취한 대가는 회사의 주주에게 귀속되는 자본에 포함하고 있습니다.
2.24 수익인식
수익은 주로 회사의 통상적인 활동에서 발생하는 재화의 판매에 대하여 받았거나 받을 대가의 공정가액으로 구성되어 있습니다. 수익은 부가가치세, 반품, 판매장려금 및 가격 할인액을 차감한 순액으로 표시하며, 내부거래를 제거한 후의 금액으로 표시하고 있습니다.
회사는 2018년 1월 1일부터 기준서 제1115호 '고객과의 계약에서 생기는 수익'을 적용하였습니다. 제1115호에 따르면 모든 유형의 계약에 5단계 수익인식모형(① 계약 식별 → ② 수행의무 식별 → ③ 거래가격 산정 → ④ 거래가격을 수행의무에 배분 →⑤ 수행의무 이행 시 수익 인식)을 적용하여 수익을 인식합니다. (1) 수행의무의 식별 회사는 Incoterms Group C 조건(무역조건 CIF 등)에 따라 다양한 제품 및 상품을 수출하고 있습니다. 고객에게 통제가 이전된 이후 매도인이 운송서비스를 제공하므로 해당 운송서비스(보험 포함)를 별도의 수행의무로 인식합니다. (2) 기간에 걸쳐 이행하는 수행의무 회사는 조달청을 통해 수주되는 시스템에어컨 도급공사계약에 따라 고객에게 제품을납품하고 설치를 수행하고 있습니다. 기준서 제1115호에 따르면 기업이 수행하여 만들어지거나 가치가 높아지는 대로 고객이 통제하는 자산을 기업이 만들거나 그 자산가치를 높이는 경우 진행기준을 적용하여 수익을 인식하여야 합니다. 이에 따라 시스템에어컨 설치용역의 경우 용역 수행 경과에 따른 결과물을 고객이 직접 통제하기 때문에 진행기준을 적용하여 수익을 인식합니다.
(3) 변동대가 회사는 할인 등 고객과 약속한 대가에 변동가능성이 있는 경우, 고객으로부터 이미 받았거나 받을 대가 중 권리를 갖지 않을 것으로 예상하는 금액(변동대가)을 기대값 또는 가능성이 가장 높은 금액 중 보다 신뢰성있는 방법으로 추정합니다. 이미 인식한 누적 수익금액 중 유의적인 부분을 되돌리지 않을 가능성이 매우 높은 금액까지만거래가격에 포함하여 수익을 인식하며, 회사가 이미 받았거나 받을 대가 중에서 권리를 갖지 않는 것으로 예상하는 금액은 계약부채로 분류합니다. 회사는 고객에게 제품 판매 후 고객이 반품할 것으로 예상되는 제품에 대해 경험률에기초한 기댓값 방법으로 반품율을 예측하여 계약부채(환불부채)를 인식하고 있습니다. 고객이 반품 권리를 행사할 때 고객으로부터 제품을 회수할 권리를 가지므로그 자산을 환불자산으로 인식하고 해당 금액만큼 매출원가를 조정합니다. 제품을 회수할 권리는 제품의 과거 장부금액에서 제품을 회수하는데 드는 원가를 차감하여 측정합니다.
(4) 거래가격의 배분
회사는 하나의 계약에서 식별된 여러 수행의무에 상대적 개별 판매가격을 기초로 거래가격을 배분합니다. 각 수행의무의 개별 판매가격을 추정하기 위하여 '시장평가 조정 접근법' 등을 사용합니다.
2.25 리스
리스는 리스제공자가 대가와 교환하여 식별되는 자산의 사용 통제권을 일정기간 리스이용자에게 이전하는 계약입니다. 회사는 계약의 약정 시점에, 계약 자체가 리스인지, 계약이 리스를 포함하는지를 판단합니다. 다만, 회사는 기준서 제1116호 '리스' 최초적용일인 2019년 1월 1일 이전 계약에 대해서는 실무적 간편법을 적용하여 모든 계약에 대해 다시 판단하지 않았습니다. 리스이용자 및 리스제공자는 리스계약이나 리스를 포함하는 계약에서 계약의 각 리스요소를 리스가 아닌 요소(이하 ""비리스요소"")와 분리하여 리스로 회계처리합니다. 다만, 회사는 리스이용자로서의 회계처리에서 실무적 간편법을 적용하여 비리스요소를 리스요소와 분리하지 않고 각 리스요소와 관련 비리스요소를 하나의 리스요소로 회계처리합니다. (1) 리스이용자 회사는 리스개시일에 기초자산을 사용할 권리를 나타내는 사용권자산(리스자산)과 리스료를 지급할 의무를 나타내는 리스부채를 인식합니다.
사용권자산은 최초 인식 시 원가로 측정하고, 후속적으로 원가에서 감가상각누계액과 손상차손누계액을 차감하고, 리스부채의 재측정에 따른 조정을 반영하여 측정합니다. 또한 사용권자산은 리스개시일부터 사용권자산의 내용연수 종료일과 리스기간 종료일 중 이른 날까지의 기간동안 감가상각합니다. 사용권자산은 재무상태표에 '유형자산'으로 분류합니다.
리스부채는 리스개시일에 그날 현재 지급되지 않은 리스료의 현재가치로 측정합니다. 현재가치 측정 시 리스의 내재이자율로 리스료를 할인하되, 내재이자율을 쉽게 산정할 수 없는 경우에는 회사의 증분차입이자율로 리스료를 할인하고 있습니다. 리스부채는 후속적으로 리스부채에 대하여 인식한 이자비용만큼 증가하고, 리스료의 지급을 반영하여 감소합니다. 지수나 요율(이율)의 변동, 잔존가치보증에 따라 지급할 것으로 예상되는 금액의 변동, 매수선택권이나 연장선택권을 행사할 것이 상당히 확실한지나 종료선택권을 행사하지 않을 것이 상당히 확실한지에 대한 평가의 변동에 따라 미래 리스료가 변경되는 경우에 리스부채를 재측정합니다. 리스부채는 재무상태표에 '유동성장기부채' 또는 '장기차입금'으로 분류합니다. 단기리스(리스개시일에 리스기간이 12개월 이하)와 소액자산 리스(기초자산 US$ 5,000 이하)의 경우 실무적 간편법을 적용하여 리스료를 리스기간에 걸쳐 정액기준으로 비용을 인식합니다. (2) 리스제공자 리스제공자의 회계처리는 2019년 1월 1일 기준서 제1116호를 최초 적용하기 전의 회계정책과 유의적으로 변동되지 않았습니다. 회사는 리스약정일에 리스자산의 소유에 따른 위험과 보상의 대부분을 이전하는 리스는 금융리스로 분류하고, 금융리스 이외의 모든 리스는 운용리스로 분류합니다. 운용리스로부터 발생하는 리스료 수익은 리스기간에 걸쳐 정액기준으로 인식하고, 운용리스의 협상 및 계약 단계에서 발생한 리스개설 직접원가는 리스자산의 장부금액에 가산한 후 리스료 수익에 대응하여 리스기간 동안 비용으로 인식합니다.
2.26 정부보조금
정부보조금은 보조금의 수취와 정부보조금에 부가된 조건의 준수에 대한 합리적인 확신이 있을 때 공정가치로 인식됩니다. 수익과 관련된 정부보조금은 이연하여 정부보조금의 교부 목적과 관련된 수익 또는 비용과 대응될 수 있는 기간에 손익계산서에인식하고 있습니다. 한편, 특정 자산의 취득과 관련된 정부보조금은 이연수익으로 처리하고, 정부보조금 관련 이연수익은 관련 자산의 내용연수 동안 상각하여 손익으로 반영하고 있습니다.
2.27 주당이익
기본주당이익은 주주에게 귀속되는 손익계산서상 당기순이익을 보고기간 동안의 회사의 가중평균 유통보통주식수로 나누어 산정한 것입니다.
희석주당이익은 주주에게 귀속되는 손익계산서상 당기순이익을 보고기간 동안의 회사의 가중평균 유통보통주식수와 가중평균 잠재적 희석증권주식수로 나누어 산정한 것입니다. 잠재적 희석증권은 희석효과가 발생하는 경우에만 희석주당이익의 계산에반영됩니다.
2.28 보고부문
보고부문은 최고영업의사결정자에게 보고되는 부문별로 공시되고 있습니다. 최고영업의사결정자는 부문에 배부될 자원에 대한 의사결정을 하고 부문의 성과를 평가하는데 책임이 있으며, 전략적 의사결정을 수행하는 경영위원회를 최고의사결정자로 보고 있습니다.
2.29 재무제표의 승인 회사의 재무제표는 2023년 1월 31일 이사회에서 승인되었으며, 향후 정기주주총회에서 수정 승인될 수 있습니다.
3. 중요한 회계추정 및 가정:
회사는 미래에 대하여 추정 및 가정을 하고 있습니다. 추정 및 가정은 지속적으로 평가되며, 과거 경험과 현재의 상황에서 합리적으로 예측가능한 미래의 사건을 고려하여 이루어집니다. 이러한 회계추정은 실제 결과와 다를 수도 있습니다. 특히 2020년 부터 발생한 코로나19(COVID-19)의 확산으로 회사의 추정 및 가정에 영향이 발생할 수 있으나, 당기말 현재 그 영향을 합리적으로 추정할 수 없습니다. 다음 회계연도에 자산 및 부채 장부금액의 조정에 영향을 미칠 수 있는 유의적 위험에 대한 추정 및가정은 다음과 같습니다.
가. 수익인식
회사는 고객에게 제품 판매 후 고객이 반품할 것으로 예상되는 제품에 대하여 환불부채와 회수할 재화에 대한 권리를 인식하고 있습니다. 판매 시점에 포트폴리오 수준에서 누적된 경험에 기초하여 기댓값 방법으로 반품률을 예측하고 있으며, 회사의 수익은 예측된 반품률의 변동에 영향을 받습니다. 회사는 재화의 판매로 인한 수익을 통제가 이전되는 시점에 계약에 따른 대가에서 특정 매출장려활동을 차감한 금액으로 인식하고 있습니다. 과거의 경험 및 계약에 기초하여 매출차감액을 합리적으로 추정하고 있으며, 회사의 수익은 추정된 매출차감에 영향을 받습니다. 나. 판매보증충당부채
회사는 판매한 제품에 대하여 품질에 대한 보증의무를 부담하고 있습니다. 회사는 매 보고기간종료일 미래와 현재의 보증의무를 제공하는데 필요하다고 판단되는 최선의 추정치를 기준으로 보증충당부채를 계상하고 있습니다. 이러한 최선의 추정치는 과거 경험에 기초하여 결정하고 있습니다.
다. 금융상품의 공정가치
회사는 활성시장에서 거래되지 않는 금융상품의 공정가치에 대하여 보고기간종료일 현재 주요한 시장상황을 기초로 다양한 평가기법 및 가정을 사용하여 결정하고 있습니다.
라. 금융자산의 손상 회사는 금융자산의 손실충당금을 측정할 때에 채무불이행위험과기대신용률에대한 가정에 근거하였습니다. 회사는 이러한 가정을 세우고 손상 계산을 위한 투입요소를 선택할 때 보고기간종료일의 미래 전망에 대한 추정 및 과거 경험, 현재 시장 상황에 근거하여 판단합니다. 마. 리스 회사는 리스기간을 산정할 때에 연장선택권을 행사하거나 종료선택권을 행사하지 않을 경제적 유인이 생기게 하는 관련되는 사실 및 상황을 모두 고려합니다. 연장선택권의 대상 기간(또는 종료선택권의 대상 기간)은 리스이용자가 연장선택권을 행사할 것(또는 행사하지 않을 것)이 상당히 확실한 경우에만 리스기간에 포함됩니다. 선택권이 실제로 행사되거나(행사되지 않거나) 회사가 선택권을 행사할(행사하지 않을) 의무를 부담하게 되는 경우에 리스기간을 다시 평가합니다. 리스이용자가 통제할수 있는 범위에 있고 리스기간을 산정할 때에 영향을 미치는 유의적인 사건이 일어나거나 상황에 유의적인 변화가 있을 때에만 회사는 연장선택권을 행사할 것(또는 행사하지 않을 것)이 상당히 확실한지의 판단을 변경합니다.
바. 순확정급여부채(자산)
순확정급여부채(자산)는 많은 가정을 사용하는 보험수리적 방식에 의해 결정되는 다양한 요소들에 따라 달라질 수 있습니다. 퇴직연금의 순원가(이익)를 결정하는 데 사용되는 가정은 할인율을 포함하고 있으며, 이러한 가정의 변동은 순확정급여부채(자산)의 장부금액에 영향을 줄 것입니다. 회사는 매년 말 우량회사채 이자율을 고려하여 적절한 할인율을 결정하고 있으며 이러한 할인율은 순확정급여부채(자산)의 정산 시 발생할 것으로 예상되는 미래의 추정 현금 유출액의 현재가치를 결정할 때 사용되어야 하는 이자율을 나타냅니다. 순확정급여부채(자산)와 관련된 다른 주요한 가정들은 일부 현재의 시장 상황에 근거하고 있습니다.
사. 영업권 및 내용연수가 비한정인 무형자산의 손상
회사는 매년 영업권 및 내용연수가 비한정인 무형자산의 손상 여부를 검토하고 있습니다. 현금창출단위 또는 자산의 회수가능금액은 사용가치의 계산에 기초하여 결정하고 있습니다. 이러한 계산은 추정에 근거하여 이루어집니다.
아. 법인세
회사의 과세소득에 대한 법인세는 다양한 국가의 세법 및 과세당국의 결정을 적용하여 산정되므로 최종 세효과를 산정하는 데에는 불확실성이 존재합니다. 회사는 보고기간종료일 현재까지의 영업활동의 결과로 미래에 부담할 것으로 예상되는 법인세효과를 최선의 추정과정을 거쳐 당기법인세 및 이연법인세로 인식하였습니다. 하지만 실제 미래 최종 법인세부담은 인식한 관련 자산ㆍ부채와 일치하지 않을 수 있으며, 이러한 차이는 최종 세효과가 확정된 시점의 당기법인세 및 이연법인세 자산ㆍ부채에 영향을 줄 수 있습니다. 회사는 특정 기간 동안 과세소득의 일정 금액을 투자, 임금증가 등에 사용하지 않았을 때 세법에서 정하는 방법에 따라 산정된 법인세를 추가로 부담합니다. 따라서 해당 기간의 당기법인세와 이연법인세를 측정할 때 이에 따른 세효과를 반영하여야 하고, 이로 인해 회사가 부담할 법인세는 각 연도의 투자, 임금증가 등의 수준에 따라 달라지므로 최종 세효과를 산정하는 데에는 불확실성이 존재합니다.
회사는 법인세 처리의 불확실성 여부를 검토하고 있으며, 과세당국이 불확실한 법인세 처리를 수용할 가능성이 높지 않다고 결론 내리는 경우에는 불확실한 법인세 처리각각에 다음 방법 가운데 불확실성의 해소를 더 잘 예측할 것으로 예상하는 방법을 사용하여 불확실성의 영향을 재무제표에 반영하고 있습니다.
(1) 가능성이 가장 높은 금액: 가능한 결과치 범위에서 가능성이 가장 높은 단일금액
(2) 기댓값: 가능한 결과치의 범위에 있는 모든 금액에 각 확률을 곱한 금액의 합
4. 범주별 금융상품:
가. 보고기간종료일 현재 범주별 금융상품 내역은 다음과 같습니다. (1) 당기말
(단위 : 백만원)
현금및현금성자산
3,921,593
-
-
3,921,593
단기금융상품
137
-
-
137
매출채권
20,503,223
-
-
20,503,223
기타포괄손익-공정가치금융자산
-
1,364,325
-
1,364,325
당기손익-공정가치금융자산
-
-
283
283
기타
5,470,355
-
-
5,470,355
계
29,895,308
1,364,325
283
31,259,916
(단위 : 백만원)
매입채무
8,729,315
-
8,729,315
단기차입금
-
2,381,512
2,381,512
미지급금
18,324,604
-
18,324,604
유동성장기부채
6,228
129,525
135,753
사채
24,912
-
24,912
장기차입금
-
654,979
654,979
장기미지급금
2,083,790
-
2,083,790
기타
3,145,473
-
3,145,473
계
32,314,322
3,166,016
35,480,338
(*) 기타금융부채는 범주별 금융부채의 적용을 받지 않는 담보부차입금 및 리스부채 등을 포함하고 있습니다.
(2) 전기말
(단위 : 백만원)
현금및현금성자산
3,918,872
-
-
3,918,872
단기금융상품
15,000,576
-
-
15,000,576
매출채권
33,088,247
-
-
33,088,247
기타포괄손익-공정가치금융자산
-
1,662,532
-
1,662,532
당기손익-공정가치금융자산
-
-
2,135
2,135
기타
5,076,418
-
-
5,076,418
계
57,084,113
1,662,532
2,135
58,748,780
(단위 : 백만원)
매입채무
11,557,441
-
11,557,441
단기차입금
-
9,204,268
9,204,268
미지급금
12,948,960
-
12,948,960
유동성장기부채
5,810
133,518
139,328
사채
29,048
-
29,048
장기차입금
-
431,915
431,915
장기미지급금
2,335,218
-
2,335,218
기타
3,056,156
-
3,056,156
계
29,932,633
9,769,701
39,702,334
(*) 기타금융부채는 범주별 금융부채의 적용을 받지 않는 담보부차입금 및 리스부채 등을 포함하고 있습니다.
나. 금융상품 범주별 순손익 구분 (1) 당기
(단위 : 백만원)
평가손익(기타포괄손익)
-
(208,883)
-
(208,883)
평가ㆍ처분손익(당기손익)
-
-
271,057
271,057
이자수익
339,242
-
-
339,242
외환차이(당기손익)
(668,955)
-
(668,955)
배당금수익
-
3,594
-
3,594
손상(환입)
(2,130)
-
-
(2,130)
(단위 : 백만원)
이자비용
(45,883)
(244,200)
(290,083)
외환차이(당기손익)
477,397
132,902
610,299
(*) 기타금융부채는 범주별 금융부채의 적용을 받지 않는 담보부차입금 및 리스부채 등을 포함하고 있습니다.
(2) 전기
(단위 : 백만원)
평가손익(기타포괄손익)
-
(99,916)
-
(99,916)
평가ㆍ처분손익(당기손익)
-
-
14,003
14,003
이자수익
260,396
-
-
260,396
외환차이(당기손익)
69,874
-
-
69,874
배당금수익
-
3,118
593
3,711
손상(환입)
(17,144)
-
-
(17,144)
(단위 : 백만원)
이자비용
(49,982)
(100,002)
(149,984)
외환차이(당기손익)
317,176
(21,167)
296,009
(*) 기타금융부채는 범주별 금융부채의 적용을 받지 않는 담보부차입금 및 리스부채 등을 포함하고 있습니다.
5. 금융자산의 양도: 회사는 당기 및 전기 중 은행과의 매출채권 팩토링 계약을 통해 매출채권을 할인하였습니다. 회사가 매출채권 팩토링 거래에서 제공한 매출채권은 채무자의 채무불이행 시의 소구조건 등으로 대부분의 위험과 보상을 회사가 보유하므로 금융자산의 제거요건을 충족하지 않아 제거되지 않았습니다. 이러한 거래에서 인식한 금융부채는 재무상태표에 '단기차입금'으로 분류되어 있습니다(주석 12 참조).
보고기간종료일 현재 매출채권의 할인된 내역은 다음과 같습니다.
(단위 : 백만원)
할인된 매출채권의 장부금액
2,381,512
9,204,268
관련 차입금의 장부금액
2,381,512
9,204,268
6. 공정가치금융자산:
가. 보고기간종료일 현재 공정가치금융자산의 구성 내역은 다음과 같습니다. (1) 기타포괄손익-공정가치금융자산
(단위 : 백만원)
지분상품
1,364,325
1,662,532
(2) 당기손익-공정가치금융자산
(단위 : 백만원)
채무상품
채무상품
283
2,135
나. 당기 및 전기 중 공정가치금융자산의 변동 내역은 다음과 같습니다. (1) 기타포괄손익-공정가치금융자산
(단위 : 백만원)
기초
1,662,532
1,539,659
취득
-
260,642
처분
(10,976)
-
공정가치평가
(285,585)
(137,815)
기타
(1,646)
46
기말
1,364,325
1,662,532
(2) 당기손익-공정가치금융자산
(단위 : 백만원)
기초
2,135
3,107
처분
(1,744)
(912)
기타
(108)
(60)
기말
283
2,135
다. 당기 및 전기 중 기타포괄손익-공정가치금융자산평가손익의 변동 내역은 다음과 같습니다.
(단위 : 백만원)
기초
124,937
262,752
공정가치평가
(285,585)
(137,815)
처분으로 인한 이익잉여금 대체
(5,987)
-
기말
(166,635)
124,937
차감: 자본에 가감되는 법인세효과
43,991
(34,358)
계
(122,644)
90,579
라. 보고기간종료일 현재 공정가치금융자산 중 상장주식의 내역은 다음과 같습니다.
(단위 : 백만원)
삼성중공업㈜
134,027,281
15.2
932,158
684,879
759,935
㈜호텔신라
2,004,717
5.1
13,957
166,592
156,368
㈜아이마켓코리아
647,320
1.9
324
6,538
6,926
㈜케이티스카이라이프
240,000
0.5
3,344
1,954
2,194
㈜용평리조트
400,000
0.8
1,869
1,412
1,958
㈜에이테크솔루션
1,592,000
15.9
26,348
12,879
26,188
㈜원익홀딩스
1,759,171
2.3
15,410
5,972
8,761
㈜원익아이피에스
1,850,936
3.8
16,214
45,811
78,295
㈜동진쎄미켐
2,467,894
4.8
48,277
73,913
125,863
솔브레인홀딩스㈜
461,741
2.2
30,752
10,989
15,976
솔브레인㈜
373,368
4.8
24,866
81,357
103,983
㈜에스앤에스텍
1,716,116
8.0
65,933
45,220
63,153
와이아이케이㈜
9,601,617
11.7
47,336
26,933
59,530
㈜케이씨텍
1,022,216
4.9
20,720
15,129
24,584
㈜엘오티베큠
1,267,668
7.1
18,990
14,326
21,805
㈜뉴파워프라즈마
2,140,939
4.9
12,739
7,579
13,723
㈜에프에스티
1,522,975
7.0
43,009
23,758
38,607
㈜디엔에프
810,030
7.0
20,964
10,692
18,509
Marvell
173,187
0.0
11,705
8,129
17,962
SoundHound AI, Inc.
1,702,957
0.9
13,719
3,820
-
계
1,368,634
1,247,882
1,544,320
(*) 총발행보통주식수 기준 지분율입니다.
7. 매출채권 및 미수금:
가. 보고기간종료일 현재 매출채권 및 미수금의 내역은 다음과 같습니다.
(단위 : 백만원)
채권액
20,720,707
2,945,898
33,353,467
1,855,136
차감: 손실충당금
(56,432)
(6,387)
(56,610)
(4,397)
소 계
20,664,275
2,939,511
33,296,857
1,850,739
차감: 장기 채권
(161,052)
(14,505)
(208,610)
(18,251)
유동항목
20,503,223
2,925,006
33,088,247
1,832,488
보고기간종료일 현재 회사가 은행에 양도한 매출채권은 담보부 차입금으로 회계처리되었으며, 보고기간종료일 현재 2,381,512백만원(전기: 9,204,268백만원)입니다 (주석 12 참조). 나. 당기 및 전기 중 손실충당금의 변동 내역은 다음과 같습니다.
(단위 : 백만원)
기초
56,610
4,397
37,469
7,014
대손상각(환입)
(178)
1,994
19,235
(1,998)
제각
-
(4)
(94)
(619)
기말
56,432
6,387
56,610
4,397
다. 보고기간종료일 현재 기대신용손실을 측정하기 위해 연체일을 기준으로 구분한 매출채권 및 미수금 내역은 다음과 같습니다.
(단위 : 백만원)
연체되지 않은 채권
19,948,076
2,237,287
32,986,766
1,640,450
연체된 채권(*):
31일 이하
581,231
651,489
181,986
31,420
31일 초과 90일 이하
89,722
30,611
26,727
17,586
90일 초과
101,678
26,511
157,988
165,680
소 계
772,631
708,611
366,701
214,686
계
20,720,707
2,945,898
33,353,467
1,855,136
(*) 회사는 31일 이하 연체된 매출채권 및 미수금은 신용이 손상된 것으로 간주하지 않습니다.
라. 보고기간종료일 현재 신용위험의 최대 노출금액은 채권의 장부금액입니다. 회사의 주요 채권과 관련하여 보험사와 보험계약을 체결하고 있습니다.
8. 재고자산:
보고기간종료일 현재 재고자산의 내역은 다음과 같습니다.
(단위 : 백만원)
제품 및 상품
8,589,879
(956,427)
7,633,452
3,884,713
(366,987)
3,517,726
반제품 및 재공품
16,738,121
(1,216,059)
15,522,062
9,384,285
(222,291)
9,161,994
원재료 및 저장품
4,891,951
(492,006)
4,399,945
3,211,380
(258,464)
2,952,916
미착품
434,548
-
434,548
340,417
-
340,417
계
30,654,499
(2,664,492)
27,990,007
16,820,795
(847,742)
15,973,053
당기 중 비용으로 인식한 재고자산의 금액은 151,436,315백만원(전기: 135,609,737백만원)입니다. 동 비용에는 재고자산평가손실(환입) 금액이 포함되어 있습니다.
9. 종속기업, 관계기업 및 공동기업 투자:
가. 당기 및 전기 중 종속기업, 관계기업 및 공동기업 투자의 변동 내역은 다음과 같습니다.
(단위 : 백만원)
기초
56,225,599
56,587,548
취득
1,272,296
138,858
처분
(164,503)
(567,693)
손상(환입)
63,857
66,886
기말
57,397,249
56,225,599
나. 보고기간종료일 현재 주요 관계기업 투자 현황은 다음과 같습니다. (종속기업 현황은 주석 30 참조)
삼성전기㈜
수동소자, 회로부품, 모듈 등 전자부품의 생산 및 공급
23.7
한국
12월
삼성에스디에스㈜
컴퓨터 프로그래밍, 시스템 통합ㆍ관리 등 IT 서비스 및 물류서비스 제공
22.6
한국
12월
삼성바이오로직스㈜
신사업 투자
31.2
한국
12월
삼성SDI㈜(*2)
2차전지 등 전자부품의 생산 및 공급
19.6
한국
12월
㈜제일기획
광고 대행업
25.2
한국
12월
(*1) 총발행보통주식수 기준 지분율입니다. (*2) 유통보통주식수 기준 지분율은 20.6%입니다.
다. 보고기간종료일 현재 주요 종속기업 및 관계기업 투자의 요약 재무정보는 다음과 같습니다. (1) 주요 종속기업
(단위 : 백만원)
삼성디스플레이㈜
57,302,567
7,282,718
30,779,405
4,365,588
Samsung Electronics America, Inc. (SEA)
37,883,156
12,258,315
46,738,920
219,670
Samsung Asia Pte. Ltd. (SAPL)
26,894,611
2,678,285
-
8,699,679
Samsung (China) Semiconductor Co., Ltd. (SCS)
17,095,000
2,970,835
9,679,757
638,385
Samsung (CHINA) Investment Co., Ltd. (SCIC)
13,830,988
9,764,636
2,865,831
257,878
Samsung Electronics Europe Holding Cooperatief U.A. (SEEH)
10,841,515
6,272,800
-
57,997
Samsung India Electronics Private Ltd. (SIEL)
6,772,537
3,571,863
16,180,492
508,510
Shanghai Samsung Semiconductor Co., Ltd. (SSS)
5,067,891
2,858,382
21,370,622
318,578
Samsung Eletronica da Amazonia Ltda. (SEDA)
4,600,508
1,342,517
7,485,104
(38,490)
Thai Samsung Electronics Co., Ltd. (TSE)
3,263,473
486,820
4,824,734
168,524
Samsung Electronics (UK) Ltd. (SEUK)
2,819,792
1,708,064
5,929,357
243,396
Samsung Electronics Benelux B.V. (SEBN)
2,377,730
597,044
2,834,008
25,411
Samsung Electronics Hungarian Private Co. Ltd. (SEH)
2,374,317
452,628
3,935,745
199,742
Samsung Electronics Europe Logistics B.V. (SELS)
2,194,975
2,021,491
15,409,984
20,347
세메스㈜
2,065,558
602,323
2,889,238
185,762
(*) 상기 요약 재무정보는 각 종속기업의 별도재무제표 기준입니다.
(단위 : 백만원)
삼성디스플레이㈜
54,967,156
9,081,737
28,755,975
2,770,060
Samsung Electronics America, Inc. (SEA)
42,982,054
19,246,751
42,325,524
823,914
Samsung (CHINA) Investment Co., Ltd. (SCIC)
13,599,093
9,685,278
2,615,685
451,062
Samsung (China) Semiconductor Co., Ltd. (SCS)
19,049,536
5,168,738
7,341,018
1,708,832
Samsung Electronics Europe Holding Cooperatief U.A. (SEEH)
14,651,496
8,998,502
-
24,527
Samsung Asia Pte. Ltd. (SAPL)
14,683,789
58,381
-
4,668,478
Shanghai Samsung Semiconductor Co., Ltd. (SSS)
7,765,126
5,799,690
31,326,186
325,397
Samsung Eletronica da Amazonia Ltda. (SEDA)
4,589,505
1,671,097
6,020,523
490,202
Samsung India Electronics Private Ltd. (SIEL)
7,765,019
3,236,745
12,222,643
522,672
Thai Samsung Electronics Co., Ltd. (TSE)
3,018,358
474,223
4,443,031
142,191
Samsung Electronics (UK) Ltd. (SEUK)
2,925,062
1,992,367
5,621,922
241,403
Samsung Electronics GmbH (SEG)
2,289,391
2,228,650
6,385,080
2,158
Samsung Electronics Hungarian Private Co., Ltd. (SEH)
2,504,075
641,004
4,357,137
157,616
Samsung Electronics Benelux B.V. (SEBN)
2,612,357
766,034
2,569,603
284,816
Samsung Electronics Europe Logistics B.V. (SELS)
2,305,275
2,144,805
14,700,517
13,943
(*) 상기 요약 재무정보는 각 종속기업의 별도재무제표 기준입니다.
(2) 주요 관계기업
(단위 : 백만원)
요약 재무상태표:
유동자산
4,888,319
8,005,764
6,457,657
9,651,702
2,193,979
비유동자산
6,108,852
3,946,660
10,124,394
20,605,823
557,466
유동부채
2,525,123
2,493,323
4,181,542
8,006,939
1,335,643
비유동부채
778,563
992,132
3,416,034
5,033,084
194,373
요약 포괄손익계산서:
매출
9,441,276
17,234,750
3,001,295
20,124,070
4,253,367
계속영업손익(*)
993,519
1,099,745
798,056
1,952,149
193,732
세후중단영업손익(*)
-
-
-
-
-
기타포괄손익(*)
(9,601)
80,368
6,995
(139,877)
(1,122)
총포괄손익(*)
983,918
1,180,113
805,051
1,812,272
192,610
(*) 관계기업별 지배기업의 소유주에 귀속될 손익입니다.
(단위 : 백만원)
요약 재무상태표:
유동자산
4,598,269
7,575,968
2,823,175
7,444,907
2,018,598
비유동자산
5,343,105
2,941,464
5,146,835
18,388,286
523,513
유동부채
2,234,657
2,370,290
1,107,295
6,461,286
1,224,222
비유동부채
835,592
703,442
1,871,614
4,175,208
190,622
요약 포괄손익계산서:
매출
9,675,036
13,630,002
1,568,007
13,553,220
3,325,712
계속영업손익(*)
1,055,411
611,171
393,589
1,169,801
165,485
세후중단영업손익(*)
(162,966)
-
-
-
-
기타포괄손익(*)
151,809
134,163
(1,270)
623,792
32,535
총포괄손익(*)
1,044,254
745,334
392,319
1,793,593
198,020
(*) 관계기업별 지배기업의 소유주에 귀속될 손익입니다.
라. 보고기간종료일 현재 시장성 있는 관계기업 투자주식의 내역은 다음과 같습니다.
(단위 : 주, 백만원)
삼성전기㈜
17,693,084
2,308,947
445,244
3,494,384
445,244
삼성에스디에스㈜
17,472,110
2,149,070
560,827
2,734,385
560,827
삼성바이오로직스㈜
22,217,309
18,240,411
1,595,892
18,815,659
443,193
삼성SDI㈜
13,462,673
7,956,440
1,242,605
8,818,051
1,242,605
㈜제일기획
29,038,075
669,328
491,599
663,520
491,599
10. 유형자산: 가. 당기 및 전기 중 유형자산의 변동 내역은 다음과 같습니다. (1) 당기
(단위 : 백만원)
기초장부금액
7,780,994
21,841,816
57,135,313
15,307,502
1,601,400
103,667,025
- 취득원가
7,782,125
33,244,532
175,487,461
15,307,502
4,022,759
235,844,379
- 감가상각누계액(손상 포함)
(1,131)
(11,402,716)
(118,352,148)
-
(2,421,359)
(132,177,354)
일반취득 및 자본적지출(*)
154
3,246,081
26,182,600
13,481,591
1,085,750
43,996,176
감가상각
(439)
(1,827,588)
(21,889,623)
-
(594,290)
(24,311,940)
처분ㆍ폐기
(27,720)
(20,264)
(137,496)
-
(8,247)
(193,727)
기타
-
6,577
135,746
(20,729)
(12,142)
109,452
기말장부금액
7,752,989
23,246,622
61,426,540
28,768,364
2,072,471
123,266,986
- 취득원가
7,754,559
36,449,026
199,823,339
28,768,364
4,886,059
277,681,347
- 감가상각누계액(손상 포함)
(1,570)
(13,202,404)
(138,396,799)
-
(2,813,588)
(154,414,361)
(*) 자본화된 차입원가는 40,577백만원이며, 자본화가능차입원가를 산정하기 위하여 사용된 자본화 이자율은 4.1%입니다.
(2) 전기
(단위 : 백만원)
기초장부금액
7,800,435
19,087,134
43,749,609
13,994,259
1,535,487
86,166,924
- 취득원가
7,801,259
28,992,675
146,778,918
13,994,259
3,535,985
201,103,096
- 감가상각누계액(손상 포함)
(824)
(9,905,541)
(103,029,309)
-
(2,000,498)
(114,936,172)
일반취득 및 자본적지출(*)
5,295
4,385,819
31,501,402
1,339,173
607,076
37,838,765
감가상각
(406)
(1,614,006)
(18,016,803)
-
(532,894)
(20,164,109)
처분ㆍ폐기
(24,319)
(5,104)
(108,737)
-
(5,402)
(143,562)
기타
(11)
(12,027)
9,842
(25,930)
(2,867)
(30,993)
기말장부금액
7,780,994
21,841,816
57,135,313
15,307,502
1,601,400
103,667,025
- 취득원가
7,782,125
33,244,532
175,487,461
15,307,502
4,022,759
235,844,379
- 감가상각누계액(손상 포함)
(1,131)
(11,402,716)
(118,352,148)
-
(2,421,359)
(132,177,354)
(*) 자본화된 차입원가는 21,911백만원이며, 자본화가능차입원가를 산정하기 위하여 사용된 자본화 이자율은 1.1%입니다.
나. 당기 및 전기 중 유형자산에 포함된 사용권자산의 변동 내역은 다음과 같습니다. (1) 당기
(단위 : 백만원)
기초장부금액
2,279
510,528
39,038
178,480
730,325
일반취득
26
261,999
1,380
410,088
673,493
감가상각
(439)
(128,754)
(23,276)
(19,120)
(171,589)
계약의 해지
-
(1,070)
-
(737)
(1,807)
기타
-
(3)
4,993
601
5,591
기말장부금액
1,866
642,700
22,135
569,312
1,236,013
(2) 전기
(단위 : 백만원)
기초장부금액
2,593
144,615
70,429
188,236
405,873
일반취득
91
446,071
4,674
992
451,828
감가상각
(405)
(80,085)
(36,065)
(9,617)
(126,172)
계약의 해지
-
(28)
-
(1,131)
(1,159)
기타
-
(45)
-
-
(45)
기말장부금액
2,279
510,528
39,038
178,480
730,325
다. 당기 및 전기 중 계정과목별 유형자산 상각 내역은 다음과 같습니다.
(단위 : 백만원)
매출원가
22,486,452
18,479,655
판매비와관리비 등
1,825,488
1,684,454
계
24,311,940
20,164,109
11. 무형자산: 가. 당기 및 전기 중 무형자산의 변동 내역은 다음과 같습니다.
(1) 당기
(단위 : 백만원)
기초장부금액
1,226,241
236,910
195,135
6,999,170
8,657,456
개별 취득
232,768
-
5,795
2,315,598
2,554,161
내부개발에 의한 취득
-
-
-
-
-
상각
(217,808)
(151,892)
-
(2,235,367)
(2,605,067)
처분ㆍ폐기
(47,915)
-
(197)
-
(48,112)
손상(환입)
-
-
(863)
-
(863)
기타
-
-
-
3,849
3,849
기말장부금액
1,193,286
85,018
199,870
7,083,250
8,561,424
(2) 전기
(단위 : 백만원)
기초장부금액
1,195,319
371,392
194,277
5,241,660
7,002,648
개별 취득
286,963
-
4,329
3,610,518
3,901,810
내부개발에 의한 취득
-
193,708
-
-
193,708
상각
(218,754)
(321,608)
-
(1,851,408)
(2,391,770)
처분ㆍ폐기
(42,031)
-
-
(557)
(42,588)
손상(환입)
-
-
(3,471)
-
(3,471)
기타
4,744
(6,582)
-
(1,043)
(2,881)
기말장부금액
1,226,241
236,910
195,135
6,999,170
8,657,456
나. 당기 및 전기 중 계정과목별 무형자산 상각 내역은 다음과 같습니다.
(단위 : 백만원)
매출원가
2,006,928
1,931,598
판매비와관리비 등
598,139
460,172
계
2,605,067
2,391,770
12. 차입금:
가. 보고기간종료일 현재 차입금의 내역은 다음과 같습니다.
(단위 : 백만원)
단기차입금:
담보부차입금(*1)
우리은행 등
0.0 ~ 16.7
2,381,512
9,204,268
유동성장기차입금:
리스부채(*2)
-
1.6
129,525
133,518
장기차입금:
리스부채(*2)
-
1.6
654,979
431,915
(*1) 담보부차입금과 관련하여 매출채권을 담보로 제공하였습니다. (*2) 리스부채와 관련하여 연이자율은 가중평균증분차입이자율이며, 당기 중 발생한 이자비용은 10,876백만 원(전기: 4,939백만원)입니다. 또한, 채무불이행이 발생할 경우에 대비하여 리스제공자에게 사용권자산에 대한 권리를 담보로 제공하였습니다. 한편, 당기 중 리스부채 측정치에 포함되지 않은 단기리스료, 소액 자산 리스료 등은 63,103백만원(전기: 56,750백만원)입니다.
나. 보고기간종료일 현재 리스부채의 연도별 상환계획은 다음과 같습니다.
(단위 : 백만원)
2023년
149,150
2024년
151,838
2025년
146,916
2026년
131,801
2027년 이후
303,645
계
883,350
13. 사채:
가. 보고기간종료일 현재 사채의 내역은 다음과 같습니다.
(단위 : %, 백만원)
US$ denominated Straight Bonds(*)
1997.10.02
2027.10.01
7.7
31,683 (US$ 25,000천)
35,565 (US$ 30,000천)
사채할인발행차금
(543)
(707)
계
31,140
34,858
차감: 유동성사채
(6,228)
(5,810)
비유동성사채
24,912
29,048
(*) 10년 거치 20년 분할상환되며 이자는 6개월마다 후급됩니다.
나. 보고기간종료일 현재 사채의 연도별 상환계획은 다음과 같습니다.
(단위 : 백만원)
2023년
6,337
2024년
6,337
2025년
6,337
2026년
6,337
2027년 이후
6,335
계
31,683
14. 순확정급여부채(자산): 가. 보고기간종료일 현재 순확정급여부채(자산)의 내역은 다음과 같습니다.
(단위 : 백만원)
기금이 적립된 확정급여채무의 현재가치
10,729,126
11,155,187
기금이 적립되지 않은 확정급여채무의 현재가치
29,546
18,449
소 계
10,758,672
11,173,636
사외적립자산의 공정가치
(15,168,895)
(13,497,927)
순확정급여부채(자산) 계
(4,410,223)
(2,324,291)
나. 당기 및 전기 중 확정급여제도 관련 비용의 세부 내역은 다음과 같습니다.
(단위 : 백만원)
당기근무원가
1,030,033
907,450
순이자원가(수익)
(91,902)
(40,104)
계
938,131
867,346
다. 당기 및 전기 중 확정급여제도 관련 비용의 계정과목별 금액은 다음과 같습니다.
(단위 : 백만원)
매출원가
373,835
341,934
판매비와관리비 등
564,296
525,412
계
938,131
867,346
라. 당기 및 전기 중 확정급여채무의 변동 내역은 다음과 같습니다.
(단위 : 백만원)
기초
11,173,636
9,754,082
당기근무원가
1,030,033
907,450
이자원가
401,973
296,029
확정급여채무의 재측정요소:
- 인구통계적가정의 변동으로 인한 보험수리적손익
-
-
- 재무적가정의 변동으로 인한 보험수리적손익
(1,779,803)
150,624
- 기타사항에 의한 효과
356,672
429,051
급여지급액
(455,787)
(374,416)
기타
31,948
10,816
기말
10,758,672
11,173,636
마. 당기 및 전기 중 사외적립자산의 변동 내역은 다음과 같습니다.
(단위 : 백만원)
기초
13,497,927
10,916,538
사외적립자산의 이자수익
493,875
336,133
사외적립자산의 재측정요소
(249,943)
(128,336)
사용자의 기여금
1,757,800
2,640,100
급여지급액
(355,311)
(276,733)
기타
24,547
10,225
기말
15,168,895
13,497,927
한편, 확정급여제도와 관련하여 2023년도에 납입할 것으로 예상되는 사용자 기여금의 합리적인 추정치는 1,451,728백만원입니다.
바. 보고기간종료일 현재 사외적립자산은 원금보장형 고정수익 상품 등에 투자되어 있습니다.
사. 보고기간종료일 현재 사용한 주요 보험수리적 가정은 다음과 같습니다.
(단위 : %)
할인율
6.1
3.8
미래임금상승률 (인플레이션 효과 포함)
5.8
5.3
아. 보고기간종료일 현재 주요 가정의 변동에 따른 확정급여채무의 민감도 분석은 다음과 같습니다.
(단위 : %)
할인율:
1%p 증가
92
91
1%p 감소
109
110
임금상승률:
1%p 증가
109
110
1%p 감소
92
91
자. 보고기간종료일 현재 확정급여채무의 가중평균만기는 8.1년입니다.
15. 충당부채: 당기 중 충당부채의 변동 내역은 다음과 같습니다.
(단위 : 백만원)
기초
386,713
1,496,525
558,982
2,861,407
5,303,627
순전입(환입)
764,209
590,483
184,480
865,232
2,404,404
사용
(563,257)
(608,120)
(194,281)
(964,082)
(2,329,740)
기타
-
67,718
-
36,647
104,365
기말
587,665
1,546,606
549,181
2,799,204
5,482,656
가. 회사는 출고한 제품에 대한 품질보증, 교환, 하자보수 및 그에 따른 사후서비스 등으로 인하여 향후 부담할 것으로 예상되는 비용을 보증기간 및 과거 경험률 등을 기초로 추정하여 충당부채로 설정하고 있습니다.
나. 회사는 협상 진행 중인 기술사용계약과 관련하여 향후 지급이 예상되는 기술사용료를 추정하여 충당부채로 계상하고 있습니다. 지급시기 및 금액은 협상결과에 따라 변동될 수 있습니다.
다. 회사는 임원을 대상으로 부여연도를 포함한 향후 3년간의 경영실적에 따라 성과급을 지급하는 장기성과 인센티브를 부여하였는 바, 향후 지급이 예상되는 금액의 경과 기간 해당분을 충당부채로 계상하고 있습니다.
라. 회사는 생산 및 판매 중단한 제품에 대하여 향후 부담할 것으로 예상되는 비용 등을 추정하여 충당부채로 계상하고 있습니다.
마. 회사는 온실가스 배출과 관련하여 해당 이행연도분 배출권의 장부금액과 이를 초과하는 배출량에 대해 향후 부담할 것으로 예상되는 비용을 추정하여 충당부채로 계상하고 있습니다. (1) 보고기간종료일 현재 당기 이행연도에 대한 무상할당 배출권과 온실가스 배출량 추정치는 다음과 같습니다.
(단위 : 만톤(tCO2-eq))
무상할당 배출권
무상할당 배출권
1,147
배출량 추정치
1,521
(*) 보고기간종료일 현재 잔여 계획기간에 대해 무상할당 받은 배출권 수량은 3,361만톤(2023년 1,127만톤, 2024년 1,117만톤, 2025년 1,117만톤)입니다.
(2) 당기 및 전기 중 배출권 변동 내역은 다음과 같습니다.
(단위 : 백만원)
기초
46,073
44,865
증가
1,872
1,312
사용
(28,378)
(104)
기말
19,567
46,073
(*) 보고기간종료일 현재 보유중인 배출권 수량은 4,589만톤이며, 담보로 제공한 배출권은 없습니다.
(3) 당기 및 전기 중 배출부채 변동 내역은 다음과 같습니다.
(단위 : 백만원)
기초
45,049
31,777
순전입
16,154
13,376
사용
(28,378)
(104)
기말
32,825
45,049
16. 우발부채와 약정사항:
가. 지급보증한 내역 (1) 보고기간종료일 현재 회사가 해외종속기업의 자금조달 등을 위하여 제공하고 있는 채무보증 내역은 다음과 같습니다.
(단위 : 백만원)
SETK
BNP 외
2023-12-16
303,386
984,692
SEDAM
Citibank 외
2023-12-16
197,405
680,540
SETK-P
BNP 외
2023-12-16
32,506
164,749
SEIL
Citibank
2023-12-16
12,248
19,770
기타
기타
-
-
8,474,399
계
545,545 (US$ 430,476천)
10,324,150 (US$ 8,146,572천)
(2) 보고기간종료일 현재 회사가 해외종속기업의 계약이행을 위하여 제공하고 있는 지급보증 한도액은 469,262백만원입니다. (3) 보고기간종료일 현재 회사가 특수관계자로부터 제공받고 있는 담보 및 지급보증은 없습니다.
나. 소송 등 보고기간종료일 현재 회사는 다수의 회사 등과 정상적인 영업과정에서 발생한 소송, 분쟁 및 규제기관의 조사 등이 진행 중에 있습니다. 이에 따른 자원의 유출금액 및 시기는 불확실하며 회사의 경영진은 이러한 소송 등의 결과가 회사의 재무상태에 중요한 영향을 미치지 않을 것으로 판단하고 있습니다.
다. 분할과 관련된 연대채무 회사와 삼성디스플레이㈜ 등은 분할된 삼성디스플레이㈜ 등의 분할 전 채무에 관하여 연대하여 변제할 책임이 있습니다.
라. 기타 약정사항 (1) 보고기간종료일 현재 회사는 우리은행 외 4개 은행과 무역금융, 상업어음할인 및 외상매출채권담보대출 등의 약정을 맺고 있으며 동 약정에 대한 통합한도액은 10,411,963백만원입니다. 이외에도 회사는 신한은행 외 18개 은행과 한도액 US$ 8,950백만의 무역금융 약정을 체결하고 있으며, 구매대금의 지급과 관련하여 기업은행 외 3개 은행과 한도액 415,048백만원의 외상매출채권담보대출 약정 등을 맺고 있습니다. (2) 보고기간종료일 현재 발생하지 않은 유ㆍ무형자산의 취득을 위한 약정액은 7,191,569백만원입니다.
17. 계약부채: 보고기간종료일 현재 계약부채는 다음과 같습니다.
(단위 : 백만원)
계약부채(*)
1,133,426
1,104,756
(*) 계약부채는 선수금, 미지급비용, 기타유동부채 등에 포함되어 있습니다.
회사가 당기초 계약부채 잔액 중 당기에 수익으로 인식한 금액은 361,591백만원입니다.
18. 자본금:
보고기간종료일 현재 회사의 정관에 의한 발행할 주식의 총수는 250억주(1주의 액면금액: 100원)이며, 회사가 발행한 보통주 및 우선주의 수(소각 주식수 제외)는 각각 5,969,782,550주와 822,886,700주입니다. 보고기간종료일 현재 유통주식수는 상기 발행주식의 수와 동일하며, 당기 및 전기 중 변동사항은 없습니다. 한편, 발행주식의 액면총액은 679,267백만원(보통주 596,978백만원, 우선주 82,289백만원)으로 이익소각으로 인하여 납입자본금 897,514백만원과 상이합니다.
19. 이익잉여금:
가. 보고기간종료일 현재 이익잉여금의 내역은 다음과 같습니다.
(단위 : 백만원)
(1) 법정적립금:
이익준비금(*1)
450,789
450,789
(2) 임의적립금
185,870,540
164,709,023
(3) 미처분이익잉여금
18,066,687
23,614,523
계
204,388,016
188,774,335
(*1) 회사는 상법상의 규정에 따라 납입자본의 50%에 달할 때까지 매 결산기마다 금전에 의한 이익배당액의 10% 이상을 이익준비금으로 적립하도록 되어 있으나, 보고기간종료일 현재 회사의 이익준비금이 납입자본의 50%에 달하였으므로 추가 적립할 의무는 없습니다.
나. 당기 및 전기의 회사의 이익잉여금처분계산서는 다음과 같습니다.
당기의 이익잉여금처분계산서는 주주총회에서 확정될 예정입니다(전기 처분확정일: 2022년 3월 16일).
(단위 : 백만원)
Ⅰ. 미처분이익잉여금
18,066,687
23,614,523
1. 전기이월이익잉여금
30
30
2. 분기배당 주당배당금(률) 제54기 - 1,083원(1083%) 제53기 - 1,083원(1083%)
(7,356,461)
(7,356,461)
3. 당기순이익
25,418,778
30,970,954
4. 기타포괄손익-공정가치금융자산 처분
4,340
-
Ⅱ. 임의적립금 등의 이입액
-
-
Ⅲ. 이익잉여금처분액
18,066,657
23,614,493
1. 배당금 주당배당금(률) 제54기 - 보통주: 361원(361%) 우선주: 362원(362%) 제53기 - 보통주: 361원(361%) 우선주: 362원(362%)
2,452,976
2,452,976
2. 연구및인력개발준비금
15,613,681
21,161,517
Ⅳ. 차기이월미처분이익잉여금
30
30
다. 당기 및 전기 중 배당금 산정 내역은 다음과 같습니다.
(1) 분기배당(배당기준일: 2022년과 2021년 3월 31일, 6월 30일, 9월 30일)
(단위 : 주, %, 백만원)
1분기
배당받을 주식
보통주
5,969,782,550주
5,969,782,550주
우선주
822,886,700주
822,886,700주
배당률(액면가 기준)
보통주ㆍ우선주
361%
361%
배당금액
보통주
2,155,092
2,155,092
우선주
297,062
297,062
계
2,452,154
2,452,154
2분기
배당받을 주식
보통주
5,969,782,550주
5,969,782,550주
우선주
822,886,700주
822,886,700주
배당률(액면가 기준)
보통주ㆍ우선주
361%
361%
배당금액
보통주
2,155,092
2,155,092
우선주
297,062
297,062
계
2,452,154
2,452,154
3분기
배당받을 주식
보통주
5,969,782,550주
5,969,782,550주
우선주
822,886,700주
822,886,700주
배당률(액면가 기준)
보통주ㆍ우선주
361%
361%
배당금액
보통주
2,155,092
2,155,092
우선주
297,062
297,062
계
2,452,154
2,452,154
(2) 기말배당 (배당기준일: 2022년과 2021년 12월 31일)
(단위 : 주, %, 백만원)
배당받을 주식
보통주
5,969,782,550주
5,969,782,550주
우선주
822,886,700주
822,886,700주
배당률(액면가 기준)
보통주
361%
361%
우선주
362%
362%
배당금액
보통주
2,155,092
2,155,092
우선주
297,884
297,884
계
2,452,976
2,452,976
20. 기타자본항목: 보고기간종료일 현재 기타자본항목의 내역은 다음과 같습니다.
(단위 : 백만원)
기타포괄손익-공정가치금융자산평가손익
(122,644)
90,579
순확정급여부채(자산) 재측정요소
(1,910,996)
(2,732,997)
기타
1,760,408
1,760,408
계
(273,232)
(882,010)
21. 비용의 성격별 분류:
당기 및 전기 중 비용의 성격별 분류 내역은 다음과 같습니다.
(단위 : 백만원)
제품 및 재공품 등의 변동
(10,475,794)
(1,423,122)
원재료 등의 사용액 및 상품 매입액 등
107,383,581
90,519,249
급여
14,861,811
14,870,760
퇴직급여
974,711
898,132
감가상각비
24,311,940
20,164,109
무형자산상각비
2,605,067
2,391,770
복리후생비
3,220,421
2,630,171
유틸리티비
3,779,467
2,903,838
외주용역비
3,623,225
3,106,610
광고선전비
1,662,135
1,945,358
판매촉진비
1,385,835
1,066,434
기타비용
33,215,755
28,678,234
계(*)
186,548,154
167,751,543
(*) 손익계산서 상 매출원가와 판매비와관리비를 합한 금액입니다.
22. 판매비와관리비: 당기 및 전기 중 판매비와관리비의 내역은 다음과 같습니다.
(단위 : 백만원)
(1) 판매비와관리비:
급여
2,308,767
2,396,978
퇴직급여
171,358
163,395
지급수수료
2,652,491
2,397,640
감가상각비
412,787
396,881
무형자산상각비
361,653
220,616
광고선전비
1,662,135
1,945,358
판매촉진비
1,385,835
1,066,434
운반비
790,774
907,948
서비스비
935,838
1,675,628
기타판매비와관리비
2,333,072
1,911,866
소 계
13,014,710
13,082,744
(2) 경상연구개발비:
연구개발 총지출액
20,944,051
19,039,074
개발비 자산화
-
(193,708)
소 계
20,944,051
18,845,366
계
33,958,761
31,928,110
23. 기타수익 및 기타비용:
당기 및 전기 중 기타수익 및 기타비용의 내역은 다음과 같습니다.
(단위 : 백만원)
(1) 기타수익:
배당금수익
3,952,338
6,560,011
임대료수익
173,719
164,197
유형자산처분이익
115,861
278,849
기타
334,460
355,947
계
4,576,378
7,359,004
(2) 기타비용:
유형자산처분손실
18,842
13,366
기부금
220,309
195,457
기타
57,193
537,155
계
296,344
745,978
24. 금융수익 및 금융비용: 당기 및 전기 중 금융수익 및 금융비용의 내역은 다음과 같습니다.
(단위 : 백만원)
(1) 금융수익:
이자수익
339,242
260,396
- 상각후원가 측정 금융자산
339,242
260,396
외환차이
9,124,484
3,497,401
파생상품관련이익
270,573
39,182
계
9,734,299
3,796,979
(2) 금융비용:
이자비용
290,083
149,984
- 상각후원가 측정 금융부채
45,883
49,982
- 기타금융부채
244,200
100,002
외환차이
9,351,659
3,485,602
파생상품관련손실
-
63,089
계
9,641,742
3,698,675
회사는 외화거래 및 환산으로 발생한 외환차이를 금융수익 및 금융비용으로 인식하고 있습니다.
25. 법인세비용:
가. 당기 및 전기 중 법인세비용의 주요 구성 내역은 다음과 같습니다.
(단위 : 백만원)
(1) 당기법인세:
기간손익에 대한 당기법인세
5,926,928
8,041,604
당기에 인식한 조정사항
(449,536)
(321,952)
소 계
5,477,392
7,719,652
(2) 이연법인세:
세액공제의 이월로 인한 이연법인세변동액
(1,010,632)
(332,351)
일시적차이로 인한 이연법인세변동액
(193,618)
346,237
소 계
(1,204,250)
13,886
(3) 자본에 직접 부가되는 법인세부담액
-
-
법인세비용 계
4,273,142
7,733,538
나. 당기 및 전기 중 회사의 법인세비용차감전순이익에 대한 법인세비용과 적용세율을 사용하여 이론적으로 계산된 금액과의 차이는 다음과 같습니다.
(단위 : 백만원)
법인세비용차감전순이익
29,691,920
38,704,492
(1) 적용세율에 따른 법인세비용(*)
8,165,278
10,643,735
(2) 조정사항:
세무상 과세되지 않는 수익
(47,446)
(34,706)
세무상 차감되지 않는 비용
507,992
651,517
세액공제
(4,133,747)
(3,420,702)
기타
(218,935)
(106,306)
소 계
(3,892,136)
(2,910,197)
법인세비용 계
4,273,142
7,733,538
(*) 보고기간종료일 현재 제정된 세법에서 규정한 법정세율을 적용하여 산정하였습니다.
다. 당기 및 전기 중 누적일시적차이 및 이연법인세자산(부채)의 증감 내역은 다음과 같습니다.
(1) 당기
(단위 : 백만원)
1) 일시적차이로 인한 이연법인세:
토지재평가
(3,406,625)
3,195
(3,403,430)
(936,822)
38,317
(898,505)
종속기업, 관계기업 및 공동기업 투자(*1)
(3,837,368)
-
(3,837,368)
(853,165)
34,127
(819,038)
감가상각누계액 등
(2,456,302)
(3,733,239)
(6,189,541)
(675,483)
(958,555)
(1,634,038)
미수수익
(54,107)
44,687
(9,420)
(14,879)
12,392
(2,487)
충당부채 및 미지급비용 등
11,098,305
2,589,469
13,687,774
3,052,034
561,538
3,613,572
외화평가조정
(5,313)
562,866
557,553
(1,461)
148,655
147,194
자산손상
1,096,297
(105,290)
991,007
220,916
(36,634)
184,282
퇴직급여
(6,093,355)
685,667
(5,407,688)
(1,675,673)
248,043
(1,427,630)
분할 시 투자주식 평가증(*2)
10,586,822
-
10,586,822
-
-
-
기타
3,897,591
624,521
4,522,112
478,445
145,735
624,180
소 계
10,825,945
671,876
11,497,821
(406,088)
193,618
(212,470)
2) 세액공제로 인한 이연법인세:
세액공제이월액
672,053
1,153,334
1,825,387
614,893
1,010,632
1,625,525
3) 자본에 직접 가감하는 이연법인세:
기타포괄손익-공정가치금융자산평가손익 등
(124,938)
291,573
166,635
(34,358)
78,349
43,991
순확정급여부채(자산) 재측정요소
3,769,652
(1,173,189)
2,596,463
1,036,653
(351,187)
685,466
소 계
3,644,714
(881,616)
2,763,098
1,002,295
(272,838)
729,457
이연법인세자산(부채) 계
1,211,100
931,412
2,142,512
(*1) 종속기업, 관계기업 및 공동기업 투자와 관련된 차감할 일시적차이 중 예측가능한 미래에 소멸할 가능성이 높지 않을 경우 이연법인세자산을 인식하지 않았습니다. (*2) 과거 LCD 사업부문 분할로 인하여 교부 받은 삼성디스플레이㈜ 투자주식에 대한 세무상 장부금액과 회계상 장부 금액의 차이입니다. 보고기간종료일 현재 회사는 향후 삼성디스플레이㈜ 주식을 처분하지 않을 예정이므로, 동 투자주식의 차감할 일시적차이가 예측가능한 미래에 소멸할 가능성이 높지 않을 것으로 보아 이연법인세자산을 인식하지 않았습니다.
(2) 전기
(단위 : 백만원)
1) 일시적차이로 인한 이연법인세:
토지재평가
(3,420,886)
14,261
(3,406,625)
(940,744)
3,922
(936,822)
종속기업, 관계기업 및 공동기업 투자(*1)
(3,994,444)
157,076
(3,837,368)
(909,018)
55,853
(853,165)
감가상각누계액 등
(514,103)
(1,942,199)
(2,456,302)
(141,379)
(534,104)
(675,483)
미수수익
(112,810)
58,703
(54,107)
(31,023)
16,144
(14,879)
충당부채 및 미지급비용 등
9,540,744
1,557,561
11,098,305
2,623,704
428,330
3,052,034
외화평가조정
(51,955)
46,642
(5,313)
(14,288)
12,827
(1,461)
자산손상
1,744,851
(648,554)
1,096,297
399,268
(178,352)
220,916
퇴직급여
(4,223,358)
(1,869,997)
(6,093,355)
(1,161,424)
(514,249)
(1,675,673)
분할 시 투자주식 평가증(*2)
10,586,822
-
10,586,822
-
-
-
기타
1,038,962
2,858,629
3,897,591
115,053
363,392
478,445
소 계
10,593,823
232,122
10,825,945
(59,851)
(346,237)
(406,088)
2) 세액공제로 인한 이연법인세:
세액공제이월액
282,542
389,511
672,053
282,542
332,351
614,893
3) 자본에 직접 가감하는 이연법인세:
기타포괄손익-공정가치금융자산평가손익 등
(262,753)
137,815
(124,938)
(72,257)
37,899
(34,358)
순확정급여부채(자산) 재측정요소
3,061,640
708,012
3,769,652
841,951
194,702
1,036,653
소 계
2,798,887
845,827
3,644,714
769,694
232,601
1,002,295
이연법인세자산(부채) 계
992,385
218,715
1,211,100
(*1) 종속기업, 관계기업 및 공동기업 투자와 관련된 차감할 일시적차이 중 예측가능한 미래에 소멸할 가능성이 높지 않을 경우 이연법인세자산을 인식하지 않았습니다. (*2) 과거 LCD 사업부문 분할로 인하여 교부 받은 삼성디스플레이㈜ 투자주식에 대한 세무상 장부금액과 회계상 장부 금액의 차이입니다. 보고기간종료일 현재 회사는 향후 삼성디스플레이㈜ 주식을 처분하지 않을 예정이므로, 동 투자주식의 차감할 일시적차이가 예측가능한 미래에 소멸할 가능성이 높지 않을 것으로 보아 이연법인세자산을 인식하지 않았습니다.
라. 보고기간종료일 현재 이연법인세자산(부채)의 회수(결제) 시기는 다음과 같습니다.
(단위 : 백만원)
12개월 이내에 회수(결제)될 이연법인세자산(부채)
2,267,807
2,837,162
12개월 이후에 회수(결제)될 이연법인세자산(부채)
(125,295)
(1,626,062)
계
2,142,512
1,211,100
26. 주당이익:
가. 기본주당순이익 당기 및 전기 중 기본주당이익 산정 내역은 다음과 같습니다. (1) 보통주
(단위 : 백만원, 천주, 원)
당기순이익
25,418,778
30,970,954
당기순이익 중 보통주 해당분
22,338,739
27,218,306
÷ 가중평균유통보통주식수(천주)
5,969,783
5,969,783
기본 보통주 주당이익(원)
3,742
4,559
(2) 우선주
(단위 : 백만원, 천주, 원)
당기순이익
25,418,778
30,970,954
당기순이익 중 우선주 해당분
3,080,039
3,752,648
÷ 가중평균유통우선주식수(천주)
822,887
822,887
기본 우선주 주당이익(원)
3,743
4,560
나. 희석주당순이익 회사가 보유하고 있는 희석성 잠재적보통주는 없으며, 당기 및 전기의 기본주당이익과 희석주당이익은 동일합니다.
27. 현금흐름표: 가. 회사는 영업활동 현금흐름을 간접법으로 작성하였습니다. 당기 및 전기 중 영업활동 현금흐름 관련 조정 내역 및 영업활동으로 인한 자산부채의 변동은 다음과 같습니다. (1) 조정 내역
(단위 : 백만원)
법인세비용
4,273,142
7,733,538
금융수익
(1,224,148)
(514,303)
금융비용
1,565,955
636,934
퇴직급여
974,711
898,132
감가상각비
24,311,940
20,164,109
무형자산상각비
2,605,067
2,391,770
대손상각비(환입)
(178)
19,235
배당금수익
(3,952,338)
(6,560,011)
유형자산처분이익
(115,861)
(278,849)
유형자산처분손실
18,842
13,366
재고자산평가손실(환입) 등
2,529,351
696,536
기타
52,905
(32,395)
계
31,039,388
25,168,062
(2) 영업활동으로 인한 자산부채의 변동
(단위 : 백만원)
매출채권의 감소(증가)
12,354,628
(8,102,318)
미수금의 감소(증가)
(711,933)
54,306
장단기선급비용의 감소(증가)
11,033
(198,371)
재고자산의 감소(증가)
(14,337,291)
(2,732,143)
매입채무의 증가(감소)
(2,494,560)
4,935,529
장단기미지급금의 증가(감소)
1,522,457
1,004,128
선수금의 증가(감소)
(154,042)
50,363
예수금의 증가(감소)
(101,231)
191,872
미지급비용의 증가(감소)
88,828
920,919
장단기충당부채의 증가(감소)
74,664
1,570,118
퇴직금의 지급
(492,366)
(405,203)
사외적립자산의 감소(증가)
(1,402,489)
(2,363,367)
기타
(1,225,967)
(707,488)
계
(6,868,269)
(5,781,655)
나. 당기 및 전기 중 투자ㆍ재무활동 현금흐름 관련 주요 비현금거래는 다음과 같습니다.
(단위 : 백만원)
기타포괄손익-공정가치금융자산의 평가
(285,585)
(137,815)
유형자산의 본계정 대체
30,539,179
36,663,946
사용권자산의 취득(리스부채의 신규계약)
673,493
451,828
사채의 유동성 대체
6,228
5,810
장기차입금의 유동성 대체
129,525
133,518
다. 당기 및 전기 중 재무활동 현금흐름에서 생기는 부채의 변동 내역은 다음과 같습니다. (1) 당기
(단위 : 백만원)
단기차입금
9,204,268
(6,700,826)
-
(121,930)
2,381,512
사채 및 장기차입금
600,291
(155,264)
673,493
(302,876)
815,644
계
9,804,559
(6,856,090)
673,493
(424,806)
3,197,156
(*) 상각, 환율변동에 의한 증감액 등을 포함하고 있습니다.
(2) 전기
(단위 : 백만원)
단기차입금
12,520,367
(3,288,858)
-
(27,241)
9,204,268
사채 및 장기차입금
269,877
(117,963)
451,828
(3,451)
600,291
계
12,790,244
(3,406,821)
451,828
(30,692)
9,804,559
(*) 상각, 환율변동에 의한 증감액 등을 포함하고 있습니다.
한편, 당기 및 전기 중 리스부채와 관련하여 발생한 원금 상환에 따른 현금유출액(재무활동)은 149,337백만원 및 112,523백만원, 이자비용 현금유출액(영업활동)은 10,876백만원 및 4,939백만원입니다. 라. 회사는 거래가 빈번하며 총금액이 크고 단기간에 만기가 도래하는 단기금융상품,단기차입금 등으로 인한 현금의 유입과 유출항목을 순증감액으로 작성하였습니다. 한편, 보고기간종료일 현재 회사의 현금및현금성자산은 대부분 예금 등으로 구성되어 있습니다.
28. 재무위험관리:
회사의 재무위험관리는 영업활동에서 파생되는 시장위험, 신용위험, 유동성위험 등을 최소화하는데 중점을 두고 있습니다. 회사는 이를 위하여 각각의 위험요인에 대해면밀하게 모니터링하고 대응하는 재무위험관리정책과 프로그램을 운영하고 있습니다. 위험을 회피하기 위한 파생상품의 이용도 이 프로그램에 포함되어 있습니다. 재무위험관리는 재경팀이 주관하고 있으며, 글로벌 재무위험 관리정책을 수립한 후 주기적으로 재무위험 측정, 헷지 및 평가 등을 실행하고 있습니다. 한편, 해외 주요 권역별로 지역 금융센터(미국, 영국, 싱가포르, 중국, 브라질, 러시아)에서 환율변동 모니터링 및 환거래 대행을 통해 환율변동위험을 관리하고 있으며, 권역 내 자금을 통합운용하여 유동성위험을 관리하고 있습니다. 재무위험관리의 주요 대상인 자산은 현금및현금성자산, 단기금융상품, 매출채권 등으로 구성되어 있으며, 부채는 매입채무, 차입금 등으로 구성되어 있습니다.
가. 시장위험
(1) 환율변동위험 회사는 글로벌 영업 활동을 수행함에 따라 기능통화와 다른 통화로 거래를 하고 있어환율변동위험에 노출되어 있습니다. 환율변동위험에 노출되는 환포지션의 주요 통화로는 USD, EUR, INR 등이 있습니다. 회사는 환율변동과는 무관하게 통화별 자산과 부채규모를 일치하는 수준으로 유지하여 환율변동 영향을 최소화하는데 주력하고 있습니다. 이를 위해 수출입 등의 경상거래 및 예금, 차입 등의 금융 거래 발생 시 현지 통화로 거래하거나 입금 및 지출 통화를 일치시킴으로써 환포지션 발생을 최대한 억제하고 있습니다. 또한, 회사는 효율적인 환율변동위험 관리를 위해 환위험을 주기적으로 모니터링 및 평가하고 있으며 투기적 외환거래는 엄격히 금지하고 있습니다.
보고기간종료일 현재 기능통화와 다른 주요 외화로 표시된 금융자산 및 금융부채에 대하여 환율이 5% 변동할 경우 당기손익(법인세효과 반영 전)에 미치는 영향은 다음과 같습니다.
(단위 : 백만원)
USD
77,795
(77,795)
119,312
(119,312)
EUR
(53,114)
53,114
(33,776)
33,776
INR
52,012
(52,012)
25,057
(25,057)
(2) 이자율변동위험
변동금리부 금융상품의 이자율변동위험은 시장금리 변동으로 인한 재무상태표 항목의 가치변동(공정가치) 위험과 투자 및 재무활동으로부터 발생하는 이자수익, 비용의현금흐름이 변동될 위험으로 정의할 수 있습니다. 이러한 회사의 이자율변동위험은 주로 예금 및 변동금리부 차입금에서 비롯되며, 회사는 이자율 변동으로 인한 불확실성과 금융비용의 최소화를 위한 정책을 수립 및 운영하고 있습니다.
(3) 주가변동위험
회사는 전략적 목적 등으로 기타포괄손익-공정가치금융자산으로 분류된 지분상품에 투자하고 있습니다. 이를 위하여 직ㆍ간접적 투자수단을 이용하고 있습니다. 보고기간종료일 현재 지분상품(상장주식)의 주가가 1% 변동할 경우 기타포괄손익(법인세효과 반영 전)에 미치는 영향은 12,479백만원(전기: 15,443백만원)입니다.
나. 신용위험
신용위험은 통상적인 거래 및 투자활동에서 발생하며 고객 또는 거래상대방이 계약조건상 의무사항을 지키지 못하였을 때 발생합니다. 이러한 신용위험을 관리하기 위하여 고객과 거래상대방의 재무상태와 과거 경험 및 기타 요소를 고려하여 주기적으로 재무신용도를 평가하고 있으며, 고객과 거래상대방 각각에 대한 신용한도를 설정ㆍ관리하고 있습니다. 그리고 위험국가에 소재한 거래처의 매출채권은 보험한도 내에서 적절하게 위험 관리되고 있습니다. 신용위험은 금융기관과의 거래에서도 발생할 수 있으며 해당 거래는 현금및현금성자산, 각종 예금 그리고 파생금융상품 등의 금융상품 거래를 포함합니다. 이러한 위험을 줄이기 위해, 회사는 국제 신용등급이 높은 은행(S&P A등급 이상)에 대해서만 거래를 하는 것을 원칙으로 하고 있으며, 기존에 거래가 없는 금융기관과의 신규 거래는 재경팀과 지역 금융센터의 승인, 관리, 감독하에 이루어지고 있습니다. 회사가 체결하는 금융계약은 부채비율 제한 조항, 담보제공, 차입금 회수 등의 제약조건이 없는 계약을 위주로 체결하고 있으며, 기타의 경우 별도의 승인을 받아 거래하도록 되어 있습니다. 보고기간종료일 현재 회사의 금융자산 장부금액은 손상차손 차감 후 금액으로 회사의 신용위험 최대노출액을 나타내고 있습니다.
다. 유동성위험
대규모 투자가 많은 회사 사업 특성상 적정 유동성의 유지가 매우 중요합니다. 회사는 주기적인 자금수지 예측, 필요 현금 수준 산정 및 수입, 지출 관리 등을 통하여 적정 유동성을 유지ㆍ관리하고 있습니다. 회사는 주기적으로 미래 현금 흐름을 예측하여 유동성위험을 사전 관리하고 있습니다. 권역별로 Cash Pooling을 구축ㆍ활용하여 권역 내 자금 부족의 경우에도 내부 자금을 활용하여 유동성위험을 효율적으로 관리하고 있습니다. Cash Pooling은 자금 부족 회사와 자금 잉여 회사 간 자금을 공유하는 체제로 개별회사의 유동성위험을 최소화하는 한편 자금운용부담 경감 및 금융비용 절감 등의 효과가 있어 회사의 사업 경쟁력 강화에 기여하고 있습니다. 또한, 만약의 대규모 유동성 필요에 대비하여 본사의 지급보증을 통해 해외 종속기업이 활용할 수 있는 차입한도를 확보하고 있습니다.
보고기간종료일 현재 금융부채에 대하여 보고기간종료일로부터 계약만기일까지의 잔여만기에 따라 만기별로 구분된 유동성은 다음과 같습니다.
(1) 당기말
(단위 : 백만원)
금융부채
31,354,944
316,725
1,096,183
2,431,415
472,135
(2) 전기말
(단위 : 백만원)
금융부채
35,764,225
435,581
728,627
2,798,560
87,798
위의 분석에 포함된 금융부채는 보고기간종료일로부터 계약 만기일까지의 잔여기간에 따라 만기별로 구분되었습니다. 계약 만기일까지의 잔여기간에 따른 만기별 구분에 포함된 현금흐름은 현재가치 할인을 하지 않은 금액입니다. 당기말 현재 상기 금융부채 외 종속기업 지급보증 및 이행보증 등으로 노출된 유동성위험의 최대금액은 10,793,412백만원(전기말: 10,211,619백만원)입니다.
라. 자본위험
회사의 자본관리 목적은 계속기업으로서 주주 및 이해관계자에게 이익을 지속적으로 제공할 수 있는 능력을 보호하고 건전한 자본구조를 유지하는 것입니다. 회사는 신용등급, 부채비율 등의 지표를 이용하여 자본위험을 관리하고 있습니다. 보고기간종료일 현재 회사는 S&P로부터 AA-, Moody's로부터 Aa2 평가등급을 받고 있으며, 보고기간종료일 현재 부채비율은 다음과 같습니다.
(단위 : 백만원)
부 채
50,667,559
57,918,452
자 본
209,416,191
193,193,732
부채비율
24.2%
30.0%
마. 공정가치 측정 (1) 보고기간종료일 현재 금융상품의 장부금액과 공정가치는 다음과 같습니다.
(단위 : 백만원)
금융자산:
현금및현금성자산
3,921,593
(*1)
3,918,872
(*1)
단기금융상품
137
(*1)
15,000,576
(*1)
매출채권
20,503,223
(*1)
33,088,247
(*1)
기타포괄손익-공정가치금융자산
1,364,325
1,364,325
1,662,532
1,662,532
당기손익-공정가치금융자산
283
283
2,135
2,135
기타
5,470,355
(*1)
5,076,418
(*1)
계
31,259,916
58,748,780
금융부채:
매입채무
8,729,315
(*1)
11,557,441
(*1)
단기차입금
2,381,512
(*1)
9,204,268
(*1)
미지급금
18,324,604
(*1)
12,948,960
(*1)
유동성장기부채
135,753
6,580
139,328
6,276
- 유동성장기차입금
129,525
(*2)
133,518
(*2)
- 유동성사채
6,228
6,580
5,810
6,276
사채
24,912
27,845
29,048
35,863
장기차입금
654,979
(*2)
431,915
(*2)
장기미지급금
2,083,790
(*1)
2,335,218
(*1)
기타
3,145,473
(*1)
3,056,156
(*1)
계
35,480,338
39,702,334
(*1) 장부금액이 공정가치의 합리적인 근사치이므로 공정가치 공시대상에서 제외하였습니다. (*2) 리스부채는 기업회계기준서 제1107호 '금융상품: 공시'에 따라 공정가치 공시대상에서 제외하였습니다.
(2) 보고기간종료일 현재 공정가치로 측정 및 공시되는 금융상품의 공정가치 서열체계에 따른 수준별 공시는 다음과 같습니다.
(단위 : 백만원)
금융자산:
기타포괄손익-공정가치금융자산
1,247,882
-
116,443
1,364,325
당기손익-공정가치금융자산
-
-
283
283
금융부채:
유동성사채
-
6,580
-
6,580
사채
-
27,845
-
27,845
(단위 : 백만원)
금융자산:
기타포괄손익-공정가치금융자산
1,544,320
-
118,212
1,662,532
당기손익-공정가치금융자산
-
-
2,135
2,135
금융부채:
유동성사채
-
6,276
-
6,276
사채
-
35,863
-
35,863
공정가치 측정의 투입변수 특징에 따른 공정가치 서열체계는 다음과 같습니다. ㆍ'수준 1': 동일한 자산이나 부채에 대한 시장 공시가격 ㆍ'수준 2': 시장에서 관측가능한 투입변수를 활용한 공정가치 (단, '수준 1'에 포함된 공시가격은 제외) ㆍ'수준 3': 관측가능하지 않은 투입변수를 활용한 공정가치
활성시장에서 거래되는 금융상품의 공정가치는 보고기간종료일 현재 고시되는 시장가격에 기초하여 산정됩니다. 거래소, 판매자, 중개인, 산업집단, 평가기관 또는 감독기관을 통해 공시가격이 용이하게 그리고 정기적으로 이용가능하고, 그러한 가격이 독립된 당사자 사이에서 정기적으로 발생한 실제 시장거래를 나타낸다면, 이를 활성시장으로 간주하며, 이러한 상품은 '수준 1'에 포함됩니다. '수준 1'에 포함된 상품은 대부분 기타포괄손익-공정가치금융자산으로 분류된 상장주식으로 구성됩니다.
활성시장에서 거래되지 않는 금융상품의 공정가치는 평가기법을 사용하여 결정하고 있습니다. 이러한 평가기법은 관측가능한 시장정보를 최대한 사용하고 기업고유정보는 최소한으로 사용합니다. 이때, 해당 상품의 공정가치 측정에 요구되는 모든 유의적인 투입변수가 관측가능하다면 해당 상품은 '수준 2'에 포함됩니다.
만약 하나 이상의 유의적인 투입변수가 관측가능한 시장정보에 기초한 것이 아니라면 해당 상품은 '수준 3'에 포함됩니다.
회사는 '수준 3'으로 분류되는 공정가치 측정을 포함하여 재무보고 목적의 공정가치를 측정하고 있습니다. 재무보고 일정에 맞추어 공정가치 평가 과정 및 그 결과에 대해 협의하고 있고, 공정가치 '수준' 간 이동을 발생시키는 사건이나 상황의 변동이 일어난 보고기간종료일에 '수준' 변동을 인식하고 있습니다. 금융상품의 공정가치를 측정하는 데 사용되는 평가기법에는 다음이 포함됩니다. - 유사한 상품의 공시시장가격 또는 딜러가격 - 파생상품의 공정가치는 보고기간종료일 현재의 선도환율 등을 사용하여 해당 금액을 현재가치로 할인하여 측정
나머지 금융상품에 대해서는 현금흐름의 할인기법 등의 기타 기법을 사용합니다. 유동자산으로 분류된 매출채권 및 기타채권의 경우 장부금액을 공정가치의 합리적인 근사치로 추정하고 있습니다.
(3) 가치평가기법 및 투입변수 회사는 공정가치 서열체계에서 '수준 2'로 분류되는 회사채, 국공채, 금융채 등에 대하여 미래현금흐름을 적정이자율로 할인하는 현재가치법을 사용하고 있습니다. 보고기간종료일 현재 '수준 3'으로 분류된 주요 금융상품에 대하여 사용된 가치평가기법과 투입변수는 다음과 같습니다.
(단위 : 백만원, %)
기타포괄손익-공정가치금융자산:
삼성벤처투자㈜
32,073
현금흐름할인법
영구성장률
-1.0%~1.0%(0.0%)
가중평균자본비용
15.8%~17.8%(16.8%)
㈜미코세라믹스
29,385
현금흐름할인법 등
영구성장률
0.0%~1.0%(0.5%)
가중평균자본비용
13.1%~15.1%(14.1%)
(4) '수준 3'에 해당하는 금융상품의 변동 내역
(단위 : 백만원)
기초
120,347
130,242
매도
(12,720)
(912)
당기손익으로 인식된 손익
(108)
-
기타포괄손익으로 인식된 손익
22,926
2,736
기타
(13,719)
(11,719)
기말
116,726
120,347
(5) '수준 3'으로 분류된 반복적인 공정가치 측정치의 민감도분석 금융상품의 민감도분석은 통계적 기법을 이용한 관측 불가능한 투입변수의 변동에 따른 금융상품의 가치 변동에 기초하여 유리한 변동과 불리한 변동으로 구분하여 이루어집니다. 그리고 공정가치가 두 개 이상의 투입변수에 영향을 받는 경우에는 가장 유리하거나 또는 가장 불리한 금액을 바탕으로 산출됩니다. 당기말 현재 '수준 3'으로 분류되는 주요 금융상품의 투입변수의 변동에 따른 손익효과(자본은 법인세효과 반영 전 효과)에 대한 민감도분석 결과는 다음과 같습니다.
(단위 : 백만원)
기타포괄손익-공정가치금융자산(*)
-
2,970
-
(2,374)
(*) 지분상품은 주요 관측불가능한 투입변수인 성장률(-1.0%~1.0%)과 할인율 사이의 상관관 계를 증가 또는 감소시킴으로써 공정가치 변동을 산출하였습니다.
29. 부문별 보고:
회사는 전략적 의사결정을 수립하는 경영진(경영위원회)에게 보고되는 사업 단위를 기준으로 보고부문을 결정하고 있습니다. 경영위원회는 부문에 배분될 자원에 대한 의사결정을 하고 부문의 성과를 평가하기 위하여 부문의 영업이익을 기준으로 검토하고 있습니다. 매출은 대부분 재화의 매출로 구성되어 있습니다. 회사의 보고부문은 조직 및 수익을창출하는 제품의 유형을 기준으로 식별되었으며, 보고기간종료일 현재 보고부문은 DX 부문, DS 부문 등으로 구성되어 있습니다. 보고부문별 자산과 부채는 경영위원회에 정기적으로 제공되지 않아 포함하지 않았습니다.
(1) 당기
(단위 : 백만원)
매출액
117,257,647
97,102,386
211,867,483
감가상각비
542,437
23,589,388
24,311,940
무형자산상각비
1,631,289
754,791
2,605,067
영업이익
3,083,254
22,232,180
25,319,329
(*) 기타는 별도로 표시하지 않았습니다.
(2) 전기
(단위 : 백만원)
매출액
107,675,342
94,373,136
199,744,705
감가상각비
537,479
19,457,650
20,164,109
무형자산상각비
1,382,922
891,431
2,391,770
영업이익
6,389,720
25,592,201
31,993,162
(*) 기타는 별도로 표시하지 않았습니다.
30. 특수관계자와의 거래:
가. 보고기간종료일 현재 종속기업의 현황은 다음과 같습니다.
미주
Samsung Electronics America, Inc. (SEA)
전자제품 판매
100.0
Samsung International, Inc. (SII)
전자제품 생산
100.0
Samsung Mexicana S.A. de C.V (SAMEX)
전자제품 생산
100.0
Samsung Electronics Home Appliances America, LLC (SEHA)
가전제품 생산
100.0
Samsung Research America, Inc (SRA)
R&D
100.0
SAMSUNG NEXT LLC (SNX)
해외자회사 관리
100.0
SAMSUNG NEXT FUND LLC (SNXF)
신기술사업자, 벤처기업 투자
100.0
NeuroLogica Corp.
의료기기 생산 및 판매
100.0
Samsung HVAC America, LLC
에어컨공조 판매
100.0
Joyent, Inc.
클라우드서비스
100.0
Dacor Holdings, Inc.
해외자회사 관리
100.0
Dacor, Inc.
가전제품 생산 및 판매
100.0
SmartThings, Inc.
스마트홈 플랫폼
100.0
TeleWorld Solutions, Inc. (TWS)
네트워크장비 설치 및 최적화
100.0
Samsung Semiconductor, Inc. (SSI)
반도체ㆍDP 판매
100.0
Samsung Austin Semiconductor LLC. (SAS)
반도체 생산
100.0
Samsung Oak Holdings, Inc. (SHI)
해외자회사 관리
100.0
SEMES America, Inc.
반도체 장비 서비스
100.0
Samsung Electronics Canada, Inc. (SECA)
전자제품 판매
100.0
AdGear Technologies Inc.
디지털광고 플랫폼
100.0
(*) 종속기업 보유 지분율을 포함한 의결권 있는 주식 기준입니다.
미주
Samsung Eletronica da Amazonia Ltda. (SEDA)
전자제품 생산 및 판매
100.0
Samsung Electronics Mexico S.A. De C.V. (SEM)
전자제품 판매
100.0
Samsung Electronics Digital Appliance Mexico, SA de CV (SEDAM)
가전제품 생산
100.0
Samsung Electronics Latinoamerica(Zona Libre), S. A. (SELA)
전자제품 판매
100.0
Samsung Electronics Latinoamerica Miami, Inc. (SEMI)
전자제품 판매
100.0
Samsung Electronica Colombia S.A. (SAMCOL)
전자제품 판매
100.0
Samsung Electronics Argentina S.A. (SEASA)
마케팅 및 서비스
100.0
Samsung Electronics Chile Limitada (SECH)
전자제품 판매
100.0
Samsung Electronics Peru S.A.C. (SEPR)
전자제품 판매
100.0
Samsung Electronics Venezuela, C.A. (SEVEN)
마케팅 및 서비스
100.0
Samsung Electronics Panama. S.A. (SEPA)
컨설팅
100.0
Harman International Industries, Inc.
해외자회사 관리
100.0
Harman Becker Automotive Systems, Inc.
오디오제품 생산, 판매, R&D
100.0
Harman Connected Services, Inc.
Connected Service Provider
100.0
Harman Connected Services Engineering Corp.
Connected Service Provider
100.0
Harman da Amazonia Industria Eletronica e Participacoes Ltda.
오디오제품 생산, 판매
100.0
Harman de Mexico, S. de R.L. de C.V.
오디오제품 생산
100.0
Harman do Brasil Industria Eletronica e Participacoes Ltda.
오디오제품 판매, R&D
100.0
Harman Financial Group LLC
Management Company
100.0
Harman International Industries Canada Ltd.
오디오제품 판매
100.0
Harman International Mexico, S. de R.L. de C.V.
오디오제품 판매
100.0
Harman KG Holding, LLC
해외자회사 관리
100.0
Harman Professional, Inc.
오디오제품 판매, R&D
100.0
Beijing Integrated Circuit Industry International Fund, L.P
벤처기업 투자
61.4
China Materialia New Materials 2016 Limited Partnership
벤처기업 투자
99.0
(*) 종속기업 보유 지분율을 포함한 의결권 있는 주식 기준입니다.
유럽ㆍ CIS
Samsung Electronics (UK) Ltd. (SEUK)
전자제품 판매
100.0
Samsung Electronics Ltd. (SEL)
해외자회사 관리
100.0
Samsung Semiconductor Europe Limited (SSEL)
반도체ㆍDP 판매
100.0
Samsung Electronics GmbH (SEG)
전자제품 판매
100.0
Samsung Electronics Holding GmbH (SEHG)
해외자회사 관리
100.0
Samsung Semiconductor Europe GmbH (SSEG)
반도체ㆍDP 판매
100.0
Samsung Electronics France S.A.S (SEF)
전자제품 판매
100.0
Samsung Electronics Italia S.P.A. (SEI)
전자제품 판매
100.0
Samsung Electronics Iberia, S.A. (SESA)
전자제품 판매
100.0
Samsung Electronics Portuguesa, Unipessoal, Lda. (SEP)
전자제품 판매
100.0
Samsung Electronics Hungarian Private Co. Ltd. (SEH)
전자제품 생산 및 판매
100.0
Samsung Electronics Europe Logistics B.V. (SELS)
물류
100.0
Samsung Electronics Benelux B.V. (SEBN)
전자제품 판매
100.0
Samsung Electronics Europe Holding Cooperatief U.A. (SEEH)
해외자회사 관리
100.0
Samsung Electronics Nordic Aktiebolag (SENA)
전자제품 판매
100.0
Samsung Electronics Slovakia s.r.o (SESK)
TVㆍ모니터 생산
100.0
Samsung Display Slovakia, s.r.o. (SDSK)
DP 임가공
100.0
Samsung Electronics Polska, SP.Zo.o (SEPOL)
전자제품 판매
100.0
Samsung Electronics Poland Manufacturing SP.Zo.o (SEPM)
가전제품 생산
100.0
Samsung Electronics Romania LLC (SEROM)
전자제품 판매
100.0
Samsung Electronics Austria GmbH (SEAG)
전자제품 판매
100.0
Samsung Electronics Switzerland GmbH (SESG)
전자제품 판매
100.0
Samsung Electronics Czech and Slovak s.r.o. (SECZ)
전자제품 판매
100.0
SAMSUNG ELECTRONICS BALTICS SIA (SEB)
전자제품 판매
100.0
Samsung Electronics Greece S.M.S.A (SEGR)
전자제품 판매
100.0
Samsung Electronics Air Conditioner Europe B.V. (SEACE)
에어컨공조 판매
100.0
Samsung Nanoradio Design Center (SNDC)
R&D
100.0
Samsung Denmark Research Center ApS (SDRC)
R&D
100.0
Samsung Cambridge Solution Centre Limited (SCSC)
R&D
100.0
SAMSUNG Zhilabs, S.L.
네트워크Solution 개발, 판매
100.0
FOODIENT LTD.
R&D
100.0
Samsung Electronics Rus Company LLC (SERC)
전자제품 판매
100.0
Samsung Electronics Rus Kaluga LLC (SERK)
TV 생산
100.0
Samsung Electronics Ukraine Company LLC (SEUC)
전자제품 판매
100.0
Samsung R&D Institute Ukraine (SRUKR)
R&D
100.0
Samsung Electronics Central Eurasia LLP (SECE)
전자제품 판매
100.0
Samsung Electronics Overseas B.V. (SEO)
전자제품 판매
100.0
Samsung R&D Institute Rus LLC (SRR)
R&D
100.0
Samsung Electronics Caucasus Co. Ltd (SECC)
마케팅
100.0
Samsung Electronics Uzbekistan Ltd. (SEUZ)
마케팅
100.0
유럽ㆍ CIS
AKG Acoustics Gmbh
오디오제품 생산, 판매
100.0
Apostera UA, LLC
Connected Service Provider
100.0
Harman Audio Iberia Espana Sociedad Limitada
오디오제품 판매
100.0
Harman Automotive UK Limited
오디오제품 생산
100.0
Harman Becker Automotive Systems GmbH
오디오제품 생산, 판매, R&D
100.0
Harman Becker Automotive Systems Italy S.R.L.
오디오제품 판매
100.0
Harman Becker Automotive Systems Manufacturing Kft
오디오제품 생산, R&D
100.0
Harman Belgium SA
오디오제품 판매
100.0
Harman Connected Services AB.
Connected Service Provider
100.0
Harman Finland Oy
Connected Service Provider
100.0
Harman Connected Services GmbH
Connected Service Provider
100.0
Harman Connected Services Poland Sp.zoo
Connected Service Provider
100.0
Harman Connected Services UK Ltd.
Connected Service Provider
100.0
Harman Consumer Nederland B.V.
오디오제품 판매
100.0
Harman Deutschland GmbH
오디오제품 판매
100.0
Harman Finance International GP S.a.r.l
해외자회사 관리
100.0
Harman France SNC
오디오제품 판매
100.0
Harman Holding Gmbh & Co. KG
Management Company
100.0
Harman Hungary Financing Ltd.
Financing Company
100.0
Harman Inc. & Co. KG
해외자회사 관리
100.0
Harman International Estonia OU
R&D
100.0
Harman International Industries Limited
오디오제품 판매, R&D
100.0
Harman International Romania SRL
R&D
100.0
Harman Finance International, SCA
Financing Company
100.0
Harman Management Gmbh
해외자회사 관리
100.0
Harman Professional Kft
오디오제품 생산, R&D
100.0
Harman Professional Denmark ApS
오디오제품 판매, R&D
100.0
Red Bend Software Ltd.
소프트웨어 디자인
100.0
Red Bend Software SAS
소프트웨어 디자인
100.0
Studer Professional Audio GmbH
오디오제품 판매, R&D
100.0
Harman Connected Services OOO
Connected Service Provider
100.0
Harman RUS CIS LLC
오디오제품 판매
100.0
(*) 종속기업 보유 지분율을 포함한 의결권 있는 주식 기준입니다.
중동ㆍ 아프리카
Samsung Gulf Electronics Co., Ltd. (SGE)
전자제품 판매
100.0
Samsung Electronics Turkiye (SETK)
전자제품 판매
100.0
Samsung Electronics Industry and Commerce Ltd. (SETK-P)
전자제품 생산
100.0
Samsung Electronics Levant Co.,Ltd. (SELV)
전자제품 판매
100.0
Samsung Electronics Maghreb Arab (SEMAG)
전자제품 판매
100.0
Samsung Electronics Egypt S.A.E (SEEG)
전자제품 생산 및 판매
100.0
Samsung Electronics Israel Ltd. (SEIL)
마케팅
100.0
Samsung Electronics Tunisia S.A.R.L (SETN)
마케팅
100.0
Samsung Electronics Pakistan(Private) Ltd. (SEPAK)
마케팅
100.0
Samsung Electronics Saudi Arabia Ltd. (SESAR)
전자제품 판매
100.0
Samsung Semiconductor Israel R&D Center, Ltd. (SIRC)
R&D
100.0
Corephotonics Ltd.
R&D
100.0
Samsung Electronics South Africa(Pty) Ltd. (SSA)
전자제품 판매
100.0
Samsung Electronics South Africa Production (pty) Ltd. (SSAP)
TVㆍ모니터 생산
100.0
Samsung Electronics West Africa Ltd. (SEWA)
마케팅
100.0
Samsung Electronics East Africa Ltd. (SEEA)
마케팅
100.0
Global Symphony Technology Group Private Ltd.
해외자회사 관리
100.0
Harman Connected Services Morocco
Connected Service Provider
100.0
Harman Industries Holdings Mauritius Ltd.
해외자회사 관리
100.0
Red Bend Ltd.
오디오제품 생산
100.0
(*) 종속기업 보유 지분율을 포함한 의결권 있는 주식 기준입니다.
아시아 (중국 제외)
Samsung Asia Pte. Ltd. (SAPL)
해외자회사 관리
100.0
Samsung Electronics Singapore Pte. Ltd. (SESP)
전자제품 판매
100.0
Samsung Malaysia Electronics (SME) Sdn. Bhd. (SME)
전자제품 판매
100.0
Samsung Electronics Display (M) Sdn. Bhd. (SDMA)
전자제품 생산
100.0
Samsung Electronics (M) Sdn. Bhd. (SEMA)
가전제품 생산
100.0
Samsung Vina Electronics Co., Ltd. (SAVINA)
전자제품 판매
100.0
Samsung Electronics Vietnam Co., Ltd. (SEV)
전자제품 생산
100.0
Samsung Electronics Vietnam THAINGUYEN Co., Ltd. (SEVT)
통신제품 생산
100.0
Samsung Electronics HCMC CE Complex Co., Ltd. (SEHC)
전자제품 생산 및 판매
100.0
Samsung Display Vietnam Co., Ltd. (SDV)
DP 생산
100.0
DOWOOINSYS VINA COMPANY LIMITED
DP 부품 생산
100.0
PT Samsung Electronics Indonesia (SEIN)
전자제품 생산 및 판매
100.0
PT Samsung Telecommunications Indonesia (STIN)
전자제품 판매 및 서비스
100.0
Thai Samsung Electronics Co., Ltd. (TSE)
전자제품 생산 및 판매
91.8
Laos Samsung Electronics Sole Co., Ltd (LSE)
마케팅
100.0
Samsung Electronics Philippines Corporation (SEPCO)
전자제품 판매
100.0
Samsung Electronics Australia Pty. Ltd. (SEAU)
전자제품 판매
100.0
Samsung Electronics New Zealand Limited (SENZ)
전자제품 판매
100.0
Samsung India Electronics Private Ltd. (SIEL)
전자제품 생산 및 판매
100.0
Red Brick Lane Marketing Solutions Pvt. Ltd.
마케팅
100.0
Samsung Display Noida Private Limited (SDN)
DP 생산
100.0
Samsung R&D Institute India-Bangalore Private Limited (SRI-Bangalore)
R&D
100.0
Samsung R&D Institute BanglaDesh Limited (SRBD)
R&D
100.0
Samsung Nepal Services Pvt, Ltd (SNSL)
서비스
100.0
Samsung Japan Corporation (SJC)
반도체ㆍDP 판매
100.0
Samsung R&D Institute Japan Co. Ltd. (SRJ)
R&D
100.0
Samsung Electronics Japan Co., Ltd. (SEJ)
전자제품 판매
100.0
Harman Connected Services Corp. India Pvt. Ltd.
Connected Service Provider
100.0
Harman International (India) Private Limited
오디오제품 판매, R&D
100.0
Harman International Industries PTY Ltd.
해외자회사 관리
100.0
Harman International Japan Co., Ltd.
오디오제품 판매, R&D
100.0
Harman Singapore Pte. Ltd.
오디오제품 판매
100.0
(*) 종속기업 보유 지분율을 포함한 의결권 있는 주식 기준입니다.
중국
Samsung (CHINA) Investment Co., Ltd. (SCIC)
전자제품 판매
100.0
Samsung Electronics Hong Kong Co., Ltd. (SEHK)
전자제품 판매
100.0
Samsung Electronics Taiwan Co., Ltd. (SET)
전자제품 판매
100.0
Tianjin Samsung Electronics Co., Ltd. (TSEC)
TVㆍ모니터 생산
91.2
Suzhou Samsung Electronics Co., Ltd. (SSEC)
가전제품 생산
88.3
Samsung Suzhou Electronics Export Co., Ltd. (SSEC-E)
가전제품 생산
100.0
Samsung Electronics Suzhou Computer Co., Ltd. (SESC)
R&D
100.0
Tianjin Samsung Telecom Technology Co., Ltd. (TSTC)
통신제품 생산
90.0
Beijing Samsung Telecom R&D Center (SRC-Beijing)
R&D
100.0
Samsung Electronics China R&D Center (SRC-Nanjing)
R&D
100.0
Samsung Mobile R&D Center China-Guangzhou (SRC-Guangzhou)
R&D
100.0
Samsung R&D Institute China-Shenzhen (SRC-Shenzhen)
R&D
100.0
Shanghai Samsung Semiconductor Co., Ltd. (SSS)
반도체ㆍDP 판매
100.0
Samsung (China) Semiconductor Co., Ltd. (SCS)
반도체 생산
100.0
Samsung SemiConductor Xian Co., Ltd. (SSCX)
반도체ㆍDP 판매
100.0
Samsung Electronics Suzhou Semiconductor Co., Ltd. (SESS)
반도체 임가공
100.0
Tianjin Samsung LED Co., Ltd. (TSLED)
LED 생산
100.0
Samsung Semiconductor (China) R&D Co., Ltd. (SSCR)
R&D
100.0
Samsung Display Dongguan Co., Ltd. (SDD)
DP 생산
100.0
Samsung Display Tianjin Co., Ltd. (SDT)
DP 생산
95.0
SEMES (XIAN) Co., Ltd.
반도체ㆍFPD 장비 서비스
100.0
Samsung Semiconductor Investment L.P.Ⅰ
신기술사업자, 벤처기업 투자
99.0
Harman (China) Technologies Co., Ltd.
오디오제품 생산
100.0
Harman (Suzhou) Audio and Infotainment Systems Co., Ltd.
오디오제품 판매
100.0
Harman Automotive Electronic Systems (Suzhou) Co., Ltd.
오디오제품 생산, R&D
100.0
Harman Commercial (Shanghai) Co., Ltd.
오디오제품 판매
100.0
Harman Connected Services Solutions (Chengdu) Co., Ltd.
Connected Service Provider
100.0
Harman Holding Limited
오디오제품 판매
100.0
Harman International (China) Holdings Co., Ltd.
오디오제품 판매, R&D
100.0
Harman Technology (Shenzhen) Co., Ltd.
오디오제품 판매, R&D
100.0
(*) 종속기업 보유 지분율을 포함한 의결권 있는 주식 기준입니다.
지역
국내
삼성디스플레이㈜
DP 생산 및 판매
84.8
에스유머티리얼스㈜
DP 부품 생산
50.0
스테코㈜
반도체 부품 생산
70.0
세메스㈜
반도체ㆍFPD 장비 생산, 판매
91.5
삼성전자서비스㈜
전자제품 수리 서비스
99.3
삼성전자서비스씨에스㈜
고객상담서비스
100.0
삼성전자판매㈜
전자제품 판매
100.0
삼성전자로지텍㈜
종합물류대행
100.0
삼성메디슨㈜
의료기기 생산 및 판매
68.5
주식회사 희망별숲
식품 제조 가공
100.0
㈜미래로시스템
반도체 소프트웨어 개발 및 공급
99.9
㈜도우인시스
DP 부품 생산
69.0
지에프㈜
DP 부품 생산
100.0
㈜하만인터내셔널코리아
소프트웨어 개발 및 공급
100.0
SVIC 21호 신기술투자조합
신기술사업자, 벤처기업 투자
99.0
SVIC 22호 신기술투자조합
신기술사업자, 벤처기업 투자
99.0
SVIC 26호 신기술투자조합
신기술사업자, 벤처기업 투자
99.0
SVIC 28호 신기술투자조합
신기술사업자, 벤처기업 투자
99.0
SVIC 29호 신기술투자조합
신기술사업자, 벤처기업 투자
99.0
SVIC 32호 신기술투자조합
신기술사업자, 벤처기업 투자
99.0
SVIC 33호 신기술투자조합
신기술사업자, 벤처기업 투자
99.0
SVIC 37호 신기술투자조합
신기술사업자, 벤처기업 투자
99.0
SVIC 40호 신기술투자조합
신기술사업자, 벤처기업 투자
99.0
SVIC 42호 신기술투자조합
신기술사업자, 벤처기업 투자
99.0
SVIC 43호 신기술투자조합
신기술사업자, 벤처기업 투자
99.0
SVIC 45호 신기술투자조합
신기술사업자, 벤처기업 투자
99.0
SVIC 48호 신기술투자조합
신기술사업자, 벤처기업 투자
99.0
SVIC 52호 신기술투자조합
신기술사업자, 벤처기업 투자
99.0
SVIC 55호 신기술투자조합
신기술사업자, 벤처기업 투자
99.0
SVIC 56호 신기술투자조합
신기술사업자, 벤처기업 투자
99.0
SVIC 57호 신기술투자조합
신기술사업자, 벤처기업 투자
99.0
반도체성장 전문투자형 사모 투자신탁
반도체산업 투자
66.7
시스템반도체 상생 전문투자형 사모 투자신탁
반도체산업 투자
62.5
(*) 종속기업 보유 지분율을 포함한 의결권 있는 주식 기준입니다.
나. 당기 및 전기 중 특수관계자와의 매출ㆍ매입 등 거래 내역은 다음과 같습니다. (1) 당기
(단위 : 백만원)
종속기업
삼성디스플레이㈜
283,011
-
981,927
-
Samsung Electronics America, Inc. (SEA)
35,303,291
632
209,912
-
Samsung Asia Pte. Ltd. (SAPL)
42
-
30,982
-
Harman과 그 종속기업(*2)
-
-
76,891
-
Samsung (China) Semiconductor Co., Ltd. (SCS)
184,796
10,644
9,679,473
5,534
Samsung Electronics Vietnam THAINGUYEN Co., Ltd. (SEVT)
8,668,668
-
25,941,259
831
Samsung (CHINA) Investment Co., Ltd. (SCIC)
1,588,710
-
9,035
-
Samsung Semiconductor, Inc. (SSI)
40,907,261
-
532,962
-
Samsung Electronics Vietnam Co., Ltd. (SEV)
5,804,935
256
16,441,332
50
Samsung Electronics Europe Holding Cooperatief U.A. (SEEH)
-
-
-
-
Samsung Austin Semiconductor LLC. (SAS)
1,053
-
3,663,909
2,457
Samsung Display Vietnam Co., Ltd. (SDV)
2,073,972
-
-
-
Samsung India Electronics Private Ltd. (SIEL)
7,439,341
112
5,798,974
-
Shanghai Samsung Semiconductor Co., Ltd. (SSS)
16,490,821
-
47
-
Samsung Eletronica da Amazonia Ltda. (SEDA)
1,262,369
-
2,174
-
Samsung Electronics HCMC CE Complex Co., Ltd. (SEHC)
628,854
2,791
4,830,861
1,680
Thai Samsung Electronics Co., Ltd. (TSE)
1,578,349
-
2,615,512
-
Samsung Electronics (UK) Ltd. (SEUK)
1,529,791
-
98,891
-
Samsung Electronics Benelux B.V. (SEBN)
788,385
-
2,333
-
Samsung Electronics Hungarian Private Co. Ltd. (SEH)
408,409
141
2,191
-
Samsung Electronics Europe Logistics B.V. (SELS)
4,772,554
-
5,104
-
Samsung Display Dongguan Co., Ltd. (SDD)
249,142
-
-
-
세메스㈜
8,224
-
2,283,556
-
Samsung Electronics GmbH (SEG)
3,865,859
-
6,948
-
Samsung Electronics Mexico S.A. De C.V. (SEM)
2,442,869
-
6,950
-
기타
58,705,560
4,198
23,123,295
2,213
계
194,986,266
18,774
96,344,518
12,765
(*1) 회사와 특수관계에 있는 개별회사와의 거래 금액입니다. (*2) Harman International Industries, Inc. 및 그 종속기업이 포함된 중간지배기업과의 거래 금액입니다.
(단위 : 백만원)
관계기업 및 공동기업
삼성에스디에스㈜
212,376
-
1,672,853
348,752
삼성전기㈜
60,343
767
919,709
120
삼성SDI㈜
60,325
-
422,836
24,874
㈜제일기획
31,194
-
931,489
361
기타
617,779
-
881,585
10,224
계
982,017
767
4,828,472
384,331
그 밖의 특수관계자
삼성물산㈜
44,359
-
84,635
7,018,252
기타
283,122
188
602,014
132,512
계
327,481
188
686,649
7,150,764
기타(*2)
삼성엔지니어링㈜
1,490
-
32,677
3,106,154
㈜에스원
7,530
-
428,907
45,864
기타
136,969
-
251,907
540,591
계
145,989
-
713,491
3,692,609
(*1) 회사와 특수관계에 있는 개별회사와의 거래 금액입니다. (*2) 기업회계기준서 제1024호 특수관계자 범위에 포함되지 않으나「독점규제 및 공정거래에 관한 법률」에 따른 동일한 대규모기업집단 소속회사입니다.
(2) 전기
(단위 : 백만원)
종속기업
삼성디스플레이㈜
234,883
2,475
916,709
-
Samsung Electronics America, Inc. (SEA)
32,860,328
-
165,629
-
Samsung (China) Semiconductor Co., Ltd. (SCS)
167,937
190,056
7,340,085
9,857
Samsung Electronics Vietnam THAINGUYEN Co., Ltd. (SEVT)
9,380,604
686
21,146,962
1,111
Harman과 그 종속기업(*2)
65
-
48,387
-
Samsung Electronics Vietnam Co., Ltd. (SEV)
6,652,988
1,716
15,387,219
317
Samsung (CHINA) Investment Co., Ltd. (SCIC)
1,525,639
-
9,019
-
Samsung Semiconductor, Inc. (SSI)
31,894,007
-
409,852
-
Samsung Asia Pte. Ltd. (SAPL)
18
-
22,855
-
Samsung Austin Semiconductor LLC (SAS)
598
1,183
3,703,472
7,511
Samsung India Electronics Private Ltd. (SIEL)
4,327,075
2,609
3,373,962
-
Shanghai Samsung Semiconductor Co., Ltd. (SSS)
25,683,936
-
3,885
-
Samsung Display Vietnam Co., Ltd. (SDV)
1,314,121
-
-
-
Samsung Eletronica da Amazonia Ltda. (SEDA)
3,151,503
403
8,600
-
Samsung Electronics (UK) Ltd. (SEUK)
1,535,053
-
91,821
1
Samsung International, Inc. (SII)
417,680
-
7,721,915
-
Thai Samsung Electronics Co., Ltd. (TSE)
1,459,938
-
2,489,534
-
Samsung Electronics HCMC CE Complex Co., Ltd. (SEHC)
652,277
3,222
5,183,912
900
Samsung Electronics Taiwan Co., Ltd. (SET)
4,853,191
-
674
-
Samsung Electronics Hungarian Private Co., Ltd. (SEH)
547,190
-
547
-
Samsung Electronics Europe Logistics B.V. (SELS)
4,294,662
-
11,007
-
Samsung Electronics Benelux B.V. (SEBN)
365,818
-
2,695
-
Samsung Electronics GmbH (SEG)
3,332,793
-
7,646
-
Samsung Display Dongguan Co., Ltd. (SDD)
288,980
-
-
-
기타
53,602,392
10,982
15,648,603
3,784
계
188,543,676
213,332
83,694,990
23,481
(*1) 회사와 특수관계에 있는 개별회사와의 거래 금액입니다. (*2) Harman International Industries, Inc. 및 그 종속기업이 포함된 중간지배기업과의 거래 금액입니다.
(단위 : 백만원)
관계기업 및 공동기업
삼성에스디에스㈜
141,014
-
1,542,039
530,412
삼성전기㈜
45,303
-
975,086
-
삼성SDI㈜
49,995
269
360,350
30,627
㈜제일기획
26,794
-
720,533
16
기타
595,551
68
773,381
8,011
계
858,657
337
4,371,389
569,066
그 밖의 특수관계자
삼성물산㈜
66,745
-
78,054
3,902,417
기타
303,093
-
564,706
92,577
계
369,838
-
642,760
3,994,994
기타(*2)
삼성엔지니어링㈜
598
-
38,556
2,106,166
㈜에스원
7,132
-
401,224
27,744
기타
106,714
2,371
200,387
38,531
계
114,444
2,371
640,167
2,172,441
(*1) 회사와 특수관계에 있는 개별회사와의 거래 금액입니다. (*2) 기업회계기준서 제1024호 특수관계자 범위에 포함되지 않으나「독점규제 및 공정거래에 관한 법률」에 따른 동일한 대규모기업집단 소속회사입니다.
다. 보고기간종료일 현재 특수관계자에 대한 채권ㆍ채무 등 잔액은 다음과 같습니다. (1) 당기말
(단위 : 백만원)
종속기업
삼성디스플레이㈜
32,521
108,011
Samsung Electronics America, Inc. (SEA)
868,937
983,709
Samsung Asia Pte. Ltd. (SAPL)
1,604
1,812
Harman과 그 종속기업(*4)
-
6,537
Samsung (China) Semiconductor Co., Ltd. (SCS)
57,423
751,693
Samsung Electronics Vietnam THAINGUYEN Co., Ltd. (SEVT)
606,030
2,396,411
Samsung (CHINA) Investment Co., Ltd. (SCIC)
131,285
283,459
Samsung Semiconductor, Inc. (SSI)
4,700,427
263,757
Samsung Electronics Vietnam Co., Ltd. (SEV)
369,380
1,748,670
Samsung Electronics Europe Holding Cooperatief U.A. (SEEH)
693
-
Samsung Austin Semiconductor LLC. (SAS)
21,309
386,640
Samsung Display Vietnam Co., Ltd. (SDV)
196,643
7
Samsung India Electronics Private Ltd. (SIEL)
1,219,298
312,243
Shanghai Samsung Semiconductor Co., Ltd. (SSS)
1,623,968
77
Samsung Eletronica da Amazonia Ltda. (SEDA)
227,180
3,037
Samsung Electronics HCMC CE Complex Co., Ltd. (SEHC)
234,870
358,082
Thai Samsung Electronics Co., Ltd. (TSE)
115,103
379,098
Samsung Electronics (UK) Ltd. (SEUK)
76,264
-
Samsung Electronics Benelux B.V. (SEBN)
18,403
-
Samsung Electronics Hungarian Private Co. Ltd. (SEH)
11,449
-
Samsung Electronics Europe Logistics B.V. (SELS)
273,816
506,872
Samsung Display Dongguan Co., Ltd. (SDD)
20,177
11
세메스㈜
54,327
561,368
Samsung Electronics GmbH (SEG)
10,607
-
Samsung Electronics Mexico S.A. De C.V. (SEM)
230,508
1,093
기타
6,565,258
2,226,116
계
17,667,480
11,278,703
(*1) 회사와 특수관계에 있는 개별회사에 대한 채권ㆍ채무 금액입니다. (*2) 종속기업 채권에 대하여 인식된 손실충당금은 없습니다. (*3) 채무 등은 리스부채가 포함된 금액입니다. (*4) Harman International Industries, Inc. 및 그 종속기업이 포함된 중간지배기업과의 거래 금액입니다.
(단위 : 백만원)
관계기업 및 공동기업
삼성에스디에스㈜
49,439
468,830
삼성전기㈜
385
101,960
삼성SDI㈜
114,618
51,199
㈜제일기획
43
444,017
기타
203,575
159,668
계
368,060
1,225,674
그 밖의 특수관계자
삼성물산㈜
194,539
2,718,294
기타
14,679
160,305
계
209,218
2,878,599
기타(*3)
삼성엔지니어링㈜
286
1,181,947
㈜에스원
3,085
59,352
기타
4,113
478,136
계
7,484
1,719,435
(*1) 회사와 특수관계에 있는 개별회사에 대한 채권ㆍ채무 금액입니다. (*2) 채무 등은 리스부채가 포함된 금액입니다. (*3) 기업회계기준서 제1024호 특수관계자 범위에 포함되지 않으나 「독점규제 및 공정거래에 관한 법률」 에 따른 동일한 대규모기업집단 소속회사입니다.
(2) 전기말
(단위 : 백만원)
종속기업
삼성디스플레이㈜
23,791
119,401
Samsung Electronics America, Inc. (SEA)
4,708,011
143,310
Samsung (China) Semiconductor Co., Ltd. (SCS)
59,110
726,945
Samsung Electronics Vietnam THAINGUYEN Co., Ltd. (SEVT)
734,283
4,049,400
Harman과 그 종속기업(*4)
-
7,541
Samsung Electronics Vietnam Co., Ltd. (SEV)
414,781
2,301,949
Samsung (CHINA) Investment Co., Ltd. (SCIC)
138,307
77,540
Samsung Electronics Europe Holding Cooperatief U.A. (SEEH)
316
-
Samsung Semiconductor, Inc. (SSI)
7,320,890
123,555
Samsung Asia Pte. Ltd. (SAPL)
1,736
2,164
Samsung Austin Semiconductor LLC (SAS)
4,645
277,682
Samsung India Electronics Private Ltd. (SIEL)
1,099,927
463,652
Shanghai Samsung Semiconductor Co., Ltd. (SSS)
4,337,520
217
Samsung Display Vietnam Co., Ltd. (SDV)
161,441
-
Samsung Eletronica da Amazonia Ltda. (SEDA)
258,490
1,040
Samsung Electronics (UK) Ltd. (SEUK)
201,717
19,595
Samsung International, Inc. (SII)
32,564
259,847
Thai Samsung Electronics Co., Ltd. (TSE)
132,508
334,943
Samsung Electronics HCMC CE Complex Co., Ltd. (SEHC)
167,225
430,960
Samsung Electronics Taiwan Co., Ltd. (SET)
372,716
32,145
Samsung Electronics Hungarian Private Co., Ltd. (SEH)
58,694
99
Samsung Electronics Europe Logistics B.V. (SELS)
629,882
1,715
Samsung Electronics Benelux B.V. (SEBN)
45,171
3,351
Samsung Electronics GmbH (SEG)
223,603
2,272
Samsung Display Dongguan Co., Ltd. (SDD)
18,025
-
기타
9,220,424
2,284,643
계
30,365,777
11,663,966
(*1) 회사와 특수관계에 있는 개별회사에 대한 채권ㆍ채무 금액입니다. (*2) 종속기업 채권에 대하여 인식된 손실충당금은 없습니다. (*3) 채무 등은 리스부채가 포함된 금액입니다. (*4) Harman International Industries, Inc. 및 그 종속기업이 포함된 중간지배기업과의 거래 금액입니다.
(단위 : 백만원)
관계기업 및 공동기업
삼성에스디에스㈜
64,364
574,443
삼성전기㈜
2,415
108,103
삼성SDI㈜
113,845
54,076
㈜제일기획
59
421,901
기타
192,550
166,311
계
373,233
1,324,834
그 밖의 특수관계자
삼성물산㈜
195,355
1,640,615
기타
15,839
125,470
계
211,194
1,766,085
기타(*3)
삼성엔지니어링㈜
289
1,099,881
㈜에스원
2,058
29,620
기타
4,286
56,476
계
6,633
1,185,977
(*1) 회사와 특수관계에 있는 개별회사에 대한 채권ㆍ채무 금액입니다. (*2) 채무 등은 리스부채가 포함된 금액입니다. (*3) 기업회계기준서 제1024호 특수관계자 범위에 포함되지 않으나 「독점규제 및 공정거래에 관한 법률」 에 따른 동일한 대규모기업집단 소속회사입니다.
라. 회사는 당기 및 전기 중 종속기업에 119,598백만원 및 138,858백만원을 출자하였으며, 종속기업으로부터 출자원금 164,503백만원 및 592,520백만원을 회수하였습니다. 또한, 당기 중 관계기업 및 공동기업에 882,125백만원을 출자하였으며(전기:추가 출자 내역 없음), 당기 및 전기 중 회수한 출자원금 내역은 없습니다. 마. 회사가 당기 및 전기 중 특수관계자에게 지급 결의한 배당금은 1,663,149백만원 및 3,527,449백만원입니다. 또한 기업회계기준서 제1024호 특수관계자 범위에 포함되지 않으나「독점규제 및 공정거래에 관한 법률」에 따른 동일한 대규모기업집단 소속회사에게 당기 및 전기 중 지급 결의한 배당금은 128,232백만원 및 267,738백만원입니다. 당기말과 전기말 현재 배당과 관련한 미지급금은 존재하지 않습니다. 바. 회사가 당기 및 전기 중 특수관계자와 체결한 리스 이용 계약은 20백만원 및 63,887백만원이며, 특수관계자에게 지급한 리스료는 46,819백만원 및 51,703백만원입니다. 사. 회사는 보고기간종료일 현재 특수관계자의 채무에 대하여 채무보증을 제공하고 있습니다(주석 16 참조). 아. 회사가 당기 및 전기 중 주요 경영진(등기임원)에 대한 보상을 위해 비용으로 반영한 금액은 다음과 같습니다.
(단위 : 백만원)
단기급여
14,768
20,370
퇴직급여
612
886
기타 장기급여
5,434
8,092
31. 보고기간 후 사건 회사는 보고기간종료일 이후 2023년 2월 14일자 이사회 결의에 의거 2023년 2월 16일자로 종속기업인 삼성디스플레이㈜와 총 20조원 규모의 차입계약을 체결하기로 결정하였습니다.
내부회계관리제도 감사 또는 검토의견
내부회계관리제도 감사 또는 검토의견
독립된 감사인의 내부회계관리제도 감사보고서는 삼성전자주식회사의 2022년 12월31일자로 종료되는 회계연도의 재무제표에 대한 감사업무를 수행하고 회사의 내부회계관리제도를 감사한 결과 주식회사 등의 외부감사에 관한 법률 제8조에 따라 첨부하는 것입니다.
첨부:
1. 독립된 감사인의 내부회계관리제도 감사보고서 2. 대표이사 및 내부회계관리자의 운영실태보고서
독립된 감사인의 내부회계관리제도 감사보고서
삼성전자주식회사
삼성전자주식회사
주주 및 이사회 귀중
주주 및 이사회 귀중
내부회계관리제도에 대한 감사의견
우리는 2022년 12월 31일 현재 「내부회계관리제도 설계 및 운영 개념체계」에 근거한 삼성전자주식회사(이하 ""회사"")의 내부회계관리제도를 감사하였습니다.
우리의 의견으로는 회사의 내부회계관리제도는 2022년 12월 31일 현재 「내부회계관리제도 설계 및 운영 개념체계」에 따라 중요성의 관점에서 효과적으로 설계 및 운영되고 있습니다.
우리는 또한 대한민국의 회계감사기준에 따라, 회사의 2022년 12월 31일 현재의 재무상태표, 동일로 종료되는 보고기간의 손익계산서, 포괄손익계산서, 자본변동표 및 현금흐름표 그리고 유의적 회계정책의 요약을 포함한 재무제표의 주석을 감사하였으며, 2023년 2월 15일자 감사보고서에서 적정의견을 표명하였습니다.
내부회계관리제도 감사의견근거
우리는 대한민국의 회계감사기준에 따라 감사를 수행하였습니다. 이 기준에 따른 우리의 책임은 이 감사보고서의 내부회계관리제도감사에 대한 감사인의 책임 단락에 기술되어 있습니다. 우리는 내부회계관리제도감사와 관련된 대한민국의 윤리적 요구사항에 따라 회사로부터 독립적이며, 그러한 요구사항에 따른 기타 윤리적 책임들을 이행하였습니다. 우리가 입수한 감사증거가 감사의견을 위한 근거로서 충분하고 적합하다고 우리는 믿습니다.
내부회계관리제도에 대한 경영진과 지배기구의 책임
경영진은 효과적인 내부회계관리제도를 설계, 실행 및 유지할 책임이 있으며, 내부회계관리제도 운영실태보고서에 포함된, 내부회계관리제도의 효과성에 대한 평가에 책임이 있습니다.
지배기구는 회사의 내부회계관리제도의 감시에 대한 책임이 있습니다.
내부회계관리제도감사에 대한 감사인의 책임
우리의 책임은 우리의 감사에 근거하여 회사의 내부회계관리제도에 대한 의견을 표명하는데 있습니다. 우리는 대한민국의 회계감사기준에 따라 감사를 수행하였습니다. 이 기준은 우리가 중요성의 관점에서 내부회계관리제도가 효과적으로 유지되는지에 대한 합리적 확신을 얻도록 감사를 계획하고 수행할 것을 요구하고 있습니다.
내부회계관리제도 감사는 중요한 취약점이 존재하는지에 대한 감사증거를 입수하기 위한 절차의 수행을 포함합니다. 절차의 선택은 중요한 취약점이 존재하는지에 대한 위험평가를 포함하여 감사인의 판단에 따라 달라집니다. 감사는 내부회계관리제도에대한 이해의 획득과 평가된 위험에 근거한 내부회계관리제도의 설계 및 운영에 대한 테스트 및 평가를 포함합니다.
내부회계관리제도의 정의와 고유한계
회사의 내부회계관리제도는 지배기구와 경영진, 그 밖의 다른 직원에 의해 시행되며,한국채택국제회계기준에 따라 신뢰성 있는 재무제표의 작성에 합리적인 확신을 제공하기 위하여 고안된 프로세스입니다. 회사의 내부회계관리제도는 (1) 회사 자산의 거래와 처분을 합리적인 수준으로 정확하고 공정하게 반영하는 기록을 유지하고 (2) 한국채택국제회계기준에 따라 재무제표가 작성되도록 거래가 기록되고, 회사의 경영진과 이사회의 승인에 의해서만 회사의 수입과 지출이 이루어진다는 합리적인 확신을 제공하며 (3) 재무제표에 중요한 영향을 미칠 수 있는 회사 자산의 부적절한 취득, 사용 및 처분을 적시에 예방하고 발견하는 데 합리적인 확신을 제공하는 정책과 절차를포함합니다.
내부회계관리제도는 내부회계관리제도의 본질적인 한계로 인하여 재무제표에 대한 중요한 왜곡표시를 발견하거나 예방하지 못할 수 있습니다. 또한, 효과성 평가에 대한 미래기간의 내용을 추정시에는 상황의 변화 혹은 절차나 정책이 준수되지 않음으로써 내부회계관리제도가 부적절하게 되어 미래기간에 대한 평가 및 추정내용이 달라질 위험에 처할 수 있습니다.
이 독립된 감사인의 내부회계관리제도 감사보고서의 근거가 된 감사를 실시한 업무수행이사는 공인회계사 유병문 입니다.
서울시 영등포구 국제금융로 10
서울시 영등포구 국제금융로 10
안 진 회 계 법 인
안 진 회 계 법 인
대표이사 홍 종 성
대표이사 홍 종 성
2023년 2월 15일
2023년 2월 15일
이 감사보고서는 감사보고서일(2023년 2월 15일) 현재로 유효한 것입니다. 따라서 감사보고서일 이후 이 보고서를 열람하는 시점까지의 기간 사이에 회사의 내부회계관리제도에 중요한 영향을 미칠 수 있는 사건이나 상황이 발생할 수도 있으며 이로 인하여 이 감사보고서가 수정될 수도 있습니다.
이 감사보고서는 감사보고서일(2023년 2월 15일) 현재로 유효한 것입니다. 따라서 감사보고서일 이후 이 보고서를 열람하는 시점까지의 기간 사이에 회사의 내부회계관리제도에 중요한 영향을 미칠 수 있는 사건이나 상황이 발생할 수도 있으며 이로 인하여 이 감사보고서가 수정될 수도 있습니다.
내부회계관리제도 운영실태 보고_fy22.jpg
내부회계관리제도 운영실태 보고_fy22
내부회계관리제도 운영실태 보고_fy22
외부감사 실시내용
외부감사 실시내용
「주식회사 등의 외부감사에 관한 법률」제18조제3항의 규정에 의하여 외부감사 실시내용을 첨부합니다.
1. 감사대상업무
회 사 명
삼성전자주식회사
감사대상 사업연도
2022년 01월 01일
부터
2022년 12월 31일
까지
2. 감사참여자 구분별 인원수 및 감사시간
(단위 : 명, 시간)
감사참여자 ＼ 인원수 및 시간
품질관리 검토자 (심리실 등)
감사업무 담당 회계사
전산감사ㆍ 세무ㆍ가치평가 등 전문가
건설계약 등 수주산업 전문가
합계
담당이사 (업무수행이사)
등록 공인회계사
수습 공인회계사
당기
전기
당기
전기
당기
전기
당기
전기
당기
전기
당기
전기
당기
전기
투입 인원수
11
10
1
1
33
38
17
17
64
65
-
-
126
131
투입시간
분ㆍ반기검토
156
99
267
307
12,787
15,802
3,072
2,830
4,327
3,337
-
-
20,609
22,375
감사
308
412
1,004
1,025
29,004
26,093
11,145
8,943
16,076
18,151
-
-
57,537
54,624
합계
464
511
1,271
1,332
41,791
41,895
14,217
11,773
20,403
21,488
-
-
78,146
76,999
3. 주요 감사실시내용
구 분
내 역
전반감사계획 (감사착수단계)
수행시기
2022.03.07 ~ 2022.09.30
90
일
주요내용
회사 및 산업에 대한 전반적 이해를 바탕으로 감사위험평가 및 감사절차의 성격, 시기 및 범위 등을 결정
현장감사 주요내용
수행시기
투입인원
주요 감사업무 수행내용
상주
비상주
2022.03.16 ~ 2023.01.13
150
일
10
명
30
명
시스템 및 자동 내부통제 감사
2022.03.07 ~ 2022.12.31
98
일
45
명
16
명
조기입증감사(연중감사)
2023.01.09 ~ 2023.02.03
20
일
45
명
16
명
조회확인 등 조기입증감사 절차 업데이트
2023.02.06 ~ 2023.02.15
10
일
52
명
31
명
재무제표 검증 및 감사종결 절차 수행
재고자산실사(입회)
실사(입회)시기
2022.11.28 / 2022.11.30 / 2022.12.1
3
일
실사(입회)장소
수원, 기흥, 구미, 광주사업장 등
실사(입회)대상
원재료, 재공품, 제품 등
금융자산실사(입회)
실사(입회)시기
2023.01.08 / 2023.01.10
2
일
실사(입회)장소
수원사업장 등
실사(입회)대상
현금, 유가증권 등
외부조회
금융거래조회
O
채권채무조회
O
변호사조회
O
기타조회
타처보관재고자산
지배기구와의 커뮤니케이션
커뮤니케이션 횟수
4
회
수행시기
2022.04.26 / 2022.07.26 / 2022.10.25 / 2023.01.27
외부전문가 활용
감사 활용 내용
해당사항없음
수행시기
-
-
일
4. 감사(감사위원회)와의 커뮤니케이션
1
2022년 04월 26일
감사위원회: 위원 3명 회사: 감사팀장 감사인: 업무수행이사 외 4명
대면회의
연간 지배기구와의 커뮤니케이션 계획 연간 회계감사 일정 계획 분기 검토 경과 및 비감사업무 독립성 확인
2
2022년 07월 26일
감사위원회: 위원 3명 회사: 감사팀장 감사인: 업무수행이사 외 4명
대면회의
연간 감사계획 및 진행 상황 핵심감사사항 선정계획 내부회계관리제도 감사 진행 상황 분기 중점 검토사항 및 기타 필수 커뮤니케이션 사항
3
2022년 10월 25일
감사위원회: 위원 3명 회사: 감사팀장 감사인: 업무수행이사 외 4명
대면회의
연간 감사계획 및 진행 상황 핵심감사사항 선정내역 내부회계관리제도 감사 진행 상황 분기 중점 검토사항 및 기타 필수 커뮤니케이션 사항
4
2023년 01월 27일
감사위원회: 위원 3명 회사: 감사팀장 감사인: 업무수행이사 외 4명
대면회의
핵심감사사항 등 중점 감사사항 내부회계관리제도 감사 진행 상황 기타 감사종료단계 필수 커뮤니케이션 사항",80483,/Users/june_kim/samsung_audit_nlp/data/raw/감사보고서_2022.htm,2026-03-31T07:17:33.586229+00:00
64,2023,감사의견,"우리는 삼성전자주식회사(이하 ""회사"")의 재무제표를 감사하였습니다. 동 재무제표는2023년 12월 31일 현재의 재무상태표, 동일로 종료되는 보고기간의 손익계산서, 포괄손익계산서, 자본변동표 및 현금흐름표 그리고 중요한 회계정책 정보를 포함한 재무제표의 주석으로 구성되어 있습니다.
우리의 의견으로는 별첨된 회사의 재무제표는 회사의 2023년 12월 31일 현재의 재무상태와 동일로 종료되는 보고기간의 재무성과 및 현금흐름을 한국채택국제회계기준에 따라 중요성의 관점에서 공정하게 표시하고 있습니다.
우리는 또한 회계감사기준에 따라,「내부회계관리제도 설계 및 운영개념체계」에 근거한 회사의 2023년 12월 31일 현재의 내부회계관리제도를 감사하였으며, 2024년 2월 19일자 감사보고서에서 적정의견을 표명하였습니다.",401,/Users/june_kim/samsung_audit_nlp/data/raw/감사보고서_2023.htm,2026-03-31T07:17:33.809670+00:00
65,2023,감사의견근거,"우리는 대한민국의 회계감사기준에 따라 감사를 수행하였습니다. 이 기준에 따른 우리의 책임은 이 감사보고서의 재무제표감사에 대한 감사인의 책임 단락에 기술되어 있습니다. 우리는 재무제표감사와 관련된 대한민국의 윤리적 요구사항에 따라 회사로부터 독립적이며, 그러한 요구사항에 따른 기타의 윤리적 책임을 이행하였습니다. 우리가 입수한 감사증거가 감사의견을 위한 근거로서 충분하고 적합하다고 우리는 믿습니다.",224,/Users/june_kim/samsung_audit_nlp/data/raw/감사보고서_2023.htm,2026-03-31T07:17:33.809670+00:00
66,2023,핵심감사사항,"핵심감사사항은 우리의 전문가적 판단에 따라 당기 재무제표 감사에서 가장 유의적인 사항들입니다. 해당 사항들은 재무제표 전체에 대한 감사의 관점에서 우리의 의견형성 시 다루어졌으며, 우리는 이런 사항에 대하여 별도의 의견을 제공하지는 않습니다.
메모리 반도체 재고자산 순실현가치 평가
핵심감사사항으로 결정한 이유
회사의 DS(Device Solutions) 부문이 생산ㆍ판매하는 메모리 반도체 제품은 당기 중 수요 약세를 포함한 거시적 경기 불확실성 등으로 인한 가격 하락의 영향을 받았습니다. 재무제표에 대한 주석2(중요한 회계처리방침)과 주석3(중요한 회계추정 및 가정)에서 설명한 바와 같이, 회사는 재고자산을 원가와 순실현가능가치 중 작은 금액으로표시하고 있습니다. 순실현가능가치의 추정에는 미래의 수요 및 판매가격 등 다양한 변수와 관련된 불확실성과 그 측정과정에서의 복잡성으로 인해 잠재적 오류가 유의적인 것으로 판단되는 바, 우리는 메모리 재고자산의 순실현가치 평가를 핵심감사사항으로 결정하였습니다.
핵심감사사항이 감사에서 다루어진 방법
상기의 핵심감사사항에 대응하기 위해 우리가 수행한 주요 감사절차는 다음과 같습니다.
- 재고자산 순실현가치 평가시 적용한 회사 정책의 합리성 검토 및 프로세스와 내부통제의 이해
- 재고자산 순실현가치 평가를 위해 구축한 내부통제의 설계 및 운영의 효과성 평가
- 표본추출을 통하여 재고자산 순실현가치 평가 시 사용된 예상 판매가격 등 기초정보의 적정성 평가
- 추정 판매단가와 실제 판매단가의 소급적 검토를 통한 추정의 합리성 평가
- 재고자산의 평가에 적용된 예상 판매가격 및 판매비용 등 추정과에 대한 적정성 평가 및 재계산 검증을 통한 재고자산 평가충당금의 정확성 확인
재화의 판매장려활동에 대한 매출차감의 정확성과 완전성
핵심감사사항으로 결정한 이유
회사의 DX(Device eXperience) 부문에서는 재화의 판매 시 명시적이거나 암묵적인 약정에 의거하여 유통업자 및 통신업자 등에게 판매수량 또는 금액에 따른 할인 및 장려금 등을 제공하는 매출장려활동을 수행합니다. 재무제표에 대한 주석2(중요한 회계처리방침)과 주석3(중요한 회계추정 및 가정)에서 설명한 바와 같이, 회사는 수익 인식 시점에 매출장려활동으로 인한 지급액 및 할인액을 추정하고 있으며, 이를 재화의 판매에 따른 수익에서 차감합니다.
수익 차감 금액의 산정에는 회사 경영진의 유의적인 추정 및 판단이 수반되어 편의가개입되거나 오류가 발생할 가능성이 있고, 그 금액이 유의적인 것으로 판단되는 바, 우리는 DX부문의 재화 판매장려활동으로 인한 매출 차감의 정확성과 완전성을 핵심감사사항으로 결정하였습니다.
핵심감사사항이 감사에서 다루어진 방법
상기의 핵심감사사항에 대응하기 위해 우리가 수행한 주요 감사절차는 다음과 같습니다.
- 매출차감 처리 관련 회사 정책의 검토 및 프로세스와 내부통제의 이해
- 매출차감 정책의 승인에 대한 내부통제의 설계 및 운영의 효과성 평가
- 매출차감 추정 및 사후 정산 금액의 승인에 대한 내부통제의 설계 및 운영의 효과성 평가
- 표본추출을 통하여 추정의 합리성 평가를 위한 매출차감 근거 문서 검사
- 표본추출을 통하여 매출차감 금액의 정확성 및 완전성 확인을 위한 당기말 추정치와 보고기간 종료일 이후 정산 금액 비교
기타사항
회사의 2022년 12월 31일로 종료되는 보고기간의 재무제표는 타감사인이 감사하였으며, 이 감사인의 2023년 2월 15일자 감사보고서에는 적정의견이 표명되었습니다.
재무제표에 대한 경영진과 지배기구의 책임
경영진은 한국채택국제회계기준에 따라 이 재무제표를 작성하고 공정하게 표시할 책임이 있으며, 부정이나 오류로 인한 중요한 왜곡표시가 없는 재무제표를 작성하는데 필요하다고 결정한 내부통제에 대해서도 책임이 있습니다.
경영진은 재무제표를 작성할 때, 회사의 계속기업으로서의 존속능력을 평가하고 해당되는 경우, 계속기업 관련 사항을 공시할 책임이 있습니다. 그리고 경영진이 기업을 청산하거나 영업을 중단할 의도가 없는 한, 회계의 계속기업전제의 사용에 대해서도 책임이 있습니다.
지배기구는 회사의 재무보고절차의 감시에 대한 책임이 있습니다.
재무제표감사에 대한 감사인의 책임
우리의 목적은 회사의 재무제표에 전체적으로 부정이나 오류로 인한 중요한 왜곡표시가 없는지에 대하여 합리적인 확신을 얻어 우리의 의견이 포함된 감사보고서를 발행하는데 있습니다. 합리적인 확신은 높은 수준의 확신을 의미하나, 감사기준에 따라수행된 감사가 항상 중요한 왜곡표시를 발견한다는 것을 보장하지는 않습니다. 왜곡표시는 부정이나 오류로부터 발생할 수 있으며, 왜곡표시가 재무제표를 근거로 하는 이용자의 경제적 의사결정에 개별적으로 또는 집합적으로 영향을 미칠 것이 합리적으로 예상되면, 그 왜곡표시는 중요하다고 간주됩니다.
감사기준에 따른 감사의 일부로서 우리는 감사의 전 과정에 걸쳐 전문가적 판단을 수행하고 전문가적 의구심을 유지하고 있습니다. 또한, 우리는:
- 부정이나 오류로 인한 재무제표의 중요왜곡표시위험을 식별하고 평가하며 그러한위험에 대응하는 감사절차를 설계하고 수행합니다. 그리고 감사의견의 근거로서 충분하고 적합한 감사증거를 입수합니다. 부정은 공모, 위조, 의도적인 누락, 허위진술 또는 내부통제 무력화가 개입될 수 있기 때문에 부정으로 인한 중요한 왜곡표시를 발견하지 못할 위험은 오류로 인한 위험보다 큽니다.
- 상황에 적합한 감사절차를 설계하기 위하여 감사와 관련된 내부통제를 이해합니다.
- 재무제표를 작성하기 위하여 경영진이 적용한 회계정책의 적합성과 경영진이 도출한 회계추정치와 관련 공시의 합리성에 대하여 평가합니다.
- 경영진이 사용한 회계의 계속기업전제의 적절성과, 입수한 감사증거를 근거로 계속기업으로서의 존속능력에 대하여 유의적 의문을 초래할 수 있는 사건이나 상황과 관련된 중요한 불확실성이 존재하는지 여부에 대하여 결론을 내립니다. 중요한 불확실성이 존재한다고 결론을 내리는 경우, 우리는 재무제표의 관련 공시에 대하여 감사보고서에 주의를 환기시키고, 이들 공시가 부적절한 경우 의견을 변형시킬 것을 요구받고 있습니다. 우리의 결론은 감사보고서일까지 입수된 감사증거에 기초하나, 미래의 사건이나 상황이 회사의 계속기업으로서 존속을 중단시킬 수 있습니다.
- 공시를 포함한 재무제표의 전반적인 표시와 구조 및 내용을 평가하고, 재무제표의기초가 되는 거래와 사건을 재무제표가 공정한 방식으로 표시하고 있는지 여부를 평가합니다.
우리는 여러 가지 사항들 중에서 계획된 감사범위와 시기 그리고 감사 중 식별된 유의적 내부통제 미비점 등 유의적인 감사의 발견사항에 대하여 지배기구와 커뮤니케이션합니다.
또한, 우리는 독립성 관련 윤리적 요구사항들을 준수하고, 우리의 독립성 문제와 관련된다고 판단되는 모든 관계와 기타사항들 및 해당되는 경우 관련 제도적 안전장치를 지배기구와 커뮤니케이션한다는 진술을 지배기구에게 제공합니다.
우리는 지배기구와 커뮤니케이션한 사항들 중에서 당기 재무제표감사에서 가장 유의적인 사항들을 핵심감사사항으로 결정합니다. 법규에서 해당 사항에 대하여 공개적인 공시를 배제하거나, 극히 드문 상황으로 우리가 감사보고서에 해당 사항을 기술함으로 인한 부정적 결과가 해당 커뮤니케이션에 따른 공익적 효익을 초과할 것으로 합리적으로 예상되어 해당 사항을 감사보고서에 커뮤니케이션해서는 안 된다고 결론을내리는 경우가 아닌 한, 우리는 감사보고서에 이러한 사항들을 기술합니다.
이 감사보고서의 근거가 된 감사를 실시한 업무수행이사는 한상현입니다.
서울특별시 강남구 테헤란로 152 (역삼동, 강남파이낸스센터 27층)
핵심감사사항은 우리의 전문가적 판단에 따라 당기 재무제표 감사에서 가장 유의적인 사항들입니다. 해당 사항들은 재무제표 전체에 대한 감사의 관점에서 우리의 의견형성 시 다루어졌으며, 우리는 이런 사항에 대하여 별도의 의견을 제공하지는 않습니다.
메모리 반도체 재고자산 순실현가치 평가
핵심감사사항으로 결정한 이유
회사의 DS(Device Solutions) 부문이 생산ㆍ판매하는 메모리 반도체 제품은 당기 중 수요 약세를 포함한 거시적 경기 불확실성 등으로 인한 가격 하락의 영향을 받았습니다. 재무제표에 대한 주석2(중요한 회계처리방침)과 주석3(중요한 회계추정 및 가정)에서 설명한 바와 같이, 회사는 재고자산을 원가와 순실현가능가치 중 작은 금액으로표시하고 있습니다. 순실현가능가치의 추정에는 미래의 수요 및 판매가격 등 다양한 변수와 관련된 불확실성과 그 측정과정에서의 복잡성으로 인해 잠재적 오류가 유의적인 것으로 판단되는 바, 우리는 메모리 재고자산의 순실현가치 평가를 핵심감사사항으로 결정하였습니다.
핵심감사사항이 감사에서 다루어진 방법
상기의 핵심감사사항에 대응하기 위해 우리가 수행한 주요 감사절차는 다음과 같습니다.
- 재고자산 순실현가치 평가시 적용한 회사 정책의 합리성 검토 및 프로세스와 내부통제의 이해
- 재고자산 순실현가치 평가를 위해 구축한 내부통제의 설계 및 운영의 효과성 평가
- 표본추출을 통하여 재고자산 순실현가치 평가 시 사용된 예상 판매가격 등 기초정보의 적정성 평가
- 추정 판매단가와 실제 판매단가의 소급적 검토를 통한 추정의 합리성 평가
- 재고자산의 평가에 적용된 예상 판매가격 및 판매비용 등 추정과에 대한 적정성 평가 및 재계산 검증을 통한 재고자산 평가충당금의 정확성 확인
재화의 판매장려활동에 대한 매출차감의 정확성과 완전성
핵심감사사항으로 결정한 이유
회사의 DX(Device eXperience) 부문에서는 재화의 판매 시 명시적이거나 암묵적인 약정에 의거하여 유통업자 및 통신업자 등에게 판매수량 또는 금액에 따른 할인 및 장려금 등을 제공하는 매출장려활동을 수행합니다. 재무제표에 대한 주석2(중요한 회계처리방침)과 주석3(중요한 회계추정 및 가정)에서 설명한 바와 같이, 회사는 수익 인식 시점에 매출장려활동으로 인한 지급액 및 할인액을 추정하고 있으며, 이를 재화의 판매에 따른 수익에서 차감합니다.
수익 차감 금액의 산정에는 회사 경영진의 유의적인 추정 및 판단이 수반되어 편의가개입되거나 오류가 발생할 가능성이 있고, 그 금액이 유의적인 것으로 판단되는 바, 우리는 DX부문의 재화 판매장려활동으로 인한 매출 차감의 정확성과 완전성을 핵심감사사항으로 결정하였습니다.
핵심감사사항이 감사에서 다루어진 방법
상기의 핵심감사사항에 대응하기 위해 우리가 수행한 주요 감사절차는 다음과 같습니다.
- 매출차감 처리 관련 회사 정책의 검토 및 프로세스와 내부통제의 이해
- 매출차감 정책의 승인에 대한 내부통제의 설계 및 운영의 효과성 평가
- 매출차감 추정 및 사후 정산 금액의 승인에 대한 내부통제의 설계 및 운영의 효과성 평가
- 표본추출을 통하여 추정의 합리성 평가를 위한 매출차감 근거 문서 검사
- 표본추출을 통하여 매출차감 금액의 정확성 및 완전성 확인을 위한 당기말 추정치와 보고기간 종료일 이후 정산 금액 비교
기타사항
회사의 2022년 12월 31일로 종료되는 보고기간의 재무제표는 타감사인이 감사하였으며, 이 감사인의 2023년 2월 15일자 감사보고서에는 적정의견이 표명되었습니다.
재무제표에 대한 경영진과 지배기구의 책임
경영진은 한국채택국제회계기준에 따라 이 재무제표를 작성하고 공정하게 표시할 책임이 있으며, 부정이나 오류로 인한 중요한 왜곡표시가 없는 재무제표를 작성하는데 필요하다고 결정한 내부통제에 대해서도 책임이 있습니다.
경영진은 재무제표를 작성할 때, 회사의 계속기업으로서의 존속능력을 평가하고 해당되는 경우, 계속기업 관련 사항을 공시할 책임이 있습니다. 그리고 경영진이 기업을 청산하거나 영업을 중단할 의도가 없는 한, 회계의 계속기업전제의 사용에 대해서도 책임이 있습니다.
지배기구는 회사의 재무보고절차의 감시에 대한 책임이 있습니다.
재무제표감사에 대한 감사인의 책임
우리의 목적은 회사의 재무제표에 전체적으로 부정이나 오류로 인한 중요한 왜곡표시가 없는지에 대하여 합리적인 확신을 얻어 우리의 의견이 포함된 감사보고서를 발행하는데 있습니다. 합리적인 확신은 높은 수준의 확신을 의미하나, 감사기준에 따라수행된 감사가 항상 중요한 왜곡표시를 발견한다는 것을 보장하지는 않습니다. 왜곡표시는 부정이나 오류로부터 발생할 수 있으며, 왜곡표시가 재무제표를 근거로 하는 이용자의 경제적 의사결정에 개별적으로 또는 집합적으로 영향을 미칠 것이 합리적으로 예상되면, 그 왜곡표시는 중요하다고 간주됩니다.
감사기준에 따른 감사의 일부로서 우리는 감사의 전 과정에 걸쳐 전문가적 판단을 수행하고 전문가적 의구심을 유지하고 있습니다. 또한, 우리는:
- 부정이나 오류로 인한 재무제표의 중요왜곡표시위험을 식별하고 평가하며 그러한위험에 대응하는 감사절차를 설계하고 수행합니다. 그리고 감사의견의 근거로서 충분하고 적합한 감사증거를 입수합니다. 부정은 공모, 위조, 의도적인 누락, 허위진술 또는 내부통제 무력화가 개입될 수 있기 때문에 부정으로 인한 중요한 왜곡표시를 발견하지 못할 위험은 오류로 인한 위험보다 큽니다.
- 상황에 적합한 감사절차를 설계하기 위하여 감사와 관련된 내부통제를 이해합니다.
- 재무제표를 작성하기 위하여 경영진이 적용한 회계정책의 적합성과 경영진이 도출한 회계추정치와 관련 공시의 합리성에 대하여 평가합니다.
- 경영진이 사용한 회계의 계속기업전제의 적절성과, 입수한 감사증거를 근거로 계속기업으로서의 존속능력에 대하여 유의적 의문을 초래할 수 있는 사건이나 상황과 관련된 중요한 불확실성이 존재하는지 여부에 대하여 결론을 내립니다. 중요한 불확실성이 존재한다고 결론을 내리는 경우, 우리는 재무제표의 관련 공시에 대하여 감사보고서에 주의를 환기시키고, 이들 공시가 부적절한 경우 의견을 변형시킬 것을 요구받고 있습니다. 우리의 결론은 감사보고서일까지 입수된 감사증거에 기초하나, 미래의 사건이나 상황이 회사의 계속기업으로서 존속을 중단시킬 수 있습니다.
- 공시를 포함한 재무제표의 전반적인 표시와 구조 및 내용을 평가하고, 재무제표의기초가 되는 거래와 사건을 재무제표가 공정한 방식으로 표시하고 있는지 여부를 평가합니다.
우리는 여러 가지 사항들 중에서 계획된 감사범위와 시기 그리고 감사 중 식별된 유의적 내부통제 미비점 등 유의적인 감사의 발견사항에 대하여 지배기구와 커뮤니케이션합니다.
또한, 우리는 독립성 관련 윤리적 요구사항들을 준수하고, 우리의 독립성 문제와 관련된다고 판단되는 모든 관계와 기타사항들 및 해당되는 경우 관련 제도적 안전장치를 지배기구와 커뮤니케이션한다는 진술을 지배기구에게 제공합니다.
우리는 지배기구와 커뮤니케이션한 사항들 중에서 당기 재무제표감사에서 가장 유의적인 사항들을 핵심감사사항으로 결정합니다. 법규에서 해당 사항에 대하여 공개적인 공시를 배제하거나, 극히 드문 상황으로 우리가 감사보고서에 해당 사항을 기술함으로 인한 부정적 결과가 해당 커뮤니케이션에 따른 공익적 효익을 초과할 것으로 합리적으로 예상되어 해당 사항을 감사보고서에 커뮤니케이션해서는 안 된다고 결론을내리는 경우가 아닌 한, 우리는 감사보고서에 이러한 사항들을 기술합니다.
이 감사보고서의 근거가 된 감사를 실시한 업무수행이사는 한상현입니다.
서울특별시 강남구 테헤란로 152 (역삼동, 강남파이낸스센터 27층)",7427,/Users/june_kim/samsung_audit_nlp/data/raw/감사보고서_2023.htm,2026-03-31T07:17:33.809670+00:00
67,2023,재무상태표,"제 55 기 : 2023년 12월 31일 현재
제 54 기 : 2022년 12월 31일 현재
삼성전자주식회사
(단위 : 백만원)
자 산
Ⅰ. 유 동 자 산
68,548,442
59,062,658
1. 현금및현금성자산
4, 28
6,061,451
3,921,593
2. 단기금융상품
4, 28
50,071
137
3. 매출채권
4, 5, 7, 28
27,363,016
20,503,223
4. 미수금
4, 7, 28
1,910,054
2,925,006
5. 선급비용
1,349,755
1,047,900
6. 재고자산
8
29,338,151
27,990,007
7. 기타유동자산
4, 28
2,475,944
2,674,792
Ⅱ. 비 유 동 자 산
228,308,847
201,021,092
1. 기타포괄손익-공정가치금융자산
4, 6, 28
1,854,503
1,364,325
2. 당기손익-공정가치금융자산
4, 6, 28
1
283
3. 종속기업, 관계기업 및 공동기업 투자
9
57,392,438
57,397,249
4. 유형자산
10
140,579,161
123,266,986
5. 무형자산
11
10,440,211
8,561,424
6. 순확정급여자산
14
3,745,697
4,410,223
7. 이연법인세자산
25
9,931,358
2,142,512
8. 기타비유동자산
4, 7, 28
4,365,478
3,878,090
자 산 총 계
296,857,289
260,083,750
부 채
Ⅰ. 유 동 부 채
41,775,101
46,086,047
1. 매입채무
4, 28
7,943,834
8,729,315
2. 단기차입금
4, 5, 12, 28
5,625,163
2,381,512
3. 미지급금
4, 28
15,256,046
18,554,543
4. 선수금
17
302,589
320,689
5. 예수금
4, 28
445,470
523,354
6. 미지급비용
4, 17, 28
6,931,991
8,359,296
7. 당기법인세부채
-
2,533,481
8. 유동성장기부채
4, 12, 13, 28
228,491
135,753
9. 충당부채
15
4,540,702
4,059,491
10. 기타유동부채
17
500,815
488,613
Ⅱ. 비 유 동 부 채
30,294,414
4,581,512
1. 사채
4, 13, 28
19,064
24,912
2. 장기차입금
4, 12, 28
22,902,035
654,979
3. 장기미지급금
4, 28
4,942,826
2,439,232
4. 장기충당부채
15
2,413,133
1,423,165
5. 기타비유동부채
17,356
39,224
부 채 총 계
72,069,515
50,667,559
자 본
Ⅰ. 자본금
18
897,514
897,514
1. 우선주자본금
119,467
119,467
2. 보통주자본금
778,047
778,047
Ⅱ. 주식발행초과금
4,403,893
4,403,893
Ⅲ. 이익잉여금
19
219,963,351
204,388,016
Ⅳ. 기타자본항목
20
(476,984)
(273,232)
자 본 총 계
224,787,774
209,416,191
부 채 와 자 본 총 계
296,857,289
260,083,750
별첨 주석은 본 재무제표의 일부입니다.",1587,/Users/june_kim/samsung_audit_nlp/data/raw/감사보고서_2023.htm,2026-03-31T07:17:33.809670+00:00
68,2023,포괄손익,"제 55 기 : 2023년 1월 1일부터 2023년 12월 31일까지
제 54 기 : 2022년 1월 1일부터 2022년 12월 31일까지
삼성전자주식회사
(단위 : 백만원)
Ⅰ. 매 출 액
29
170,374,090
211,867,483
Ⅱ. 매 출 원 가
21
144,023,552
152,589,393
Ⅲ. 매 출 총 이 익
26,350,538
59,278,090
판매비와관리비
21, 22
37,876,835
33,958,761
Ⅳ. 영 업 이 익 (손 실)
29
(11,526,297)
25,319,329
기 타 수 익
23
29,643,315
4,576,378
기 타 비 용
23
375,723
296,344
금 융 수 익
24
7,388,664
9,734,299
금 융 비 용
24
7,598,459
9,641,742
Ⅴ. 법인세비용차감전순이익
17,531,500
29,691,920
법 인 세 비 용(수 익)
25
(7,865,599)
4,273,142
Ⅵ. 당 기 순 이 익
25,397,099
25,418,778
Ⅶ. 주 당 이 익
26
기본주당이익(단위 : 원)
3,739
3,742
희석주당이익(단위 : 원)
3,739
3,742
별첨 주석은 본 재무제표의 일부입니다.
포 괄 손 익 계 산 서
제 55 기 : 2023년 1월 1일부터 2023년 12월 31일까지
제 54 기 : 2022년 1월 1일부터 2022년 12월 31일까지
삼성전자주식회사
(단위 : 백만원)
Ⅰ. 당기순이익
25,397,099
25,418,778
Ⅱ. 기타포괄손익
(216,079)
613,118
후속적으로 당기손익으로 재분류되지 않는 포괄손익
(216,079)
613,118
1. 기타포괄손익-공정가치금융자산평가손익
6, 20
356,472
(208,883)
2. 순확정급여부채(자산) 재측정요소
14, 20
(572,551)
822,001
후속적으로 당기손익으로 재분류되는 포괄손익
-
-
Ⅲ. 총포괄손익
25,181,020
26,031,896
별첨 주석은 본 재무제표의 일부입니다.
자 본 변 동 표
제 55 기 : 2023년 1월 1일부터 2023년 12월 31일까지
제 54 기 : 2022년 1월 1일부터 2022년 12월 31일까지
삼성전자주식회사
(단위 : 백만원)
2022.1.1(전기초)
897,514
4,403,893
188,774,335
(882,010)
193,193,732
Ⅰ. 총포괄손익
1. 당기순이익
-
-
25,418,778
-
25,418,778
2. 기타포괄손익-공정가치금융자산평가손익
6, 20
-
-
4,340
(213,223)
(208,883)
3. 순확정급여부채(자산) 재측정요소
14, 20
-
-
-
822,001
822,001
Ⅱ. 자본에 직접 인식된 주주와의 거래
1. 배당
19
-
-
(9,809,437)
-
(9,809,437)
2022.12.31(전기말)
897,514
4,403,893
204,388,016
(273,232)
209,416,191
2023.1.1(당기초)
897,514
4,403,893
204,388,016
(273,232)
209,416,191
Ⅰ. 총포괄손익
1. 당기순이익
-
-
25,397,099
-
25,397,099
2. 기타포괄손익-공정가치금융자산평가손익
6, 20
-
-
(12,327)
368,799
356,472
3. 순확정급여부채(자산) 재측정요소
14, 20
-
-
-
(572,551)
(572,551)
Ⅱ. 자본에 직접 인식된 주주와의 거래
1. 배당
19
-
-
(9,809,437)
-
(9,809,437)
2023.12.31(당기말)
897,514
4,403,893
219,963,351
(476,984)
224,787,774
별첨 주석은 본 재무제표의 일부입니다.",1833,/Users/june_kim/samsung_audit_nlp/data/raw/감사보고서_2023.htm,2026-03-31T07:17:33.809670+00:00
69,2023,현금흐름,"제 55 기 : 2023년 1월 1일부터 2023년 12월 31일까지
제 54 기 : 2022년 1월 1일부터 2022년 12월 31일까지
삼성전자주식회사
(단위 : 백만원)
Ⅰ. 영업활동 현금흐름
34,455,084
44,788,749
1. 영업에서 창출된 현금흐름
8,088,628
49,589,897
가. 당기순이익
25,397,099
25,418,778
나. 조정
27
(4,092,924)
31,039,388
다. 영업활동으로 인한 자산부채의 변동
27
(13,215,547)
(6,868,269)
2. 이자의 수취
332,111
339,560
3. 이자의 지급
(798,649)
(287,488)
4. 배당금 수입
29,497,803
3,551,435
5. 법인세 납부액
(2,664,809)
(8,404,655)
Ⅱ. 투자활동 현금흐름
(47,571,537)
(28,123,886)
1. 단기금융상품의 순감소(증가)
(49,934)
15,000,439
2. 기타포괄손익-공정가치금융자산의 처분
15,538
10,976
3. 기타포괄손익-공정가치금융자산의 취득
(15,515)
-
4. 당기손익-공정가치금융자산의 처분
243
1,744
5. 종속기업, 관계기업 및 공동기업 투자의 처분
144,292
165,089
6. 종속기업, 관계기업 및 공동기업 투자의 취득
(108,300)
(1,001,723)
7. 유형자산의 처분
164,415
288,684
8. 유형자산의 취득
(45,026,206)
(39,160,176)
9. 무형자산의 처분
12,002
6,242
10. 무형자산의 취득
(2,639,614)
(3,298,378)
11. 기타 투자활동으로 인한 현금유출입액
(68,458)
(136,783)
Ⅲ. 재무활동 현금흐름
15,268,902
(16,665,064)
1. 단기차입금의 순증가(감소)
27
3,274,337
(6,700,826)
2. 장기차입금의 차입
27
21,990,000
-
3. 사채 및 장기차입금의 상환
27
(185,316)
(155,264)
4. 배당금의 지급
(9,810,119)
(9,808,974)
Ⅳ. 외화환산으로 인한 현금의 변동
(12,591)
2,922
Ⅴ. 현금및현금성자산의 증가(감소)(Ⅰ+Ⅱ+Ⅲ+Ⅳ)
2,139,858
2,721
Ⅵ. 기초의 현금및현금성자산
3,921,593
3,918,872
Ⅶ. 기말의 현금및현금성자산
6,061,451
3,921,593
별첨 주석은 본 재무제표의 일부입니다.",1209,/Users/june_kim/samsung_audit_nlp/data/raw/감사보고서_2023.htm,2026-03-31T07:17:33.809670+00:00
70,2023,주석,"주석
제 55 기 : 2023년 12월 31일 현재
제 54 기 : 2022년 12월 31일 현재
삼성전자주식회사
1. 일반적 사항: 삼성전자주식회사(이하 ""회사"")는 1969년 대한민국에서 설립되어 1975년에 대한민국의 증권거래소에 상장하였습니다. 회사의 사업은 DX 부문, DS 부문으로 구성되어있습니다. DX(Device eXperience) 부문은 TV, 냉장고, 스마트폰, 통신시스템 등의 사업으로 구성되어 있으며, DS(Device Solutions) 부문은 메모리, Foundry, System LSI 등으로 구성되어 있습니다. 회사의 본점 소재지는 경기도 수원시입니다. 회사의 재무제표는 한국채택국제회계기준에 따라 작성되었으며, 기업회계기준서 제1027호 '별도재무제표'에 따른 별도재무제표입니다.
2. 중요한 회계처리방침:
다음은 재무제표의 작성에 적용된 중요한 회계정책입니다. 이러한 정책은 별도의 언급이 없다면, 표시된 회계기간에 계속적으로 적용됩니다.
2.1 재무제표 작성기준
회사의 재무제표는 한국채택국제회계기준에 따라 작성되었습니다. 한국채택국제회계기준은 국제회계기준위원회(""IASB"")가 발표한 기준서와 해석서 중 대한민국이 채택한 내용을 의미합니다. 한국채택국제회계기준은 재무제표 작성 시 중요한 회계추정의 사용을 허용하고 있으며, 회계정책을 적용함에 있어 경영진의 판단을 요구하고 있습니다. 보다 복잡하고 높은 수준의 판단이 요구되는 부분이나 중요한 가정 및 추정이 요구되는 부분은 주석3에서 설명하고 있습니다.
2.2 회계정책과 공시의 변경
가. 회사가 채택한 제ㆍ개정 기준서
회사는 2023년 1월 1일로 개시하는 회계기간부터 다음의 주요 제ㆍ개정 기준서를 신규로 적용하였습니다.
- 기업회계기준서 제1001호 '재무제표 표시' 개정
공시 대상 회계정책 정보를 '유의적인' 회계정책에서 '중요한(material)' 회계정책으로 대체하고 그 의미를 명확히 하였습니다. 이 개정사항은 회계정책의 변경을 수반하는 것은 아니지만, 재무제표에 공시되는 회계정책 정보에 영향을 미칩니다. 또한, 중요성 개념을 적용하는 방법에 대한 지침을 제공하기 위하여 국제회계기준 실무서2 '중요성에 대한 판단'을 개정하였습니다. 회사는 해당 기준서 개정내용에 따라 주석2에서 회사의 중요한 회계정책 정보를 설명하고 있습니다.
- 기업회계기준서 제1008호 '회계정책, 회계추정의 변경 및 오류' 개정
회계추정을 정의하고, 회계정책의 변경과 구별하는 방법을 명확히 하였습니다. 해당 기준서의 개정이 재무제표에 미치는 유의적인 영향은 없습니다.
- 기업회계기준서 제1012호 '법인세' 개정
자산 또는 부채가 최초로 인식되는 거래의 최초 인식 예외 요건에 거래 당시 동일한 가산할 일시적차이와 차감할 일시적차이를 발생시키지 않는 거래라는 요건을 추가하였습니다. 해당 기준서의 개정이 재무제표에 미치는 유의적인 영향은 없습니다.
- 기업회계기준서 제1012호 '법인세' 개정
경제협력개발기구(OECD)가 발표한 필라2 모범규칙을 시행하기 위하여 제정되었거나 실질적으로 제정된 세법 등에서 생기는 법인세에 기업회계기준서 제1012호 '법인세'를 적용한다는 점을 명확히 합니다.
다만 기업회계기준서 제1012호 '법인세'의 이연법인세 회계처리 요구사항에 한시적 예외 규정을 도입하여 필라2 법인세와 관련되는 이연법인세자산 및 부채를 인식하지아니하고 이에 대한 정보도 공시하지 아니합니다. 나. 회사가 적용하지 않은 제ㆍ개정 기준서
제정 또는 공표됐으나 2023년 1월 1일 이후 시작하는 회계연도에 시행일이 도래하지않았고, 회사가 조기 적용하지 않은 주요 제ㆍ개정 기준서는 다음과 같습니다.
- 기업회계기준서 제1001호 '재무제표 표시' 개정
보고기간종료일 현재 존재하는 실질적인 권리에 따라 부채가 유동 또는 비유동으로 분류되며, 부채의 결제를 연기할 수 있는 권리의 행사가능성이나 경영진의 기대는 고려하지 않습니다. 또한, 부채의 결제에 자기지분상품의 이전도 포함되나, 복합금융상품에서 자기지분상품으로 결제하는 옵션이 지분상품의 정의를 충족하여 부채와 분리하여 인식된 경우는 제외됩니다. 동 개정사항은 2024년 1월 1일 이후 시작하는 회계연도부터 적용하며, 조기적용이 허용됩니다.
- 기업회계기준서 제1116호 '리스' 개정
기업회계기준서 제1115호 '고객과의 계약에서 생기는 수익'을 적용하여 판매로 회계처리 되는 판매후리스에 대하여 후속측정 요구사항을 추가하였습니다. 동 개정사항은 리스개시일 후에 판매자-리스이용자가 계속 보유하는 사용권에 대해서는 판매자-리스이용자가 어떠한 차손익도 인식하지 않는 방식으로 '리스료'나 '수정 리스료'를 산정하도록 요구합니다. 동 개정사항은 2024년 1월 1일 이후 최초로 시작되는 회계연도부터 적용되며, 조기적용이 허용됩니다.
- 기업회계기준서 제1007호 '현금흐름표' 및 제1107호 '금융상품 공시' 개정
동 개정사항은 기업회계기준서 제1007호 '현금흐름표'의 공시 목적에 재무제표이용자가 공급자금융약정이 기업의 부채와 현금흐름에 미치는 영향을 평가할 수 있도록 공급자금융약정에 대한 정보를 공시해야 한다는 점을 추가합니다. 또한, 기업회계기준서 제1107호 '금융상품 공시'를 개정하여 유동성위험 집중도에 대한 익스포저와 관련한 정보를 공시하도록 하는 요구사항의 예로 공급자금융약정을 추가하였습니다.
동 개정사항은 2024년 1월 1일 이후 최초로 시작되는 회계연도부터 적용되며, 동 개정사항에는 최초로 적용하는 회계연도에 대한 구체적인 경과 규정을 포함합니다. 또한, 조기적용이 허용됩니다.
2.3 종속기업, 관계기업 및 공동기업
기업회계기준서 제1110호 '연결재무제표'에 의한 지배회사인 회사는 별도재무제표에서 종속기업, 관계기업 및 공동기업에 대한 투자를 기업회계기준서 제1027호 '별도재무제표'에 따라 원가법으로 처리하고 있습니다. 또한, 종속기업, 관계기업 및 공동기업 투자에 대한 객관적인 손상의 징후가 있는 경우, 종속기업, 관계기업 및 공동기업 투자의 회수가능액과 장부금액과의 차이는 손상차손으로 인식됩니다.
2.4 외화환산
가. 기능통화와 표시통화
회사는 재무제표에 포함되는 항목들을 회사의 영업활동이 이루어지는 주된 경제 환경에서의 통화(""기능통화"")인 대한민국 원화(KRW)를 적용하여 측정하고 있으며, 재무제표는 대한민국 원화(KRW)로 표시되어 있습니다.
2.5 현금및현금성자산
현금및현금성자산은 보유중인 현금, 요구불예금 및 취득일 현재 확정된 금액의 현금으로 전환이 용이하고, 가치변동의 위험이 경미한 매우 유동적인 단기투자자산으로 구성되어 있습니다.
2.6 금융자산
가. 분류 금융자산은 금융자산의 관리를 위한 사업모형과 금융자산의 계약상 현금흐름 특성에 근거하여 분류합니다. 계약상 현금흐름이 원금과 이자에 대한 지급만으로 이루어져 있는지를 평가할 때, 회사는 해당 상품의 계약조건을 고려합니다.
나. 손상
회사는 미래 전망 정보에 근거하여 상각후원가로 측정하거나 기타포괄손익-공정가치로 측정하는 채무상품에 대한 기대신용손실을 평가합니다. 단, 매출채권에 대해 회사는 채권의 최초 인식 시점부터 전체기간 기대신용손실을 인식하는 간편법을 적용합니다.
2.7 매출채권
매출채권은 유의적인 금융요소를 포함하는 경우를 제외하고는 최초에 거래가격으로 인식하며, 유효이자율을 적용한 상각후원가에서 손실충당금을 차감하여 측정하고 있습니다.
2.8 재고자산
회사는 미착품을 제외하고는 재고자산의 단위원가를 평균법에 따라 결정하고 있습니다. 제품과 재공품의 원가는 원재료비, 직접노무비 및 기타 직접원가와 정상조업도에 근거한 관련 제조간접비로 이루어지며, 유휴 생산설비 원가나 폐기비용은 제외하고 있습니다.
회사는 재고자산을 취득원가와 순실현가능가치 중 낮은 금액으로 측정하고 있습니다. 순실현가능가치는 정상적인 영업과정에서의 추정 판매가격에서 적용 가능한 변동 판매비용을 차감한 금액으로, 판가의 하락 또는 완성시까지의 원가 상승을 반영하는 저가법 평가와 재고의 과잉 또는 진부화로 인한 가치의 하락을 반영하는 과잉/진부화평가의 2가지 평가방법을 적용합니다.
2.9 유형자산
회사는 제품의 생산 등 자산을 경영진이 의도한 목적으로 사용할 수 있게 되었다고 판단된 시점을 기준으로 감가상각을 개시하고 있습니다.
회사의 유형자산은 취득원가에서 잔존가액을 차감한 가액이 회사가 추정한 추정내용연수에 걸쳐 정액법으로 상각됩니다. 토지는 상각되지 않으며, 자본화차입금이자를 포함한 장기건설자산의 취득에 사용된 원가는 관련 자산의 추정내용연수 동안 상각됩니다.
자산별로 회사가 사용하고 있는 대표추정내용연수는 다음과 같습니다.
건물 및 구축물
15, 30 년
기계장치
5 년
기타
5 년
2.10 무형자산
영업권은 사업의 취득시점에 회사가 식별가능 순자산에 대해 공정가치를 초과하여 지급한 대가에 해당하며, 무형자산으로 계상하고 있습니다. 영업권을 제외한 무형자산은 역사적 원가로 최초 인식되고, 원가에서 상각누계액과 손상차손누계액을 차감한 금액으로 표시됩니다.
회원권은 이용 가능 기간에 대하여 예측가능한 제한이 없으므로 내용연수가 한정 되지 않아 상각되지 않습니다. 하지만 회원권의 시장가치 하락 등 손상 징후 발견 시 합리적으로 추정하여 손상을 반영합니다. 특허권, 상표권 및 기타무형자산 등 한정 된 내용연수를 가지는 무형자산은 추정내용연수 동안 정액법에 따라 상각하고 있습니다.
자산별 대표추정내용연수는 다음과 같습니다.
특허권, 상표권 및 기타무형자산
5년 ~ 10년
2.11 금융부채
회사는 계약상 내용의 실질과 금융부채의 정의에 따라 금융부채를 당기손익인식금융부채와 기타금융부채로 분류하고 계약의 당사자가 되는 때에 재무상태표에 인식하고 있습니다.
2.12 종업원급여
회사는 확정급여제도와 확정기여제도를 포함하는 다양한 형태의 퇴직연금제도를 운영하고 있습니다. 확정급여제도와 관련하여 재무상태표에 계상된 부채(자산)는 보고기간종료일 현재 확정급여채무의 현재가치에 사외적립자산의 공정가치를 차감한 과소적립액(자산인식상한을 한도로 하는 초과적립액)이며, 확정급여채무는 매년 독립된 보험계리인에 의해 예측단위적립방식에 따라 산정됩니다.
2.13 법인세비용
회사는 필라2 규칙과 관련되는 이연법인세의 인식 및 공시에 대한 예외 규정을 적용하고 있습니다. 또한, 관련 법률이 2024년 1월 1일부터 시행될 예정이므로 보고기간 중 회사가 인식한 필라2 관련 당기법인세비용은 없습니다.
회사는 종속기업, 관계기업 및 공동기업 투자지분과 관련된 가산할 일시적차이에 대하여 소멸 시점을 통제할 수 있고 예측가능한 미래에 일시적차이가 소멸하지 않을 가능성이 높은 경우를 제외하고 이연법인세부채를 인식하고 있습니다. 또한 이러한 자산으로부터 발생하는 차감할 일시적차이에 대하여 일시적차이가 예측가능한 미래에 소멸할 가능성이 높고 일시적차이가 사용될 수 있는 과세소득이 발생할 가능성이 높은 경우에만 이연법인세자산을 인식하고 있습니다.
2.14 파생상품
회사는 파생상품의 계약에 따라 발생된 권리와 의무를 공정가액으로 평가하여 자산과 부채로 계상하고, 동 계약으로부터 발생한 손익은 발생 시점에 당기손익으로 인식하고 있습니다. 다만, 요건을 충족한 현금흐름위험회피 금액은 자본항목으로 이연하고 있습니다.
2.15 수익인식
회사의 수익은 재화의 판매에 대하여 받았거나 받을 대가의 공정가액에서 부가가치세, 반품, 판매장려금 및 가격 할인액 등을 차감한 순액으로 표시하고 있습니다.
(1) 수행의무의 식별
회사는 고객과의 계약에 따라 재화 및 용역에 대한 통제를 이전할 의무가 있습니다. 회사가 Incoterms Group C 조건(무역조건 CIF 등)에 따라 제품 및 상품을 수출하는 경우, 고객에게 재화의 통제가 이전된 이후 제공하는 운송서비스(보험 포함)를 별도의 수행의무로 인식합니다. (2) 한시점에 이행하는 수행의무
회사의 수익은 주로 재화의 판매에서 발생하고 있으며, 재화의 통제가 고객에게 이전되는 시점에 수익을 인식하고 있습니다.
(3) 기간에 걸쳐 이행하는 수행의무 용역 수행 경과에 따른 결과물을 고객이 직접 통제하게 되는 S/W판매, 운송용역, 설치용역 등의 경우, 기간에 걸쳐 수익을 인식하고 있습니다.
(4) 변동대가
회사는 인센티브, 판매장려금, 매출에누리 등 다양한 판매촉진 정책을 운영하고 있습니다. 이러한 판매촉진 정책으로 인해 고객과 약속한 대가에 변동가능성이 있는 경우, 고객으로부터 이미 받았거나 받을 대가 중 권리를 갖지 않을 것으로 예상하는 금액(변동대가)을 기대값 또는 가능성이 가장 높은 금액 중 보다 신뢰성 있는 방법으로 추정하고 있습니다. 변동대가의 추정치는 이미 인식한 누적 수익금액 중 유의적인부분을 되돌리지 않을 가능성이 매우 높은 금액까지만 거래가격에 포함하며, 관련 매출이 발생한 시점과 고객에게 변동대가를 지급하기로 결정한 시점 중 늦은 시점에 수익 및 계약부채를 인식합니다. 회사는 고객에게 제품 판매 후 고객이 반품할 것으로 예상되는 제품에 대해 경험률에 기초한 기대값 방법으로 반품율을 예측하여 계약부채(환불부채)를 인식하고 있습니다. 고객이 반품 권리를 행사할 때 고객으로부터 제품을 회수할 권리를 가지므로 그 자산을 환불자산으로 인식하고 해당 금액만큼 매출원가를 조정합니다. 제품을 회수할 권리는 제품의 과거 장부금액에서 제품을 회수하는데 드는 원가를 차감하여 측정합니다.
2.16 리스
(1) 리스이용자
회사는 기업회계기준서 제1116호 '리스'의 실무적 간편법을 적용하여, 계약에서 리스요소와 리스가 아닌 요소(이하 ""비리스요소"")를 분리하지 않고, 각 리스요소와 관련된 비리스요소를 하나의 리스요소로 회계처리합니다.
회사는 리스개시일에 기초자산을 사용할 권리를 나타내는 사용권자산(리스자산)과 리스료를 지급할 의무를 나타내는 리스부채를 인식합니다. 사용권자산은 재무상태표에 '유형자산'으로 분류하며, 리스부채는 '유동성장기부채' 또는 '장기차입금'으로 분류합니다.
리스부채는 리스개시일에 그날 현재 지급되지 않은 리스료의 현재가치로 측정하며, 회사는 현재가치 측정 시 회사의 증분차입이자율로 리스료를 할인하고 있습니다.
단기리스(리스개시일에 리스기간이 12개월 이하)와 소액자산 리스(기초자산 US$ 5,000 이하)의 경우 실무적 간편법을 적용하여 리스료를 리스기간에 걸쳐 정액기준으로 비용을 인식합니다. (2) 리스제공자
리스제공자로서 회사는 리스약정일에 리스가 금융리스인지 운용리스인지 판단합니다.
회사는 리스약정일에 리스자산의 소유에 따른 위험과 보상의 대부분을 이전하는 리스는 금융리스로 분류하고, 금융리스 이외의 모든 리스는 운용리스로 분류합니다. 운용리스로부터 발생하는 리스료 수익은 리스기간에 걸쳐 정액기준으로 인식하고, 운용리스의 협상 및 계약 단계에서 발생한 리스개설 직접원가는 리스자산의 장부금액에 가산한 후 리스료 수익에 대응하여 리스기간 동안 비용으로 인식합니다.
2.17 정부보조금
수익과 관련된 정부보조금은 이연하여 정부보조금의 교부 목적과 관련된 수익 또는 비용과 대응될 수 있는 기간에 손익계산서에 인식하고 있습니다. 한편, 특정 자산의 취득과 관련된 정부보조금은 이연수익으로 처리하고, 관련 자산의 내용연수 동안 상각하여 손익으로 반영하고 있습니다. 2.18 재무제표의 승인 회사의 재무제표는 2024년 1월 31일 이사회에서 승인되었으며, 향후 정기주주총회에서 수정 승인될 수 있습니다.
3. 중요한 회계추정 및 가정:
회사는 미래에 대하여 추정 및 가정을 하고 있습니다. 추정 및 가정은 지속적으로 평가되며, 과거 경험과 현재의 상황에서 합리적으로 예측가능한 미래의 사건을 고려하여 이루어집니다. 이러한 회계추정은 실제 결과와 다를 수도 있습니다. 다음 회계연도에 자산 및 부채 장부금액의 조정에 영향을 미칠 수 있는 유의적 위험에 대한 추정 및 가정은 다음과 같습니다.
가. 수익인식
회사는 고객에게 제품 판매 후 고객이 반품할 것으로 예상되는 제품에 대하여 환불부채와 회수할 재화에 대한 권리를 인식하고 있습니다. 판매 시점에 포트폴리오 수준에서 누적된 경험에 기초하여 기대값 방법으로 반품률을 예측하고 있으며, 회사의 수익은 예측된 반품률의 변동에 영향을 받습니다. 회사는 재화의 판매로 인한 수익을 통제가 이전되는 시점에 계약에 따른 대가에서 특정 매출장려활동을 차감한 금액으로 인식하고 있습니다. 과거의 경험 및 계약에 기초하여 매출차감액을 합리적으로 추정하고 있으며, 회사의 수익은 추정된 매출차감에 영향을 받습니다.
나. 판매보증충당부채
회사는 판매한 제품에 대하여 품질에 대한 보증의무를 부담하고 있습니다. 회사는 매 보고기간종료일 미래와 현재의 보증의무를 제공하는데 필요하다고 판단되는 최선의 추정치를 기준으로 판매보증충당부채를 계상하고 있습니다. 이러한 최선의 추정치는과거 경험에 기초하여 결정하고 있습니다.
다. 금융상품의 공정가치
회사는 활성시장에서 거래되지 않는 금융상품의 공정가치에 대하여 보고기간종료일 현재 주요한 시장상황을 기초로 다양한 평가기법 및 가정을 사용하여 결정하고 있습니다.
라. 금융자산의 손상 회사는 금융자산의 손실충당금을 측정할 때에 채무불이행위험과 기대신용률에 대한 가정에 근거하였습니다. 회사는 이러한 가정을 세우고 손상 계산을 위한 투입요소를 선택할 때 보고기간종료일의 미래 전망에 대한 추정 및 과거 경험, 현재 시장 상황에 근거하여 판단합니다. 마. 리스 회사는 리스기간을 산정할 때에 연장선택권을 행사하거나 종료선택권을 행사하지 않을 경제적 유인이 생기게 하는 관련되는 사실 및 상황을 모두 고려합니다. 연장선택권의 대상 기간(또는 종료선택권의 대상 기간)은 리스이용자가 연장선택권을 행사할 것(또는 행사하지 않을 것)이 상당히 확실한 경우에만 리스기간에 포함됩니다. 선택권이 실제로 행사되거나(행사되지 않거나) 회사가 선택권을 행사할(행사하지 않을) 의무를 부담하게 되는 경우에 리스기간을 다시 평가합니다. 리스이용자가 통제할수 있는 범위에 있고 리스기간을 산정할 때에 영향을 미치는 유의적인 사건이 일어나거나 상황에 유의적인 변화가 있을 때에만 회사는 연장선택권을 행사할 것(또는 행사하지 않을 것)이 상당히 확실한지의 판단을 변경합니다.
바. 순확정급여부채(자산)
순확정급여부채(자산)는 많은 가정을 사용하는 보험수리적 방식에 의해 결정되는 다양한 요소들에 따라 달라질 수 있습니다. 퇴직연금의 순원가(이익)를 결정하는 데 사용되는 가정은 할인율을 포함하고 있으며, 이러한 가정의 변동은 순확정급여부채(자산)의 장부금액에 영향을 줄 것입니다. 회사는 매년 말 우량회사채 이자율을 고려하여 적절한 할인율을 결정하고 있으며, 이러한 할인율은 순확정급여부채(자산)의 정산시 발생할 것으로 예상되는 미래의 추정 현금 유출액의 현재가치를 결정할 때 사용되어야 하는 이자율을 나타냅니다. 순확정급여부채(자산)와 관련된 주요한 가정들 중 일부는 현재의 시장 상황에 근거하고 있습니다. 사. 영업권 및 내용연수가 비한정인 무형자산의 손상
회사는 매년 영업권 및 내용연수가 비한정인 무형자산의 손상 여부를 검토하고 있습니다. 현금창출단위 또는 자산의 회수가능금액은 사용가치의 계산에 기초하여 결정하고 있습니다. 이러한 계산은 추정에 근거하여 이루어집니다.
아. 법인세
회사의 과세소득에 대한 법인세는 다양한 국가의 세법 및 과세당국의 결정을 적용하여 산정되므로 최종 세효과를 산정하는 데에는 불확실성이 존재합니다. 회사는 보고기간종료일 현재까지의 영업활동의 결과로 미래에 부담할 것으로 예상되는 법인세효과를 최선의 추정과정을 거쳐 당기법인세 및 이연법인세로 인식하였습니다. 하지만 실제 미래 최종 법인세부담은 인식한 관련 자산ㆍ부채와 일치하지 않을 수 있으며, 이러한 차이는 최종 세효과가 확정된 시점의 당기법인세 및 이연법인세 자산ㆍ부채에 영향을 줄 수 있습니다. 회사는 특정 기간 동안 과세소득의 일정 금액을 투자, 임금증가 등에 사용하지 않았을 때 세법에서 정하는 방법에 따라 산정된 법인세를 추가로 부담합니다. 따라서 해당 기간의 당기법인세와 이연법인세를 측정할 때 이에 따른 세효과를 반영하여야 하고, 이로 인해 회사가 부담할 법인세는 각 연도의 투자, 임금증가 등의 수준에 따라 달라지므로 최종 세효과를 산정하는 데에는 불확실성이 존재합니다. 회사는 법인세 처리의 불확실성 여부를 검토하고 있으며, 과세당국이 불확실한 법인세 처리를 수용할 가능성이 높지 않다고 결론을 내리는 경우에는 불확실한 법인세 처리 각각에 다음 방법 가운데 불확실성의 해소를 더 잘 예측할 것으로 예상하는 방법을 사용하여 불확실성의 영향을 재무제표에 반영하고 있습니다.
(1) 가능성이 가장 높은 금액: 가능한 결과치 범위에서 가능성이 가장 높은 단일금액
(2) 기대값: 가능한 결과치의 범위에 있는 모든 금액에 각 확률을 곱한 금액의 합
4. 범주별 금융상품:
가. 보고기간종료일 현재 범주별 금융상품 내역은 다음과 같습니다. (1) 당기말
(단위 : 백만원)
현금및현금성자산
6,061,451
-
-
6,061,451
단기금융상품
50,071
-
-
50,071
매출채권
27,363,016
-
-
27,363,016
기타포괄손익-공정가치금융자산
-
1,854,503
-
1,854,503
당기손익-공정가치금융자산
-
-
1
1
기타
4,972,284
-
393,235
5,365,519
계
38,446,822
1,854,503
393,236
40,694,561
(단위 : 백만원)
매입채무
7,943,834
-
7,943,834
단기차입금
-
5,625,163
5,625,163
미지급금
15,015,578
-
15,015,578
유동성장기부채
6,354
222,137
228,491
사채
19,064
-
19,064
장기차입금
21,990,000
912,035
22,902,035
장기미지급금
4,486,390
-
4,486,390
기타
3,652,969
-
3,652,969
계
53,114,189
6,759,335
59,873,524
(*) 기타금융부채는 담보부차입금과 기업회계기준서 제1109호의 금융부채의 범주로 분류되지 않는 리스부채 등을 포함하고 있습니다.
(2) 전기말
(단위 : 백만원)
현금및현금성자산
3,921,593
-
-
3,921,593
단기금융상품
137
-
-
137
매출채권
20,503,223
-
-
20,503,223
기타포괄손익-공정가치금융자산
-
1,364,325
-
1,364,325
당기손익-공정가치금융자산
-
-
283
283
기타
5,470,355
-
-
5,470,355
계
29,895,308
1,364,325
283
31,259,916
(단위 : 백만원)
매입채무
8,729,315
-
8,729,315
단기차입금
-
2,381,512
2,381,512
미지급금
18,324,604
-
18,324,604
유동성장기부채
6,228
129,525
135,753
사채
24,912
-
24,912
장기차입금
-
654,979
654,979
장기미지급금
2,083,790
-
2,083,790
기타
3,145,473
-
3,145,473
계
32,314,322
3,166,016
35,480,338
(*) 기타금융부채는 담보부차입금과 기업회계기준서 제1109호의 금융부채의 범주로 분류되지 않는 리스부채 등을 포함하고 있습니다.
나. 금융상품 범주별 순손익 구분 (1) 당기
(단위 : 백만원)
평가손익(기타포괄손익)
-
356,472
-
356,472
평가ㆍ처분손익(당기손익)
-
-
365,387
365,387
이자수익
371,106
-
-
371,106
외환차이(당기손익)
(216,145)
-
-
(216,145)
배당금수익
-
4,081
637
4,718
손상(환입)
(2,113)
-
-
(2,113)
(단위 : 백만원)
이자비용
(310,267)
(285,498)
(595,765)
외환차이(당기손익)
5,103
31,557
36,660
(*) 기타금융부채는 담보부차입금과 기업회계기준서 제1109호의 금융부채의 범주로 분류되지 않는 리스부채 등을 포함하고 있습니다.
(2) 전기
(단위 : 백만원)
평가손익(기타포괄손익)
-
(208,883)
-
(208,883)
평가ㆍ처분손익(당기손익)
-
-
271,057
271,057
이자수익
339,242
-
-
339,242
외환차이(당기손익)
(668,955)
-
-
(668,955)
배당금수익
-
3,594
-
3,594
손상(환입)
(2,130)
-
-
(2,130)
(단위 : 백만원)
이자비용
(45,883)
(244,200)
(290,083)
외환차이(당기손익)
477,397
132,902
610,299
(*) 기타금융부채는 담보부차입금과 기업회계기준서 제1109호의 금융부채의 범주로 분류되지 않는 리스부채 등을 포함하고 있습니다.
5. 금융자산의 양도: 회사는 당기 및 전기 중 은행과의 매출채권 팩토링 계약을 통해 매출채권을 할인하였습니다. 회사가 매출채권 팩토링 거래에서 제공한 매출채권은 채무자의 채무불이행 시의 소구조건 등으로 대부분의 위험과 보상을 회사가 보유하므로 금융자산의 제거요건을 충족하지 않아 제거되지 않았습니다. 이러한 거래에서 인식한 금융부채는 재무상태표에 '단기차입금'으로 분류되어 있습니다(주석 12 참조).
보고기간종료일 현재 매출채권의 할인된 내역은 다음과 같습니다.
(단위 : 백만원)
할인된 매출채권의 장부금액
5,625,163
2,381,512
관련 차입금의 장부금액
5,625,163
2,381,512
6. 공정가치금융자산:
가. 보고기간종료일 현재 공정가치금융자산의 구성 내역은 다음과 같습니다. (1) 기타포괄손익-공정가치금융자산
(단위 : 백만원)
지분상품
1,854,503
1,364,325
(2) 당기손익-공정가치금융자산
(단위 : 백만원)
채무상품
채무상품
1
283
나. 당기 및 전기 중 공정가치금융자산의 변동 내역은 다음과 같습니다. (1) 기타포괄손익-공정가치금융자산
(단위 : 백만원)
기초
1,364,325
1,662,532
취득
15,515
-
처분
(15,577)
(10,976)
공정가치평가
490,240
(285,585)
기타
-
(1,646)
기말
1,854,503
1,364,325
(2) 당기손익-공정가치금융자산
(단위 : 백만원)
기초
283
2,135
처분
(282)
(1,744)
기타
-
(108)
기말
1
283
다. 당기 및 전기 중 기타포괄손익-공정가치금융자산평가손익의 변동 내역은 다음과 같습니다.
(단위 : 백만원)
기초
(166,635)
124,937
공정가치평가
490,240
(285,585)
처분으로 인한 이익잉여금 대체
16,627
(5,987)
기말
340,232
(166,635)
차감: 자본에 가감되는 법인세효과
(94,077)
43,991
계
246,155
(122,644)
라. 보고기간종료일 현재 공정가치금융자산 중 상장주식의 내역은 다음과 같습니다.
(단위 : 백만원)
삼성중공업㈜
134,027,281
15.2
932,158
1,038,712
684,879
㈜호텔신라
2,004,717
5.1
13,957
131,108
166,592
㈜아이마켓코리아
647,320
1.9
324
5,560
6,538
㈜케이티스카이라이프
240,000
0.5
3,344
1,421
1,954
㈜용평리조트
400,000
0.8
1,869
1,220
1,412
㈜에이테크솔루션
1,592,000
15.9
26,348
17,241
12,879
㈜원익홀딩스
1,759,171
2.3
15,410
5,928
5,972
㈜원익아이피에스
1,850,936
3.8
16,214
62,839
45,811
㈜동진쎄미켐
2,467,894
4.8
48,277
95,508
73,913
솔브레인홀딩스㈜
-
-
-
-
10,989
솔브레인㈜
437,339
5.6
40,382
132,952
81,357
㈜에스앤에스텍
1,716,116
8.0
65,933
77,740
45,220
와이아이케이㈜
9,601,617
11.7
47,336
47,864
26,933
㈜케이씨텍
1,022,216
4.9
20,720
27,395
15,129
㈜엘오티베큠
1,267,668
7.1
18,990
25,544
14,326
㈜뉴파워프라즈마
2,140,939
4.9
12,739
11,240
7,579
㈜에프에스티
1,522,975
7.0
43,009
37,541
23,758
㈜디엔에프
810,030
7.0
20,964
19,400
10,692
Marvell Technology. Inc.
173,187
0.0
11,705
13,468
8,129
SoundHound AI, Inc.
1,702,957
0.7
13,719
4,655
3,820
계
1,353,398
1,757,336
1,247,882
(*) 총발행보통주식수 기준 지분율입니다.
7. 매출채권 및 미수금:
가. 보고기간종료일 현재 매출채권 및 미수금의 내역은 다음과 같습니다.
(단위 : 백만원)
채권액
27,421,756
1,927,564
20,720,707
2,945,898
차감: 손실충당금
(58,740)
(6,230)
(56,432)
(6,387)
소 계
27,363,016
1,921,334
20,664,275
2,939,511
차감: 장기 채권
-
(11,280)
(161,052)
(14,505)
유동항목
27,363,016
1,910,054
20,503,223
2,925,006
나. 당기 및 전기 중 손실충당금의 변동 내역은 다음과 같습니다.
(단위 : 백만원)
기초
56,432
6,387
56,610
4,397
대손상각(환입)
2,308
(145)
(178)
1,994
제각
-
(12)
-
(4)
기말
58,740
6,230
56,432
6,387
다. 보고기간종료일 현재 기대신용손실을 측정하기 위해 연체일을 기준으로 구분한 매출채권 및 미수금 내역은 다음과 같습니다.
(단위 : 백만원)
연체되지 않은 채권
26,584,115
1,747,904
19,948,076
2,237,287
연체된 채권:
31일 이하(*)
430,299
142,166
581,231
651,489
31일 초과 90일 이하
252,998
7,893
89,722
30,611
90일 초과
154,344
29,601
101,678
26,511
소 계
837,641
179,660
772,631
708,611
계
27,421,756
1,927,564
20,720,707
2,945,898
(*) 회사는 31일 이하 연체된 매출채권 및 미수금은 신용위험이 유의적으로 증가하였다고 판단하지 않습니다.
라. 보고기간종료일 현재 신용위험의 최대 노출금액은 채권의 장부금액입니다. 회사의 주요 채권과 관련하여 보험사와 보험계약을 체결하고 있습니다.
8. 재고자산:
보고기간종료일 현재 재고자산의 내역은 다음과 같습니다.
(단위 : 백만원)
제품 및 상품
7,914,117
(1,203,662)
6,710,455
8,589,879
(956,427)
7,633,452
반제품 및 재공품
21,866,523
(3,863,881)
18,002,642
16,738,121
(1,216,059)
15,522,062
원재료 및 저장품
4,910,170
(861,821)
4,048,349
4,891,951
(492,006)
4,399,945
미착품
576,705
-
576,705
434,548
-
434,548
계
35,267,515
(5,929,364)
29,338,151
30,654,499
(2,664,492)
27,990,007
당기 중 비용으로 인식한 재고자산의 금액은 142,735,272백만원(전기: 151,436,315백만원)입니다. 동 비용에는 재고자산평가손실 금액이 포함되어 있습니다.
9. 종속기업, 관계기업 및 공동기업 투자:
가. 당기 및 전기 중 종속기업, 관계기업 및 공동기업 투자의 변동 내역은 다음과 같습니다.
(단위 : 백만원)
기초
57,397,249
56,225,599
취득
108,300
1,272,296
처분
(144,317)
(164,503)
손상환입
31,206
63,857
기말
57,392,438
57,397,249
나. 보고기간종료일 현재 주요 관계기업 투자 현황은 다음과 같습니다. (종속기업 현황은 주석 30 참조)
삼성전기㈜
수동소자, 회로부품, 모듈 등 전자부품의 생산 및 공급
23.7
한국
12월
삼성에스디에스㈜
컴퓨터 프로그래밍, 시스템 통합ㆍ관리 등 IT 서비스 및 물류서비스 제공
22.6
한국
12월
삼성바이오로직스㈜
신사업 투자
31.2
한국
12월
삼성SDI㈜(*2)
2차전지 등 전자부품의 생산 및 공급
19.6
한국
12월
㈜제일기획
광고 대행업
25.2
한국
12월
(*1) 총발행보통주식수 기준 지분율입니다. (*2) 유통보통주식수 기준 지분율은 20.6%입니다.
다. 보고기간종료일 현재 주요 종속기업 및 관계기업의 요약 재무정보는 다음과 같습니다. (1) 주요 종속기업
(단위 : 백만원)
삼성디스플레이㈜
65,328,568
7,266,213
27,083,336
8,268,314
Samsung Electronics America, Inc. (SEA)
41,926,899
15,322,780
39,551,809
477,338
Samsung Asia Pte. Ltd. (SAPL)
22,234,942
282,614
-
14,140,195
Samsung (China) Semiconductor Co., Ltd. (SCS)
15,808,283
870,453
8,693,788
877,892
Samsung (CHINA) Investment Co., Ltd. (SCIC)
10,222,557
8,797,991
3,148,858
189,887
Samsung Electronics Europe Holding Cooperatief U.A. (SEEH)
9,660,481
4,585,806
-
103,387
Samsung India Electronics Private Ltd. (SIEL)
7,738,259
3,373,730
15,216,331
1,153,256
Samsung Eletronica da Amazonia Ltda. (SEDA)
5,542,627
1,587,911
7,222,304
333,812
Shanghai Samsung Semiconductor Co., Ltd. (SSS)
5,262,086
4,552,030
15,649,307
244,210
Thai Samsung Electronics Co., Ltd. (TSE)
3,039,379
640,512
4,213,492
150,510
Samsung Electronics (UK) Ltd. (SEUK)
2,902,722
1,976,067
5,859,133
185,113
세메스㈜
2,187,919
659,607
2,502,143
58,754
Samsung Electronics Mexico S.A. De C.V. (SEM)
2,153,032
1,038,115
3,638,080
148,873
Samsung Electronics Taiwan Co., Ltd. (SET)
1,797,627
1,139,056
4,108,479
56,467
Samsung Electronics Benelux B.V. (SEBN)
1,794,552
639,120
2,833,717
140,313
(*) 상기 요약 재무정보는 각 종속기업의 별도재무제표 기준입니다.
(단위 : 백만원)
삼성디스플레이㈜
57,302,567
7,282,718
30,779,405
4,365,588
Samsung Electronics America, Inc. (SEA)
37,883,156
12,258,315
46,738,920
219,670
Samsung Asia Pte. Ltd. (SAPL)
26,894,611
2,678,285
-
8,699,679
Samsung (China) Semiconductor Co., Ltd. (SCS)
17,095,000
2,970,835
9,679,757
638,385
Samsung (CHINA) Investment Co., Ltd. (SCIC)
13,830,988
9,764,636
2,865,831
257,878
Samsung Electronics Europe Holding Cooperatief U.A. (SEEH)
10,841,515
6,272,800
-
57,997
Samsung India Electronics Private Ltd. (SIEL)
6,772,537
3,571,863
16,180,492
508,510
Shanghai Samsung Semiconductor Co., Ltd. (SSS)
5,067,891
2,858,382
21,370,622
318,578
Samsung Eletronica da Amazonia Ltda. (SEDA)
4,600,508
1,342,517
7,485,104
(38,490)
Thai Samsung Electronics Co., Ltd. (TSE)
3,263,473
486,820
4,824,734
168,524
Samsung Electronics (UK) Ltd. (SEUK)
2,819,792
1,708,064
5,929,357
243,396
Samsung Electronics Benelux B.V. (SEBN)
2,377,730
597,044
2,834,008
25,411
Samsung Electronics Hungarian Private Co. Ltd. (SEH)
2,374,317
452,628
3,935,745
199,742
Samsung Electronics Europe Logistics B.V. (SELS)
2,194,975
2,021,491
15,409,984
20,347
세메스㈜
2,065,558
602,323
2,889,238
185,762
(*) 상기 요약 재무정보는 각 종속기업의 별도재무제표 기준입니다.
(2) 주요 관계기업
(단위 : 백만원)
요약 재무상태표:
유동자산
5,208,418
8,160,300
5,521,988
9,187,029
2,372,420
비유동자산
6,449,453
4,160,724
10,524,209
24,851,831
517,085
유동부채
2,900,460
2,391,861
4,157,861
8,518,933
1,375,034
비유동부채
727,087
953,592
2,057,844
5,612,677
216,707
요약 포괄손익계산서:
매출
8,909,348
13,276,844
3,694,589
22,708,300
4,138,275
계속영업손익(*)
430,839
693,422
857,691
2,009,207
187,302
세후중단영업손익(*)
(7,883)
-
-
-
-
기타포괄손익(*)
45,054
(11,085)
(11,673)
85,394
3,685
총포괄손익(*)
468,010
682,337
846,018
2,094,601
190,987
(*) 관계기업별 지배기업의 소유주에 귀속될 손익입니다.
(단위 : 백만원)
요약 재무상태표:
유동자산
4,888,319
8,005,764
6,457,657
9,651,702
2,193,979
비유동자산
6,108,852
3,946,660
10,124,394
20,605,823
557,466
유동부채
2,525,123
2,493,323
4,181,542
8,006,939
1,335,643
비유동부채
778,563
992,132
3,416,034
5,033,084
194,373
요약 포괄손익계산서:
매출
9,441,276
17,234,750
3,001,295
20,124,070
4,253,367
계속영업손익(*)
1,009,739
1,099,745
798,056
1,952,149
193,732
세후중단영업손익(*)
(29,187)
-
-
-
-
기타포괄손익(*)
(2,215)
80,368
6,995
(139,877)
(1,122)
총포괄손익(*)
978,337
1,180,113
805,051
1,812,272
192,610
(*) 관계기업별 지배기업의 소유주에 귀속될 손익입니다.
라. 보고기간종료일 현재 시장성 있는 관계기업 투자주식의 내역은 다음과 같습니다.
(단위 : 주, 백만원)
삼성전기㈜
17,693,084
2,710,580
445,244
2,308,947
445,244
삼성에스디에스㈜
17,472,110
2,970,259
560,827
2,149,070
560,827
삼성바이오로직스㈜
22,217,309
16,885,155
1,595,892
18,240,411
1,595,892
삼성SDI㈜
13,462,673
6,354,382
1,242,605
7,956,440
1,242,605
㈜제일기획
29,038,075
552,595
491,599
669,328
491,599
10. 유형자산: 가. 당기 및 전기 중 유형자산의 변동 내역은 다음과 같습니다. (1) 당기
(단위 : 백만원)
기초장부금액
7,752,989
23,246,622
61,426,540
28,768,364
2,072,471
123,266,986
- 취득원가
7,754,559
36,449,026
199,823,339
28,768,364
4,886,059
277,681,347
- 감가상각누계액(손상 포함)
(1,570)
(13,202,404)
(138,396,799)
-
(2,813,588)
(154,414,361)
일반취득 및 자본적지출(*)
131,535
5,509,158
31,107,219
5,907,608
461,345
43,116,865
감가상각
(1,003)
(2,135,709)
(22,908,637)
-
(574,245)
(25,619,594)
처분ㆍ폐기
(2,277)
(25,652)
(95,125)
-
(5,330)
(128,384)
손상
-
(27,715)
(24,920)
-
(1,547)
(54,182)
기타
(22)
(2,408)
(12,290)
(641)
12,831
(2,530)
기말장부금액
7,881,222
26,564,296
69,492,787
34,675,331
1,965,525
140,579,161
- 취득원가
7,883,620
41,814,348
228,287,817
34,675,331
5,182,709
317,843,825
- 감가상각누계액(손상 포함)
(2,398)
(15,250,052)
(158,795,030)
-
(3,217,184)
(177,264,664)
(*) 일반취득 및 자본적지출은 건설중인자산에서 대체된 금액을 포함하고 있습니다. 자본화된 차입원가는 646,471백만원이며, 자본화가능차입원가를 산정하기 위하여 사용된 자본화 이자율은 4.6%입니다.
(2) 전기
(단위 : 백만원)
기초장부금액
7,780,994
21,841,816
57,135,313
15,307,502
1,601,400
103,667,025
- 취득원가
7,782,125
33,244,532
175,487,461
15,307,502
4,022,759
235,844,379
- 감가상각누계액(손상 포함)
(1,131)
(11,402,716)
(118,352,148)
-
(2,421,359)
(132,177,354)
일반취득 및 자본적지출(*)
154
3,246,081
26,182,600
13,481,591
1,085,750
43,996,176
감가상각
(439)
(1,827,588)
(21,889,623)
-
(594,290)
(24,311,940)
처분ㆍ폐기
(27,720)
(20,264)
(137,496)
-
(8,247)
(193,727)
기타
-
6,577
135,746
(20,729)
(12,142)
109,452
기말장부금액
7,752,989
23,246,622
61,426,540
28,768,364
2,072,471
123,266,986
- 취득원가
7,754,559
36,449,026
199,823,339
28,768,364
4,886,059
277,681,347
- 감가상각누계액(손상 포함)
(1,570)
(13,202,404)
(138,396,799)
-
(2,813,588)
(154,414,361)
(*) 일반취득 및 자본적지출은 건설중인자산에서 대체된 금액을 포함하고 있습니다. 자본화된 차입원가는 40,577백만원이며, 자본화가능차입원가를 산정하기 위하여 사용된 자본화 이자율은 4.1%입니다.
나. 당기 및 전기 중 유형자산에 포함된 사용권자산의 변동 내역은 다음과 같습니다. (1) 당기
(단위 : 백만원)
기초장부금액
1,866
642,700
22,135
569,312
1,236,013
일반취득
3,712
863,062
1,728
4,554
873,056
감가상각
(1,003)
(189,855)
(16,057)
(40,749)
(247,664)
계약의 해지
-
(20,500)
-
(234)
(20,734)
기타
-
(114)
336
20
242
기말장부금액
4,575
1,295,293
8,142
532,903
1,840,913
(2) 전기
(단위 : 백만원)
기초장부금액
2,279
510,528
39,038
178,480
730,325
일반취득
26
261,999
1,380
410,088
673,493
감가상각
(439)
(128,754)
(23,276)
(19,120)
(171,589)
계약의 해지
-
(1,070)
-
(737)
(1,807)
기타
-
(3)
4,993
601
5,591
기말장부금액
1,866
642,700
22,135
569,312
1,236,013
다. 당기 및 전기 중 계정과목별 유형자산 상각 내역은 다음과 같습니다.
(단위 : 백만원)
매출원가
23,618,150
22,486,452
판매비와관리비 등
2,001,444
1,825,488
계
25,619,594
24,311,940
11. 무형자산: 가. 당기 및 전기 중 무형자산의 변동 내역은 다음과 같습니다.
(1) 당기
(단위 : 백만원)
기초장부금액
1,193,286
85,018
199,870
7,083,250
8,561,424
개별 취득
371,570
-
1,069
4,174,044
4,546,683
상각
(229,849)
(85,018)
-
(2,299,322)
(2,614,189)
처분ㆍ폐기
(40,944)
-
(7,850)
(560)
(49,354)
손상(환입)
(6,265)
-
3,738
(3,114)
(5,641)
기타
-
-
-
1,288
1,288
기말장부금액
1,287,798
-
196,827
8,955,586
10,440,211
(2) 전기
(단위 : 백만원)
기초장부금액
1,226,241
236,910
195,135
6,999,170
8,657,456
개별 취득
232,768
-
5,795
2,315,598
2,554,161
상각
(217,808)
(151,892)
-
(2,235,367)
(2,605,067)
처분ㆍ폐기
(47,915)
-
(197)
-
(48,112)
손상(환입)
-
-
(863)
-
(863)
기타
-
-
-
3,849
3,849
기말장부금액
1,193,286
85,018
199,870
7,083,250
8,561,424
나. 당기 및 전기 중 계정과목별 무형자산 상각 내역은 다음과 같습니다.
(단위 : 백만원)
매출원가
2,016,938
2,006,928
판매비와관리비 등
597,251
598,139
계
2,614,189
2,605,067
12. 차입금:
가. 보고기간종료일 현재 차입금의 내역은 다음과 같습니다.
(단위 : 백만원)
단기차입금:
담보부차입금(*1)
우리은행 등
-
0.0 ~ 17.3
5,625,163
2,381,512
유동성장기차입금:
리스부채(*2)
-
-
2.9
222,137
129,525
장기차입금:
리스부채(*2)
-
-
2.9
912,035
654,979
무담보차입금
삼성디스플레이㈜
2025.08.16
4.6
21,990,000
-
계
22,902,035
654,979
(*1) 담보부차입금과 관련하여 매출채권을 담보로 제공하였습니다. (*2) 리스부채와 관련하여 연이자율은 가중평균증분차입이자율이며, 당기 중 발생한 이자비용은 28,282백만원(전기: 10,876백만원)입니다. 한편, 당기 중 리스부채 측정치에 포함되지 않은 단기리스료, 소액 자산 리스료 등은 51,569백만원(전기: 63,103백만원)입니다.
나. 보고기간종료일 현재 장기차입금의 연도별 상환계획은 다음과 같습니다.
(단위 : 백만원)
2024년
1,012,236
2025년
22,873,362
계
23,885,598
다. 보고기간종료일 현재 리스부채의 연도별 상환계획은 다음과 같습니다.
(단위 : 백만원)
2024년
257,823
2025년
178,055
2026년
198,744
2027년
149,858
2028년 이후
481,592
계
1,266,072
13. 사채:
가. 보고기간종료일 현재 사채의 내역은 다음과 같습니다.
(단위 : %, 백만원)
US$ denominated Straight Bonds(*)
1997.10.02
2027.10.01
7.7
25,788 (US$ 20,000천)
31,683 (US$ 25,000천)
사채할인발행차금
(370)
(543)
계
25,418
31,140
차감: 유동성사채
(6,354)
(6,228)
비유동성사채
19,064
24,912
(*) 10년 거치 20년 분할상환되며 이자는 6개월마다 후급됩니다.
나. 보고기간종료일 현재 사채의 연도별 상환계획은 다음과 같습니다.
(단위 : 백만원)
2024년
6,447
2025년
6,447
2026년
6,447
2027년
6,447
계
25,788
14. 순확정급여부채(자산): 가. 보고기간종료일 현재 순확정급여부채(자산)의 내역은 다음과 같습니다.
(단위 : 백만원)
기금이 적립된 확정급여채무의 현재가치
11,959,655
10,729,126
기금이 적립되지 않은 확정급여채무의 현재가치
22,672
29,546
소 계
11,982,327
10,758,672
사외적립자산의 공정가치
(15,728,024)
(15,168,895)
순확정급여부채(자산) 계
(3,745,697)
(4,410,223)
나. 당기 및 전기 중 확정급여제도 관련 비용의 세부 내역은 다음과 같습니다.
(단위 : 백만원)
당기근무원가
962,366
1,030,033
순이자원가(수익)
(275,246)
(91,902)
계
687,120
938,131
한편, 당기 중 확정기여제도와 관련하여 비용으로 인식한 금액은 48,884백만원
(전기: 36,580백만원)입니다.
다. 당기 및 전기 중 확정급여제도 관련 비용의 계정과목별 금액은 다음과 같습니다.
(단위 : 백만원)
매출원가
271,113
373,835
판매비와관리비 등
416,007
564,296
계
687,120
938,131
라. 당기 및 전기 중 확정급여채무의 변동 내역은 다음과 같습니다.
(단위 : 백만원)
기초
10,758,672
11,173,636
당기근무원가
962,366
1,030,033
이자원가
613,363
401,973
확정급여채무의 재측정요소:
- 인구통계적가정의 변동으로 인한 보험수리적손익
(61,559)
-
- 재무적가정의 변동으로 인한 보험수리적손익
226,995
(1,779,803)
- 기타사항에 의한 효과
117,800
356,672
급여지급액
(653,343)
(455,787)
기타
18,033
31,948
기말
11,982,327
10,758,672
마. 당기 및 전기 중 사외적립자산의 변동 내역은 다음과 같습니다.
(단위 : 백만원)
기초
15,168,895
13,497,927
사외적립자산의 이자수익
888,609
493,875
사외적립자산의 재측정요소
(494,687)
(249,943)
사용자의 기여금
694,100
1,757,800
급여지급액
(537,855)
(355,311)
기타
8,962
24,547
기말
15,728,024
15,168,895
한편, 확정급여제도와 관련하여 2024년도에 납입할 것으로 예상되는 사용자 기여금의 합리적인 추정치는 1,347,628백만원입니다.
바. 보고기간종료일 현재 사외적립자산은 원금보장형 고정수익 상품 등에 투자되어 있습니다.
사. 보고기간종료일 현재 사용한 주요 보험수리적 가정은 다음과 같습니다.
(단위 : %)
할인율
5.6
6.1
미래임금상승률 (인플레이션 효과 포함)
5.6
5.8
아. 보고기간종료일 현재 주요 가정의 변동에 따른 확정급여채무의 민감도 분석은 다음과 같습니다.
(단위 : 백만원)
할인율:
1%p 증가
10,888,509
9,947,680
1%p 감소
13,258,187
11,689,622
임금상승률:
1%p 증가
13,242,324
11,703,469
1%p 감소
10,880,916
9,922,271
자. 보고기간종료일 현재 확정급여채무의 가중평균만기는 9.89년입니다.
15. 충당부채: 당기 중 충당부채의 변동 내역은 다음과 같습니다.
(단위 : 백만원)
기초
587,665
1,546,606
549,181
2,799,204
5,482,656
순전입(환입)
815,216
573,194
348,381
2,052,943
3,789,734
사용
(728,930)
(299,250)
(183,843)
(1,111,233)
(2,323,256)
기타
-
(4,612)
-
9,313
4,701
기말
673,951
1,815,938
713,719
3,750,227
6,953,835
가. 회사는 출고한 제품에 대한 품질보증, 교환, 하자보수 및 그에 따른 사후서비스 등으로 인하여 향후 부담할 것으로 예상되는 비용을 보증기간 및 과거 경험률 등을 기초로 추정하여 충당부채로 설정하고 있습니다.
나. 회사는 협상 진행 중인 기술사용계약과 관련하여 향후 지급이 예상되는 기술사용료를 추정하여 충당부채로 계상하고 있습니다. 지급시기 및 금액은 협상결과에 따라 변동될 수 있습니다.
다. 회사는 임원을 대상으로 부여연도를 포함한 향후 3년간의 경영실적에 따라 성과급을 지급하는 장기성과 인센티브를 부여하였는 바, 향후 지급이 예상되는 금액의 경과 기간 해당분을 충당부채로 계상하고 있습니다.
라. 회사는 생산 및 판매를 중단한 제품에 대하여 향후 부담할 것으로 예상되는 비용 등을 추정하여 충당부채로 계상하고 있습니다.
마. 회사는 온실가스 배출과 관련하여 해당 이행연도분 배출권의 장부금액과 이를 초과하는 배출량에 대해 향후 부담할 것으로 예상되는 비용을 추정하여 충당부채로 계상하고 있습니다. (1) 보고기간종료일 현재 당기 이행연도에 대한 무상할당 배출권과 온실가스 배출량 추정치는 다음과 같습니다.
(단위 : 만톤(tCO2-eq))
무상할당 배출권
무상할당 배출권
1,176
배출량 추정치
1,362
(*) 보고기간종료일 현재 잔여 계획기간에 대해 무상할당 받은 배출권 수량은 2,234만톤(2024년 1,117만톤, 2025년 1,117만톤)입니다.
(2) 당기 및 전기 중 배출권 변동 내역은 다음과 같습니다.
(단위 : 백만원)
기초
19,567
46,073
증가
1,265
1,872
사용
(17,695)
(28,378)
기말
3,137
19,567
(*) 보고기간종료일 현재 보유중인 배출권 수량은 3,964만톤이며, 담보로 제공한 배출권은 없습니다.
(3) 당기 및 전기 중 배출부채 변동 내역은 다음과 같습니다.
(단위 : 백만원)
기초
32,825
45,049
순전입
(15,348)
16,154
사용
(17,477)
(28,378)
기말
-
32,825
16. 우발부채와 약정사항:
가. 지급보증한 내역 (1) 보고기간종료일 현재 회사가 해외종속기업의 자금조달 등을 위하여 제공하고 있는 채무보증 내역은 다음과 같습니다.
(단위 : 백만원)
SETK
BNP 외
2024-12-16
413,744
1,182,380
SEMAG
SocGen 외
2024-12-16
10,399
123,782
기타
기타
-
-
9,176,026
계
424,143 (US$ 328,958천)
10,482,188 (US$ 8,129,508천)
(2) 보고기간종료일 현재 회사가 해외종속기업의 계약이행을 위하여 제공하고 있는 지급보증 한도액은 478,560백만원입니다. (3) 보고기간종료일 현재 회사가 특수관계자로부터 제공받고 있는 담보 및 지급보증은 없습니다.
나. 소송 등 보고기간종료일 현재 회사는 다수의 회사 등과 정상적인 영업과정에서 발생한 소송, 분쟁 및 규제기관의 조사 등이 진행 중에 있습니다. 이에 따른 자원의 유출금액 및 시기는 불확실하며 회사의 경영진은 이러한 소송 등의 결과가 회사의 재무상태에 중요한 영향을 미치지 않을 것으로 판단하고 있습니다.
다. 분할과 관련된 연대채무 회사와 삼성디스플레이㈜ 등은 분할된 삼성디스플레이㈜ 등의 분할 전 채무에 관하여 연대하여 변제할 책임이 있습니다.
라. 기타 약정사항 (1) 보고기간종료일 현재 회사는 우리은행 외 4개 은행과 무역금융, 상업어음할인 및 외상매출채권담보대출 등의 약정을 맺고 있으며 동 약정에 대한 통합한도액은 10,440,914백만원입니다. 이외에도 회사는 신한은행 외 18개 은행과 한도액 US$ 8,908백만의 무역금융 약정을 체결하고 있으며, 외상매출채권담보대출 등과 관련하여 기업은행 외 4개 은행과 한도액 470,602백만원의 외상매출채권담보대출 약정 등을 맺고 있습니다. (2) 보고기간종료일 현재 발생하지 않은 유ㆍ무형자산의 취득을 위한 약정액은 6,962,653백만원입니다.
17. 계약부채: 보고기간종료일 현재 계약부채는 다음과 같습니다.
(단위 : 백만원)
계약부채(*)
1,491,085
1,133,426
(*) 계약부채는 선수금, 미지급비용, 기타유동부채 등에 포함되어 있습니다.
회사가 당기초 계약부채 잔액 중 당기에 수익으로 인식한 금액은 262,592백만원입니다.
18. 자본금:
보고기간종료일 현재 회사의 정관에 의한 발행할 주식의 총수는 250억주(1주의 액면금액: 100원)이며, 회사에는 보통주 외 비누적적 우선주가 있습니다. 이 우선주는 의결권이 없고 액면금액을 기준으로 보통주의 배당보다 연 1%의 금전배당을 추가로 받을 수 있습니다. 보고기간종료일 현재 회사가 발행한 보통주 및 우선주의 수(소각 주식수 제외)는 각각 5,969,782,550주와 822,886,700주입니다. 또한, 보고기간종료일 현재 유통주식수는 상기 발행주식의 수와 동일하며, 당기 및 전기 중 변동사항은 없습니다. 한편, 발행주식의 액면총액은 679,267백만원(보통주 596,978백만원, 우선주 82,289백만원)으로 이익소각으로 인하여 납입자본금 897,514백만원과 상이합니다.
19. 이익잉여금:
가. 보고기간종료일 현재 이익잉여금의 내역은 다음과 같습니다.
(단위 : 백만원)
(1) 법정적립금:
이익준비금(*1)
450,789
450,789
(2) 임의적립금
201,484,221
185,870,540
(3) 미처분이익잉여금
18,028,341
18,066,687
계
219,963,351
204,388,016
(*1) 회사는 상법상의 규정에 따라 납입자본의 50%에 달할 때까지 매 결산기마다 금전에 의한 이익배당액의 10% 이상을 이익준비금으로 적립하도록 되어 있으나, 보고기간종료일 현재 회사의 이익준비금이 납입자본의 50%에 달하였으므로 추가 적립할 의무는 없습니다.
나. 당기 및 전기의 회사의 이익잉여금처분계산서는 다음과 같습니다.
당기의 이익잉여금처분계산서는 2024년 3월 20일 주주총회에서 확정될 예정입니다 (전기 처분확정일: 2023년 3월 15일).
(단위 : 백만원)
Ⅰ. 미처분이익잉여금
18,028,341
18,066,687
1. 전기이월이익잉여금
30
30
2. 분기배당 주당배당금(률) 제55기 - 1,083원(1083%) 제54기 - 1,083원(1083%)
(7,356,461)
(7,356,461)
3. 당기순이익
25,397,099
25,418,778
4. 기타포괄손익-공정가치금융자산 처분
(12,327)
4,340
Ⅱ. 임의적립금 등의 이입액
-
-
Ⅲ. 이익잉여금처분액
18,028,311
18,066,657
1. 배당금 주당배당금(률) 제55기 - 보통주: 361원(361%) 우선주: 362원(362%) 제54기 - 보통주: 361원(361%) 우선주: 362원(362%)
2,452,976
2,452,976
2. 연구및인력개발준비금
15,575,335
15,613,681
Ⅳ. 차기이월미처분이익잉여금
30
30
다. 당기 및 전기 중 배당금 산정 내역은 다음과 같습니다.
(1) 분기배당(배당기준일: 2023년과 2022년 3월 31일, 6월 30일, 9월 30일)
(단위 : 주, %, 백만원)
1분기
배당받을 주식
보통주
5,969,782,550주
5,969,782,550주
우선주
822,886,700주
822,886,700주
배당률(액면가 기준)
보통주ㆍ우선주
361%
361%
배당금액
보통주
2,155,092
2,155,092
우선주
297,062
297,062
계
2,452,154
2,452,154
2분기
배당받을 주식
보통주
5,969,782,550주
5,969,782,550주
우선주
822,886,700주
822,886,700주
배당률(액면가 기준)
보통주ㆍ우선주
361%
361%
배당금액
보통주
2,155,092
2,155,092
우선주
297,062
297,062
계
2,452,154
2,452,154
3분기
배당받을 주식
보통주
5,969,782,550주
5,969,782,550주
우선주
822,886,700주
822,886,700주
배당률(액면가 기준)
보통주ㆍ우선주
361%
361%
배당금액
보통주
2,155,092
2,155,092
우선주
297,062
297,062
계
2,452,154
2,452,154
(2) 기말배당 (배당기준일: 2023년과 2022년 12월 31일)
(단위 : 주, %, 백만원)
배당받을 주식
보통주
5,969,782,550주
5,969,782,550주
우선주
822,886,700주
822,886,700주
배당률(액면가 기준)
보통주
361%
361%
우선주
362%
362%
배당금액
보통주
2,155,092
2,155,092
우선주
297,884
297,884
계
2,452,976
2,452,976
20. 기타자본항목: 보고기간종료일 현재 기타자본항목의 내역은 다음과 같습니다.
(단위 : 백만원)
기타포괄손익-공정가치금융자산평가손익
246,155
(122,644)
순확정급여부채(자산) 재측정요소
(2,483,547)
(1,910,996)
기타
1,760,408
1,760,408
계
(476,984)
(273,232)
21. 비용의 성격별 분류:
당기 및 전기 중 비용의 성격별 분류 내역은 다음과 같습니다.
(단위 : 백만원)
제품 및 재공품 등의 변동
(1,557,583)
(10,475,794)
원재료 등의 사용액 및 상품 매입액 등
89,350,845
107,383,581
급여
13,941,832
14,861,811
퇴직급여
736,004
974,711
감가상각비
25,619,594
24,311,940
무형자산상각비
2,614,189
2,605,067
복리후생비
3,307,047
3,220,421
유틸리티비
5,051,847
3,779,467
외주용역비
3,791,485
3,623,225
광고선전비
1,747,480
1,662,135
판매촉진비
1,298,806
1,385,835
기타비용
35,998,841
33,215,755
계(*)
181,900,387
186,548,154
(*) 손익계산서 상 매출원가와 판매비와관리비를 합한 금액입니다.
22. 판매비와관리비: 당기 및 전기 중 판매비와관리비의 내역은 다음과 같습니다.
(단위 : 백만원)
(1) 판매비와관리비:
급여
2,541,935
2,308,767
퇴직급여
133,881
171,358
지급수수료
3,566,826
2,652,491
감가상각비
468,454
412,787
무형자산상각비
390,581
361,653
광고선전비
1,747,480
1,662,135
판매촉진비
1,298,806
1,385,835
운반비
541,902
790,774
서비스비
981,945
935,838
기타판매비와관리비
2,352,176
2,333,072
소 계
14,023,986
13,014,710
(2) 경상연구개발비:
연구개발 총지출액
23,852,849
20,944,051
계
37,876,835
33,958,761
23. 기타수익 및 기타비용:
당기 및 전기 중 기타수익 및 기타비용의 내역은 다음과 같습니다.
(단위 : 백만원)
(1) 기타수익:
배당금수익
29,096,899
3,952,338
임대료수익
183,234
173,719
유형자산처분이익
105,553
115,861
기타
257,629
334,460
계
29,643,315
4,576,378
(2) 기타비용:
유형자산처분손실
49,044
18,842
기부금
176,171
220,309
기타
150,508
57,193
계
375,723
296,344
24. 금융수익 및 금융비용: 당기 및 전기 중 금융수익 및 금융비용의 내역은 다음과 같습니다.
(단위 : 백만원)
(1) 금융수익:
이자수익
371,106
339,242
- 상각후원가 측정 금융자산
371,106
339,242
외환차이
6,652,107
9,124,484
파생상품관련이익
365,451
270,573
계
7,388,664
9,734,299
(2) 금융비용:
이자비용
595,765
290,083
- 상각후원가 측정 금융부채
310,267
45,883
- 기타금융부채
285,498
244,200
외환차이
7,002,694
9,351,659
계
7,598,459
9,641,742
회사는 외화거래 및 환산으로 발생한 외환차이를 금융수익 및 금융비용으로 인식하고 있습니다.
25. 법인세비용:
가. 당기 및 전기 중 법인세비용의 주요 구성 내역은 다음과 같습니다.
(단위 : 백만원)
(1) 당기법인세:
기간손익에 대한 당기법인세
337,983
5,926,928
당기에 인식한 조정사항
(487,822)
(449,536)
소 계
(149,839)
5,477,392
(2) 이연법인세:
세액공제의 이월로 인한 이연법인세변동액
(4,713,725)
(1,010,632)
일시적차이로 인한 이연법인세변동액
(2,073,330)
(193,618)
이월결손금으로 인한 이연법인세변동액
(928,705)
-
소 계
(7,715,760)
(1,204,250)
법인세비용 계
(7,865,599)
4,273,142
나. 당기 및 전기 중 회사의 법인세비용차감전순이익에 대한 법인세비용과 적용세율을 사용하여 이론적으로 계산된 금액과의 차이는 다음과 같습니다.
(단위 : 백만원)
법인세비용차감전순이익
17,531,500
29,691,920
(1) 적용세율에 따른 법인세비용(*)
4,628,316
8,165,278
(2) 조정사항:
세무상 과세되지 않는 수익
(7,340,802)
(47,446)
세무상 차감되지 않는 비용
6,256
507,992
세액공제
(5,082,791)
(4,133,747)
기타
(76,578)
(218,935)
소 계
(12,493,915)
(3,892,136)
법인세비용 계
(7,865,599)
4,273,142
(*) 보고기간종료일 현재 제정된 세법에서 규정한 법정세율을 적용하여 산정하였습니다.
다. 당기 및 전기 중 이연법인세자산(부채)의 증감 내역은 다음과 같습니다.
(단위 : 백만원)
1) 일시적차이로 인한 이연법인세:
토지재평가
(898,505)
(182)
(898,687)
(936,822)
38,317
(898,505)
종속기업, 관계기업 및 공동기업 투자(*)
(819,038)
590,734
(228,304)
(853,165)
34,127
(819,038)
감가상각누계액 등
(1,634,038)
225,356
(1,408,682)
(675,483)
(958,555)
(1,634,038)
미수수익
(2,487)
(1,077)
(3,564)
(14,879)
12,392
(2,487)
충당부채 및 미지급비용 등
3,613,572
1,819,455
5,433,027
3,052,034
561,538
3,613,572
외화평가조정
147,194
(22,342)
124,852
(1,461)
148,655
147,194
자산손상
184,282
(2,641)
181,641
220,916
(36,634)
184,282
퇴직급여
(1,427,630)
(451,597)
(1,879,227)
(1,675,673)
248,043
(1,427,630)
기타
624,180
(84,376)
539,804
478,445
145,735
624,180
소 계
(212,470)
2,073,330
1,860,860
(406,088)
193,618
(212,470)
2) 이월결손금공제로 인한 이연법인세:
이월결손금이월액
-
928,705
928,705
-
-
-
3) 세액공제로 인한 이연법인세:
세액공제이월액
1,625,525
4,713,725
6,339,250
614,893
1,010,632
1,625,525
4) 자본에 직접 가감하는 이연법인세:
기타포괄손익-공정가치금융자산평가손익 등
43,991
(132,286)
(88,295)
(34,358)
78,349
43,991
순확정급여부채(자산) 재측정요소
685,466
205,372
890,838
1,036,653
(351,187)
685,466
소 계
729,457
73,086
802,543
1,002,295
(272,838)
729,457
이연법인세자산(부채) 계
2,142,512
7,788,846
9,931,358
1,211,100
931,412
2,142,512
(*) 종속기업, 관계기업 및 공동기업 투자와 관련된 차감할 일시적차이 중 예측가능한 미래에 소멸할 가능성이 높지 않을 경우 이연법인세자산을 인식하지 않았습니다.
라. 보고기간종료일 현재 이연법인세자산(부채)의 회수(결제) 시기는 다음과 같습니다.
(단위 : 백만원)
12개월 이내에 회수(결제)될 이연법인세자산(부채)
5,055,283
2,267,807
12개월 이후에 회수(결제)될 이연법인세자산(부채)
4,876,075
(125,295)
계
9,931,358
2,142,512
마. 글로벌 최저한세
글로벌 최저한세는 직전 4개연도 중 2개이상 연결재무제표상 매출액이 7.5억 유로 이상인 다국적 기업이 소재한 국가에서 실효세율이 15%에 미치지 못하는 경우, 그 상당액을 특정 요건을 충족하는 지배기업이 속해있는 국가의 과세관청에 납부하는 제도입니다.
회사가 소재하고 있는 대한민국은 2023년에 글로벌 최저한세 관련 세법을 제정하였으며, 2024년 1월 1일 이후 개시하는 사업연도분부터 글로벌 최저한세를 적용하여야합니다.
회사는 글로벌 최저한세 법률의 적용대상에 해당될 것으로 판단하고 있으나, 대한민국의 글로벌 최저한세 관련 세법이 2024년 1월 1일부터 시행되기 때문에 당기 중 당기법인세비용에 영향은 없습니다. 또한, 회사는 기업회계기준서 제1012호의 이연법인세에 대한 일시적인 예외규정을 적용하여, 글로벌 최저한세 법률과 관련된 이연법인세자산과 부채를 인식하지 않고 있으며 이연법인세와 관련된 정보를 공시하지 않습니다.
글로벌 최저한세 법률의 주된 영향을 받는 회사의 종속회사 소재 국가의 법률이 제정전이거나 구체적인 법령의 제정이 진행중이기 때문에, 보고기간종료일 현재 회사에 미칠 영향을 합리적으로 추정하기 어렵습니다. 회사와 각 종속회사는 각국의 세무 전문가들과 함께 재무제표에 미치는 영향을 검토하고 있습니다.
26. 주당이익:
가. 기본주당순이익 당기 및 전기 중 기본주당이익 산정 내역은 다음과 같습니다. (1) 보통주
(단위 : 백만원, 천주, 원)
당기순이익
25,397,099
25,418,778
당기순이익 중 보통주 해당분
22,319,686
22,338,739
÷ 가중평균유통보통주식수(천주)
5,969,783
5,969,783
기본 보통주 주당이익(원)
3,739
3,742
(2) 우선주
(단위 : 백만원, 천주, 원)
당기순이익
25,397,099
25,418,778
당기순이익 중 우선주 해당분
3,077,413
3,080,039
÷ 가중평균유통우선주식수(천주)
822,887
822,887
기본 우선주 주당이익(원)
3,740
3,743
나. 희석주당순이익 회사가 보유하고 있는 희석성 잠재적보통주는 없으며, 당기 및 전기의 기본주당이익과 희석주당이익은 동일합니다.
27. 현금흐름표: 가. 회사는 영업활동 현금흐름을 간접법으로 작성하였습니다. 당기 및 전기 중 영업활동 현금흐름 관련 조정 내역 및 영업활동으로 인한 자산부채의 변동은 다음과 같습니다. (1) 조정 내역
(단위 : 백만원)
법인세비용(수익)
(7,865,599)
4,273,142
금융수익
(995,482)
(1,224,148)
금융비용
1,316,292
1,565,955
퇴직급여
736,004
974,711
감가상각비
25,619,594
24,311,940
무형자산상각비
2,614,189
2,605,067
대손상각비(환입)
2,308
(178)
배당금수익
(29,096,899)
(3,952,338)
유형자산처분이익
(105,553)
(115,861)
유형자산처분손실
49,044
18,842
재고자산평가손실(환입) 등
3,558,358
2,529,351
기타
74,820
52,905
계
(4,092,924)
31,039,388
(2) 영업활동으로 인한 자산부채의 변동
(단위 : 백만원)
매출채권의 감소(증가)
(6,883,154)
12,354,628
미수금의 감소(증가)
612,652
(711,933)
장단기선급비용의 감소(증가)
(339,588)
11,033
재고자산의 감소(증가)
(4,399,456)
(14,337,291)
매입채무의 증가(감소)
(701,579)
(2,494,560)
장단기미지급금의 증가(감소)
(335,900)
1,522,457
선수금의 증가(감소)
(18,100)
(154,042)
예수금의 증가(감소)
(77,884)
(101,231)
미지급비용의 증가(감소)
(1,677,917)
88,828
장단기충당부채의 증가(감소)
1,076,981
74,664
퇴직금의 지급
(702,328)
(492,366)
사외적립자산의 감소(증가)
(156,245)
(1,402,489)
기타
386,971
(1,225,967)
계
(13,215,547)
(6,868,269)
나. 당기 및 전기 중 투자ㆍ재무활동 현금흐름 관련 주요 비현금거래는 다음과 같습니다.
(단위 : 백만원)
기타포괄손익-공정가치금융자산의 평가
490,240
(285,585)
유형자산의 본계정 대체
38,188,436
30,539,179
사용권자산의 취득(리스부채의 신규계약)
873,056
673,493
사채 및 장기차입금의 유동성 대체
228,492
135,753
다. 당기 및 전기 중 재무활동 현금흐름에서 생기는 부채의 변동 내역은 다음과 같습니다. (1) 당기
(단위 : 백만원)
단기차입금
2,381,512
3,274,337
-
(30,686)
5,625,163
사채 및 장기차입금
815,644
21,804,684
567,652
(38,390)
23,149,590
계
3,197,156
25,079,021
567,652
(69,076)
28,774,753
(*) 상각, 환율변동에 의한 증감액 등을 포함하고 있습니다.
(2) 전기
(단위 : 백만원)
단기차입금
9,204,268
(6,700,826)
-
(121,930)
2,381,512
사채 및 장기차입금
600,291
(155,264)
673,493
(302,876)
815,644
계
9,804,559
(6,856,090)
673,493
(424,806)
3,197,156
(*) 상각, 환율변동에 의한 증감액 등을 포함하고 있습니다.
한편, 당기 및 전기 중 리스부채와 관련하여 발생한 원금 상환에 따른 현금유출액(재무활동)은 178,979백만원 및 149,337백만원, 이자비용 현금유출액(영업활동)은 28,282백만원 및 10,876백만원입니다. 라. 회사는 거래가 빈번하며 총금액이 크고 단기간에 만기가 도래하는 단기금융상품,단기차입금 등으로 인한 현금의 유입과 유출항목을 순증감액으로 작성하였습니다. 한편, 보고기간종료일 현재 회사의 현금및현금성자산은 대부분 예금 등으로 구성되어 있습니다.
28. 재무위험관리:
회사는 영업활동에서 파생되는 시장위험, 신용위험, 유동성위험 등을 최소화하는데 중점을 두고 재무위험을 관리하고 있으며, 이를 위해 각각의 위험요인에 대해 면밀하게 모니터링 및 대응하고 있습니다.
재무위험은 글로벌 재무관리기준을 수립하고 고객과 거래선에 대한 주기적인 재무위험 측정, 환헷지 및 자금수지 점검 등을 통해 관리하고 있습니다.
한편, 해외 주요 권역별로 지역금융센터(미국, 영국, 싱가포르, 중국, 브라질, 러시아)에서 환율변동 모니터링 및 환거래 대행을 통해 환율변동위험을 관리하고 있으며, 권역내 자금을 통합운용하여 유동성위험에 대응하고 있습니다.
회사의 재무위험관리의 주요 대상인 자산은 현금및현금성자산, 단기금융상품, 상각후원가금융자산, 매출채권 등으로 구성되어 있으며, 부채는 매입채무, 차입금 등으로구성되어 있습니다.
가. 시장위험
(1) 환율변동위험
회사는 글로벌 영업활동을 수행함에 따라 기능통화와 다른 통화로도 거래를 하고 있어 환율변동위험에 노출되어 있습니다. 환율변동위험에 노출되는 주요 통화로는 USD, EUR 등이 있습니다.
회사는 통화별 자산과 부채규모를 일치하는 수준으로 유지하여 환율변동 영향을 최소화하는데 주력하고 있습니다. 이를 위해 수출입 등의 경상거래 및 예금, 차입 등의 금융거래 발생시 기능통화로 거래하거나 입금 및 지출 통화를 일치시킴으로써 환포지션 발생을 최대한 억제하고 있으나, 일부 발생된 환포지션은 채권매각, 선물환 등을 활용하여 환변동영향을 축소하고 있습니다. 이는 회사가 노출된 환율변동위험을 감소시키지만 완전히 제거하지는 않을 수 있습니다. 또한, 회사는 효율적인 환율변동위험 관리를 위해 환위험을 주기적으로 모니터링 및 평가하고 있으며 투기적 외환거래는 엄격히 금지하고 있습니다.
보고기간종료일 현재 기능통화와 다른 주요 외화로 표시된 금융자산 및 금융부채에 대하여 환율이 5% 변동할 경우 당기손익(법인세효과 반영 전)에 미치는 영향은 다음과 같습니다.
(단위 : 백만원)
USD
201,224
(201,224)
77,795
(77,795)
EUR
(25,356)
25,356
(53,114)
53,114
(2) 이자율변동위험
이자율변동위험은 시장금리 변동으로 인해 투자 및 재무활동으로부터 발생하는 이자수익, 비용의 현금흐름이 변동될 위험으로서, 주로 예금 및 변동금리부 차입금에서 비롯됩니다. 회사는 내부자금 공유를 통해 외부차입금을 최소화하여 이자율 변동으로 인한 금융비용과 불확실성을 최소화하고 있습니다.
(3) 주가변동위험
회사는 전략적 목적 등으로 기타포괄손익-공정가치금융자산 및 당기손익-공정가치금융자산으로 분류된 지분상품에 투자하고 있습니다. 이를 위하여 직ㆍ간접적 투자수단을 이용하고 있습니다. 보고기간종료일 현재 지분상품(상장주식)의 주가가 1% 변동할 경우 기타포괄손익 (법인세효과 반영 전)에 미치는 영향은 17,573백만원(전기: 12,479백만원)입니다.
나. 신용위험
신용위험은 통상적인 거래 및 투자 활동에서 발생하며 고객 또는 거래상대방이 계약조건상 의무사항을 지키지 못하였을 때 발생합니다. 이러한 신용위험을 관리하기 위하여 고객과 거래상대방의 재무상태와 과거 경험 및 기타 요소를 고려하여 주기적으로 재무신용도를 평가하고 있으며, 고객과 거래상대방 각각에 대한 신용한도를 설정ㆍ관리하고 있습니다. 그리고 위험국가에 소재한 거래처의 매출채권은 보험한도 내에서 적절하게 위험이 관리되고 있습니다. 신용위험은 금융기관과의 거래에서도 발생할 수 있으며 해당 거래는 현금및현금성자산, 각종 예금 그리고 파생금융상품 등의 금융상품 거래를 포함합니다. 이러한 위험을 줄이기 위해, 회사는 국제 신용등급이 높은 은행(S&P A 이상)에 대해서만 거래를하는 것을 원칙으로 하고 있으며, 기존에 거래가 없는 금융기관과의 신규 거래는 해당 기관에 대한 건전성 평가 등을 거쳐 시행하고 있습니다. 회사가 체결하는 금융계약은 부채비율 제한 조항, 담보제공, 차입금 회수 등의 제약조건이 없는 계약을 위주로 체결하고 있으며, 기타의 경우 별도의 승인을 받아 거래하고 있습니다. 회사의 금융자산 장부금액은 손상차손 차감 후 금액으로 회사의 신용위험 최대노출액은 금융자산 장부금액과 동일합니다.
다. 유동성위험
유동성위험이란 회사가 금융부채와 관련된 모든 의무를 이행하는 데 어려움을 겪게 될 위험을 의미합니다. 회사의 주요 유동성 공급원은 영업에서 창출한 현금 및 자본시장 및 금융기관에서 조달한 자금이며, 주요 유동성 수요는 생산, 연구개발을 위한 투자를 비롯해, 운전자본, 배당 등에 있습니다. 대규모 투자가 많은 회사 사업 특성상적정 유동성의 유지가 매우 중요합니다. 회사는 주기적인 자금수지 예측, 필요 현금수준 산정 및 수입, 지출 관리 등을 통하여 적정 유동성을 유지ㆍ관리하고 있습니다.
회사는 권역별로 Cash Pooling을 구축하여 권역 내 개별 법인의 자금이 부족한 경우에도 유동성 위험에 효율적으로 대응하고 있습니다. Cash Pooling은 자금 부족 회사와 자금 잉여 회사간 자금을 공유하는 시스템으로 개별회사의 유동성 위험을 최소화하고 자금운용부담을 경감시키며, 금융비용을 절감하는 등의 효과가 있습니다. 또한, 대규모 유동성이 필요한 경우에 대비하여 본사의 지급보증을 통해 해외 종속기업이 활용할 수 있는 차입한도를 확보하고 있으며, 보고기간종료일 현재 국제신용평가기관인 Moody's로부터 Aa2, S&P로부터 AA- 등 투자적격등급을 부여받고 있어, 필요시 자본시장을 통해 적기에 자금조달이 가능합니다. 보고기간종료일 현재 금융부채에 대하여 보고기간종료일로부터 계약만기일까지의 잔여만기에 따라 만기별로 구분된 유동성은 다음과 같습니다.
(1) 당기말
(단위 : 백만원)
금융부채
32,311,019
374,370
980,835
27,454,095
1,378,061
(2) 전기말
(단위 : 백만원)
금융부채
31,354,944
316,725
1,096,183
2,431,415
472,135
위의 분석에 포함된 금융부채는 보고기간종료일로부터 계약 만기일까지의 잔여기간에 따라 만기별로 구분되었습니다. 계약 만기일까지의 잔여기간에 따른 만기별 구분에 포함된 현금흐름은 현재가치 할인을 하지 않은 금액입니다. 당기말 현재 상기 금융부채 외 종속기업 지급보증 및 이행보증 등으로 노출된 유동성위험의 최대금액은 10,960,748백만원(전기말: 10,793,412백만원)입니다.
라. 자본위험
회사의 자본관리 목적은 계속기업으로서 주주 및 이해관계자에게 이익을 지속적으로 제공할 수 있는 능력을 보호하고 건전한 자본구조를 유지하는 것입니다. 회사는 신용등급, 부채비율 등의 지표를 이용하여 자본위험을 관리하고 있습니다. 당기말 현재 회사는 S&P로부터 AA-, Moody's로부터 Aa2 평가등급을 받고 있으며,보고기간종료일 현재 부채비율은 다음과 같습니다.
(단위 : 백만원)
부 채
72,069,515
50,667,559
자 본
224,787,774
209,416,191
부채비율
32.1%
24.2%
마. 공정가치 측정 (1) 보고기간종료일 현재 금융상품의 장부금액과 공정가치는 다음과 같습니다.
(단위 : 백만원)
금융자산:
현금및현금성자산
6,061,451
(*1)
3,921,593
(*1)
단기금융상품
50,071
(*1)
137
(*1)
매출채권
27,363,016
(*1)
20,503,223
(*1)
기타포괄손익-공정가치금융자산
1,854,503
1,854,503
1,364,325
1,364,325
당기손익-공정가치금융자산
1
1
283
283
기타(*2)
5,365,519
393,235
5,470,355
(*1)
계
40,694,561
31,259,916
금융부채:
매입채무
7,943,834
(*1)
8,729,315
(*1)
단기차입금
5,625,163
(*1)
2,381,512
(*1)
미지급금
15,015,578
(*1)
18,324,604
(*1)
유동성장기부채
228,491
6,757
135,753
6,580
- 유동성장기차입금
222,137
(*3)
129,525
(*3)
- 유동성사채
6,354
6,757
6,228
6,580
사채
19,064
21,695
24,912
27,845
장기차입금
22,902,035
(*1)(*3)
654,979
(*3)
장기미지급금
4,486,390
(*1)
2,083,790
(*1)
기타
3,652,969
(*1)
3,145,473
(*1)
계
59,873,524
35,480,338
(*1) 장부금액이 공정가치의 합리적인 근사치이므로 공정가치 공시대상에서 제외하였습니다. (*2) 보고기간종료일 현재 장부금액이 공정가치의 합리적인 근사치인 금융자산 4,972,284백만원 은 공정가치 공시에서 제외하였습니다. (*3) 리스부채는 기업회계기준서 제1107호 '금융상품: 공시'에 따라 공정가치 공시에서 제외하였습니다.
(2) 보고기간종료일 현재 공정가치로 측정 및 공시되는 금융상품의 공정가치 서열체계에 따른 수준별 공시는 다음과 같습니다.
(단위 : 백만원)
금융자산:
기타포괄손익-공정가치금융자산
1,757,336
-
97,167
1,854,503
당기손익-공정가치금융자산
-
-
1
1
기타
-
-
393,235
393,235
금융부채:
유동성사채
-
6,757
-
6,757
사채
-
21,695
-
21,695
(단위 : 백만원)
금융자산:
기타포괄손익-공정가치금융자산
1,247,882
-
116,443
1,364,325
당기손익-공정가치금융자산
-
-
283
283
금융부채:
유동성사채
-
6,580
-
6,580
사채
-
27,845
-
27,845
공정가치 측정의 투입변수 특징에 따른 공정가치 서열체계는 다음과 같습니다. ㆍ'수준 1': 동일한 자산이나 부채에 대한 시장 공시가격 ㆍ'수준 2': 시장에서 관측가능한 투입변수를 활용한 공정가치 (단, '수준 1'에 포함된 공시가격은 제외) ㆍ'수준 3': 관측가능하지 않은 투입변수를 활용한 공정가치
활성시장에서 거래되는 금융상품의 공정가치는 보고기간종료일 현재 고시되는 시장가격에 기초하여 산정됩니다. 거래소, 판매자, 중개인, 산업집단, 평가기관 또는 감독기관을 통해 공시가격이 용이하게 그리고 정기적으로 이용가능하고, 그러한 가격이 독립된 당사자 사이에서 정기적으로 발생한 실제 시장거래를 나타낸다면, 이를 활성시장으로 간주하며, 이러한 상품은 '수준 1'에 포함됩니다. '수준 1'에 포함된 상품은 대부분 기타포괄손익-공정가치금융자산으로 분류된 상장주식으로 구성됩니다.
활성시장에서 거래되지 않는 금융상품의 공정가치는 가치평가기법을 사용하여 측정하고 있습니다. 이러한 평가기법은 관측가능한 시장정보를 최대한 사용하고 기업고유정보는 최소한으로 사용합니다. 이때, 해당 상품의 공정가치 측정에 요구되는 모든유의적인 투입변수가 관측가능하다면 해당 상품은 '수준 2'에 포함됩니다. '수준 2'에포함된 상품은 파생상품, 사채 등이 있습니다.
만약 하나 이상의 유의적인 투입변수가 관측가능한 시장정보에 기초한 것이 아니라면 해당 상품은 '수준 3'에 포함됩니다.
회사는 '수준 3'으로 분류되는 공정가치 측정을 포함하여 재무보고 목적의 공정가치를 측정하고 있습니다. 재무보고 일정에 맞추어 공정가치 평가 과정 및 그 결과에 대해 협의하고 있고, 공정가치 '수준' 간 이동을 발생시키는 사건이나 상황의 변동이 일어난 보고기간종료일에 '수준' 변동을 인식하고 있습니다. 금융상품의 공정가치를 측정하는 데 사용되는 평가기법에는 다음이 포함됩니다. - 유사한 상품의 공시시장가격 또는 딜러가격 - 파생상품의 공정가치는 보고기간종료일 현재의 선도환율 등을 사용하여 해당 금액을 현재가치로 할인하여 측정
나머지 금융상품에 대해서는 현금흐름의 할인기법, 이항분포 모형 등의 기타 가치평가기법을 사용합니다. 유동자산으로 분류된 매출채권 및 기타채권의 경우 장부금액을 공정가치의 합리적인 근사치로 추정하고 있습니다.
(3) 가치평가기법 및 투입변수 회사는 공정가치 서열체계에서 '수준 2'로 분류되는 회사채, 국공채, 금융채 등에 대하여 미래현금흐름을 적정이자율로 할인하는 현재가치법을 사용하고 있습니다. 보고기간종료일 현재 '수준 3'으로 분류된 주요 금융상품에 대하여 사용된 가치평가기법과 투입변수는 다음과 같습니다.
(단위 : 백만원, %)
기타포괄손익-공정가치금융자산:
삼성벤처투자㈜
32,286
현금흐름할인법
영구성장률
1.0%
가중평균자본비용
17.1%
㈜미코세라믹스
33,973
현금흐름할인법 등
영구성장률
0.0%
가중평균자본비용
15.8%
기타
지분 콜옵션
393,235
이항모형
무위험 이자율
3.2%
가격 변동성
69.5%
(4) '수준 3'에 해당하는 금융상품의 변동 내역
(단위 : 백만원)
기초
116,726
120,347
매입
27,784
-
매도
(343)
(12,720)
당기손익으로 인식된 손익
365,451
(108)
기타포괄손익으로 인식된 손익
(19,215)
22,926
기타
-
(13,719)
기말
490,403
116,726
(5) '수준 3'으로 분류된 반복적인 공정가치 측정치의 민감도분석 금융상품의 민감도분석은 통계적 기법을 이용한 관측 불가능한 투입변수의 변동에 따른 금융상품의 가치 변동에 기초하여 유리한 변동과 불리한 변동으로 구분하여 이루어집니다. 그리고 공정가치가 두 개 이상의 투입변수에 영향을 받는 경우에는 가장유리하거나 또는 가장 불리한 금액을 바탕으로 산출됩니다. 당기말 현재 '수준 3'으로 분류되는 주요 금융상품의 투입변수의 변동에 따른 손익효과(자본은 법인세효과 반영 전 효과)에 대한 민감도분석 결과는 다음과 같습니다.
(단위 : 백만원)
기타포괄손익-공정가치금융자산(*1)
-
2,792
-
(2,458)
기타(*2)
97,309
-
(96,785)
-
(*1) 주요 관측불가능한 투입변수인 영구성장률 및 가중평균자본비용을 1% 증가 또는 감소시킴으로써 공정가치 변동을 산출하였습니다. (*2) 주요 관측불가능한 투입변수인 기초자산 가격(20%) 및 가격 변동성(10%)을 증가 또는 감소시킴으로써 공정가치 변동을 산출하였습니다.
29. 부문별 보고:
회사는 전략적 의사결정을 수립하는 경영진(경영위원회)에게 보고되는 사업 단위를 기준으로 보고부문을 결정하고 있습니다. 경영위원회는 부문에 배분될 자원에 대한 의사결정을 하고 부문의 성과를 평가하기 위하여 부문의 영업이익을 기준으로 검토하고 있습니다. 매출은 대부분 재화의 매출로 구성되어 있습니다. 회사의 보고부문은 조직 및 수익을창출하는 제품의 유형을 기준으로 식별되었으며, 보고기간종료일 현재 보고부문은 DX 부문, DS 부문 등으로 구성되어 있습니다. 보고부문별 자산과 부채는 경영위원회에 정기적으로 제공되지 않아 포함하지 않았습니다.
(1) 당기
(단위 : 백만원)
매출액
106,661,889
65,438,933
170,374,090
감가상각비
534,813
24,882,772
25,619,594
무형자산상각비
1,682,132
696,457
2,614,189
영업이익
5,256,921
(16,788,154)
(11,526,297)
(*) 기타는 별도로 표시하지 않았습니다.
(2) 전기
(단위 : 백만원)
매출액
117,257,647
97,102,386
211,867,483
감가상각비
542,437
23,589,388
24,311,940
무형자산상각비
1,631,289
754,791
2,605,067
영업이익
3,083,254
22,232,180
25,319,329
(*) 기타는 별도로 표시하지 않았습니다.
30. 특수관계자와의 거래:
가. 보고기간종료일 현재 종속기업의 현황은 다음과 같습니다.
미주
Samsung Electronics America, Inc. (SEA)
전자제품 판매
100.0
Samsung International, Inc. (SII)
전자제품 생산
100.0
Samsung Mexicana S.A. de C.V (SAMEX)
전자제품 생산
100.0
Samsung Electronics Home Appliances America, LLC (SEHA)
가전제품 생산
100.0
Samsung Research America, Inc (SRA)
R&D
100.0
SAMSUNG NEXT LLC (SNX)
해외자회사 관리
100.0
SAMSUNG NEXT FUND LLC (SNXF)
신기술사업자, 벤처기업 투자
100.0
NeuroLogica Corp.
의료기기 생산 및 판매
100.0
Samsung HVAC America, LLC
에어컨공조 판매
100.0
Joyent, Inc.
클라우드서비스
100.0
SmartThings, Inc.
스마트홈 플랫폼
100.0
TeleWorld Solutions, Inc. (TWS)
네트워크장비 설치 및 최적화
100.0
Samsung Semiconductor, Inc. (SSI)
반도체ㆍ디스플레이 패널 판매
100.0
Samsung Federal, Inc. (SFI)
R&D
100.0
Samsung Austin Semiconductor LLC. (SAS)
반도체 생산
100.0
Samsung Oak Holdings, Inc. (SHI)
해외자회사 관리
100.0
SEMES America, Inc.
반도체 장비 서비스
100.0
Samsung Display America Holdings, Inc. (SDAH)
해외자회사 관리
100.0
eMagin Corporation
디스플레이 패널 개발 및 생산
100.0
Samsung Electronics Canada, Inc. (SECA)
전자제품 판매
100.0
AdGear Technologies Inc.
디지털광고 플랫폼
100.0
(*) 종속기업 보유 지분율을 포함한 의결권 있는 주식 기준입니다.
미주
Samsung Eletronica da Amazonia Ltda. (SEDA)
전자제품 생산 및 판매
100.0
Samsung Electronics Mexico S.A. De C.V. (SEM)
전자제품 판매
100.0
Samsung Electronics Digital Appliance Mexico, SA de CV (SEDAM)
가전제품 생산
100.0
Samsung Electronics Latinoamerica(Zona Libre), S. A. (SELA)
전자제품 판매
100.0
Samsung Electronics Latinoamerica Miami, Inc. (SEMI)
전자제품 판매
100.0
Samsung Electronica Colombia S.A. (SAMCOL)
전자제품 판매
100.0
Samsung Electronics Argentina S.A. (SEASA)
마케팅 및 서비스
100.0
Samsung Electronics Chile Limitada (SECH)
전자제품 판매
100.0
Samsung Electronics Peru S.A.C. (SEPR)
전자제품 판매
100.0
Samsung Electronics Venezuela, C.A. (SEVEN)
마케팅 및 서비스
100.0
Samsung Electronics Panama. S.A. (SEPA)
컨설팅
100.0
Harman International Industries, Inc.
해외자회사 관리
100.0
Harman Becker Automotive Systems, Inc.
오디오제품 생산, 판매, R&D
100.0
Harman Connected Services, Inc.
Connected Service Provider
100.0
Harman Connected Services Engineering Corp.
Connected Service Provider
100.0
Harman da Amazonia Industria Eletronica e Participacoes Ltda.
오디오제품 생산, 판매
100.0
Harman de Mexico, S. de R.L. de C.V.
오디오제품 생산
100.0
Harman do Brasil Industria Eletronica e Participacoes Ltda.
오디오제품 판매, R&D
100.0
Harman Financial Group LLC
Management Company
100.0
Harman International Industries Canada Ltd.
오디오제품 판매
100.0
Harman International Mexico, S. de R.L. de C.V.
오디오제품 판매
100.0
Harman KG Holding, LLC
해외자회사 관리
100.0
Harman Professional, Inc.
오디오제품 판매, R&D
100.0
Roon Labs, LLC.
오디오제품 판매
100.0
Beijing Integrated Circuit Industry International Fund, L.P
벤처기업 투자
61.4
China Materialia New Materials 2016 Limited Partnership
벤처기업 투자
99.0
(*) 종속기업 보유 지분율을 포함한 의결권 있는 주식 기준입니다.
유럽ㆍ CIS
Samsung Electronics (UK) Ltd. (SEUK)
전자제품 판매
100.0
Samsung Electronics Ltd. (SEL)
해외자회사 관리
100.0
Samsung Semiconductor Europe Limited (SSEL)
반도체ㆍ디스플레이 패널 판매
100.0
Samsung Electronics GmbH (SEG)
전자제품 판매
100.0
Samsung Electronics Holding GmbH (SEHG)
해외자회사 관리
100.0
Samsung Semiconductor Europe GmbH (SSEG)
반도체ㆍ디스플레이 패널 판매
100.0
Samsung Electronics France S.A.S (SEF)
전자제품 판매
100.0
Samsung Electronics Italia S.P.A. (SEI)
전자제품 판매
100.0
Samsung Electronics Iberia, S.A. (SESA)
전자제품 판매
100.0
Samsung Electronics Portuguesa, Unipessoal, Lda. (SEP)
전자제품 판매
100.0
Samsung Electronics Hungarian Private Co. Ltd. (SEH)
전자제품 생산 및 판매
100.0
Samsung Electronics Europe Logistics B.V. (SELS)
물류
100.0
Samsung Electronics Benelux B.V. (SEBN)
전자제품 판매
100.0
Samsung Electronics Europe Holding Cooperatief U.A. (SEEH)
해외자회사 관리
100.0
Samsung Electronics Nordic Aktiebolag (SENA)
전자제품 판매
100.0
Samsung Electronics Slovakia s.r.o (SESK)
TVㆍ모니터 생산
100.0
Samsung Display Slovakia, s.r.o., v likvidacii (SDSK)
디스플레이 패널 임가공
100.0
Samsung Electronics Polska, SP.Zo.o (SEPOL)
전자제품 판매
100.0
Samsung Electronics Poland Manufacturing SP.Zo.o (SEPM)
가전제품 생산
100.0
Samsung Electronics Romania LLC (SEROM)
전자제품 판매
100.0
Samsung Electronics Austria GmbH (SEAG)
전자제품 판매
100.0
Samsung Electronics Switzerland GmbH (SESG)
전자제품 판매
100.0
Samsung Electronics Czech and Slovak s.r.o. (SECZ)
전자제품 판매
100.0
SAMSUNG ELECTRONICS BALTICS SIA (SEB)
전자제품 판매
100.0
Samsung Electronics Greece S.M.S.A (SEGR)
전자제품 판매
100.0
Samsung Electronics Air Conditioner Europe B.V. (SEACE)
에어컨공조 판매
100.0
Samsung Nanoradio Design Center (SNDC)
R&D
100.0
Samsung Denmark Research Center ApS (SDRC)
R&D
100.0
Samsung Cambridge Solution Centre Limited (SCSC)
R&D
100.0
SAMSUNG Zhilabs, S.L.
네트워크Solution 개발, 판매
100.0
FOODIENT LTD.
R&D
100.0
Samsung Electronics Rus Company LLC (SERC)
전자제품 판매
100.0
Samsung Electronics Rus Kaluga LLC (SERK)
TV 생산
100.0
Samsung Electronics Ukraine Company LLC (SEUC)
전자제품 판매
100.0
Samsung R&D Institute Ukraine (SRUKR)
R&D
100.0
Samsung Electronics Central Eurasia LLP (SECE)
전자제품 판매
100.0
Samsung Electronics Overseas B.V. (SEO)
전자제품 판매
100.0
Samsung R&D Institute Rus LLC (SRR)
R&D
100.0
Samsung Electronics Caucasus Co. Ltd (SECC)
마케팅
100.0
Samsung Electronics Uzbekistan Ltd. (SEUZ)
마케팅
100.0
유럽ㆍ CIS
AKG Acoustics Gmbh
오디오제품 생산, 판매
100.0
Apostera UA, LLC
Connected Service Provider
100.0
Harman Audio Iberia Espana Sociedad Limitada
오디오제품 판매
100.0
Harman Becker Automotive Systems GmbH
오디오제품 생산, 판매, R&D
100.0
Harman Becker Automotive Systems Italy S.R.L.
오디오제품 판매
100.0
Harman Becker Automotive Systems Manufacturing Kft
오디오제품 생산, R&D
100.0
Harman Belgium SA
오디오제품 판매
100.0
Harman Connected Services AB.
Connected Service Provider
100.0
Harman Finland Oy
Connected Service Provider
100.0
Harman Connected Services GmbH
Connected Service Provider
100.0
Harman Connected Services Poland Sp.zoo
Connected Service Provider
100.0
Harman Connected Services UK Ltd.
Connected Service Provider
100.0
Harman Consumer Nederland B.V.
오디오제품 판매
100.0
Harman Deutschland GmbH
오디오제품 판매
100.0
Harman France SNC
오디오제품 판매
100.0
Harman Holding Gmbh & Co. KG
Management Company
100.0
Harman Hungary Financing Ltd.
Financing Company
100.0
Harman Inc. & Co. KG
해외자회사 관리
100.0
Harman International Estonia OU
R&D
100.0
Harman International Industries Limited
오디오제품 판매, R&D
100.0
Harman International Romania SRL
R&D
100.0
Harman Management Gmbh
해외자회사 관리
100.0
Harman Professional Kft
오디오제품 생산, R&D
100.0
Harman Professional Denmark ApS
오디오제품 판매, R&D
100.0
Red Bend Software SAS
소프트웨어 디자인
100.0
Studer Professional Audio GmbH
오디오제품 판매, R&D
100.0
Harman Connected Services OOO
Connected Service Provider
100.0
Harman RUS CIS LLC
오디오제품 판매
100.0
(*) 종속기업 보유 지분율을 포함한 의결권 있는 주식 기준입니다.
중동ㆍ 아프리카
Samsung Gulf Electronics Co., Ltd. (SGE)
전자제품 판매
100.0
Samsung Electronics Turkiye (SETK)
전자제품 판매
100.0
Samsung Electronics Industry and Commerce Ltd. (SETK-P)
전자제품 생산
100.0
Samsung Electronics Levant Co., Ltd. (SELV)
전자제품 판매
100.0
Samsung Electronics Maghreb Arab (SEMAG)
전자제품 판매
100.0
Samsung Electronics Egypt S.A.E (SEEG)
전자제품 생산 및 판매
100.0
Samsung Electronics Israel Ltd. (SEIL)
마케팅
100.0
Samsung Electronics Tunisia S.A.R.L (SETN)
마케팅
100.0
Samsung Electronics Pakistan(Private) Ltd. (SEPAK)
마케팅
100.0
Samsung Electronics Saudi Arabia Ltd. (SESAR)
전자제품 판매
100.0
Samsung Semiconductor Israel R&D Center, Ltd. (SIRC)
R&D
100.0
Corephotonics Ltd.
R&D
100.0
Samsung Electronics South Africa(Pty) Ltd. (SSA)
전자제품 판매
100.0
Samsung Electronics South Africa Production (pty) Ltd. (SSAP)
TVㆍ모니터 생산
100.0
Samsung Electronics West Africa Ltd. (SEWA)
마케팅
100.0
Samsung Electronics East Africa Ltd. (SEEA)
마케팅
100.0
Global Symphony Technology Group Private Ltd.
해외자회사 관리
100.0
Harman Connected Services Morocco
Connected Service Provider
100.0
Harman Industries Holdings Mauritius Ltd.
해외자회사 관리
100.0
Red Bend Ltd.
오디오제품 생산
100.0
(*) 종속기업 보유 지분율을 포함한 의결권 있는 주식 기준입니다.
아시아 (중국 제외)
Samsung Asia Pte. Ltd. (SAPL)
해외자회사 관리
100.0
Samsung Electronics Singapore Pte. Ltd. (SESP)
전자제품 판매
100.0
Samsung Malaysia Electronics (SME) Sdn. Bhd. (SME)
전자제품 판매
100.0
Samsung Electronics Display (M) Sdn. Bhd. (SDMA)
전자제품 생산
100.0
Samsung Electronics (M) Sdn. Bhd. (SEMA)
가전제품 생산
100.0
Samsung Vina Electronics Co., Ltd. (SAVINA)
전자제품 판매
100.0
Samsung Electronics Vietnam Co., Ltd. (SEV)
전자제품 생산
100.0
Samsung Electronics Vietnam THAINGUYEN Co., Ltd. (SEVT)
통신제품 생산
100.0
Samsung Electronics HCMC CE Complex Co., Ltd. (SEHC)
전자제품 생산 및 판매
100.0
Samsung Display Vietnam Co., Ltd. (SDV)
디스플레이 패널 생산
100.0
DOWOOINSYS VINA COMPANY LIMITED
디스플레이 패널 부품 생산
100.0
PT Samsung Electronics Indonesia (SEIN)
전자제품 생산 및 판매
100.0
PT Samsung Telecommunications Indonesia (STIN)
전자제품 판매 및 서비스
100.0
Thai Samsung Electronics Co., Ltd. (TSE)
전자제품 생산 및 판매
91.8
Laos Samsung Electronics Sole Co., Ltd (LSE)
마케팅
100.0
Samsung Electronics Philippines Corporation (SEPCO)
전자제품 판매
100.0
Samsung Electronics Australia Pty. Ltd. (SEAU)
전자제품 판매
100.0
Samsung Electronics New Zealand Limited (SENZ)
전자제품 판매
100.0
Samsung India Electronics Private Ltd. (SIEL)
전자제품 생산 및 판매
100.0
Red Brick Lane Marketing Solutions Pvt. Ltd.
마케팅
100.0
Samsung Display Noida Private Limited (SDN)
디스플레이 패널 생산
100.0
Samsung R&D Institute India-Bangalore Private Limited (SRI-Bangalore)
R&D
100.0
Samsung R&D Institute BanglaDesh Limited (SRBD)
R&D
100.0
Samsung Nepal Services Pvt, Ltd (SNSL)
서비스
100.0
Samsung Japan Corporation (SJC)
반도체ㆍ디스플레이 패널 판매
100.0
Samsung R&D Institute Japan Co. Ltd. (SRJ)
R&D
100.0
Samsung Electronics Japan Co., Ltd. (SEJ)
전자제품 판매
100.0
Harman Connected Services Corp. India Pvt. Ltd.
Connected Service Provider
100.0
Harman International (India) Private Limited
오디오제품 판매, R&D
100.0
Harman International Industries PTY Ltd.
해외자회사 관리
100.0
Harman International Japan Co., Ltd.
오디오제품 판매, R&D
100.0
Harman Singapore Pte. Ltd.
오디오제품 판매
100.0
(*) 종속기업 보유 지분율을 포함한 의결권 있는 주식 기준입니다.
중국
Samsung (CHINA) Investment Co., Ltd. (SCIC)
전자제품 판매
100.0
Samsung Electronics Hong Kong Co., Ltd. (SEHK)
전자제품 판매
100.0
Samsung Electronics Taiwan Co., Ltd. (SET)
전자제품 판매
100.0
Tianjin Samsung Electronics Co., Ltd. (TSEC)
TVㆍ모니터 생산
91.2
Suzhou Samsung Electronics Co., Ltd. (SSEC)
가전제품 생산
88.3
Samsung Suzhou Electronics Export Co., Ltd. (SSEC-E)
가전제품 생산
100.0
Samsung Electronics Suzhou Computer Co., Ltd. (SESC)
R&D
100.0
Tianjin Samsung Telecom Technology Co., Ltd. (TSTC)
통신제품 생산
90.0
Beijing Samsung Telecom R&D Center (SRC-Beijing)
R&D
100.0
Samsung Electronics China R&D Center (SRC-Nanjing)
R&D
100.0
Samsung Mobile R&D Center China-Guangzhou (SRC-Guangzhou)
R&D
100.0
Samsung R&D Institute China-Shenzhen (SRC-Shenzhen)
R&D
100.0
Shanghai Samsung Semiconductor Co., Ltd. (SSS)
반도체ㆍ디스플레이 패널 판매
100.0
Samsung (China) Semiconductor Co., Ltd. (SCS)
반도체 생산
100.0
Samsung SemiConductor Xian Co., Ltd. (SSCX)
반도체ㆍ디스플레이 패널 판매
100.0
Samsung Electronics Suzhou Semiconductor Co., Ltd. (SESS)
반도체 임가공
100.0
Tianjin Samsung LED Co., Ltd. (TSLED)
LED 생산
100.0
Samsung Semiconductor (China) R&D Co., Ltd. (SSCR)
R&D
100.0
Samsung Display Dongguan Co., Ltd. (SDD)
디스플레이 패널 생산
100.0
Samsung Display Tianjin Co., Ltd. (SDT)
디스플레이 패널 생산
95.0
SEMES (XIAN) Co., Ltd.
반도체ㆍFPD 장비 서비스
100.0
Samsung Semiconductor Investment L.P.Ⅰ
신기술사업자, 벤처기업 투자
99.0
Harman (China) Technologies Co., Ltd.
오디오제품 생산
100.0
Harman (Suzhou) Audio and Infotainment Systems Co., Ltd.
오디오제품 판매
100.0
Harman Automotive Electronic Systems (Suzhou) Co., Ltd.
오디오제품 생산, R&D
100.0
Harman Commercial (Shanghai) Co., Ltd.
오디오제품 판매
100.0
Harman Connected Services Solutions (Chengdu) Co., Ltd.
Connected Service Provider
100.0
Harman Holding Limited
오디오제품 판매
100.0
Harman International (China) Holdings Co., Ltd.
오디오제품 판매, R&D
100.0
Harman Technology (Shenzhen) Co., Ltd.
오디오제품 판매, R&D
100.0
(*) 종속기업 보유 지분율을 포함한 의결권 있는 주식 기준입니다.
지역
국내
삼성디스플레이㈜
디스플레이 패널 생산 및 판매
84.8
에스유머티리얼스㈜
디스플레이 패널 부품 생산
50.0
스테코㈜
반도체 부품 생산
70.0
세메스㈜
반도체ㆍFPD 장비 생산, 판매
91.5
삼성전자서비스㈜
전자제품 수리 서비스
99.3
삼성전자서비스씨에스㈜
고객상담서비스
100.0
삼성전자판매㈜
전자제품 판매
100.0
삼성전자로지텍㈜
종합물류대행
100.0
삼성메디슨㈜
의료기기 생산 및 판매
68.5
㈜희망별숲
식품 제조 가공
100.0
㈜미래로시스템
반도체 소프트웨어 개발 및 공급
99.9
㈜도우인시스
디스플레이 패널 부품 생산
69.0
지에프㈜
디스플레이 패널 부품 생산
100.0
㈜하만인터내셔널코리아
소프트웨어 개발 및 공급
100.0
SVIC 21호 신기술투자조합
신기술사업자, 벤처기업 투자
99.0
SVIC 22호 신기술투자조합
신기술사업자, 벤처기업 투자
99.0
SVIC 26호 신기술투자조합
신기술사업자, 벤처기업 투자
99.0
SVIC 28호 신기술투자조합
신기술사업자, 벤처기업 투자
99.0
SVIC 29호 신기술투자조합
신기술사업자, 벤처기업 투자
99.0
SVIC 32호 신기술투자조합
신기술사업자, 벤처기업 투자
99.0
SVIC 33호 신기술투자조합
신기술사업자, 벤처기업 투자
99.0
SVIC 37호 신기술투자조합
신기술사업자, 벤처기업 투자
99.0
SVIC 40호 신기술투자조합
신기술사업자, 벤처기업 투자
99.0
SVIC 42호 신기술투자조합
신기술사업자, 벤처기업 투자
99.0
SVIC 43호 신기술투자조합
신기술사업자, 벤처기업 투자
99.0
SVIC 45호 신기술투자조합
신기술사업자, 벤처기업 투자
99.0
SVIC 48호 신기술투자조합
신기술사업자, 벤처기업 투자
99.0
SVIC 52호 신기술투자조합
신기술사업자, 벤처기업 투자
99.0
SVIC 55호 신기술투자조합
신기술사업자, 벤처기업 투자
99.0
SVIC 56호 신기술투자조합
신기술사업자, 벤처기업 투자
99.0
SVIC 57호 신기술투자조합
신기술사업자, 벤처기업 투자
99.0
SVIC 62호 신기술투자조합
신기술사업자, 벤처기업 투자
99.0
반도체성장 전문투자형 사모 투자신탁
반도체산업 투자
66.7
시스템반도체 상생 전문투자형 사모 투자신탁
반도체산업 투자
62.5
반도체 생태계 일반 사모 투자신탁
반도체산업 투자
66.7
(*) 종속기업 보유 지분율을 포함한 의결권 있는 주식 기준입니다.
나. 당기 및 전기 중 특수관계자와의 매출ㆍ매입 등 거래 내역은 다음과 같습니다. (1) 당기
(단위 : 백만원)
종속기업
삼성디스플레이㈜
347,653
-
1,842,995
10,406
Samsung Electronics America, Inc. (SEA)
29,881,238
-
222,087
-
Samsung Asia Pte. Ltd. (SAPL)
16,989,574
-
21,813
-
Harman과 그 종속기업(*2)
938
-
56,890
-
Samsung Austin Semiconductor LLC. (SAS)
2,823
4,610
4,109,744
1,657
Samsung (China) Semiconductor Co., Ltd. (SCS)
83,033
38,085
8,691,615
12,435
Samsung Semiconductor, Inc. (SSI)
21,587,458
-
682,687
-
Samsung Electronics Vietnam THAINGUYEN Co., Ltd. (SEVT)
4,338,706
196
20,044,847
591
Samsung (CHINA) Investment Co., Ltd. (SCIC)
4,892,443
-
10,186
-
Samsung Electronics Europe Holding Cooperatief U.A. (SEEH)
671,024
-
-
-
Samsung India Electronics Private Ltd. (SIEL)
3,714,751
210
4,636,864
-
Samsung Display Vietnam Co., Ltd. (SDV)
1,496,684
-
-
-
Samsung Electronics Vietnam Co., Ltd. (SEV)
2,434,796
18
13,251,399
774
Samsung Eletronica da Amazonia Ltda. (SEDA)
1,449,960
-
13,791
-
Shanghai Samsung Semiconductor Co., Ltd. (SSS)
15,336,448
-
-
-
Samsung Electronics HCMC CE Complex Co., Ltd. (SEHC)
542,912
4,101
5,209,254
-
Thai Samsung Electronics Co., Ltd. (TSE)
2,085,433
-
2,062,771
-
Samsung Electronics (UK) Ltd. (SEUK)
1,762,387
-
109,697
-
세메스㈜
7,285
-
2,245,344
-
Samsung Electronics Mexico S.A. De C.V. (SEM)
2,668,921
-
7,501
-
Samsung Electronics GmbH (SEG)
3,620,706
-
7,018
-
Samsung International, Inc. (SII)
264,826
51
6,397,400
-
Samsung Electronics Taiwan Co., Ltd. (SET)
3,500,155
-
1,261
-
Samsung Electronics Benelux B.V. (SEBN)
1,589,366
-
1,175
-
Samsung Electronics Europe Logistics B.V. (SELS)
5,070,057
-
8,132
-
기타
50,707,430
3,780
13,212,836
3,689
계
175,047,007
51,051
82,847,307
29,552
(*1) 회사와 특수관계에 있는 개별회사와의 거래 금액입니다. (*2) Harman International Industries, Inc. 및 그 종속기업이 포함된 중간지배기업과의 거래 금액입니다.
(단위 : 백만원)
관계기업 및 공동기업
삼성에스디에스㈜
201,304
-
1,801,672
283,411
삼성전기(주)
65,765
-
786,087
-
삼성SDI(주)
68,343
-
374,035
31,668
(주)제일기획
36,020
-
907,775
1,163
기타
601,887
-
968,224
9,167
계
973,319
-
4,837,793
325,409
그 밖의 특수관계자
삼성물산㈜
23,156
70
57,652
5,588,270
기타
468,819
-
762,644
190,405
계
491,975
70
820,296
5,778,675
기타(*2)
삼성엔지니어링㈜
1,162
-
31,957
2,747,278
㈜에스원
4,532
-
444,657
23,479
기타
200,836
-
281,667
512,899
계
206,530
-
758,281
3,283,656
(*1) 회사와 특수관계에 있는 개별회사와의 거래 금액입니다. (*2) 기업회계기준서 제1024호 특수관계자 범위에 포함되지 않으나「독점규제 및 공정거래에 관한 법률」에 따른 동일한 대규모기업집단 소속회사입니다.
(2) 전기
(단위 : 백만원)
종속기업
삼성디스플레이㈜
283,011
-
981,927
-
Samsung Electronics America, Inc. (SEA)
35,303,291
632
209,912
-
Samsung Asia Pte. Ltd. (SAPL)
42
-
30,982
-
Harman과 그 종속기업(*2)
-
-
76,891
-
Samsung (China) Semiconductor Co., Ltd. (SCS)
184,796
10,644
9,679,473
5,534
Samsung Electronics Vietnam THAINGUYEN Co., Ltd. (SEVT)
8,668,668
-
25,941,259
831
Samsung (CHINA) Investment Co., Ltd. (SCIC)
1,588,710
-
9,035
-
Samsung Semiconductor, Inc. (SSI)
40,907,261
-
532,962
-
Samsung Electronics Vietnam Co., Ltd. (SEV)
5,804,935
256
16,441,332
50
Samsung Electronics Europe Holding Cooperatief U.A. (SEEH)
-
-
-
-
Samsung Austin Semiconductor LLC. (SAS)
1,053
-
3,663,909
2,457
Samsung Display Vietnam Co., Ltd. (SDV)
2,073,972
-
-
-
Samsung India Electronics Private Ltd. (SIEL)
7,439,341
112
5,798,974
-
Shanghai Samsung Semiconductor Co., Ltd. (SSS)
16,490,821
-
47
-
Samsung Eletronica da Amazonia Ltda. (SEDA)
1,262,369
-
2,174
-
Samsung Electronics HCMC CE Complex Co., Ltd. (SEHC)
628,854
2,791
4,830,861
1,680
Thai Samsung Electronics Co., Ltd. (TSE)
1,578,349
-
2,615,512
-
Samsung Electronics (UK) Ltd. (SEUK)
1,529,791
-
98,891
-
Samsung Electronics Benelux B.V. (SEBN)
788,385
-
2,333
-
Samsung Electronics Hungarian Private Co. Ltd. (SEH)
408,409
141
2,191
-
Samsung Electronics Europe Logistics B.V. (SELS)
4,772,554
-
5,104
-
Samsung Display Dongguan Co., Ltd. (SDD)
249,142
-
-
-
세메스㈜
8,224
-
2,283,556
-
Samsung Electronics GmbH (SEG)
3,865,859
-
6,948
-
Samsung Electronics Mexico S.A. De C.V. (SEM)
2,442,869
-
6,950
-
기타
58,705,560
4,198
23,123,295
2,213
계
194,986,266
18,774
96,344,518
12,765
(*1) 회사와 특수관계에 있는 개별회사와의 거래 금액입니다. (*2) Harman International Industries, Inc. 및 그 종속기업이 포함된 중간지배기업과의 거래 금액입니다.
(단위 : 백만원)
관계기업 및 공동기업
삼성에스디에스㈜
212,376
-
1,672,853
348,752
삼성전기㈜
60,343
767
919,709
120
삼성SDI㈜
60,325
-
422,836
24,874
㈜제일기획
31,194
-
931,489
361
기타
617,779
-
881,585
10,224
계
982,017
767
4,828,472
384,331
그 밖의 특수관계자
삼성물산㈜
44,359
-
84,635
7,018,252
기타
283,122
188
602,014
132,512
계
327,481
188
686,649
7,150,764
기타(*2)
삼성엔지니어링㈜
1,490
-
32,677
3,106,154
㈜에스원
7,530
-
428,907
45,864
기타
136,969
-
251,907
540,591
계
145,989
-
713,491
3,692,609
(*1) 회사와 특수관계에 있는 개별회사와의 거래 금액입니다. (*2) 기업회계기준서 제1024호 특수관계자 범위에 포함되지 않으나「독점규제 및 공정거래에 관한 법률」에 따른 동일한 대규모기업집단 소속회사입니다.
다. 보고기간종료일 현재 특수관계자에 대한 채권ㆍ채무 등 잔액은 다음과 같습니다. (1) 당기말
(단위 : 백만원)
종속기업
삼성디스플레이㈜
74,259
196,686
Samsung Electronics America, Inc. (SEA)
3,841,560
1,119,907
Samsung Asia Pte. Ltd. (SAPL)
2,091
1,147
Harman과 그 종속기업(*4)
5,179
9,659
Samsung Austin Semiconductor LLC. (SAS)
9,575
303,203
Samsung (China) Semiconductor Co., Ltd. (SCS)
68,251
687,410
Samsung Semiconductor, Inc. (SSI)
5,271,414
209,789
Samsung Electronics Vietnam THAINGUYEN Co., Ltd. (SEVT)
925,410
2,324,691
Samsung (CHINA) Investment Co., Ltd. (SCIC)
181,785
201,966
Samsung Electronics Europe Holding Cooperatief U.A. (SEEH)
2,760
-
Samsung India Electronics Private Ltd. (SIEL)
922,630
297,628
Samsung Display Vietnam Co., Ltd. (SDV)
90,305
46
Samsung Electronics Vietnam Co., Ltd. (SEV)
502,410
1,377,493
Samsung Eletronica da Amazonia Ltda. (SEDA)
256,936
1,226
Shanghai Samsung Semiconductor Co., Ltd. (SSS)
3,906,968
281
Samsung Electronics HCMC CE Complex Co., Ltd. (SEHC)
148,857
367,007
Thai Samsung Electronics Co., Ltd. (TSE)
280,682
267,659
Samsung Electronics (UK) Ltd. (SEUK)
64,642
40,118
세메스㈜
68,340
917,707
Samsung Electronics Mexico S.A. De C.V. (SEM)
252,813
2,021
Samsung Electronics GmbH (SEG)
72,258
4,448
Samsung International, Inc. (SII)
129,178
54,694
Samsung Electronics Taiwan Co., Ltd. (SET)
362,737
87,718
Samsung Electronics Benelux B.V. (SEBN)
52,172
6,266
Samsung Electronics Europe Logistics B.V. (SELS)
413,581
415
기타
6,556,255
2,607,878
계
24,463,048
11,087,063
(*1) 회사와 특수관계에 있는 개별회사에 대한 채권ㆍ채무 금액입니다. (*2) 종속기업 채권에 대하여 인식된 손실충당금은 없습니다. (*3) 채무 등은 리스부채가 포함된 금액입니다. (*4) Harman International Industries, Inc. 및 그 종속기업이 포함된 중간지배기업과의 거래 금액입니다.
(단위 : 백만원)
관계기업 및 공동기업
삼성에스디에스㈜
84,541
418,787
삼성전기㈜
1,857
86,166
삼성SDI㈜
114,103
50,149
㈜제일기획
51
429,435
기타
164,058
183,813
계
364,610
1,168,350
그 밖의 특수관계자
삼성물산㈜
190,443
1,876,745
기타
13,835
149,585
계
204,278
2,026,330
기타(*3)
삼성엔지니어링㈜
269
766,329
㈜에스원
598
39,223
기타
4,342
265,721
계
5,209
1,071,273
(*1) 회사와 특수관계에 있는 개별회사에 대한 채권ㆍ채무 금액입니다. (*2) 채무 등은 리스부채가 포함된 금액입니다. (*3) 기업회계기준서 제1024호 특수관계자 범위에 포함되지 않으나 「독점규제 및 공정거래에 관한 법률」 에 따른 동일한 대규모기업집단 소속회사입니다.
(2) 전기말
(단위 : 백만원)
종속기업
삼성디스플레이㈜
32,521
108,011
Samsung Electronics America, Inc. (SEA)
868,937
983,709
Samsung Asia Pte. Ltd. (SAPL)
1,604
1,812
Harman과 그 종속기업(*4)
-
6,537
Samsung (China) Semiconductor Co., Ltd. (SCS)
57,423
751,693
Samsung Electronics Vietnam THAINGUYEN Co., Ltd. (SEVT)
606,030
2,396,411
Samsung (CHINA) Investment Co., Ltd. (SCIC)
131,285
283,459
Samsung Semiconductor, Inc. (SSI)
4,700,427
263,757
Samsung Electronics Vietnam Co., Ltd. (SEV)
369,380
1,748,670
Samsung Electronics Europe Holding Cooperatief U.A. (SEEH)
693
-
Samsung Austin Semiconductor LLC. (SAS)
21,309
386,640
Samsung Display Vietnam Co., Ltd. (SDV)
196,643
7
Samsung India Electronics Private Ltd. (SIEL)
1,219,298
312,243
Shanghai Samsung Semiconductor Co., Ltd. (SSS)
1,623,968
77
Samsung Eletronica da Amazonia Ltda. (SEDA)
227,180
3,037
Samsung Electronics HCMC CE Complex Co., Ltd. (SEHC)
234,870
358,082
Thai Samsung Electronics Co., Ltd. (TSE)
115,103
379,098
Samsung Electronics (UK) Ltd. (SEUK)
76,264
-
Samsung Electronics Benelux B.V. (SEBN)
18,403
-
Samsung Electronics Hungarian Private Co. Ltd. (SEH)
11,449
-
Samsung Electronics Europe Logistics B.V. (SELS)
273,816
506,872
Samsung Display Dongguan Co., Ltd. (SDD)
20,177
11
세메스㈜
54,327
561,368
Samsung Electronics GmbH (SEG)
10,607
-
Samsung Electronics Mexico S.A. De C.V. (SEM)
230,508
1,093
기타
6,565,258
2,226,116
계
17,667,480
11,278,703
(*1) 회사와 특수관계에 있는 개별회사에 대한 채권ㆍ채무 금액입니다. (*2) 종속기업 채권에 대하여 인식된 손실충당금은 없습니다. (*3) 채무 등은 리스부채가 포함된 금액입니다. (*4) Harman International Industries, Inc. 및 그 종속기업이 포함된 중간지배기업과의 거래 금액입니다.
(단위 : 백만원)
관계기업 및 공동기업
삼성에스디에스㈜
49,439
468,830
삼성전기㈜
385
101,960
삼성SDI㈜
114,618
51,199
㈜제일기획
43
444,017
기타
203,575
159,668
계
368,060
1,225,674
그 밖의 특수관계자
삼성물산㈜
194,539
2,718,294
기타
14,679
160,305
계
209,218
2,878,599
기타(*3)
삼성엔지니어링㈜
286
1,181,947
㈜에스원
3,085
59,352
기타
4,113
478,136
계
7,484
1,719,435
(*1) 회사와 특수관계에 있는 개별회사에 대한 채권ㆍ채무 금액입니다. (*2) 채무 등은 리스부채가 포함된 금액입니다. (*3) 기업회계기준서 제1024호 특수관계자 범위에 포함되지 않으나 「독점규제 및 공정거래에 관한 법률」 에 따른 동일한 대규모기업집단 소속회사입니다.
라. 회사는 당기 및 전기 중 종속기업에 대여한 내역은 없으며, 당기 중 종속기업으로부터 21,990,000백만원을 차입하였습니다(전기: 차입 내역 없음). 또한, 당기 및 전기중 관계기업 및 공동기업에게 대여 및 차입한 내역은 없습니다. 마. 회사는 당기 및 전기 중 종속기업에 49,318백만원 및 119,598백만원을 출자하였으며, 종속기업으로부터 출자원금 143,799백만원 및 164,503백만원을 회수하였습니다. 또한, 당기 및 전기 중 관계기업 및 공동기업에 58,982백만원 및 882,125백만원을 출자하였으며, 당기 중 관계기업 및 공동기업으로부터 출자원금 518백만원을 회수하였습니다(전기: 회수 내역 없음). 바. 회사가 당기 및 전기 중 특수관계자에게 지급 결의한 배당금은 1,650,995백만원 및 1,663,149백만원입니다. 또한, 기업회계기준서 제1024호 특수관계자 범위에 포함되지 않으나「독점규제 및 공정거래에 관한 법률」에 따른 동일한 대규모기업집단소속회사에게 당기 및 전기 중 지급 결의한 배당금은 128,232백만원 및 128,232백만원입니다. 당기말과 전기말 현재 배당과 관련한 미지급금은 존재하지 않습니다. 사. 회사가 당기 및 전기 중 특수관계자와 체결한 리스 이용 계약은 182,860백만원 및 20백만원이며, 당기와 전기 중 특수관계자에게 지급한 리스료는 59,287백만원 및46,819백만원입니다. 아. 회사는 보고기간종료일 현재 특수관계자의 채무에 대하여 채무보증을 제공하고 있습니다(주석 16 참조). 자. 회사가 당기 및 전기 중 주요 경영진(등기임원)에 대한 보상을 위해 비용으로 반영한 금액은 다음과 같습니다.
(단위 : 백만원)
단기급여
14,073
14,768
퇴직급여
557
612
기타 장기급여
7,834
5,434
내부회계관리제도 감사 또는 검토의견
내부회계관리제도 감사 또는 검토의견
첨부된 독립된 감사인의 내부회계관리제도 감사보고서는 삼성전자주식회사의 2023년 12월 31일자로 종료되는 보고기간의 재무제표에 대한 감사업무를 수행하고 회사의 내부회계관리제도를 감사한 결과 주식회사 등의 외부감사에 관한 법률 제8조제7항에 따라 첨부하는 것입니다.
독립된 감사인의 내부회계관리제도 감사보고서
삼성전자주식회사
주주 및 이사회 귀중
2024년 2월 19일
내부회계관리제도에 대한 감사의견
우리는 2023년 12월 31일 현재「내부회계관리제도 설계 및 운영 개념체계」에 근거한 삼성전자주식회사(이하 ""회사"")의 내부회계관리제도를 감사하였습니다.
우리의 의견으로는 회사의 내부회계관리제도는 2023년 12월 31일 현재 「내부회계관리제도 설계 및 운영 개념체계」에 따라 중요성의 관점에서 효과적으로 설계 및 운영되고 있습니다.
우리는 또한 대한민국의 회계감사기준에 따라, 회사의 2023년 12월 31일 현재의 재무상태표, 동일로 종료되는 보고기간의 손익계산서, 포괄손익계산서, 자본변동표 및 현금흐름표 그리고 중요한 회계정책 정보를 포함한 재무제표의 주석을 감사하였으며, 2024년 2월 19일자 감사보고서에서 적정의견을 표명하였습니다.
내부회계관리제도 감사의견근거
우리는 대한민국의 회계감사기준에 따라 감사를 수행하였습니다. 이 기준에 따른 우리의 책임은 이 감사보고서의 내부회계관리제도감사에 대한 감사인의 책임 단락에 기술되어 있습니다. 우리는 내부회계관리제도감사와 관련된 대한민국의 윤리적 요구사항에 따라 회사로부터 독립적이며, 그러한 요구사항에 따른 기타 윤리적 책임들을 이행하였습니다. 우리가 입수한 감사증거가 감사의견을 위한 근거로서 충분하고 적합하다고 우리는 믿습니다.
내부회계관리제도에 대한 경영진과 지배기구의 책임
경영진은 효과적인 내부회계관리제도를 설계, 실행 및 유지할 책임이 있으며, 내부회계관리제도 운영실태보고서에 포함된, 내부회계관리제도의 효과성에 대한 평가에 책임이 있습니다.
지배기구는 회사의 내부회계관리제도의 감시에 대한 책임이 있습니다.
내부회계관리제도감사에 대한 감사인의 책임
우리의 책임은 우리의 감사에 근거하여 회사의 내부회계관리제도에 대한 의견을 표명하는데 있습니다. 우리는 대한민국의 회계감사기준에 따라 감사를 수행하였습니다. 이 기준은 우리가 중요성의 관점에서 내부회계관리제도가 효과적으로 유지되는지에 대한 합리적 확신을 얻도록 감사를 계획하고 수행할 것을 요구하고 있습니다.
내부회계관리제도 감사는 중요한 취약점이 존재하는지에 대한 감사증거를 입수하기 위한 절차의 수행을 포함합니다. 절차의 선택은 중요한 취약점이 존재하는지에 대한 위험평가를 포함하여 감사인의 판단에 따라 달라집니다. 감사는 내부회계관리제도에대한 이해의 획득과 평가된 위험에 근거한 내부회계관리제도의 설계 및 운영에 대한 테스트 및 평가를 포함합니다.
내부회계관리제도의 정의와 고유한계
회사의 내부회계관리제도는 지배기구와 경영진, 그 밖의 다른 직원에 의해 시행되며,한국채택국제회계기준에 따라 신뢰성 있는 재무제표의 작성에 합리적인 확신을 제공하기 위하여 고안된 프로세스입니다. 회사의 내부회계관리제도는 (1) 회사 자산의 거래와 처분을 합리적인 수준으로 정확하고 공정하게 반영하는 기록을 유지하고 (2) 한국채택국제회계기준에 따라 재무제표가 작성되도록 거래가 기록되고, 회사의 경영진과 이사회의 승인에 의해서만 회사의 수입과 지출이 이루어진다는 합리적인 확신을 제공하며 (3) 재무제표에 중요한 영향을 미칠 수 있는 회사 자산의 부적절한 취득, 사용 및 처분을 적시에 예방하고 발견하는 데 합리적인 확신을 제공하는 정책과 절차를포함합니다.
내부회계관리제도는 내부회계관리제도의 본질적인 한계로 인하여 재무제표에 대한 중요한 왜곡표시를 발견하거나 예방하지 못할 수 있습니다. 또한, 효과성 평가에 대한 미래기간의 내용을 추정시에는 상황의 변화 혹은 절차나 정책이 준수되지 않음으로써 내부회계관리제도가 부적절하게 되어 미래기간에 대한 평가 및 추정내용이 달라질 위험에 처할 수 있습니다.
이 독립된 감사인의 내부회계관리제도 감사보고서의 근거가 된 감사를 실시한 업무수행이사는 한상현입니다.
서울특별시 강남구 테헤란로 152 (역삼동, 강남파이낸스센터 27층)
삼정회계법인 대표이사 김 교 태
이 감사보고서는 감사보고서일(2024년 2월 19일) 현재로 유효한 것입니다. 따라서 감사보고서일 이후 이 보고서를 열람하는 시점 사이에 회사의 내부회계관리제도에 중요한 영향을 미칠 수 있는 사건이나 상황이 발생할 수도 있으며, 이로 인하여 이 감사보고서가 수정될 수도 있습니다.
2023년 내부회계관리제도 운영실태 보고_서명본.jpg
2023년 내부회계관리제도 운영실태 보고_서명본
2023년 내부회계관리제도 운영실태 보고_서명본
외부감사 실시내용
외부감사 실시내용
「주식회사 등의 외부감사에 관한 법률」제18조제3항의 규정에 의하여 외부감사 실시내용을 첨부합니다.
1. 감사대상업무
회 사 명
삼성전자주식회사
감사대상 사업연도
2023년 01월 01일
부터
2023년 12월 31일
까지
2. 감사참여자 구분별 인원수 및 감사시간
(단위 : 명, 시간)
감사참여자 ＼ 인원수 및 시간
품질관리 검토자 (심리실 등)
감사업무 담당 회계사
전산감사ㆍ 세무ㆍ가치평가 등 전문가
건설계약 등 수주산업 전문가
합계
담당이사 (업무수행이사)
등록 공인회계사
수습 공인회계사
당기
전기
당기
전기
당기
전기
당기
전기
당기
전기
당기
전기
당기
전기
투입 인원수
10
11
1
1
45
33
23
17
45
64
-
-
124
126
투입시간
분ㆍ반기검토
59
156
222
267
22,096
12,787
7,149
3,072
4,801
4,327
-
-
34,327
20,609
감사
412
308
777
1,004
22,142
29,004
7,145
11,145
20,233
16,076
-
-
50,709
57,537
합계
471
464
999
1,271
44,238
41,791
14,294
14,217
25,034
20,403
-
-
85,036
78,146
3. 주요 감사실시내용
구 분
내 역
전반감사계획 (감사착수단계)
수행시기
2023.03.06 ~ 2023.09.30
90
일
주요내용
회사 및 산업에 대한 전반적 이해를 바탕으로 감사위험평가 및 감사절차의 성격, 시기 및 범위 등을 결정
현장감사 주요내용
수행시기
투입인원
주요 감사업무 수행내용
상주
비상주
2023.04.03 ~ 2024.01.31
150
일
14
명
5
명
시스템 및 자동 내부통제 감사
2023.03.06 ~ 2023.12.29
160
일
61
명
23
명
조기입증감사(연중감사)
2024.01.02 ~ 2024.01.31
22
일
51
명
17
명
조회확인 등 조기입증감사 절차 업데이트
2024.02.01 ~ 2024.02.19
11
일
17
명
80
명
재무제표 검증 및 감사종결 절차 수행
재고자산실사(입회)
실사(입회)시기
2023.11.21 / 2023.11.27 / 2023.11.30 / 2023.12.01 / 2023.12.04
5
일
실사(입회)장소
수원, 광주, 구미, 온양, 화성, 기흥, 평택사업장 등
실사(입회)대상
원재료, 재공품, 제품 등
금융자산실사(입회)
실사(입회)시기
2024.02.02
1
일
실사(입회)장소
삼성본관빌딩 등
실사(입회)대상
현금, 유가증권 등
외부조회
금융거래조회
O
채권채무조회
O
변호사조회
O
기타조회
타처보관재고자산
지배기구와의 커뮤니케이션
커뮤니케이션 횟수
4
회
수행시기
2023.04.25 / 2023.07.25 / 2023.10.27 / 2024.01.29
외부전문가 활용
감사 활용 내용
해당사항없음
수행시기
-
-
일
4. 감사(감사위원회)와의 커뮤니케이션
1
2023년 04월 25일
감사위원회: 위원 3명 회사: 감사팀장 감사인: 업무수행이사 외 4명
대면회의
분기 검토 경과 보고 연간 회계감사 계획 기타 감사계획단계 필수 커뮤니케이션 사항
2
2023년 07월 25일
감사위원회: 위원 3명 회사: 감사팀장 감사인: 업무수행이사 외 5명
대면회의
연간 회계감사 진행 상황 핵심 감사사항 선정 계획 내부회계관리제도 감사 진행 상황 분기 중점 검토사항 및 기타 필수 커뮤니케이션 사항
3
2023년 10월 27일
감사위원회: 위원 3명 회사: 감사팀장 감사인: 업무수행이사 외 5명
대면회의
연간 회계감사 진행 상황 핵심 감사사항 선정 계획 내부회계관리제도 감사 진행 상황 분기 중점 검토사항 및 기타 필수 커뮤니케이션 사항
4
2024년 01월 29일
감사위원회: 위원 3명 회사: 감사팀장 감사인: 업무수행이사 외 5명
대면회의
연간 회계감사 진행 상황 핵심 감사사항 등 중점 감사사항 내부회계관리제도 감사 진행 상황 기타 감사종료단계 필수 커뮤니케이션 사항",71105,/Users/june_kim/samsung_audit_nlp/data/raw/감사보고서_2023.htm,2026-03-31T07:17:33.809670+00:00
71,2024,감사의견,"우리는 별첨된 삼성전자주식회사(이하 ""회사"")의 재무제표를 감사하였습니다. 해당 재무제표는 2024년 12월 31일과 2023년 12월 31일 현재의 재무상태표, 동일로 종료되는 양 보고기간의 손익계산서, 포괄손익계산서, 자본변동표 및 현금흐름표 그리고 중요한 회계정책 정보를 포함한 재무제표의 주석으로 구성되어 있습니다.
우리의 의견으로는 별첨된 회사의 재무제표는 회사의 2024년 12월 31일 및 2023년 12월 31일 현재의 재무상태와 동일로 종료되는 양 보고기간의 재무성과 및 현금흐름을 한국채택국제회계기준에 따라 중요성의 관점에서 공정하게 표시하고 있습니다.
우리는 또한 회계감사기준에 따라,「내부회계관리제도 설계 및 운영 개념체계」에 근거한 회사의 2024년 12월 31일 현재의 내부회계관리제도를 감사하였으며,
2025년 2월 18일자
감사보고서에서 적정의견을 표명하였습니다.",443,/Users/june_kim/samsung_audit_nlp/data/raw/감사보고서_2024.htm,2026-03-31T07:17:33.988424+00:00
72,2024,감사의견근거,"우리는 대한민국의 회계감사기준에 따라 감사를 수행하였습니다. 이 기준에 따른 우리의 책임은 이 감사보고서의 재무제표감사에 대한 감사인의 책임 단락에 기술되어 있습니다. 우리는 재무제표감사와 관련된 대한민국의 윤리적 요구사항에 따라 회사로부터 독립적이며, 그러한 요구사항에 따른 기타의 윤리적 책임을 이행하였습니다. 우리가 입수한 감사증거가 감사의견을 위한 근거로서 충분하고 적합하다고 우리는 믿습니다.",224,/Users/june_kim/samsung_audit_nlp/data/raw/감사보고서_2024.htm,2026-03-31T07:17:33.988424+00:00
73,2024,핵심감사사항,"핵심감사사항은 우리의 전문가적 판단에 따라 당기 재무제표 감사에서 가장 유의적인 사항들입니다. 해당 사항들은 재무제표 전체에 대한 감사의 관점에서 우리의 의견형성 시 다루어졌으며, 우리는 이런 사항에 대하여 별도의 의견을 제공하지는 않습니다.
건설중인자산의 감가상각개시시점 평가
핵심감사사항으로 결정한 이유
회사의 Device Solutions(DS) 부문에서는 반도체 생산을 위한 공장을 건설하고 있으며, 공장 내의 라인 및 설비의 사용가능시점에 감가상각을 개시하고 있습니다. 자산의 사용가능시점의 결정하는 데에는 경영진의 판단을 필요로 하는 경우가 있으며, 재무제표에 대한 주석 2(중요한 회계처리방침)에서 설명한 바와 같이, 회사가 공장 내 라인 및 설비의 사용가능시점을
결정함에 있어서는 자산이 의도한 방식으로 운영되는지에 대한 경영진의 주관적인 판단이 필요합니다.
회사 DS부문의 투자규모가 크고 사용가능시점이 실질과 달리 결정될 때 재무제표에 미치는 감가상각금액의 영향이 유의적인 것으로 판단되는 바, 우리는 경영진의 판단을 요하는 건설중인자산의 감가상각개시시점의 결정을 핵심감사사항으로 결정하였습니다.
핵심감사사항이 감사에서 다루어진 방법
상기의 핵심감사사항에 대응하기 위해 우리가 수행한 주요 감사절차는 다음과 같습니다.
- 자산의 사용가능시점 판단에 대한 회사의 정책, 프로세스와 내부통제의 이해
-
건설중인자산의 감가상각 개시 승인에 대한 내부통제의 설계 및 운영의 효과성 평가 - 장기 미대체 건설중인자산의 파악 및 모니터링에 대한 내부통제의 설계 및 운영의효과성 평가 - 표본추출된 당기 및 당기 이후 대체된 건설중인자산의 감가상각개시시점 적절성을 확인하기 위한 사용가능 시점 판단근거 문서검사 - 회사 제시 건설중인자산에서 표본추출된 건에 대해 관찰을 통해 가동여부 확인
재화의 판매장려활동에 대한 매출차감의 정확성과 완전성
핵심감사사항으로 결정한 이유
회사의 Device eXperience(DX) 부문에서는 재화의 판매 시 명시적이거나 암묵적인 약정에 의거하여 유통업자 및 통신업자 등에게 판매수량 또는 금액에 따른 할인 및 장려금 등을 제공하는 매출장려활동을 수행합니다. 재무제표에 대한 주석2(중요한 회계처리방침)과 주석3(중요한 회계추정 및 가정)에서 설명한 바와 같이, 회사는 수익 인식 시점에 매출장려활동으로 인한 지급액 및 할인액을 추정하고 있으며, 이를 재화의 판매에 따른 수익에서 차감합니다.
수익 차감 금액의 산정에는 회사 경영진의 유의적인 추정 및 판단이 수반되어 편의가개입되거나 오류가 발생할 가능성이 있고, 그 금액이 유의적인 것으로 판단되는 바, 우리는 DX부문의 재화 판매장려활동으로 인한 매출 차감의 정확성과 완전성을 핵심감사사항으로 결정하였습니다.
핵심감사사항이 감사에서 다루어진 방법
상기의 핵심감사사항에 대응하기 위해 우리가 수행한 주요 감사절차는 다음과 같습니다.
- 매출차감 처리 관련 회사 정책의 검토 및 프로세스와 내부통제의 이해
- 매출차감 정책의 승인에 대한 내부통제의 설계 및 운영의 효과성 평가
- 매출차감 추정 및 사후 정산 금액의 승인에 대한 내부통제의 설계 및 운영의 효과성 평가
- 표본추출을 통하여 추정의 합리성 평가를 위한 매출차감 근거 문서 검사
- 표본추출을 통하여 매출차감 금액의 정확성 및 완전성 확인을 위한 당기말 추정치와 보고기간 종료일 이후 정산 금액 비교
재무제표에 대한 경영진과 지배기구의 책임
경영진은 한국채택국제회계기준에 따라 이 재무제표를 작성하고 공정하게 표시할 책임이 있으며, 부정이나 오류로 인한 중요한 왜곡표시가 없는 재무제표를 작성하는데 필요하다고 결정한 내부통제에 대해서도 책임이 있습니다. 경영진은 재무제표를 작성할 때, 회사의 계속기업으로서의 존속능력을 평가하고 해당되는 경우, 계속기업 관련 사항을 공시할 책임이 있습니다. 그리고 경영진이 기업을 청산하거나 영업을 중단할 의도가 없는 한, 회계의 계속기업 전제의 사용에 대해서도 책임이 있습니다.
지배기구는 회사의 재무보고절차의 감시에 대한 책임이 있습니다.
재무제표감사에 대한 감사인의 책임
우리의 목적은 회사의 재무제표에 전체적으로 부정이나 오류로 인한 중요한 왜곡표시가 없는지에 대하여 합리적인 확신을 얻어 우리의 의견이 포함된 감사보고서를 발행하는데 있습니다. 합리적인 확신은 높은 수준의 확신을 의미하나, 감사기준에 따라수행된 감사가 항상 중요한 왜곡표시를 발견한다는 것을 보장하지는 않습니다. 왜곡표시는 부정이나 오류로부터 발생할 수 있으며, 왜곡표시가 재무제표를 근거로 하는 이용자의 경제적 의사결정에 개별적으로 또는 집합적으로 영향을 미칠 것이 합리적으로 예상되면, 그 왜곡표시는 중요하다고 간주됩니다.
감사기준에 따른 감사의 일부로서 우리는 감사의 전 과정에 걸쳐 전문가적 판단을 수행하고 전문가적 의구심을 유지하고 있습니다. 또한, 우리는:
- 부정이나 오류로 인한 재무제표의 중요왜곡표시위험을 식별하고 평가하며 그러한위험에 대응하는 감사절차를 설계하고 수행합니다. 그리고 감사의견의 근거로서 충분하고 적합한 감사증거를 입수합니다. 부정은 공모, 위조, 의도적인 누락, 허위진술 또는 내부통제 무력화가 개입될 수 있기 때문에 부정으로 인한 중요한 왜곡표시를 발견하지 못할 위험은 오류로 인한 위험보다 큽니다.
- 상황에 적합한 감사절차를 설계하기 위하여 감사와 관련된 내부통제를 이해합니다.
- 재무제표를 작성하기 위하여 경영진이 적용한 회계정책의 적합성과 경영진이 도출한 회계추정치와 관련 공시의 합리성에 대하여 평가합니다.
- 경영진이 사용한 회계의 계속기업전제의 적절성과, 입수한 감사증거를 근거로 계속기업으로서의 존속능력에 대하여 유의적 의문을 초래할 수 있는 사건이나 상황과 관련된 중요한 불확실성이 존재하는지 여부에 대하여 결론을 내립니다. 중요한 불확실성이 존재한다고 결론을 내리는 경우, 우리는 재무제표의 관련 공시에 대하여 감사보고서에 주의를 환기시키고, 이들 공시가 부적절한 경우 의견을 변형시킬 것을 요구받고 있습니다. 우리의 결론은 감사보고서일까지 입수된 감사증거에 기초하나, 미래의 사건이나 상황이 회사의 계속기업으로서 존속을 중단시킬 수 있습니다.
- 공시를 포함한 재무제표의 전반적인 표시와 구조 및 내용을 평가하고, 재무제표의기초가 되는 거래와 사건을 재무제표가 공정한 방식으로 표시하고 있는지 여부를 평가합니다.
우리는 여러 가지 사항들 중에서 계획된 감사범위와 시기 그리고 감사 중 식별된 유의적 내부통제 미비점 등 유의적인 감사의 발견사항에 대하여 지배기구와 커뮤니케이션합니다.
또한, 우리는 독립성 관련 윤리적 요구사항들을 준수하고, 우리의 독립성 문제와 관련된다고 판단되는 모든 관계와 기타사항들 및 해당되는 경우 관련 제도적 안전장치를 지배기구와 커뮤니케이션한다는 진술을 지배기구에게 제공합니다.
우리는 지배기구와 커뮤니케이션한 사항들 중에서 당기 재무제표감사에서 가장 유의적인 사항들을 핵심감사사항으로 결정합니다. 법규에서 해당 사항에 대하여 공개적인 공시를 배제하거나, 극히 드문 상황으로 우리가 감사보고서에 해당 사항을 기술함으로 인한 부정적 결과가 해당 커뮤니케이션에 따른 공익적 효익을 초과할 것으로 합리적으로 예상되어 해당 사항을 감사보고서에 커뮤니케이션해서는 안 된다고 결론을내리는 경우가 아닌 한, 우리는 감사보고서에 이러한 사항들을 기술합니다.
이 감사보고서의 근거가 된 감사를 실시한 업무수행이사는 한상현입니다.
서울특별시 강남구 테헤란로 152 (역삼동, 강남파이낸스센터 27층)
핵심감사사항은 우리의 전문가적 판단에 따라 당기 재무제표 감사에서 가장 유의적인 사항들입니다. 해당 사항들은 재무제표 전체에 대한 감사의 관점에서 우리의 의견형성 시 다루어졌으며, 우리는 이런 사항에 대하여 별도의 의견을 제공하지는 않습니다.
건설중인자산의 감가상각개시시점 평가
핵심감사사항으로 결정한 이유
회사의 Device Solutions(DS) 부문에서는 반도체 생산을 위한 공장을 건설하고 있으며, 공장 내의 라인 및 설비의 사용가능시점에 감가상각을 개시하고 있습니다. 자산의 사용가능시점의 결정하는 데에는 경영진의 판단을 필요로 하는 경우가 있으며, 재무제표에 대한 주석 2(중요한 회계처리방침)에서 설명한 바와 같이, 회사가 공장 내 라인 및 설비의 사용가능시점을
결정함에 있어서는 자산이 의도한 방식으로 운영되는지에 대한 경영진의 주관적인 판단이 필요합니다.
회사 DS부문의 투자규모가 크고 사용가능시점이 실질과 달리 결정될 때 재무제표에 미치는 감가상각금액의 영향이 유의적인 것으로 판단되는 바, 우리는 경영진의 판단을 요하는 건설중인자산의 감가상각개시시점의 결정을 핵심감사사항으로 결정하였습니다.
핵심감사사항이 감사에서 다루어진 방법
상기의 핵심감사사항에 대응하기 위해 우리가 수행한 주요 감사절차는 다음과 같습니다.
- 자산의 사용가능시점 판단에 대한 회사의 정책, 프로세스와 내부통제의 이해
-
건설중인자산의 감가상각 개시 승인에 대한 내부통제의 설계 및 운영의 효과성 평가 - 장기 미대체 건설중인자산의 파악 및 모니터링에 대한 내부통제의 설계 및 운영의효과성 평가 - 표본추출된 당기 및 당기 이후 대체된 건설중인자산의 감가상각개시시점 적절성을 확인하기 위한 사용가능 시점 판단근거 문서검사 - 회사 제시 건설중인자산에서 표본추출된 건에 대해 관찰을 통해 가동여부 확인
재화의 판매장려활동에 대한 매출차감의 정확성과 완전성
핵심감사사항으로 결정한 이유
회사의 Device eXperience(DX) 부문에서는 재화의 판매 시 명시적이거나 암묵적인 약정에 의거하여 유통업자 및 통신업자 등에게 판매수량 또는 금액에 따른 할인 및 장려금 등을 제공하는 매출장려활동을 수행합니다. 재무제표에 대한 주석2(중요한 회계처리방침)과 주석3(중요한 회계추정 및 가정)에서 설명한 바와 같이, 회사는 수익 인식 시점에 매출장려활동으로 인한 지급액 및 할인액을 추정하고 있으며, 이를 재화의 판매에 따른 수익에서 차감합니다.
수익 차감 금액의 산정에는 회사 경영진의 유의적인 추정 및 판단이 수반되어 편의가개입되거나 오류가 발생할 가능성이 있고, 그 금액이 유의적인 것으로 판단되는 바, 우리는 DX부문의 재화 판매장려활동으로 인한 매출 차감의 정확성과 완전성을 핵심감사사항으로 결정하였습니다.
핵심감사사항이 감사에서 다루어진 방법
상기의 핵심감사사항에 대응하기 위해 우리가 수행한 주요 감사절차는 다음과 같습니다.
- 매출차감 처리 관련 회사 정책의 검토 및 프로세스와 내부통제의 이해
- 매출차감 정책의 승인에 대한 내부통제의 설계 및 운영의 효과성 평가
- 매출차감 추정 및 사후 정산 금액의 승인에 대한 내부통제의 설계 및 운영의 효과성 평가
- 표본추출을 통하여 추정의 합리성 평가를 위한 매출차감 근거 문서 검사
- 표본추출을 통하여 매출차감 금액의 정확성 및 완전성 확인을 위한 당기말 추정치와 보고기간 종료일 이후 정산 금액 비교
재무제표에 대한 경영진과 지배기구의 책임
경영진은 한국채택국제회계기준에 따라 이 재무제표를 작성하고 공정하게 표시할 책임이 있으며, 부정이나 오류로 인한 중요한 왜곡표시가 없는 재무제표를 작성하는데 필요하다고 결정한 내부통제에 대해서도 책임이 있습니다. 경영진은 재무제표를 작성할 때, 회사의 계속기업으로서의 존속능력을 평가하고 해당되는 경우, 계속기업 관련 사항을 공시할 책임이 있습니다. 그리고 경영진이 기업을 청산하거나 영업을 중단할 의도가 없는 한, 회계의 계속기업 전제의 사용에 대해서도 책임이 있습니다.
지배기구는 회사의 재무보고절차의 감시에 대한 책임이 있습니다.
재무제표감사에 대한 감사인의 책임
우리의 목적은 회사의 재무제표에 전체적으로 부정이나 오류로 인한 중요한 왜곡표시가 없는지에 대하여 합리적인 확신을 얻어 우리의 의견이 포함된 감사보고서를 발행하는데 있습니다. 합리적인 확신은 높은 수준의 확신을 의미하나, 감사기준에 따라수행된 감사가 항상 중요한 왜곡표시를 발견한다는 것을 보장하지는 않습니다. 왜곡표시는 부정이나 오류로부터 발생할 수 있으며, 왜곡표시가 재무제표를 근거로 하는 이용자의 경제적 의사결정에 개별적으로 또는 집합적으로 영향을 미칠 것이 합리적으로 예상되면, 그 왜곡표시는 중요하다고 간주됩니다.
감사기준에 따른 감사의 일부로서 우리는 감사의 전 과정에 걸쳐 전문가적 판단을 수행하고 전문가적 의구심을 유지하고 있습니다. 또한, 우리는:
- 부정이나 오류로 인한 재무제표의 중요왜곡표시위험을 식별하고 평가하며 그러한위험에 대응하는 감사절차를 설계하고 수행합니다. 그리고 감사의견의 근거로서 충분하고 적합한 감사증거를 입수합니다. 부정은 공모, 위조, 의도적인 누락, 허위진술 또는 내부통제 무력화가 개입될 수 있기 때문에 부정으로 인한 중요한 왜곡표시를 발견하지 못할 위험은 오류로 인한 위험보다 큽니다.
- 상황에 적합한 감사절차를 설계하기 위하여 감사와 관련된 내부통제를 이해합니다.
- 재무제표를 작성하기 위하여 경영진이 적용한 회계정책의 적합성과 경영진이 도출한 회계추정치와 관련 공시의 합리성에 대하여 평가합니다.
- 경영진이 사용한 회계의 계속기업전제의 적절성과, 입수한 감사증거를 근거로 계속기업으로서의 존속능력에 대하여 유의적 의문을 초래할 수 있는 사건이나 상황과 관련된 중요한 불확실성이 존재하는지 여부에 대하여 결론을 내립니다. 중요한 불확실성이 존재한다고 결론을 내리는 경우, 우리는 재무제표의 관련 공시에 대하여 감사보고서에 주의를 환기시키고, 이들 공시가 부적절한 경우 의견을 변형시킬 것을 요구받고 있습니다. 우리의 결론은 감사보고서일까지 입수된 감사증거에 기초하나, 미래의 사건이나 상황이 회사의 계속기업으로서 존속을 중단시킬 수 있습니다.
- 공시를 포함한 재무제표의 전반적인 표시와 구조 및 내용을 평가하고, 재무제표의기초가 되는 거래와 사건을 재무제표가 공정한 방식으로 표시하고 있는지 여부를 평가합니다.
우리는 여러 가지 사항들 중에서 계획된 감사범위와 시기 그리고 감사 중 식별된 유의적 내부통제 미비점 등 유의적인 감사의 발견사항에 대하여 지배기구와 커뮤니케이션합니다.
또한, 우리는 독립성 관련 윤리적 요구사항들을 준수하고, 우리의 독립성 문제와 관련된다고 판단되는 모든 관계와 기타사항들 및 해당되는 경우 관련 제도적 안전장치를 지배기구와 커뮤니케이션한다는 진술을 지배기구에게 제공합니다.
우리는 지배기구와 커뮤니케이션한 사항들 중에서 당기 재무제표감사에서 가장 유의적인 사항들을 핵심감사사항으로 결정합니다. 법규에서 해당 사항에 대하여 공개적인 공시를 배제하거나, 극히 드문 상황으로 우리가 감사보고서에 해당 사항을 기술함으로 인한 부정적 결과가 해당 커뮤니케이션에 따른 공익적 효익을 초과할 것으로 합리적으로 예상되어 해당 사항을 감사보고서에 커뮤니케이션해서는 안 된다고 결론을내리는 경우가 아닌 한, 우리는 감사보고서에 이러한 사항들을 기술합니다.
이 감사보고서의 근거가 된 감사를 실시한 업무수행이사는 한상현입니다.
서울특별시 강남구 테헤란로 152 (역삼동, 강남파이낸스센터 27층)",7311,/Users/june_kim/samsung_audit_nlp/data/raw/감사보고서_2024.htm,2026-03-31T07:17:33.988424+00:00
74,2024,재무상태표,"제 56 기 : 2024년 12월 31일 현재
제 55 기 : 2023년 12월 31일 현재
삼성전자주식회사
(단위 : 백만원)
자 산
Ⅰ. 유 동 자 산
82,320,322
68,548,442
1. 현금및현금성자산
4, 28
1,653,766
6,061,451
2. 단기금융상품
4, 28
10,187,991
50,071
3. 매출채권
4, 5, 7, 28
33,840,357
27,363,016
4. 미수금
4, 7, 28
3,249,731
1,910,054
5. 선급비용
1,381,781
1,349,755
6. 재고자산
8
29,154,115
29,338,151
7. 기타유동자산
4, 28
2,852,581
2,475,944
Ⅱ. 비 유 동 자 산
242,645,805
228,308,847
1. 기타포괄손익-공정가치금융자산
4, 6, 28
2,176,346
1,854,503
2. 당기손익-공정가치금융자산
4, 6, 28
-
1
3. 종속기업, 관계기업 및 공동기업 투자
9
57,427,196
57,392,438
4. 유형자산
10
151,446,870
140,579,161
5. 무형자산
11
10,496,956
10,440,211
6. 순확정급여자산
14
2,249,792
3,745,697
7. 이연법인세자산
25
14,333,432
9,931,358
8. 기타비유동자산
4, 7, 28
4,515,213
4,365,478
자 산 총 계
324,966,127
296,857,289
부 채
Ⅰ. 유 동 부 채
80,157,976
41,775,101
1. 매입채무
4, 28
10,287,967
7,943,834
2. 단기차입금
4, 5, 12, 28
11,110,972
5,625,163
3. 미지급금
4, 28
18,591,524
15,256,046
4. 선수금
17
350,448
302,589
5. 예수금
4, 28
516,454
445,470
6. 미지급비용
4, 17, 28
9,039,886
6,931,991
7. 당기법인세부채
1,380,469
-
8. 유동성장기부채
4, 12, 13, 28
22,264,226
228,491
9. 충당부채
15
6,257,389
4,540,702
10. 기타유동부채
17
358,641
500,815
Ⅱ. 비 유 동 부 채
8,411,494
30,294,414
1. 사채
4, 13, 28
14,530
19,064
2. 장기차입금
4, 12, 28
795,703
22,902,035
3. 장기미지급금
4, 28
4,965,481
4,942,826
4. 장기충당부채
15
2,602,575
2,413,133
5. 기타비유동부채
33,205
17,356
부 채 총 계
88,569,470
72,069,515
자 본
Ⅰ. 자본금
18
897,514
897,514
1. 우선주자본금
119,467
119,467
2. 보통주자본금
778,047
778,047
Ⅱ. 주식발행초과금
4,403,893
4,403,893
Ⅲ. 이익잉여금
19
233,734,316
219,963,351
Ⅳ. 기타자본항목
20
(2,639,066)
(476,984)
자 본 총 계
236,396,657
224,787,774
부 채 와 자 본 총 계
324,966,127
296,857,289
별첨 주석은 본 재무제표의 일부입니다.",1601,/Users/june_kim/samsung_audit_nlp/data/raw/감사보고서_2024.htm,2026-03-31T07:17:33.988424+00:00
75,2024,포괄손익,"제 56 기 : 2024년 1월 1일부터 2024년 12월 31일까지
제 55 기 : 2023년 1월 1일부터 2023년 12월 31일까지
삼성전자주식회사
(단위 : 백만원)
Ⅰ. 매 출 액
29
209,052,241
170,374,090
Ⅱ. 매 출 원 가
21
152,061,472
144,023,552
Ⅲ. 매 출 총 이 익
56,990,769
26,350,538
판매비와관리비
21, 22
44,629,735
37,876,835
Ⅳ. 영 업 이 익 (손 실)
29
12,361,034
(11,526,297)
기 타 수 익
23
10,351,185
29,643,315
기 타 비 용
23
540,542
375,723
금 융 수 익
24
7,717,689
7,388,664
금 융 비 용
24
8,139,788
7,598,459
Ⅴ. 법인세비용차감전순이익
21,749,578
17,531,500
법 인 세 비 용(수 익)
25
(1,832,987)
(7,865,599)
Ⅵ. 당 기 순 이 익
23,582,565
25,397,099
Ⅶ. 주 당 이 익
26
기본주당이익(단위 : 원)
3,472
3,739
희석주당이익(단위 : 원)
3,472
3,739
별첨 주석은 본 재무제표의 일부입니다.
포 괄 손 익 계 산 서
제 56 기 : 2024년 1월 1일부터 2024년 12월 31일까지
제 55 기 : 2023년 1월 1일부터 2023년 12월 31일까지
삼성전자주식회사
(단위 : 백만원)
Ⅰ. 당기순이익
23,582,565
25,397,099
Ⅱ. 기타포괄손익
(352,470)
(216,079)
후속적으로 당기손익으로 재분류되지 않는 포괄손익
(352,470)
(216,079)
1. 기타포괄손익-공정가치금융자산평가손익
6, 20
239,784
356,472
2. 순확정급여부채(자산) 재측정요소
14, 20
(592,254)
(572,551)
후속적으로 당기손익으로 재분류되는 포괄손익
-
-
Ⅲ. 총포괄손익
23,230,095
25,181,020
별첨 주석은 본 재무제표의 일부입니다.
자 본 변 동 표
제 56 기 : 2024년 1월 1일부터 2024년 12월 31일까지
제 55 기 : 2023년 1월 1일부터 2023년 12월 31일까지
삼성전자주식회사
(단위 : 백만원)
2023.1.1(전기초)
897,514
4,403,893
204,388,016
(273,232)
209,416,191
Ⅰ. 총포괄손익
1. 당기순이익
-
-
25,397,099
-
25,397,099
2. 기타포괄손익-공정가치금융자산평가손익
6, 20
-
-
(12,327)
368,799
356,472
3. 순확정급여부채(자산) 재측정요소
14, 20
-
-
-
(572,551)
(572,551)
Ⅱ. 자본에 직접 인식된 주주와의 거래
1. 배당
19
-
-
(9,809,437)
-
(9,809,437)
2023.12.31(전기말)
897,514
4,403,893
219,963,351
(476,984)
224,787,774
2024.1.1(당기초)
897,514
4,403,893
219,963,351
(476,984)
224,787,774
Ⅰ. 총포괄손익
1. 당기순이익
-
-
23,582,565
-
23,582,565
2. 기타포괄손익-공정가치금융자산평가손익
6, 20
-
-
(2,163)
241,947
239,784
3. 순확정급여부채(자산) 재측정요소
14, 20
-
-
-
(592,254)
(592,254)
Ⅱ. 자본에 직접 인식된 주주와의 거래
1. 배당
19
-
-
(9,809,437)
-
(9,809,437)
2. 자기주식의 취득
20
-
-
-
(1,811,775)
(1,811,775)
2024.12.31(당기말)
897,514
4,403,893
233,734,316
(2,639,066)
236,396,657
별첨 주석은 본 재무제표의 일부입니다.",1889,/Users/june_kim/samsung_audit_nlp/data/raw/감사보고서_2024.htm,2026-03-31T07:17:33.988424+00:00
76,2024,현금흐름,"제 56 기 : 2024년 1월 1일부터 2024년 12월 31일까지
제 55 기 : 2023년 1월 1일부터 2023년 12월 31일까지
삼성전자주식회사
(단위 : 백만원)
Ⅰ. 영업활동 현금흐름
52,491,497
34,455,084
1. 영업에서 창출된 현금흐름
44,315,608
8,088,628
가. 당기순이익
23,582,565
25,397,099
나. 조정
27
21,493,129
(4,092,924)
다. 영업활동으로 인한 자산부채의 변동
27
(760,086)
(13,215,547)
2. 이자의 수취
277,362
332,111
3. 이자의 지급
(674,010)
(798,649)
4. 배당금 수입
9,635,502
29,497,803
5. 법인세 납부액
(1,062,965)
(2,664,809)
Ⅱ. 투자활동 현금흐름
(50,377,644)
(47,571,537)
1. 단기금융상품의 순감소(증가)
(10,122,673)
(49,934)
2. 기타포괄손익-공정가치금융자산의 처분
2,942
15,538
3. 기타포괄손익-공정가치금융자산의 취득
-
(15,515)
4. 당기손익-공정가치금융자산의 처분
1
243
5. 종속기업, 관계기업 및 공동기업 투자의 처분
319,965
144,292
6. 종속기업, 관계기업 및 공동기업 투자의 취득
(336,648)
(108,300)
7. 유형자산의 처분
130,956
164,415
8. 유형자산의 취득
(38,246,765)
(45,026,206)
9. 무형자산의 처분
13,327
12,002
10. 무형자산의 취득
(2,069,083)
(2,639,614)
11. 기타 투자활동으로 인한 현금유출입액
(69,666)
(68,458)
Ⅲ. 재무활동 현금흐름
(6,520,814)
15,268,902
1. 단기차입금의 순증가(감소)
27
5,316,919
3,274,337
2. 장기차입금의 차입
27
-
21,990,000
3. 사채 및 장기차입금의 상환
27
(217,305)
(185,316)
4. 배당금의 지급
(9,808,653)
(9,810,119)
5. 자기주식의 취득
(1,811,775)
-
Ⅳ. 외화환산으로 인한 현금의 변동
(724)
(12,591)
Ⅴ. 현금및현금성자산의 증가(감소)(Ⅰ+Ⅱ+Ⅲ+Ⅳ)
(4,407,685)
2,139,858
Ⅵ. 기초의 현금및현금성자산
6,061,451
3,921,593
Ⅶ. 기말의 현금및현금성자산
1,653,766
6,061,451
별첨 주석은 본 재무제표의 일부입니다.",1231,/Users/june_kim/samsung_audit_nlp/data/raw/감사보고서_2024.htm,2026-03-31T07:17:33.988424+00:00
77,2024,주석,"주석
제 56 기 : 2024년 12월 31일 현재
제 55 기 : 2023년 12월 31일 현재
삼성전자주식회사
1. 일반적 사항: 삼성전자주식회사(이하 ""회사"")는 1969년 대한민국에서 설립되어 1975년에 대한민국의 증권거래소에 상장하였습니다. 회사의 사업은 DX 부문, DS 부문으로 구성되어있습니다. DX(Device eXperience) 부문은 TV, 냉장고, 스마트폰, 네트워크시스템 등의 사업으로 구성되어 있으며, DS(Device Solutions) 부문은 메모리, Foundry, System LSI 등으로 구성되어 있습니다. 회사의 본점 소재지는 경기도 수원시입니다. 회사의 재무제표는 한국채택국제회계기준에 따라 작성되었으며, 기업회계기준서 제1027호 '별도재무제표'에 따른 별도재무제표입니다.
2. 중요한 회계처리방침:
다음은 재무제표의 작성에 적용된 중요한 회계정책입니다. 이러한 정책은 별도의 언급이 없다면, 표시된 회계기간에 계속적으로 적용됩니다.
2.1 재무제표 작성기준
회사의 재무제표는 한국채택국제회계기준에 따라 작성되었습니다. 한국채택국제회계기준은 국제회계기준위원회(""IASB"")가 발표한 기준서와 해석서 중 대한민국이 채택한 내용을 의미합니다. 한국채택국제회계기준은 재무제표 작성 시 중요한 회계추정의 사용을 허용하고 있으며, 회계정책을 적용함에 있어 경영진의 판단을 요구하고 있습니다. 보다 복잡하고 높은 수준의 판단이 요구되는 부분이나 중요한 가정 및 추정이 요구되는 부분은 주석3에서 설명하고 있습니다.
2.2 회계정책과 공시의 변경
가. 회사가 채택한 제ㆍ개정 기준서
회사는 2024년 1월 1일로 개시하는 회계기간부터 다음의 주요 제ㆍ개정 기준서를 신규로 적용하였습니다.
- 기업회계기준서 제1001호 '재무제표 표시' 개정
동 개정사항은 부채의 유동 및 비유동 분류에 영향을 미치며, 이는 보고기간종료일 현재 존재하는 실질적인 권리에 따라 부채가 유동 또는 비유동으로 분류되도록 요구합니다. 부채의 결제를 연기할 수 있는 권리의 행사가능성이나 경영진의 기대는 고려하지 않습니다. 또한, 부채의 결제에 자기지분상품의 이전도 포함되나, 복합금융상품에서 자기지분상품으로 결제하는 옵션이 지분상품의 정의를 충족하여 부채와 분리하여 인식된 경우는 제외됩니다. 해당 기준서의 개정이 재무제표에 미치는 중요한 영향은 없습니다.
- 기업회계기준서 제1116호 '리스' 개정
동 개정사항은 기업회계기준서 제1115호 '고객과의 계약에서 생기는 수익'을 적용하여 판매로 회계처리되는 판매후리스에
후속측정 요구사항을 추가하였습니다.
리스개시일 후에 판매자-리스이용자가 계속 보유하는 사용권에 대해서는 판매자-리스이용자가 어떠한 차손익도 인식하지 않는 방식으로 '리스료'나 '수정 리스료'를
산정하도록 요구합니다. 해당 기준서의 개정이 재무제표에 미치는 중요한 영향은 없습니다.
- 기업회계기준서 제1007호 '현금흐름표' 및 제1107호 '금융상품 공시' 개정
동 개정사항은 기업회계기준서 제1007호 '현금흐름표'의 공시 목적에 재무제표 이용자가 공급자금융약정이 기업의 부채와 현금흐름에 미치는 영향을 평가할 수 있도록 공급자금융약정의 주요 조건, 잔액, 결제기간 및 관련된 현금흐름 정보를 공시해야 한다는 점을 추가합니다. 또한 기업회계기준서 제1107호 '금융상품 공시'를 개정하여 유동성위험 집중도에 대한 익스포저와 관련한 정보를 공시하도록 하는 요구사항의 예로 공급자금융약정을 추가하였습니다. 해당 기준서의 개정
이
재무제표에 미치는 중요한 영향은 없습니다.
나. 회사가 적용하지 않은 제ㆍ개정 기준서
제정 또는 공표됐으나 2024년 1월 1일 이후 시작하는 회계연도에 시행일이 도래하지않았고, 회사가 조기 적용하지 않은 주요 제ㆍ개정 기준서는 다음과 같습니다.
- 기업회계기준서 제1021호 '환율변동효과' 개정
동 개정사항은 외환시장이 정상적으로 작동하지 않을 때 기능통화에 의한 외화거래 보고와 해외사업장의 기능통화를 지배기업의 표시통화로 환산하는 규정을 명확히 하기 위해, 두 통화간 교환가능성을 평가하는 규정을 추가합니다. 또한, 두 통화간 교환이 가능한지를 평가하여 교환가능성이 결여되었다고 판단한 경우, 적용할 현물환율을 추정하는 규정을 추가하였습니다.
동 개정사항은 2025년 1월 1일 이후 시작하는 회계연도부터 적용하며, 조기 적용할 수 있습니다.
2.3 종속기업, 관계기업 및 공동기업
기업회계기준서 제1110호 '연결재무제표'에 의한 지배회사인 회사는 별도재무제표에서 종속기업, 관계기업 및 공동기업에 대한 투자를 기업회계기준서 제1027호 '별도재무제표'에 따라 원가법으로 처리하고 있습니다. 또한 종속기업, 관계기업 및 공동기업 투자에 대한 객관적인 손상의 징후가 있는 경우, 종속기업, 관계기업 및 공동기업 투자의 회수가능액과 장부금액과의 차이는 손상차손으로 인식됩니다.
2.4 외화환산
가. 기능통화와 표시통화
회사는 재무제표에 포함되는 항목들을 회사의 영업활동이 이루어지는 주된 경제 환경에서의 통화(""기능통화"")인 대한민국 원화(KRW)를 적용하여 측정하고 있으며, 재무제표는 대한민국 원화(KRW)로 표시되어 있습니다.
2.5 현금및현금성자산
현금및현금성자산은 보유중인 현금, 요구불예금 및 취득일 현재 확정된 금액의 현금으로 전환이 용이하고, 가치변동의 위험이 경미한 매우 유동적인 단기투자자산으로 구성되어 있습니다.
2.6 금융자산
가. 분류 금융자산은 금융자산의 관리를 위한 사업모형과 금융자산의 계약상 현금흐름 특성에 근거하여 분류합니다. 계약상 현금흐름이 원금과 이자에 대한 지급만으로 이루어져 있는지를 평가할 때, 회사는 해당 상품의 계약조건을 고려합니다.
나. 손상
회사는 미래 전망정보에 근거하여 상각후원가로 측정하거나 기타포괄손익-공정가치로 측정하는 채무상품에 대한 기대신용손실을 평가합니다. 단, 매출채권에 대해 회사는 채권의 최초 인식 시점부터 전체기간 기대신용손실을 인식하는 간편법을 적용합니다.
2.7 매출채권
매출채권은 유의적인 금융요소를 포함하는 경우를 제외하고는 최초에 거래가격으로 인식하며, 유효이자율을 적용한 상각후원가에서 손실충당금을 차감하여 측정하고 있습니다.
2.8 재고자산
회사는 미착품을 제외하고는 재고자산의 단위원가를 평균법에 따라 결정하고 있습니다. 제품과 재공품의 원가는 원재료비, 직접노무비 및 기타 직접원가와 정상조업도에 근거한 관련 제조간접비로 이루어지며, 유휴 생산설비 원가나 폐기비용은 제외하고 있습니다.
회사는 재고자산을 취득원가와
순실현가능가치
중 낮은 금액으로 측정하고 있습니다
.
순실현가능가치는 정상적인 영업과정에서의 추정 판매가격에서 적용 가능한 변동 판매비용을 차감한 금액으로, 판가의 하락 또는 완성시까지의 원가 상승을 반영하는 저가법 평가와 재고의 과잉 또는 진부화로 인한 가치의 하락을 반영하는 과잉/진부화평가의 두 가지 평가방법을 적용합니다.
2.9 유형자산
회사는 제품의 생산 등 자산을 경영진이 의도한 목적으로 사용할 수 있게 되었다고 판단된 시점을 기준으로 감가상각을 개시하고 있습니다.
회사의 유형자산은 취득원가에서 잔존가액을 차감한 금액이 회사가 추정한 추정내용연수에 걸쳐 정액법으로 상각됩니다. 토지는 상각되지 않으며, 자본화차입금이자를 포함한 장기건설자산의 취득에 사용된 원가는 관련 자산의 추정내용연수 동안 상각됩니다.
자산별로 회사가 사용하고 있는 대표추정내용연수는 다음과 같습니다.
건물 및 구축물
15, 30 년
기계장치
5 년
기타
5 년
2.10 무형자산
영업권은 사업의 취득시점에 회사가 식별가능 순자산에 대해 공정가치를 초과하여 지급한 대가에 해당하며, 무형자산으로 계상하고 있습니다. 영업권을 제외한 무형자산은 역사적 원가로 최초 인식되고, 원가에서 상각누계액과 손상차손누계액을 차감한 금액으로 표시됩니다.
회원권은 이용 가능 기간에 대하여 예측가능한 제한이 없으므로 내용연수가 한정되지 않아 상각되지 않습니다. 하지만 회원권의 시장가치 하락 등 손상 징후 발견 시 합리적으로 추정하여 손상을 반영합니다. 특허권, 상표권 및 기타무형자산 등 한정된 내용연수를
따라 상각하고 있습니다.
자산별 대표추정내용연수는 다음과 같습니다.
특허권, 상표권 및 기타무형자산
5년 ~ 10년
2.11 금융부채
회사는 계약상 내용의 실질과 금융부채의 정의에 따라 금융부채를 당기손익인식금융부채와 기타금융부채로 분류하고 계약의 당사자가 되는 때에 재무상태표에 인식하고 있습니다.
2.12 종업원급여
회사는 확정급여제도와 확정기여제도를 포함하는 다양한 형태의 퇴직연금제도를 운영하고 있습니다. 확정급여제도와 관련하여 재무상태표에 계상된 부채(자산)는 보고기간종료일 현재 확정급여채무의 현재가치에 사외적립자산의 공정가치를 차감한 과소적립액(자산인식상한을 한도로 하는 초과적립액)이며, 확정급여채무는 매년 독립된 보험계리인에 의해 예측단위적립방식에 따라 산정됩니다.
2.13 법인세비용
필라 2 법률에 따라 납부하는 글로벌 최저한세는 기업회계기준서 제1012호 '법인세'의 적용대상 입니다. 회사는 글로벌 최저한세 납부액이 발생하는 시점에 당기법인세로 회계처리하고 있으며, 글로벌 최저한세와 관련된 이연법인세의 인식과 공시에 대한 예외규정을 적용하고 있습니다.
회사는 종속기업, 관계기업 및 공동기업 투자지분과 관련된 가산할 일시적차이에 대하여 소멸 시점을 통제할 수 있고 예측가능한 미래에 일시적차이가 소멸하지 않을 가능성이 높은 경우를 제외하고 이연법인세부채를 인식하고 있습니다. 또한 이러한 자산으로부터 발생하는 차감할 일시적차이에 대하여 일시적차이가 예측가능한 미래에 소멸할 가능성이 높고 일시적차이가 사용될 수 있는 과세소득이 발생할 가능성이 높은 경우에만 이연법인세자산을 인식하고 있습니다.
2.14 파생상품
회사는 파생상품의 계약에 따라 발생된 권리와 의무를 공정가액으로 평가하여 자산과 부채로 계상하고, 동 계약으로부터 발생한 손익은 발생 시점에 당기손익으로 인식하고 있습니다. 다만, 요건을 충족한 현금흐름위험회피 금액은 자본항목으로 이연하고 있습니다.
2.15 수익인식
회사의 수익은 재화의 판매에 대하여 받았거나 받을 대가의 공정가액에서 부가가치세, 반품, 판매장려금 및 가격 할인액 등을 차감한 순액으로 표시하고 있습니다.
(1) 수행의무의 식별
회사는 고객과의 계약에 따라 재화 및 용역에 대한 통제를 이전할 의무가 있습니다. 회사가 Incoterms Group C조건(무역조건 CIF 등)에 따라 제품 및 상품을 수출하는 경우, 고객에게 재화의 통제가 이전된 이후 제공하는 운송서비스(보험 포함)를 별도의 수행의무로 인식합니다. (2) 한시점에 이행하는 수행의무
회사의 수익은 주로 재화의 판매에서 발생하고 있으며, 재화의 통제가 고객에게 이전되는 시점에 수익을 인식하고 있습니다.
(3) 기간에 걸쳐 이행하는 수행의무 용역 수행 경과에 따른 결과물을 고객이 직접 통제하게 되는 소프트웨어 판매, 운송용역, 설치용역 등의 경우, 기간에 걸쳐 수익을 인식하고 있습니다.
(4) 변동대가
회사는 인센티브, 판매장려금, 매출에누리 등 다양한 판매촉진 정책을 운영하고
있습니다. 이러한 판매촉진 정책으로 인해 고객과 약속한 대가에 변동가능성이 있는
경우, 고객으로부터 이미 받았거나 받을 대가 중 권리를 갖지 않을 것으로 예상하는 금액(변동대가)을 기대값 또는 가능성이 가장 높은 금액 중 보다 신뢰성 있는 방법으로 추정하고 있습니다. 변동대가의 추정치는 관련 불확실성이 해소될 때 이미 인식한누적 수익금액 중 유의적인 부분을 되돌리지 않을 가능성이 매우 높은 금액까지만 거래가격에 포함하며, 관련 매출이 발생한 시점과 고객에게 변동대가를 지급하기로 결정한 시점 중 늦은 시점에 수익 및 계약부채를 인식합니다.
회사는 고객에게 제품 판매 후 고객이 반품할 것으로 예상되는 제품에 대해 경험률에
기초한 기대값 방법으로 반품율을 예측하여 계약부채(환불부채)를 인식하고 있습니다. 고객이 반품 권리를 행사할 때 고객으로부터 제품을 회수할 권리를 가지므로 그 자산을 환불자산으로 인식하고 해당 금액만큼 매출원가를 조정합니다. 제품을 회수할 권리는 제품의 과거 장부금액에서 제품을 회수하는데 드는 원가를 차감하여 측정합니다.
2.16 리스
(1) 리스이용자
회사는 기업회계기준서 제1116호 '리스'의 실무적 간편법을 적용하여, 계약에서 리스요소와 리스가 아닌 요소(이하 ""비리스요소"")를 분리하지 않고, 각 리스요소와 관련된 비리스요소를 하나의 리스요소로 회계처리합니다.
회사는 리스개시일에 기초자산을 사용할 권리를 나타내는 사용권자산(리스자산)과 리스료를 지급할 의무를 나타내는 리스부채를 인식합니다. 사용권자산은 재무상태표에 '유형자산'으로 분류하며, 리스부채는 '유동성장기부채' 또는 '장기차입금'으로 분류합니다.
리스부채는 리스개시일에 그날 현재 지급되지 않은 리스료의 현재가치로 측정하며, 회사는 현재가치 측정 시 회사의 증분차입이자율로 리스료를 할인하고 있습니다.
단기리스(리스개시일에 리스기간이 12개월 이하)와 소액자산 리스(기초자산 US$ 5,000 이하)의 경우 실무적 간편법을 적용하여 리스료를 리스기간에 걸쳐 정액기준으로 비용을 인식합니다. (2) 리스제공자
리스제공자로서 회사는 리스약정일에 리스가 금융리스인지 운용리스인지 판단합니다.
회사는 리스약정일에 리스자산의 소유에 따른 위험과 보상의 대부분을 이전하는 리스는 금융리스로 분류하고, 금융리스 이외의 모든 리스는 운용리스로 분류합니다. 운용리스로부터 발생하는 리스료 수익은 리스기간에 걸쳐 정액기준으로 인식하고, 운용리스의 협상 및 계약 단계에서 발생한 리스개설 직접원가는 리스자산의 장부금액에 가산한 후 리스료 수익에 대응하여 리스기간 동안 비용으로 인식합니다.
2.17 정부보조금
수익과 관련된 정부보조금은 이연하여 정부보조금의 교부 목적과 관련된 수익 또는 비용과 대응될 수 있는 기간에 손익계산서에 인식하고 있습니다. 한편, 특정 자산의 취득과 관련된 정부보조금은 이연수익으로 처리하고,
관련 자산의 내용연수 동안 상각하여 손익으로 반영하고 있습니다.
2.18 재무제표의 승인
2025년 1월 31일
이사회에서 승인되었으며, 향후 정기주주총회에서 수정 승인될 수 있습니다.
3. 중요한 회계추정 및 가정:
회사는 미래에 대하여 추정 및 가정을 하고 있습니다. 추정 및 가정은 지속적으로 평가되며, 과거 경험과 현재의 상황에서 합리적으로 예측가능한 미래의 사건을 고려하여 이루어집니다. 이러한 회계추정은 실제 결과와 다를 수도 있습니다. 다음 회계연도에 자산 및 부채 장부금액의 조정에 영향을 미칠 수 있는 유의적 위험에 대한 추정 및 가정은 다음과 같습니다.
가. 수익인식
회사는 고객에게 제품 판매 후 고객이 반품할 것으로 예상되는 제품에 대하여 환불부채와 회수할 재화에 대한 권리를 인식하고 있습니다. 판매 시점에 포트폴리오 수준에서 누적된 경험에 기초하여 기대값 방법으로 반품률을 예측하고 있으며, 회사의 수익은 예측된 반품률의 변동에 영향을 받습니다. 회사는 재화의 판매로 인한 수익을 통제가 이전되는 시점에 계약에 따른 대가에서 특정 매출장려활동을 차감한 금액으로 인식하고 있습니다. 과거의 경험 및 계약에 기초하여 매출차감액을 합리적으로 추정하고 있으며, 회사의 수익은 추정된 매출차감에 영향을 받습니다.
나. 판매보증충당부채
회사는 판매한 제품에 대하여 품질에 대한 보증의무를 부담하고 있습니다. 회사는 매 보고기간종료일 미래와 현재의 보증의무를 제공하는데 필요하다고 판단되는 최선의 추정치를 기준으로 판매보증충당부채를 계상하고 있습니다. 이러한 최선의 추정치는과거 경험에 기초하여 결정하고 있습니다.
다. 금융상품의 공정가치
회사는 활성시장에서 거래되지 않는 금융상품의 공정가치에 대하여 보고기간종료일 현재 주요한 시장상황을 기초로 다양한 평가기법 및 가정을 사용하여 결정하고 있습니다.
라. 금융자산의 손상 회사는 금융자산의 손실충당금을 측정할 때에 채무불이행위험과 기대신용률에 대한 가정에 근거하였습니다. 회사는 이러한 가정을 세우고 손상 계산을 위한 투입요소를 선택할 때 보고기간종료일의 미래 전망에 대한 추정 및 과거 경험, 현재 시장 상황에 근거하여 판단합니다. 마. 리스 회사는 리스기간을 산정할 때에 연장선택권을 행사하거나 종료선택권을 행사하지 않을 경제적 유인이 생기게 하는 관련되는 사실 및 상황을 모두 고려합니다. 연장선택권의 대상 기간(또는 종료선택권의 대상 기간)은 리스이용자가 연장선택권을 행사할 것(또는 행사하지 않을 것)이 상당히 확실한 경우에만 리스기간에 포함됩니다. 선택권이 실제로 행사되거나(행사되지 않거나) 회사가 선택권을 행사할(행사하지 않을) 의무를 부담하게 되는 경우에 리스기간을 다시 평가합니다. 리스이용자가 통제할수 있는 범위에 있고 리스기간을 산정할 때에 영향을 미치는 유의적인 사건이 일어나거나 상황에 유의적인 변화가 있을 때에만 회사는 연장선택권을 행사할 것(또는 행사하지 않을 것)이 상당히 확실한지의 판단을 변경합니다.
바. 순확정급여부채(자산)
순확정급여부채(자산)는 많은 가정을 사용하는 보험수리적 방식에 의해 결정되는 다양한 요소들에 따라 달라질 수 있습니다. 퇴직연금의 순원가(이익)를 결정하는 데 사용되는 가정은 할인율을 포함하고 있으며, 이러한 가정의 변동은 순확정급여부채(자산)의 장부금액에 영향을 줄 것입니다. 회사는 매년 말 우량회사채 이자율을 고려하여 적절한 할인율을 결정하고 있으며, 이러한 할인율은 순확정급여부채(자산)의 정산시 발생할 것으로 예상되는 미래의 추정 현금 유출액의 현재가치를 결정할 때 사용됩니다. 순확정급여부채(자산)와 관련된 다른 주요한 가정들 중 일부는 현재의 시장 상황에 근거하고 있습니다.
사. 영업권 및 내용연수가 비한정인 무형자산의 손상
회사는 매년 영업권 및 내용연수가 비한정인 무형자산의 손상 여부를 검토하고 있습니다. 현금창출단위 또는 자산의 회수가능금액은 사용가치의 계산에 기초하여 결정하고 있습니다. 이러한 계산은 추정에 근거하여 이루어집니다.
아. 법인세
회사의 과세소득에 대한 법인세는 다양한 국가의 세법 및 과세당국의 결정을 적용하여 산정되므로 최종 세효과를 산정하는 데에는 불확실성이 존재합니다. 회사는 보고기간종료일 현재까지의 영업활동의 결과로 미래에 부담할 것으로 예상되는 법인세효과를 최선의 추정과정을 거쳐 당기법인세 및 이연법인세로 인식하였습니다. 하지만 실제 미래 최종 법인세부담은 인식한 관련 자산ㆍ부채와 일치하지 않을 수 있으며, 이러한 차이는 최종 세효과가 확정된 시점의 당기법인세 및 이연법인세 자산ㆍ부채에 영향을 줄 수 있습니다. 회사는 특정 기간 동안 과세소득의 일정 금액을 투자, 임금증가 등에 사용하지 않았을 때 세법에서 정하는 방법에 따라 산정된 법인세를 추가로 부담합니다. 따라서 해당 기간의 당기법인세와 이연법인세를 측정할 때 이에 따른 세효과를 반영하여야 하고, 이로 인해 회사가 부담할 법인세는 각 연도의 투자, 임금증가 등의 수준에 따라 달라지므로 최종 세효과를 산정하는 데에는 불확실성이 존재합니다. 회사는 법인세 처리의 불확실성 여부를 검토하고 있으며, 과세당국이 불확실한 법인세 처리를 수용할 가능성이 높지 않다고 결론을 내리는 경우에는 불확실한 법인세 처리 각각에 다음 방법 가운데 불확실성의 해소를 더 잘 예측할 것으로 예상하는 방법을 사용하여 불확실성의 영향을 재무제표에 반영하고 있습니다.
(1) 가능성이 가장 높은 금액: 가능한 결과치 범위에서 가능성이 가장 높은 단일 금액
(2) 기대값: 가능한 결과치의 범위에 있는 모든 금액에 각 확률을 곱한 금액의 합
4. 범주별 금융상품:
가. 보고기간종료일 현재 범주별 금융상품 내역은 다음과 같습니다. (1) 당기말
(단위 : 백만원)
현금및현금성자산
1,653,766
-
-
1,653,766
단기금융상품
10,187,991
-
-
10,187,991
매출채권
33,840,357
-
-
33,840,357
기타포괄손익-공정가치금융자산
-
2,176,346
-
2,176,346
기타
5,265,647
-
373,681
5,639,328
계
50,947,761
2,176,346
373,681
53,497,788
(단위 : 백만원)
매입채무
10,287,967
-
10,287,967
단기차입금
-
11,110,972
11,110,972
미지급금
18,331,728
-
18,331,728
유동성장기부채
21,997,265
266,961
22,264,226
사채
14,530
-
14,530
장기차입금
-
795,703
795,703
장기미지급금
4,383,749
-
4,383,749
기타
4,893,869
-
4,893,869
계
59,909,108
12,173,636
72,082,744
(*) 기타금융부채는 담보부차입금과 기업회계기준서 제1109호의 금융부채의 범주로 분류되지 않는 리스부채 등을 포함하고 있습니다.
(2) 전기말
(단위 : 백만원)
현금및현금성자산
6,061,451
-
-
6,061,451
단기금융상품
50,071
-
-
50,071
매출채권
27,363,016
-
-
27,363,016
기타포괄손익-공정가치금융자산
-
1,854,503
-
1,854,503
당기손익-공정가치금융자산
-
-
1
1
기타
4,972,284
-
393,235
5,365,519
계
38,446,822
1,854,503
393,236
40,694,561
(단위 : 백만원)
매입채무
7,943,834
-
7,943,834
단기차입금
-
5,625,163
5,625,163
미지급금
15,015,578
-
15,015,578
유동성장기부채
6,354
222,137
228,491
사채
19,064
-
19,064
장기차입금
21,990,000
912,035
22,902,035
장기미지급금
4,486,390
-
4,486,390
기타
3,652,969
-
3,652,969
계
53,114,189
6,759,335
59,873,524
(*) 기타금융부채는 담보부차입금과 기업회계기준서 제1109호의 금융부채의 범주로 분류되지 않는 리스부채 등을 포함하고 있습니다.
나. 금융상품 범주별 순손익 구분 (1) 당기
(단위 : 백만원)
평가손익(기타포괄손익)
-
239,784
-
239,784
평가ㆍ처분손익(당기손익)
-
-
(14,895)
(14,895)
이자수익
396,089
-
-
396,089
외환차이(당기손익)
1,326,139
-
-
1,326,139
배당금수익
-
3,962
-
3,962
손상(환입)
(67,644)
-
-
(67,644)
(단위 : 백만원)
이자비용
(330,514)
(509,097)
(839,611)
외환차이(당기손익)
(657,439)
(165,169)
(822,608)
(*) 기타금융부채는 담보부차입금과 기업회계기준서 제1109호의 금융부채의 범주로 분류되지 않는 리스부채 등을 포함하고 있습니다.
(2) 전기
(단위 : 백만원)
평가손익(기타포괄손익)
-
356,472
-
356,472
평가ㆍ처분손익(당기손익)
-
-
365,387
365,387
이자수익
371,106
-
-
371,106
외환차이(당기손익)
(216,145)
-
-
(216,145)
배당금수익
-
4,081
637
4,718
손상(환입)
(2,113)
-
-
(2,113)
(단위 : 백만원)
이자비용
(310,267)
(285,498)
(595,765)
외환차이(당기손익)
5,103
31,557
36,660
(*) 기타금융부채는 담보부차입금과 기업회계기준서 제1109호의 금융부채의 범주로 분류되지 않는 리스부채 등을 포함하고 있습니다.
5. 금융자산의 양도: 회사는 당기 및 전기 중 은행과의 매출채권 팩토링 계약을 통해 매출채권을 할인하였습니다. 회사가 매출채권 팩토링 거래에서 제공한 매출채권은 채무자의 채무불이행 시의 소구조건 등으로 대부분의 위험과 보상을 회사가 보유하므로 금융자산의 제거요건을 충족하지 않아 제거되지 않았습니다. 이러한 거래에서 인식한 금융부채는 재무상태표에 '단기차입금'으로 분류되어 있습니다(주석 12 참조).
보고기간종료일 현재 매출채권의 할인된 내역은 다음과 같습니다.
(단위 : 백만원)
할인된 매출채권의 장부금액
11,110,972
5,625,163
관련 차입금의 장부금액
11,110,972
5,625,163
6. 공정가치금융자산:
가. 보고기간종료일 현재 공정가치금융자산의 구성 내역은 다음과 같습니다. (1) 기타포괄손익-공정가치금융자산
(단위 : 백만원)
지분상품
2,176,346
1,854,503
(2) 당기손익-공정가치금융자산
(단위 : 백만원)
채무상품
채무상품
-
1
나. 당기 및 전기 중 공정가치금융자산의 변동 내역은 다음과 같습니다. (1) 기타포괄손익-공정가치금융자산
(단위 : 백만원)
기초
1,854,503
1,364,325
취득
-
15,515
처분
(2,942)
(15,577)
공정가치평가
324,785
490,240
기말
2,176,346
1,854,503
(2) 당기손익-공정가치금융자산
(단위 : 백만원)
기초
1
283
처분
-
(282)
기타
(1)
-
기말
-
1
다. 당기 및 전기 중 기타포괄손익-공정가치금융자산평가손익의 변동 내역은 다음과 같습니다.
(단위 : 백만원)
기초
340,232
(166,635)
공정가치평가
324,785
490,240
처분으로 인한 이익잉여금 대체
2,939
16,627
기말
667,956
340,232
차감: 자본에 가감되는 법인세효과
(179,854)
(94,077)
계
488,102
246,155
라. 보고기간종료일 현재 공정가치금융자산 중 상장주식의 내역은 다음과 같습니다.
(단위 : 백만원)
삼성중공업㈜
134,027,281
15.2
932,158
1,514,508
1,038,712
㈜호텔신라
2,004,717
5.1
13,957
73,974
131,108
㈜아이마켓코리아
647,320
1.9
324
5,179
5,560
㈜케이티스카이라이프
240,000
0.5
3,344
1,134
1,421
모나용평㈜
400,000
0.8
1,869
1,284
1,220
㈜에이테크솔루션
1,592,000
15.9
26,348
8,804
17,241
㈜원익홀딩스
1,759,171
2.3
15,410
4,486
5,928
㈜원익아이피에스
1,850,936
3.8
16,214
41,368
62,839
㈜동진쎄미켐
2,467,894
4.8
48,277
51,579
95,508
솔브레인㈜
437,339
5.6
40,382
72,336
132,952
㈜에스앤에스텍
1,716,116
8.0
65,933
43,933
77,740
㈜와이씨
9,601,617
11.7
47,336
98,033
47,864
㈜케이씨텍
1,022,216
4.9
20,720
26,629
27,395
㈜엘오티베큠
1,267,668
7.1
18,990
10,585
25,544
㈜뉴파워프라즈마
2,140,939
4.9
12,739
9,463
11,240
㈜에프에스티
1,522,975
7.0
43,009
23,956
37,541
㈜디엔에프
810,030
7.0
20,964
7,144
19,400
Marvell Technology, Inc.
173,187
0.0
11,705
28,119
13,468
SoundHound AI, Inc.
1,702,957
0.5
13,719
49,666
4,655
계
1,353,398
2,072,180
1,757,336
(*) 총발행보통주식수 기준 지분율입니다.
7. 매출채권 및 미수금:
가. 보고기간종료일 현재 매출채권 및 미수금의 내역은 다음과 같습니다.
(단위 : 백만원)
채권액
33,967,334
3,263,714
27,421,756
1,927,564
차감: 손실충당금
(126,977)
(4,303)
(58,740)
(6,230)
소 계
33,840,357
3,259,411
27,363,016
1,921,334
차감: 장기 채권
-
(9,680)
-
(11,280)
유동항목
33,840,357
3,249,731
27,363,016
1,910,054
나. 당기 및 전기 중 손실충당금의 변동 내역은 다음과 같습니다.
(단위 : 백만원)
기초
58,740
6,230
56,432
6,387
대손상각(환입)
68,237
(330)
2,308
(145)
제각
-
(1,597)
-
(12)
기말
126,977
4,303
58,740
6,230
다. 보고기간종료일 현재 기대신용손실을 측정하기 위해 연체일을 기준으로 구분한 매출채권 및 미수금 내역은 다음과 같습니다.
(단위 : 백만원)
연체되지 않은 채권
33,374,582
3,141,782
26,584,115
1,747,904
연체된 채권:
31일 이하(*)
404,847
77,956
430,299
142,166
31일 초과 90일 이하
71,780
13,019
252,998
7,893
90일 초과
116,125
30,957
154,344
29,601
소 계
592,752
121,932
837,641
179,660
계
33,967,334
3,263,714
27,421,756
1,927,564
(*) 회사는 31일 이하 연체된 매출채권 및 미수금은 신용위험이 유의적으로 증가하였다고 판단하지 않습니다.
라. 보고기간종료일 현재 신용위험의 최대 노출금액은 채권의 장부금액입니다. 회사의 주요 채권과 관련하여 보험사와 보험계약을 체결하고 있습니다.
8. 재고자산:
보고기간종료일 현재 재고자산의 내역은 다음과 같습니다.
(단위 : 백만원)
제품 및 상품
6,374,009
(774,903)
5,599,106
7,914,117
(1,203,662)
6,710,455
반제품 및 재공품
20,944,352
(1,802,857)
19,141,495
21,866,523
(3,863,881)
18,002,642
원재료 및 저장품
4,561,944
(552,073)
4,009,871
4,910,170
(861,821)
4,048,349
미착품
403,643
-
403,643
576,705
-
576,705
계
32,283,948
(3,129,833)
29,154,115
35,267,515
(5,929,364)
29,338,151
당기 중 비용으로 인식한 재고자산의 금액은
150,032,902
142,735,272
백만원)입니다. 동 비용에는 재고자산평가손실 금액이 포함되어 있습니다.
9. 종속기업, 관계기업 및 공동기업 투자:
가. 당기 및 전기 중 종속기업, 관계기업 및 공동기업 투자의 변동 내역은 다음과 같습니다.
(단위 : 백만원)
기초
57,392,438
57,397,249
취득
336,648
108,300
처분
(315,306)
(144,317)
손상환입
13,416
31,206
기말
57,427,196
57,392,438
나. 보고기간종료일 현재 주요 관계기업 투자 현황은 다음과 같습니다. (종속기업 현황은 주석 30 참조)
삼성전기㈜
수동소자, 회로부품, 모듈 등 전자부품의 생산 및 공급
23.7
한국
12월
삼성에스디에스㈜
컴퓨터 프로그래밍, 시스템 통합ㆍ관리 등 IT 서비스 및 물류서비스 제공
22.6
한국
12월
삼성바이오로직스㈜
신사업 투자
31.2
한국
12월
삼성SDI㈜(*2)
2차전지 등 전자부품의 생산 및 공급
19.6
한국
12월
㈜제일기획
광고 대행업
25.2
한국
12월
(*1) 총발행보통주식수 기준 지분율입니다. (*2) 유통보통주식수 기준 지분율은 20.6%입니다.
다. 보고기간종료일 현재 주요 종속기업 및 관계기업의 요약 재무정보는 다음과 같습니다. (1) 주요 종속기업
(단위 : 백만원)
삼성디스플레이㈜
67,541,382
8,305,660
25,401,419
5,989,037
Samsung Electronics America, Inc. (SEA)
50,777,503
18,653,435
40,650,074
1,628,652
Samsung Asia Pte. Ltd. (SAPL)
31,226,978
353,722
-
5,326,248
Samsung (China) Semiconductor Co., Ltd. (SCS)
18,796,411
900,205
11,180,211
1,195,361
Samsung (CHINA) Investment Co., Ltd. (SCIC)
16,111,528
15,246,946
2,754,791
300,719
Samsung India Electronics Private Ltd. (SIEL)
9,561,708
3,226,735
17,048,976
1,408,392
Samsung Electronics Europe Holding Cooperatief U.A. (SEEH)
9,093,393
3,452,430
-
195,012
Shanghai Samsung Semiconductor Co., Ltd. (SSS)
6,467,878
5,635,634
30,068,460
468,408
Samsung Eletronica da Amazonia Ltda. (SEDA)
4,679,383
1,486,272
7,935,236
208,102
Samsung Electronics (UK) Ltd. (SEUK)
3,267,763
2,042,914
6,158,787
181,457
Thai Samsung Electronics Co., Ltd. (TSE)
2,637,138
502,266
4,513,870
166,928
Samsung Electronics Taiwan Co., Ltd. (SET)
2,411,145
1,642,510
5,744,458
62,255
세메스㈜
2,365,712
705,818
2,432,656
144,665
Samsung Electronics Mexico S.A. De C.V. (SEM)
2,017,910
845,480
4,086,721
125,857
Samsung Electronics Europe Logistics B.V. (SELS)
1,928,760
1,710,124
15,682,546
(12,249)
(*) 상기 요약 재무정보는 각 종속기업의 별도재무제표 기준입니다.
(단위 : 백만원)
삼성디스플레이㈜
65,328,568
7,266,213
27,083,336
8,268,314
Samsung Electronics America, Inc. (SEA)
41,926,899
15,322,780
39,551,809
477,338
Samsung Asia Pte. Ltd. (SAPL)
22,234,942
282,614
-
14,140,195
Samsung (China) Semiconductor Co., Ltd. (SCS)
15,808,283
870,453
8,693,788
877,892
Samsung (CHINA) Investment Co., Ltd. (SCIC)
10,222,557
8,797,991
3,148,858
189,887
Samsung Electronics Europe Holding Cooperatief U.A. (SEEH)
9,660,481
4,585,806
-
103,387
Samsung India Electronics Private Ltd. (SIEL)
7,738,259
3,373,730
15,216,331
1,153,256
Samsung Eletronica da Amazonia Ltda. (SEDA)
5,542,627
1,587,911
7,222,304
333,812
Shanghai Samsung Semiconductor Co., Ltd. (SSS)
5,262,086
4,552,030
15,649,307
244,210
Thai Samsung Electronics Co., Ltd. (TSE)
3,039,379
640,512
4,213,492
150,510
Samsung Electronics (UK) Ltd. (SEUK)
2,902,722
1,976,067
5,859,133
185,113
세메스㈜
2,187,919
659,607
2,502,143
58,754
Samsung Electronics Mexico S.A. De C.V. (SEM)
2,153,032
1,038,115
3,638,080
148,873
Samsung Electronics Taiwan Co., Ltd. (SET)
1,797,627
1,139,056
4,108,479
56,467
Samsung Electronics Benelux B.V. (SEBN)
1,794,552
639,120
2,833,717
140,313
(*) 상기 요약 재무정보는 각 종속기업의 별도재무제표 기준입니다.
(2) 주요 관계기업
(단위 : 백만원)
요약 재무상태표:
유동자산
5,891,746
9,003,787
5,518,118
10,334,313
2,754,194
비유동자산
6,900,656
4,234,543
11,818,179
30,263,032
568,459
유동부채
3,056,861
2,495,409
3,853,188
10,855,694
1,594,190
비유동부채
719,688
1,037,472
2,578,432
8,174,413
251,659
요약 포괄손익계산서:
매출
10,294,103
13,828,232
4,547,322
16,592,249
4,344,257
계속영업손익(*)
640,865
756,997
1,083,316
544,239
207,515
세후중단영업손익(*)
38,265
-
-
55,051
-
기타포괄손익(*)
349,340
144,625
(9,132)
722,676
76,571
총포괄손익(*)
1,028,470
901,622
1,074,184
1,321,966
284,086
(*) 관계기업별 지배기업의 소유주에 귀속될 손익입니다.
(단위 : 백만원)
요약 재무상태표:
유동자산
5,208,418
8,160,300
5,521,988
9,187,029
2,372,420
비유동자산
6,449,453
4,160,724
10,524,209
24,851,831
517,085
유동부채
2,900,460
2,391,861
4,157,861
8,518,933
1,375,034
비유동부채
727,087
953,592
2,057,844
5,612,677
216,707
요약 포괄손익계산서:
매출
8,892,412
13,276,844
3,694,589
21,436,788
4,138,275
계속영업손익(*)
449,857
693,422
857,691
1,921,820
187,302
세후중단영업손익(*)
(26,900)
-
-
87,387
-
기타포괄손익(*)
45,053
(11,085)
(11,673)
85,394
3,685
총포괄손익(*)
468,010
682,337
846,018
2,094,601
190,987
(*) 관계기업별 지배기업의 소유주에 귀속될 손익입니다.
라. 보고기간종료일 현재 시장성 있는 관계기업 투자주식의 내역은 다음과 같습니다.
(단위 : 주, 백만원)
삼성전기㈜
17,693,084
2,190,404
445,244
2,710,580
445,244
삼성에스디에스㈜
17,472,110
2,232,936
560,827
2,970,259
560,827
삼성바이오로직스㈜
22,217,309
21,084,226
1,595,892
16,885,155
1,595,892
삼성SDI㈜
13,462,673
3,332,012
1,242,605
6,354,382
1,242,605
㈜제일기획
29,038,075
492,195
491,599
552,595
491,599
마. 기타사항 당사는 2024년 12월 31일 이사회에서 관계기업인 레인보우로보틱스㈜의 최대주주 등 6인이 보유한 지분 394만주를 인수하는 주식매도청구권(콜옵션)의 행사를 의결하였습니다. 인수대가는 267,463백만원이며, 당기말 현재 진행 중인 지분인수 관련 행정절차가 완료되면 지급할 예정입니다.
10. 유형자산: 가. 당기 및 전기 중 유형자산의 변동 내역은 다음과 같습니다. (1) 당기
(단위 : 백만원)
기초장부금액
7,881,222
26,564,296
69,492,787
34,675,331
1,965,525
140,579,161
- 취득원가
7,883,620
41,814,348
228,287,817
34,675,331
5,182,709
317,843,825
- 감가상각누계액(손상 포함)
(2,398)
(15,250,052)
(158,795,030)
-
(3,217,184)
(177,264,664)
일반취득 및 자본적지출(*)
181,295
4,756,975
38,411,587
(3,208,214)
1,228,769
41,370,412
감가상각
(2,340)
(2,464,085)
(27,213,533)
-
(605,340)
(30,285,298)
처분ㆍ폐기
(17,239)
(114,033)
(26,089)
-
(7,971)
(165,332)
손상
-
(199)
(3,624)
-
(942)
(4,765)
기타
915
(12,620)
165,845
(205)
(201,243)
(47,308)
기말장부금액
8,043,853
28,730,334
80,826,973
31,466,912
2,378,798
151,446,870
- 취득원가
8,048,086
46,332,683
264,285,218
31,466,912
5,691,097
355,823,996
- 감가상각누계액(손상 포함)
(4,233)
(17,602,349)
(183,458,245)
-
(3,312,299)
(204,377,126)
(*) 일반취득 및 자본적지출은 건설중인자산에서 대체된 금액을 포함하고 있습니다.
849,378
백만원이며, 자본화가능차입원가를 산정하기 위하여 사용된 자본화 이자율은
4.6%
(2) 전기
(단위 : 백만원)
기초장부금액
7,752,989
23,246,622
61,426,540
28,768,364
2,072,471
123,266,986
- 취득원가
7,754,559
36,449,026
199,823,339
28,768,364
4,886,059
277,681,347
- 감가상각누계액(손상 포함)
(1,570)
(13,202,404)
(138,396,799)
-
(2,813,588)
(154,414,361)
일반취득 및 자본적지출(*)
131,535
5,509,158
31,107,219
5,907,608
461,345
43,116,865
감가상각
(1,003)
(2,135,709)
(22,908,637)
-
(574,245)
(25,619,594)
처분ㆍ폐기
(2,277)
(25,652)
(95,125)
-
(5,330)
(128,384)
손상
-
(27,715)
(24,920)
-
(1,547)
(54,182)
기타
(22)
(2,408)
(12,290)
(641)
12,831
(2,530)
기말장부금액
7,881,222
26,564,296
69,492,787
34,675,331
1,965,525
140,579,161
- 취득원가
7,883,620
41,814,348
228,287,817
34,675,331
5,182,709
317,843,825
- 감가상각누계액(손상 포함)
(2,398)
(15,250,052)
(158,795,030)
-
(3,217,184)
(177,264,664)
(*) 일반취득 및 자본적지출은 건설중인자산에서 대체된 금액을 포함하고 있습니다. 자본화된 차입원가는 646,471백만원이며, 자본화가능차입원가를 산정하기 위하여 사용된 자본화 이자율은 4.6%입니다.
나. 당기 및 전기 중 유형자산에 포함된 사용권자산의 변동 내역은 다음과 같습니다. (1) 당기
(단위 : 백만원)
기초장부금액
4,575
1,295,293
8,142
532,903
1,840,913
일반취득
193
74,707
77,272
46,870
199,042
감가상각
(2,340)
(231,116)
(29,075)
(46,160)
(308,691)
계약의 해지
(328)
(3,083)
-
(145)
(3,556)
기타
914
-
(283)
1,805
2,436
기말장부금액
3,014
1,135,801
56,056
535,273
1,730,144
(2) 전기
(단위 : 백만원)
기초장부금액
1,866
642,700
22,135
569,312
1,236,013
일반취득
3,712
863,062
1,728
4,554
873,056
감가상각
(1,003)
(189,855)
(16,057)
(40,749)
(247,664)
계약의 해지
-
(20,500)
-
(234)
(20,734)
기타
-
(114)
336
20
242
기말장부금액
4,575
1,295,293
8,142
532,903
1,840,913
다. 당기 및 전기 중 계정과목별 유형자산 상각 내역은 다음과 같습니다.
(단위 : 백만원)
매출원가
27,673,746
23,618,150
판매비와관리비 등
2,611,552
2,001,444
계
30,285,298
25,619,594
11. 무형자산: 가. 당기 및 전기 중 무형자산의 변동 내역은 다음과 같습니다.
(1) 당기
(단위 : 백만원)
기초장부금액
1,287,798
-
196,827
8,955,586
10,440,211
개별 취득
270,328
-
13,531
2,213,977
2,497,836
상각
(236,511)
-
-
(2,195,761)
(2,432,272)
처분ㆍ폐기
(33,661)
-
-
(16,040)
(49,701)
손상(환입)
-
-
(826)
-
(826)
기타
(741)
-
-
42,449
41,708
기말장부금액
1,287,213
-
209,532
9,000,211
10,496,956
(2) 전기
(단위 : 백만원)
기초장부금액
1,193,286
85,018
199,870
7,083,250
8,561,424
개별 취득
371,570
-
1,069
4,174,044
4,546,683
상각
(229,849)
(85,018)
-
(2,299,322)
(2,614,189)
처분ㆍ폐기
(40,944)
-
(7,850)
(560)
(49,354)
손상(환입)
(6,265)
-
3,738
(3,114)
(5,641)
기타
-
-
-
1,288
1,288
기말장부금액
1,287,798
-
196,827
8,955,586
10,440,211
나. 당기 및 전기 중 계정과목별 무형자산 상각 내역은 다음과 같습니다.
(단위 : 백만원)
매출원가
1,836,827
2,016,938
판매비와관리비 등
595,445
597,251
계
2,432,272
2,614,189
12. 차입금:
가. 보고기간종료일 현재 차입금의 내역은 다음과 같습니다.
(단위 : 백만원)
단기차입금:
담보부차입금(*1)
우리은행 등
-
0.4 ~ 14.9
11,110,972
5,625,163
유동성장기차입금:
리스부채(*2)
-
-
3.0
266,961
222,137
무담보차입금
삼성디스플레이㈜
2025.08.16
4.6
21,990,000
-
계
22,256,961
222,137
장기차입금:
리스부채(*2)
-
-
3.0
795,703
912,035
무담보차입금
-
-
-
-
21,990,000
계
795,703
22,902,035
(*1) 담보부차입금과 관련하여 매출채권을 담보로 제공하였습니다.
(*2) 리스부채와 관련하여 연이자율은 가중평균증분차입이자율이며, 당기 중 발생한 이자비용은
32,567
28,282
백만원)입니다. 한편, 당기 중 리스부채 측정치에 포함되지 않은 단기리스료,
소액 자산 리스료 등은
47,328
51,569
나. 보고기간종료일 현재 장기차입금의 연도별 상환계획은 다음과 같습니다.
(단위 : 백만원)
2025년
22,619,095
계
22,619,095
다. 보고기간종료일 현재 리스부채의 연도별 상환계획은 다음과 같습니다.
(단위 : 백만원)
2025년
299,447
2026년
241,390
2027년
168,208
2028년
129,598
2029년 이후
333,846
계
1,172,489
13. 사채:
가. 보고기간종료일 현재 사채의 내역은 다음과 같습니다.
(단위 : %, 백만원)
US$ denominated Straight Bonds(*)
1997.10.02
2027.10.01
7.7
22,050 (US$ 15,000천)
25,788 (US$ 20,000천)
사채할인발행차금
(255)
(370)
계
21,795
25,418
차감: 유동성사채
(7,265)
(6,354)
비유동성사채
14,530
19,064
(*) 10년 거치 20년 분할상환되며 이자는 6개월마다 후급됩니다.
나. 보고기간종료일 현재 사채의 연도별 상환계획은 다음과 같습니다.
(단위 : 백만원)
2025년
7,350
2026년
7,350
2027년
7,350
계
22,050
14. 순확정급여부채(자산): 가. 보고기간종료일 현재 순확정급여부채(자산)의 내역은 다음과 같습니다.
(단위 : 백만원)
기금이 적립된 확정급여채무의 현재가치
13,152,202
11,959,655
기금이 적립되지 않은 확정급여채무의 현재가치
25,500
22,672
소 계
13,177,702
11,982,327
사외적립자산의 공정가치
(15,427,494)
(15,728,024)
순확정급여부채(자산) 계
(2,249,792)
(3,745,697)
나. 당기 및 전기 중 확정급여제도 관련 비용의 세부 내역은 다음과 같습니다.
(단위 : 백만원)
당기근무원가
1,053,582
962,366
순이자원가(수익)
(215,644)
(275,246)
계
837,938
687,120
한편, 당기 중 확정기여제도와 관련하여 비용으로 인식한 금액은
77,360
48,884
다. 당기 및 전기 중 확정급여제도 관련 비용의 계정과목별 금액은 다음과 같습니다.
(단위 : 백만원)
매출원가
336,493
271,113
판매비와관리비 등
501,445
416,007
계
837,938
687,120
라. 당기 및 전기 중 확정급여채무의 변동 내역은 다음과 같습니다.
(단위 : 백만원)
기초
11,982,327
10,758,672
당기근무원가
1,053,582
962,366
이자원가
642,716
613,363
확정급여채무의 재측정요소:
- 인구통계적가정의 변동
-
(61,559)
- 재무적가정의 변동
538,347
226,995
- 기타사항에 의한 효과
124,814
117,800
급여지급액
(1,178,887)
(653,343)
기타
14,803
18,033
기말
13,177,702
11,982,327
마. 당기 및 전기 중 사외적립자산의 변동 내역은 다음과 같습니다.
(단위 : 백만원)
기초
15,728,024
15,168,895
사외적립자산의 이자수익
858,360
888,609
사외적립자산의 재측정요소
(141,532)
(494,687)
사용자의 기여금
-
694,100
급여지급액
(1,021,978)
(537,855)
기타
4,620
8,962
기말
15,427,494
15,728,024
한편, 확정급여제도와 관련하여 2025년도에 납입할 것으로 예상되는 사용자 기여금의 합리적인 추정치는
1,674,416
바. 보고기간종료일 현재 사외적립자산은 원금보장형 고정수익 상품 등에 투자되어 있습니다.
사. 보고기간종료일 현재 사용한 주요 보험수리적 가정은 다음과 같습니다.
(단위 : %)
할인율
5.1
5.6
미래임금상승률 (인플레이션 효과 포함)
5.5
5.6
아. 보고기간종료일 현재 주요 가정의 변동에 따른 확정급여채무의 민감도 분석은 다음과 같습니다.
(단위 : 백만원)
할인율:
1%p 증가
11,947,468
10,888,509
1%p 감소
14,615,589
13,258,187
임금상승률:
1%p 증가
14,591,538
13,242,324
1%p 감소
11,943,514
10,880,916
자. 보고기간종료일 현재 확정급여채무의 가중평균만기는
10.12
15. 충당부채: 당기 중 충당부채의 변동 내역은 다음과 같습니다.
(단위 : 백만원)
기초
673,951
1,815,938
713,719
3,750,227
6,953,835
순전입(환입)
801,454
1,337,893
202,630
2,384,980
4,726,957
사용
(718,775)
(532,481)
(262,023)
(1,575,488)
(3,088,767)
기타
-
172,551
-
95,388
267,939
기말
756,630
2,793,901
654,326
4,655,107
8,859,964
가. 회사는 출고한 제품에 대한 품질보증, 교환, 하자보수 및 그에 따른 사후서비스 등으로 인하여 향후 부담할 것으로 예상되는 비용을 보증기간 및 과거 경험률 등을 기초로 추정하여 충당부채로 설정하고 있습니다.
나. 회사는 협상 진행 중인 기술사용계약과 관련하여 향후 지급이 예상되는 기술사용료를 추정하여 충당부채로 계상하고 있습니다. 지급시기 및 금액은 협상결과에 따라 변동될 수 있습니다.
다. 회사는 임원을 대상으로 부여연도를 포함한 향후 3년간의 경영실적에 따라 성과급을 지급하는 장기성과 인센티브를 부여하였는 바, 향후 지급이 예상되는 금액의 경과 기간 해당분을 충당부채로 계상하고 있습니다.
라. 회사는 생산 및 판매를 중단한 제품에 대하여 향후 부담할 것으로 예상되는 비용 등을 추정하여 충당부채로 계상하고 있습니다.
마. 회사는 온실가스 배출과 관련하여 해당 이행연도분 배출권의 장부금액과 이를 초과하는 배출량에 대해 향후 부담할 것으로 예상되는 비용을 추정하여 충당부채로 계상하고 있습니다. (1) 보고기간종료일 현재 당기 이행연도에 대한 무상할당 배출권과 온실가스 배출량 추정치는 다음과 같습니다.
(단위 : 만톤(tCO2-eq))
무상할당 배출권
무상할당 배출권
1,282
배출량 추정치
1,396
(*) 보고기간종료일 현재 잔여 계획기간에 대해 무상할당 받은 배출권 수량은 1,116만톤(2025년 1,116만톤)입니다.
(2) 당기 및 전기 중 배출권 변동 내역은 다음과 같습니다.
(단위 : 백만원)
기초
3,137
19,567
증가
-
1,265
사용
-
(17,695)
기말
3,137
3,137
(*) 보고기간종료일 현재 보유중인 배출권 수량은 2,748만톤이며, 담보로 제공한 배출권은 없습니다.
(3) 당기 및 전기 중 배출부채 변동 내역은 다음과 같습니다.
(단위 : 백만원)
기초
-
32,825
순전입(환입)
-
(15,348)
사용
-
(17,477)
기말
-
-
16. 우발부채와 약정사항:
가. 지급보증한 내역 (1) 보고기간종료일 현재 회사가 해외종속기업의 자금조달 등을 위하여 제공하고 있는 채무보증 내역은 다음과 같습니다.
(단위 : 백만원)
SETK
BNP 외
2025-12-16
675,675
1,392,090
기타
기타
-
-
10,518,247
계
675,675 (US$ 495,321천)
11,910,337 (US$ 8,102,270천)
(2) 보고기간종료일 현재 회사가 해외종속기업의 계약이행을 위하여 제공하고 있는 지급보증 한도액은
532,893
(3) 보고기간종료일 현재 회사가 특수관계자로부터 제공받고 있는 담보 및 지급보증은 없습니다.
나. 소송 등 보고기간종료일 현재 회사는 다수의 회사 등과 정상적인 영업과정에서 발생한 소송, 분쟁 및 규제기관의 조사 등이 진행 중에 있습니다. 이에 따른 자원의 유출금액 및 시기는 불확실하며 회사의 경영진은 이러한 소송 등의 결과가 회사의 재무상태에 중요한 영향을 미치지 않을 것으로 판단하고 있습니다.
다. 분할과 관련된 연대채무 회사와 삼성디스플레이㈜ 등은 분할된 삼성디스플레이㈜ 등의 분할 전 채무에 관하여 연대하여 변제할 책임이 있습니다.
(1) 보고기간종료일 현재 회사는 우리은행 외 4개 은행과 무역금융, 상업어음할인 및 외상매출채권담보대출 등의 약정을 맺고 있으며 동 약정에 대한 통합한도액은
10,677,500
백만원입니다. 이외에도 회사는 신한은행 외 18개 은행과 한도액
US$ 8,898백만의 무역금융 약정을 체결하고 있으며, 기업은행 외 4개 은행과
506,249
백만원의 외상매출채권담보대출 약정 등을 맺고 있습니다.
(2) 보고기간종료일 현재 발생하지 않은 유ㆍ무형자산의 취득을 위한 약정액은
7,335,536
17. 계약부채: 보고기간종료일 현재 계약부채는 다음과 같습니다.
(단위 : 백만원)
계약부채(*)
1,559,287
1,491,085
(*) 계약부채는 선수금, 미지급비용, 기타유동부채 등에 포함되어 있습니다.
회사가 당기초 계약부채 잔액 중 당기에 수익으로 인식한 금액은
281,451
18. 자본금:
보고기간종료일 현재 회사의 정관에 의한 발행할 주식의 총수는 250억주(1주의 액면금액: 100원)이며, 회사에는 보통주 외 비누적적 우선주가 있습니다. 이 우선주는 의결권이 없고 액면금액을 기준으로 보통주의 배당보다 연 1%의 금전배당을 추가로 받을 수 있습니다. 보고기간종료일 현재 회사가 발행한 보통주 및 우선주의 수(소각 주식수 제외)는 각각 5,969,782,550주와 822,886,700주이며
, 유통주식수는
자기주식 취득으로 인하여 발행주식의 총수와 차이가 있습니다
. 한편, 발행주식의 액면총액은 679,267백만원(보통주 596,978백만원, 우선주 82,289백만원)으로 이익소각으로 인하여 납입자본금 897,514백만원과 상이합니다.
자기주식 취득으로 인하여
발행주식의 총수와 차이가 있습니다
(단위 : 주)
전기초
5,969,782,550
822,886,700
- 자기주식의 취득
-
-
전기말
5,969,782,550
822,886,700
당기초
5,969,782,550
822,886,700
- 자기주식의 취득
(29,700,000)
(4,050,000)
당기말
5,940,082,550
818,836,700
19. 이익잉여금:
가. 보고기간종료일 현재 이익잉여금의 내역은 다음과 같습니다.
(단위 : 백만원)
(1) 법정적립금:
이익준비금(*1)
450,789
450,789
(2) 임의적립금
217,059,556
201,484,221
(3) 미처분이익잉여금
16,223,971
18,028,341
계
233,734,316
219,963,351
(*1) 회사는 상법상의 규정에 따라 납입자본의 50%에 달할 때까지 매 결산기마다 금전에 의한 이익배당액의 10% 이상을 이익준비금으로 적립하도록 되어 있으나, 보고기간종료일 현재 회사의 이익준비금이 납입자본의 50%에 달하였으므로 추가 적립할 의무는 없습니다.
나. 당기 및 전기의 회사의 이익잉여금처분계산서는 다음과 같습니다.
당기의 이익잉여금처분계산서는 2025년 3월 19일 주주총회에서 확정될 예정입니다 (전기 처분확정일: 2024년 3월 20일).
(단위 : 백만원)
Ⅰ. 미처분이익잉여금
16,223,971
18,028,341
1. 전기이월이익잉여금
30
30
2. 분기배당 주당배당금(률) 제56기 - 1,083원(1083%) 제55기 - 1,083원(1083%)
(7,356,461)
(7,356,461)
3. 당기순이익
23,582,565
25,397,099
4. 기타포괄손익-공정가치금융자산 처분
(2,163)
(12,327)
Ⅱ. 임의적립금 등의 이입액
-
-
Ⅲ. 이익잉여금처분액
16,223,941
18,028,311
1. 배당금 주당배당금(률) 제56기 - 보통주: 363원(363%) 우선주: 364원(364%) 제55기 - 보통주: 361원(361%) 우선주: 362원(362%)
2,454,307
2,452,976
2. 연구및인력개발준비금
13,769,634
15,575,335
Ⅳ. 차기이월미처분이익잉여금
30
30
다. 당기 및 전기 중 배당금 산정 내역은 다음과 같습니다.
(1) 분기배당(배당기준일: 2024년과 2023년 3월 31일, 6월 30일, 9월 30일)
(단위 : 주, %, 백만원)
1분기
배당받을 주식
보통주
5,969,782,550주
5,969,782,550주
우선주
822,886,700주
822,886,700주
배당률(액면가 기준)
보통주ㆍ우선주
361%
361%
배당금액
보통주
2,155,092
2,155,092
우선주
297,062
297,062
계
2,452,154
2,452,154
2분기
배당받을 주식
보통주
5,969,782,550주
5,969,782,550주
우선주
822,886,700주
822,886,700주
배당률(액면가 기준)
보통주ㆍ우선주
361%
361%
배당금액
보통주
2,155,092
2,155,092
우선주
297,062
297,062
계
2,452,154
2,452,154
3분기
배당받을 주식
보통주
5,969,782,550주
5,969,782,550주
우선주
822,886,700주
822,886,700주
배당률(액면가 기준)
보통주ㆍ우선주
361%
361%
배당금액
보통주
2,155,092
2,155,092
우선주
297,062
297,062
계
2,452,154
2,452,154
(2) 기말배당 (배당기준일: 2024년과 2023년 12월 31일)
(단위 : 주, %, 백만원)
배당받을 주식
보통주
5,940,082,550주
5,969,782,550주
우선주
818,836,700주
822,886,700주
배당률(액면가 기준)
보통주
363%
361%
우선주
364%
362%
배당금액
보통주
2,156,250
2,155,092
우선주
298,057
297,884
계
2,454,307
2,452,976
20. 기타자본항목:
가.
보고기간종료일 현재 기타자본항목의 내역은 다음과 같습니다.
(단위 : 백만원)
기타포괄손익-공정가치금융자산평가손익
488,102
246,155
순확정급여부채(자산) 재측정요소
(3,075,801)
(2,483,547)
자기주식
(1,811,775)
-
기타
1,760,408
1,760,408
계
(2,639,066)
(476,984)
나. 보고기간종료일 현재 자기주식의 내역은 다음과 같습니다.
(단위 : 주, 백만원)
주식수
29,700,000
4,050,000
-
-
취득가액
1,625,252
186,523
-
-
21. 비용의 성격별 분류:
당기 및 전기 중 비용의 성격별 분류 내역은 다음과 같습니다.
(단위 : 백만원)
제품 및 재공품 등의 변동
(27,504)
(1,557,583)
원재료 등의 사용액 및 상품 매입액 등
87,478,581
89,350,845
급여
15,247,579
13,941,832
퇴직급여
915,298
736,004
감가상각비
30,285,298
25,619,594
무형자산상각비
2,432,272
2,614,189
복리후생비
3,414,856
3,307,047
유틸리티비
5,759,175
5,051,847
외주용역비
4,505,891
3,791,485
광고선전비
1,634,516
1,747,480
판매촉진비
1,385,627
1,298,806
기타비용
43,659,618
35,998,841
계(*)
196,691,207
181,900,387
(*) 손익계산서 상 매출원가와 판매비와관리비를 합한 금액입니다.
22. 판매비와관리비: 당기 및 전기 중 판매비와관리비의 내역은 다음과 같습니다.
(단위 : 백만원)
(1) 판매비와관리비:
급여
2,521,337
2,541,935
퇴직급여
163,548
133,881
지급수수료
3,091,188
3,566,826
감가상각비
477,811
468,454
무형자산상각비
398,113
390,581
광고선전비
1,634,516
1,747,480
판매촉진비
1,385,627
1,298,806
운반비
865,698
541,902
서비스비
1,292,125
981,945
기타판매비와관리비
2,641,755
2,352,176
소 계
14,471,718
14,023,986
(2) 경상연구개발비:
연구개발 총지출액
30,158,017
23,852,849
계
44,629,735
37,876,835
23. 기타수익 및 기타비용:
당기 및 전기 중 기타수익 및 기타비용의 내역은 다음과 같습니다.
(단위 : 백만원)
(1) 기타수익:
배당금수익
9,736,333
29,096,899
임대료수익
184,855
183,234
유형자산처분이익
64,356
105,553
기타
365,641
257,629
계
10,351,185
29,643,315
(2) 기타비용:
유형자산처분손실
99,941
49,044
기부금
150,377
176,171
기타
290,224
150,508
계
540,542
375,723
24. 금융수익 및 금융비용: 당기 및 전기 중 금융수익 및 금융비용의 내역은 다음과 같습니다.
(단위 : 백만원)
(1) 금융수익:
이자수익
396,089
371,106
- 상각후원가 측정 금융자산
396,089
371,106
외환차이
7,321,600
6,652,107
파생상품관련이익
-
365,451
계
7,717,689
7,388,664
(2) 금융비용:
이자비용
839,611
595,765
- 상각후원가 측정 금융부채
330,514
310,267
- 기타금융부채
509,097
285,498
외환차이
7,280,623
7,002,694
파생상품관련손실
19,554
-
계
8,139,788
7,598,459
회사는 외화거래 및 환산으로 발생한 외환차이를 금융수익 및 금융비용으로 인식하고 있습니다.
25. 법인세비용:
가. 당기 및 전기 중 법인세비용의 주요 구성 내역은 다음과 같습니다.
(단위 : 백만원)
(1) 당기법인세:
기간손익에 대한 당기법인세
1,689,123
337,983
당기에 인식한 조정사항
754,311
(487,822)
소 계
2,443,434
(149,839)
(2) 이연법인세:
세액공제의 이월로 인한 이연법인세 변동액
(4,658,032)
(4,713,725)
일시적차이로 인한 이연법인세 변동액
(547,094)
(2,073,330)
이월결손금으로 인한 이연법인세 변동액
928,705
(928,705)
소 계
(4,276,421)
(7,715,760)
법인세비용 계
(1,832,987)
(7,865,599)
나. 당기 및 전기 중 회사의 법인세비용차감전순이익에 대한 법인세비용과 적용세율을 사용하여 이론적으로 계산된 금액과의 차이는 다음과 같습니다.
(단위 : 백만원)
법인세비용차감전순이익
21,749,578
17,531,500
(1) 적용세율에 따른 법인세비용(*)
5,741,889
4,628,316
(2) 조정사항:
세무상 과세되지 않는 수익
(2,696,812)
(7,340,802)
세무상 차감되지 않는 비용
10,691
6,256
세액공제
(4,936,294)
(5,082,791)
기타
47,539
(76,578)
소 계
(7,574,876)
(12,493,915)
법인세비용 계
(1,832,987)
(7,865,599)
(*) 보고기간종료일 현재 제정된 세법에서 규정한 법정세율을 적용하여 산정하였습니다.
다. 당기 및 전기 중 이연법인세자산(부채)의 증감 내역은 다음과 같습니다.
(단위 : 백만원)
1) 일시적차이로 인한 이연법인세:
토지재평가
(898,687)
1,998
(896,689)
(898,505)
(182)
(898,687)
종속기업, 관계기업 및 공동기업 투자(*)
(228,304)
6,902
(221,402)
(819,038)
590,734
(228,304)
감가상각누계액 등
(1,408,682)
324,105
(1,084,577)
(1,634,038)
225,356
(1,408,682)
미수수익
(3,564)
(28,996)
(32,560)
(2,487)
(1,077)
(3,564)
충당부채 및 미지급비용 등
5,433,027
153,938
5,586,965
3,613,572
1,819,455
5,433,027
외화평가조정
124,852
41,321
166,173
147,194
(22,342)
124,852
자산손상
181,641
3,687
185,328
184,282
(2,641)
181,641
퇴직급여
(1,879,227)
182,161
(1,697,066)
(1,427,630)
(451,597)
(1,879,227)
기타
539,804
(138,022)
401,782
624,180
(84,376)
539,804
소 계
1,860,860
547,094
2,407,954
(212,470)
2,073,330
1,860,860
2) 이월결손금공제로 인한 이연법인세:
이월결손금이월액
928,705
(928,705)
-
-
928,705
928,705
3) 세액공제로 인한 이연법인세:
세액공제이월액
6,339,250
4,658,032
10,997,282
1,625,525
4,713,725
6,339,250
4) 자본에 직접 가감하는 이연법인세:
기타포괄손익-공정가치금융자산평가손익 등
(88,295)
(86,785)
(175,080)
43,991
(132,286)
(88,295)
순확정급여부채(자산) 재측정요소
890,838
212,438
1,103,276
685,466
205,372
890,838
소 계
802,543
125,653
928,196
729,457
73,086
802,543
이연법인세자산(부채) 계
9,931,358
4,402,074
14,333,432
2,142,512
7,788,846
9,931,358
(*) 종속기업, 관계기업 및 공동기업 투자와 관련된 차감할 일시적차이 중 예측가능한 미래에 소멸할 가능성이 높지 않을 경우 이연법인세자산을 인식하지 않았습니다.
라. 보고기간종료일 현재 이연법인세자산(부채)의 회수(결제) 시기는 다음과 같습니다.
(단위 : 백만원)
12개월 이내에 회수(결제)될 이연법인세자산(부채)
3,776,380
5,055,283
12개월 이후에 회수(결제)될 이연법인세자산(부채)
10,557,052
4,876,075
계
14,333,432
9,931,358
26. 주당이익:
가. 기본주당순이익 당기 및 전기 중 기본주당이익 산정 내역은 다음과 같습니다. (1) 보통주
백만원, 천주, 원
당기순이익
23,582,565
25,397,099
당기순이익 중 보통주 해당분
20,724,961
22,319,686
÷ 가중평균유통보통주식수(천주)
5,969,672
5,969,783
기본 보통주 주당이익(원)
3,472
3,739
(2) 우선주
백만원, 천주, 원
당기순이익
23,582,565
25,397,099
당기순이익 중 우선주 해당분
2,857,604
3,077,413
÷ 가중평균유통우선주식수
(천주)
822,871
822,887
기본 우선주 주당이익(원)
3,473
3,740
나. 희석주당순이익 회사가 보유하고 있는 희석성 잠재적보통주는 없으며, 당기 및 전기의 기본주당이익과 희석주당이익은 동일합니다.
27. 현금흐름표: 가. 회사는 영업활동 현금흐름을 간접법으로 작성하였습니다. 당기 및 전기 중 영업활동 현금흐름 관련 조정 내역 및 영업활동으로 인한 자산부채의 변동은 다음과 같습니다. (1) 조정 내역
(단위 : 백만원)
법인세비용(수익)
(1,832,987)
(7,865,599)
금융수익
(1,566,938)
(995,482)
금융비용
2,545,209
1,316,292
퇴직급여
915,298
736,004
감가상각비
30,285,298
25,619,594
무형자산상각비
2,432,272
2,614,189
대손상각비(환입)
67,958
2,308
배당금수익
(9,736,333)
(29,096,899)
유형자산처분이익
(64,356)
(105,553)
유형자산처분손실
99,941
49,044
재고자산평가손실(환입) 등
(1,691,973)
3,558,358
기타
39,740
74,820
계
21,493,129
(4,092,924)
(2) 영업활동으로 인한 자산부채의 변동
(단위 : 백만원)
매출채권의 감소(증가)
(5,566,775)
(6,883,154)
미수금의 감소(증가)
(1,213,085)
612,652
장단기선급비용의 감소(증가)
(286,511)
(339,588)
재고자산의 감소(증가)
1,929,763
(4,399,456)
매입채무의 증가(감소)
2,028,901
(701,579)
장단기미지급금의 증가(감소)
1,304,136
(335,900)
선수금의 증가(감소)
47,859
(18,100)
예수금의 증가(감소)
70,984
(77,884)
미지급비용의 증가(감소)
(50,071)
(1,677,917)
장단기충당부채의 증가(감소)
1,638,190
1,076,981
퇴직금의 지급
(1,256,247)
(702,328)
사외적립자산의 감소(증가)
1,021,978
(156,245)
기타
(429,208)
386,971
계
(760,086)
(13,215,547)
나. 당기 및 전기 중 투자ㆍ재무활동 현금흐름 관련 주요 비현금거래는 다음과 같습니다.
(단위 : 백만원)
기타포괄손익-공정가치금융자산의 평가
324,785
490,240
유형자산의 본계정 대체
43,491,326
38,188,436
사용권자산의 취득(리스부채의 신규계약)
199,042
873,056
사채 및 장기차입금의 유동성 대체
22,264,226
228,492
다. 당기 및 전기 중 재무활동 현금흐름에서 생기는 부채의 변동 내역은 다음과 같습니다. (1) 당기
(단위 : 백만원)
단기차입금
5,625,163
5,316,919
-
168,890
11,110,972
사채 및 장기차입금
23,149,590
(217,305)
199,042
(56,868)
23,074,459
계
28,774,753
5,099,614
199,042
112,022
34,185,431
(*) 상각, 환율변동에 의한 증감액 등을 포함하고 있습니다.
(2) 전기
(단위 : 백만원)
단기차입금
2,381,512
3,274,337
-
(30,686)
5,625,163
사채 및 장기차입금
815,644
21,804,684
567,652
(38,390)
23,149,590
계
3,197,156
25,079,021
567,652
(69,076)
28,774,753
(*) 상각, 환율변동에 의한 증감액 등을 포함하고 있습니다.
한편, 당기 및 전기 중 리스부채와 관련하여 발생한 원금 상환에 따른 현금유출액(재무활동)은 210,858백만원 및
178,979
백만원, 이자비용 현금유출액(영업활동)은 32,567백만원 및
28,282
라. 회사는 거래가 빈번하며 총금액이 크고 단기간에 만기가 도래하는 단기금융상품,단기차입금 등으로 인한 현금의 유입과 유출항목을 순증감액으로 작성하였습니다. 한편, 보고기간종료일 현재 회사의 현금및현금성자산은 대부분 예금 등으로 구성되어 있습니다.
28. 재무위험관리:
회사는 영업활동에서 파생되는 시장위험, 신용위험, 유동성위험 등을 최소화하는데 중점을 두고 재무위험을 관리하고 있으며, 이를 위해 각각의 위험요인에 대해 면밀하게 모니터링 및 대응하고 있습니다.
재무위험은 글로벌 재무관리기준을 수립하고 고객과 거래선에 대한 주기적인 재무위험 측정, 환헷지 및 자금수지 점검 등을 통해 관리하고 있습니다.
한편, 해외 주요 권역별로 지역금융센터(미국, 영국, 싱가포르, 중국, 브라질, 러시아)에서 환율변동 모니터링 및 환거래 대행을 통해 환율변동위험을 관리하고 있으며, 권역내 자금을 통합운용하여 유동성위험에 대응하고 있습니다.
회사의 재무위험관리의 주요 대상인 자산은 현금및현금성자산, 단기금융상품, 상각후원가금융자산, 매출채권 등으로 구성되어 있으며, 부채는 매입채무, 차입금 등으로구성되어 있습니다.
가. 시장위험
(1) 환율변동위험
회사는 글로벌 영업활동을 수행함에 따라 기능통화와 다른 통화로도 거래를 하고 있어 환율변동위험에 노출되어 있습니다. 환율변동위험에 노출되는 주요 통화로는 USD, EUR 등이 있습니다.
회사는 통화별 자산과 부채규모를 일치하는 수준으로 유지하여 환율변동 영향을 최소화하는데 주력하고 있습니다. 이를 위해 수출입 등의 경상거래 및 예금, 차입 등의 금융거래 발생시 기능통화로 거래하거나 입금 및 지출 통화를 일치시킴으로써 환포지션 발생을 최대한 억제하고 있으나, 일부 발생된 환포지션은 채권매각, 선물환 등을 활용하여 환변동영향을 축소하고 있습니다. 이는 회사가 노출된 환율변동위험을 감소시키지만 완전히 제거하지는 않을 수 있습니다. 또한 회사는 효율적인 환율변동위험 관리를 위해 환위험을 주기적으로 모니터링 및 평가하고 있으며 투기적 외환거래는 엄격히 금지하고 있습니다.
보고기간종료일 현재 기능통화와 다른 주요 외화로 표시된 금융자산 및 금융부채에 대하여 환율이 5% 변동할 경우 당기손익(법인세효과 반영 전)에 미치는 영향은 다음과 같습니다.
(단위 : 백만원)
USD
132,956
(132,956)
201,224
(201,224)
EUR
(92,620)
92,620
(25,356)
25,356
(2) 이자율변동위험
이자율변동위험은 시장금리 변동으로 인해 투자 및 재무활동으로부터 발생하는 이자수익, 비용의 현금흐름이 변동될 위험으로서, 주로 예금 및 변동금리부 차입금에서 비롯됩니다. 회사는 내부자금 공유를 통해 외부차입금을 최소화하여 이자율 변동으로 인한 금융비용과 불확실성을 최소화하고 있습니다.
(3) 주가변동위험
회사는 전략적 목적 등으로 기타포괄손익-공정가치금융자산으로 분류된 지분상품에투자하고 있습니다. 이를 위하여 직ㆍ간접적 투자수단을 이용하고 있습니다.
보고기간종료일 현재 지분상품(상장주식)의 주가가 1% 변동할 경우 기타포괄손익
(법인세효과 반영 전)에 미치는 영향은
20,722
17,573
나. 신용위험
신용위험은 통상적인 거래 및 투자활동에서 발생하며 고객 또는 거래상대방이 계약조건상 의무사항을 지키지 못하였을 때 발생합니다. 이러한 신용위험을 관리하기 위하여 고객과 거래상대방의 재무상태와 과거 경험 및 기타 요소를 고려하여 주기적으로 재무신용도를 평가하고 있으며, 고객과 거래상대방 각각에 대한 신용한도를 설정ㆍ관리하고 있습니다. 그리고 위험국가에 소재한 거래처의 매출채권은 보험한도 내에서 적절하게 위험이 관리되고 있습니다. 신용위험은 금융기관과의 거래에서도 발생할 수 있으며 해당 거래는 현금및현금성자산, 각종 예금 그리고 파생금융상품 등의 금융상품 거래를 포함합니다. 이러한 위험을 줄이기 위해, 회사는 국제 신용등급이 높은 은행(S&P A 이상)에 대해서만 거래를하는 것을 원칙으로 하고 있으며, 기존에 거래가 없는 금융기관과의 신규 거래는 해당 기관에 대한 건전성 평가 등을 거쳐 시행하고 있습니다. 회사가 체결하는 금융계약은 부채비율 제한 조항, 담보제공, 차입금 회수 등의 제약조건이 없는 계약을 위주로 체결하고 있으며, 기타의 경우 별도의 승인을 받아 거래하고 있습니다. 회사의 금융자산 장부금액은 손상차손 차감 후 금액으로 회사의 신용위험 최대노출액은 금융자산 장부금액과 동일합니다.
다. 유동성위험
유동성위험이란 회사가 금융부채와 관련된 모든 의무를 이행하는 데 어려움을 겪게 될 위험을 의미합니다. 회사의 주요 유동성 공급원은 영업에서 창출한 현금 및 자본시장 및 금융기관에서 조달한 자금이며, 주요 유동성 수요는 생산, 연구개발을 위한 투자를 비롯해, 운전자본, 배당 등에 있습니다. 대규모 투자가 많은 회사 사업 특성상적정 유동성의 유지가 매우 중요합니다. 회사는 주기적인 자금수지 예측, 필요 현금수준 산정 및 수입, 지출 관리 등을 통하여 적정 유동성을 유지ㆍ관리하고 있습니다.
회사는 권역별로 Cash Pooling을 구축하여 권역 내 개별 법인의 자금이 부족한 경우에도 유동성 위험에 효율적으로 대응하고 있습니다. Cash Pooling은 자금 부족 회사와 자금 잉여 회사간 자금을 공유하는 시스템으로 개별회사의 유동성 위험을 최소화하고 자금운용부담을 경감시키며, 금융비용을 절감하는 등의 효과가 있습니다. 또한 대규모 유동성이 필요한 경우에 대비하여 본사의 지급보증을 통해 해외 종속기업이 활용할 수 있는 차입한도를 확보하고 있으며, 보고기간종료일 현재 국제신용평가기관인 Moody's로부터 Aa2, S&P로부터 AA- 등 투자적격등급을 부여받고 있어, 필요시 자본시장을 통해 적기에 자금조달이 가능합니다. 보고기간종료일 현재 금융부채에 대하여 보고기간종료일로부터 계약만기일까지의 잔여만기에 따라 만기별로 구분된 유동성은 다음과 같습니다.
(1) 당기말
(단위 : 백만원)
금융부채
43,847,890
556,915
22,667,554
4,894,826
728,620
(2) 전기말
(단위 : 백만원)
금융부채
32,311,019
374,370
980,835
27,454,095
1,378,061
위의 분석에 포함된 금융부채는 보고기간종료일로부터 계약 만기일까지의 잔여기간에 따라 만기별로 구분되었습니다. 계약 만기일까지의 잔여기간에 따른 만기별 구분에 포함된 현금흐름은 현재가치 할인을 하지 않은 금액입니다.
회사가 금융기관과 체결한 공급자금융약정에 근거하여, 회사에 재화 및 용역을 공급한 업체가 대금 지급기한 내에 매출채권을 금융기관에 양도할 경우, 회사는 그 대금을 금융기관에 지급합니다. 이 약정은 대금 지급과정을 효율화하고, 공급자에게 조기결제 조건을 제공하기 위한 목적이며, 원채무의 책임이 면제되거나 대금지급 조건에 실질적인 변경이 없으므로 매입채무 또는 미지급금으로 인식된 원채무는 제거하지 않습니다.
당기말 현재 상기 금융부채 외 종속기업 지급보증 및 이행보증 등으로 노출된 유동성위험의 최대금액은
12,443,230
10,960,748
라. 자본위험
회사의 자본관리 목적은 계속기업으로서 주주 및 이해관계자에게 이익을 지속적으로 제공할 수 있는 능력을 보호하고 건전한 자본구조를 유지하는 것입니다. 회사는 신용등급, 부채비율 등의 지표를 이용하여 자본위험을 관리하고 있습니다. 보고기간종료일 현재 부채비율은 다음과 같습니다.
(단위 : 백만원)
부 채
88,569,470
72,069,515
자 본
236,396,657
224,787,774
부채비율
37.5%
32.1%
마. 공정가치 측정 (1) 보고기간종료일 현재 금융상품의 장부금액과 공정가치는 다음과 같습니다.
(단위 : 백만원)
금융자산:
현금및현금성자산
1,653,766
(*1)
6,061,451
(*1)
단기금융상품
10,187,991
(*1)
50,071
(*1)
매출채권
33,840,357
(*1)
27,363,016
(*1)
기타포괄손익-공정가치금융자산
2,176,346
2,176,346
1,854,503
1,854,503
당기손익-공정가치금융자산
-
-
1
1
기타(*2)
5,639,328
373,681
5,365,519
393,235
계
53,497,788
40,694,561
금융부채:
매입채무
10,287,967
(*1)
7,943,834
(*1)
단기차입금
11,110,972
(*1)
5,625,163
(*1)
미지급금
18,331,728
(*1)
15,015,578
(*1)
유동성장기부채
22,264,226
7,737
228,491
6,757
- 유동성장기차입금
22,256,961
(*1)
222,137
(*3)
- 유동성사채
7,265
7,737
6,354
6,757
사채
14,530
16,427
19,064
21,695
장기차입금
795,703
(*3)
22,902,035
(*1)(*3)
장기미지급금
4,383,749
(*1)
4,486,390
(*1)
기타
4,893,869
(*1)
3,652,969
(*1)
계
72,082,744
59,873,524
(*1) 장부금액이 공정가치의 합리적인 근사치이므로 공정가치 공시대상에서 제외하였습니다.
(*2) 보고기간종료일 현재 장부금액이 공정가치의 합리적인 근사치인 금융자산
5,265,647
(전기말: 4,972,284백만원)은 공정가치 공시에서 제외하였습니다.
(*3) 리스부채는 기업회계기준서 제1107호 '금융상품: 공시'에 따라 공정가치 공시에서
(2) 보고기간종료일 현재 공정가치로 측정 및 공시되는 금융상품의 공정가치 서열체계에 따른 수준별 공시는 다음과 같습니다.
(단위 : 백만원)
금융자산:
기타포괄손익-공정가치금융자산
2,072,180
-
104,166
2,176,346
당기손익-공정가치금융자산
-
-
-
-
기타
-
-
373,681
373,681
금융부채:
유동성사채
-
7,737
-
7,737
사채
-
16,427
-
16,427
(단위 : 백만원)
금융자산:
기타포괄손익-공정가치금융자산
1,757,336
-
97,167
1,854,503
당기손익-공정가치금융자산
-
-
1
1
기타
-
-
393,235
393,235
금융부채:
유동성사채
-
6,757
-
6,757
사채
-
21,695
-
21,695
공정가치 측정의 투입변수 특징에 따른 공정가치 서열체계는 다음과 같습니다. ㆍ'수준 1': 동일한 자산이나 부채에 대한 시장 공시가격 ㆍ'수준 2': 시장에서 관측가능한 투입변수를 활용한 공정가치 (단, '수준 1'에 포함된 공시가격은 제외) ㆍ'수준 3': 관측가능하지 않은 투입변수를 활용한 공정가치
활성시장에서 거래되는 금융상품의 공정가치는 보고기간종료일 현재 고시되는 시장가격에 기초하여 산정됩니다. 거래소, 판매자, 중개인, 산업집단, 평가기관 또는 감독기관을 통해 공시가격이 용이하게 그리고 정기적으로 이용가능하고, 그러한 가격이 독립된 당사자 사이에서 정기적으로 발생한 실제 시장거래를 나타낸다면, 이를 활성시장으로 간주하며, 이러한 상품은 '수준 1'에 포함됩니다. '수준 1'에 포함된 상품은 대부분 기타포괄손익-공정가치금융자산으로 분류된 상장주식으로 구성됩니다.
활성시장에서 거래되지 않는 금융상품의 공정가치는 가치평가기법을 사용하여 측정하고 있습니다. 이러한 평가기법은 관측가능한 시장정보를 최대한 사용하고 기업고유정보는 최소한으로 사용합니다. 이때, 해당 상품의 공정가치 측정에 요구되는 모든유의적인 투입변수가 관측가능하다면 해당 상품은 '수준 2'에 포함됩니다. '수준 2'에포함된 상품은 파생상품, 사채 등이 있습니다.
만약 하나 이상의 유의적인 투입변수가 관측가능한 시장정보에 기초한 것이 아니라면 해당 상품은 '수준 3'에 포함됩니다.
회사는 '수준 3'으로 분류되는 공정가치 측정을 포함하여 재무보고 목적의 공정가치를 측정하고 있습니다. 재무보고 일정에 맞추어 공정가치 평가 과정 및 그 결과에 대해 협의하고 있고, 공정가치 '수준' 간 이동을 발생시키는 사건이나 상황의 변동이 일어난 보고기간종료일에 '수준' 변동을 인식하고 있습니다. 금융상품의 공정가치를 측정하는 데 사용되는 평가기법에는 다음이 포함됩니다. - 유사한 상품의 공시시장가격 또는 딜러가격 - 파생상품의 공정가치는 보고기간종료일 현재의 선도환율 등을 사용하여 해당 금액을 현재가치로 할인하여 측정
나머지 금융상품에 대해서는 현금흐름의 할인기법, 이항분포 모형 등의 기타 가치평가기법을 사용합니다. 유동자산으로 분류된 매출채권 및 기타채권의 경우 장부금액을 공정가치의 합리적인 근사치로 추정하고 있습니다.
(3) 가치평가기법 및 투입변수 회사는 공정가치 서열체계에서 '수준 2'로 분류되는 회사채, 국공채, 금융채 등에 대하여 미래현금흐름을 적정이자율로 할인하는 현재가치법을 사용하고 있습니다. 보고기간종료일 현재 '수준 3'으로 분류된 주요 금융상품에 대하여 사용된 가치평가기법과 투입변수는 다음과 같습니다.
(단위 : 백만원, %)
기타포괄손익-공정가치금융자산:
삼성벤처투자㈜
36,253
현금흐름할인법
영구성장률
1.0%
가중평균자본비용
14.5%
㈜미코세라믹스
49,794
현금흐름할인법 등
영구성장률
0.0%
가중평균자본비용
10.3%
기타
지분 콜옵션
373,681
이항모형
무위험 이자율
2.7%
가격 변동성
47.6%
(4) '수준 3'에 해당하는 금융상품의 변동 내역
(단위 : 백만원)
기초
490,403
116,726
매입
-
27,784
매도
(2,942)
(343)
당기손익으로 인식된 손익
(19,555)
365,451
기타포괄손익으로 인식된 손익
9,941
(19,215)
기말
477,847
490,403
(5) '수준 3'으로 분류된 반복적인 공정가치 측정치의 민감도분석 금융상품의 민감도분석은 통계적 기법을 이용한 관측 불가능한 투입변수의 변동에 따른 금융상품의 가치 변동에 기초하여 유리한 변동과 불리한 변동으로 구분하여 이루어집니다. 그리고 공정가치가 두 개 이상의 투입변수에 영향을 받는 경우에는 가장유리하거나 또는 가장 불리한 금액을 바탕으로 산출됩니다. 당기말 현재 '수준 3'으로 분류되는 주요 금융상품의 투입변수의 변동에 따른 손익효과(자본은 법인세효과 반영 전 효과)에 대한 민감도분석 결과는 다음과 같습니다.
(단위 : 백만원)
기타포괄손익-공정가치금융자산(*1)
-
6,327
-
(4,182)
기타(*2)
127,996
-
(127,995)
-
(*1) 주요 관측불가능한 투입변수인 영구성장률 및 가중평균자본비용을 1% 증가 또는 감소시킴으로써 공정가치 변동을 산출하였습니다. (*2) 주요 관측불가능한 투입변수인 기초자산 가격(20%) 및 가격 변동성(10%)을 증가 또는 감소시킴으로써 공정가치 변동을 산출하였습니다.
29. 부문별 보고:
회사는 전략적 의사결정을 수립하는 경영진(경영위원회)에게 보고되는 사업 단위를 기준으로 보고부문을 결정하고 있습니다. 경영위원회는 부문에 배분될 자원에 대한 의사결정을 하고 부문의 성과를 평가하기 위하여 부문의 영업이익을 기준으로 검토하고 있습니다. 매출은 대부분 재화의 매출로 구성되어 있습니다. 회사의 보고부문은 조직 및 수익을창출하는 제품의 유형을 기준으로 식별되었으며, 보고기간종료일 현재 보고부문은 DX 부문, DS 부문 등으로 구성되어 있습니다. 보고부문별 자산과 부채는 경영위원회에 정기적으로 제공되지 않아 포함하지 않았습니다.
(1) 당기
(단위 : 백만원)
매출액
109,294,016
108,861,352
209,052,241
감가상각비
565,540
29,518,534
30,285,298
무형자산상각비
1,595,847
605,793
2,432,272
영업이익
1,474,559
10,886,378
12,361,034
(*) 기타는 별도로 표시하지 않았습니다.
(2) 전기
(단위 : 백만원)
매출액
106,661,889
65,438,933
170,374,090
감가상각비
534,813
24,882,772
25,619,594
무형자산상각비
1,682,132
696,457
2,614,189
영업이익
5,256,921
(16,788,154)
(11,526,297)
(*) 기타는 별도로 표시하지 않았습니다.
30. 특수관계자와의 거래:
가. 보고기간종료일 현재 종속기업의 현황은 다음과 같습니다.
미주
Samsung Electronics America, Inc. (SEA)
전자제품 판매
100.0
Samsung International, Inc. (SII)
전자제품 생산
100.0
Samsung Mexicana S.A. de C.V (SAMEX)
전자제품 생산
100.0
Samsung Electronics Home Appliances America, LLC (SEHA)
가전제품 생산
100.0
Samsung Research America, Inc (SRA)
R&D
100.0
SAMSUNG NEXT LLC (SNX)
해외자회사 관리
100.0
SAMSUNG NEXT FUND LLC (SNXF)
신기술사업자, 벤처기업 투자
100.0
NeuroLogica Corp.
의료기기 생산 및 판매
100.0
Samsung Lennox HVAC North America, LLC
에어컨공조 판매
50.1
Joyent, Inc.
클라우드서비스
100.0
SmartThings, Inc.
스마트홈 플랫폼
100.0
TeleWorld Solutions, Inc. (TWS)
네트워크장비 설치 및 최적화
100.0
Samsung Semiconductor, Inc. (SSI)
반도체ㆍ디스플레이 패널 판매
100.0
Samsung Federal, Inc. (SFI)
R&D
100.0
Samsung Austin Semiconductor LLC. (SAS)
반도체 생산
100.0
Samsung Oak Holdings, Inc. (SHI)
해외자회사 관리
100.0
SEMES America, Inc.
반도체 장비 서비스
100.0
Samsung Display America Holdings, Inc. (SDAH)
해외자회사 관리
100.0
eMagin Corporation
디스플레이 패널 개발 및 생산
100.0
Samsung Electronics Canada, Inc. (SECA)
전자제품 판매
100.0
AdGear Technologies Inc.
디지털광고 플랫폼
100.0
Sonio Corporation
소프트웨어 판매
100.0
(*) 종속기업 보유 지분율을 포함한 의결권 있는 주식 기준입니다.
미주
Samsung Eletronica da Amazonia Ltda. (SEDA)
전자제품 생산 및 판매
100.0
Samsung Electronics Mexico S.A. De C.V. (SEM)
전자제품 판매
100.0
Samsung Electronics Digital Appliance Mexico, SA de CV (SEDAM)
가전제품 생산
100.0
Samsung Electronics Latinoamerica(Zona Libre), S. A. (SELA)
전자제품 판매
100.0
Samsung Electronics Latinoamerica Miami, Inc. (SEMI)
전자제품 판매
100.0
Samsung Electronica Colombia S.A. (SAMCOL)
전자제품 판매
100.0
Samsung Electronics Argentina S.A. (SEASA)
마케팅 및 서비스
100.0
Samsung Electronics Chile Limitada (SECH)
전자제품 판매
100.0
Samsung Electronics Peru S.A.C. (SEPR)
전자제품 판매
100.0
Samsung Electronics Venezuela, C.A. (SEVEN)
마케팅 및 서비스
100.0
Samsung Electronics Panama. S.A. (SEPA)
컨설팅
100.0
Harman International Industries, Inc.
해외자회사 관리
100.0
Harman Becker Automotive Systems, Inc.
오디오제품 생산, 판매, R&D
100.0
Harman Connected Services, Inc.
Connected Service Provider
100.0
Harman Connected Services Engineering Corp.
Connected Service Provider
100.0
Harman da Amazonia Industria Eletronica e Participacoes Ltda.
오디오제품 생산, 판매
100.0
Harman de Mexico, S. de R.L. de C.V.
오디오제품 생산
100.0
Harman do Brasil Industria Eletronica e Participacoes Ltda.
오디오제품 판매, R&D
100.0
Harman International Industries Canada Ltd.
오디오제품 판매
100.0
Harman International Mexico, S. de R.L. de C.V.
오디오제품 판매
100.0
Harman KG Holding, LLC
해외자회사 관리
100.0
Harman Professional, Inc.
오디오제품 판매, R&D
100.0
Roon Labs, LLC.
오디오제품 판매
100.0
Beijing Integrated Circuit Industry International Fund, L.P
벤처기업 투자
61.4
China Materialia New Materials 2016 Limited Partnership
벤처기업 투자
99.0
(*) 종속기업 보유 지분율을 포함한 의결권 있는 주식 기준입니다.
유럽ㆍ CIS
Samsung Electronics (UK) Ltd. (SEUK)
전자제품 판매
100.0
Samsung Electronics Ltd. (SEL)
해외자회사 관리
100.0
Samsung Semiconductor Europe Limited (SSEL)
반도체ㆍ디스플레이 패널 판매
100.0
Samsung Electronics GmbH (SEG)
전자제품 판매
100.0
Samsung Electronics Holding GmbH (SEHG)
해외자회사 관리
100.0
Samsung Semiconductor Europe GmbH (SSEG)
반도체ㆍ디스플레이 패널 판매
100.0
Samsung Electronics France S.A.S (SEF)
전자제품 판매
100.0
Samsung Electronics Italia S.P.A. (SEI)
전자제품 판매
100.0
Samsung Electronics Iberia, S.A. (SESA)
전자제품 판매
100.0
Samsung Electronics Portuguesa, Unipessoal, Lda. (SEP)
전자제품 판매
100.0
Samsung Electronics Hungarian Private Co. Ltd. (SEH)
전자제품 생산 및 판매
100.0
Samsung Electronics Europe Logistics B.V. (SELS)
물류
100.0
Samsung Electronics Benelux B.V. (SEBN)
전자제품 판매
100.0
Samsung Electronics Europe Holding Cooperatief U.A. (SEEH)
해외자회사 관리
100.0
Samsung Electronics Nordic Aktiebolag (SENA)
전자제품 판매
100.0
Samsung Electronics Slovakia s.r.o (SESK)
TVㆍ모니터 생산
100.0
Samsung Electronics Polska, SP.Zo.o (SEPOL)
전자제품 판매
100.0
Samsung Electronics Poland Manufacturing SP.Zo.o (SEPM)
가전제품 생산
100.0
Samsung Electronics Romania LLC (SEROM)
전자제품 판매
100.0
Samsung Electronics Austria GmbH (SEAG)
전자제품 판매
100.0
Samsung Electronics Switzerland GmbH (SESG)
전자제품 판매
100.0
Samsung Electronics Czech and Slovak s.r.o. (SECZ)
전자제품 판매
100.0
SAMSUNG ELECTRONICS BALTICS SIA (SEB)
전자제품 판매
100.0
Samsung Electronics Greece S.M.S.A (SEGR)
전자제품 판매
100.0
Samsung Electronics Air Conditioner Europe B.V. (SEACE)
에어컨공조 판매
100.0
Samsung Nanoradio Design Center (SNDC)
R&D
100.0
Samsung Denmark Research Center ApS (SDRC)
R&D
100.0
Samsung Cambridge Solution Centre Limited (SCSC)
R&D
100.0
SAMSUNG Zhilabs, S.L.
네트워크Solution 개발, 판매
100.0
FOODIENT LTD.
R&D
100.0
Oxford Semantic Technologies Limited (OST)
R&D
100.0
Sonio SAS
소프트웨어 판매, R&D
100.0
Samsung Electronics Rus Company LLC (SERC)
전자제품 판매
100.0
Samsung Electronics Rus Kaluga LLC (SERK)
TV 생산
100.0
Samsung Electronics Ukraine Company LLC (SEUC)
전자제품 판매
100.0
Samsung R&D Institute Ukraine (SRUKR)
R&D
100.0
Samsung Electronics Central Eurasia LLP (SECE)
전자제품 판매
100.0
Samsung R&D Institute Rus LLC (SRR)
R&D
100.0
Samsung Electronics Caucasus Co. Ltd (SECC)
마케팅
100.0
Samsung Electronics Uzbekistan Ltd. (SEUZ)
마케팅
100.0
유럽ㆍ CIS
AKG Acoustics Gmbh
오디오제품 생산, 판매
100.0
Apostera UA, LLC
Connected Service Provider
100.0
Harman Audio Iberia Espana Sociedad Limitada
오디오제품 판매
100.0
Harman Becker Automotive Systems GmbH
오디오제품 생산, 판매, R&D
100.0
Harman Becker Automotive Systems Italy S.R.L.
오디오제품 판매
100.0
Harman Becker Automotive Systems Manufacturing Kft
오디오제품 생산, R&D
100.0
Harman Belgium SA
오디오제품 판매
100.0
Harman Connected Services AB.
Connected Service Provider
100.0
Harman Finland Oy
Connected Service Provider
100.0
Harman Connected Services GmbH
Connected Service Provider
100.0
Harman Connected Services Poland Sp.zoo
Connected Service Provider
100.0
Harman Connected Services UK Ltd.
Connected Service Provider
100.0
Harman Consumer Nederland B.V.
오디오제품 판매
100.0
Harman Deutschland GmbH
오디오제품 판매
100.0
Harman France SNC
오디오제품 판매
100.0
Harman Holding Gmbh & Co. KG
Management Company
100.0
Harman Hungary Financing Ltd.
Financing Company
100.0
Harman Inc. & Co. KG
해외자회사 관리
100.0
Harman International Estonia OU
R&D
100.0
Harman International Industries Limited
오디오제품 판매, R&D
100.0
Harman International Romania SRL
R&D
100.0
Harman Management Gmbh
해외자회사 관리
100.0
Harman Professional Kft
오디오제품 생산, R&D
100.0
Harman Professional Denmark ApS
오디오제품 판매, R&D
100.0
Red Bend Software SAS
소프트웨어 디자인
100.0
Studer Professional Audio GmbH
오디오제품 판매, R&D
100.0
Harman Connected Services OOO
Connected Service Provider
100.0
Harman RUS CIS LLC
오디오제품 판매
100.0
(*) 종속기업 보유 지분율을 포함한 의결권 있는 주식 기준입니다.
중동ㆍ 아프리카
Samsung Gulf Electronics Co., Ltd. (SGE)
전자제품 판매
100.0
Samsung Electronics Turkiye (SETK)
전자제품 판매
100.0
Samsung Electronics Industry and Commerce Ltd. (SETK-P)
전자제품 생산
100.0
Samsung Electronics Levant Co., Ltd. (SELV)
전자제품 판매
100.0
Samsung Electronics Maghreb Arab (SEMAG)
전자제품 판매
100.0
Samsung Electronics Egypt S.A.E (SEEG)
전자제품 생산 및 판매
100.0
Samsung Electronics Israel Ltd. (SEIL)
마케팅
100.0
Samsung Electronics Tunisia S.A.R.L (SETN)
마케팅
100.0
Samsung Electronics Pakistan(Private) Ltd. (SEPAK)
마케팅
100.0
Samsung Electronics Middle East and North Africa (SEMENA)
해외자회사 관리
100.0
Samsung Electronics Saudi Arabia Ltd. (SESAR)
전자제품 판매
100.0
Samsung Semiconductor Israel R&D Center, Ltd. (SIRC)
R&D
100.0
Corephotonics Ltd.
R&D
100.0
Samsung Electronics South Africa(Pty) Ltd. (SSA)
전자제품 판매
100.0
Samsung Electronics South Africa Production (pty) Ltd. (SSAP)
TVㆍ모니터 생산
100.0
Samsung Electronics West Africa Ltd. (SEWA)
마케팅
100.0
Samsung Electronics East Africa Ltd. (SEEA)
마케팅
100.0
Global Symphony Technology Group Private Ltd.
해외자회사 관리
100.0
Harman Connected Services Morocco
Connected Service Provider
100.0
Harman Industries Holdings Mauritius Ltd.
해외자회사 관리
100.0
Red Bend Ltd.
오디오제품 생산
100.0
(*) 종속기업 보유 지분율을 포함한 의결권 있는 주식 기준입니다.
아시아 (중국 제외)
Samsung Asia Pte. Ltd. (SAPL)
해외자회사 관리
100.0
Samsung Electronics Singapore Pte. Ltd. (SESP)
전자제품 판매
100.0
Samsung Malaysia Electronics (SME) Sdn. Bhd. (SME)
전자제품 판매
100.0
Samsung Electronics Display (M) Sdn. Bhd. (SDMA)
전자제품 생산
100.0
Samsung Electronics (M) Sdn. Bhd. (SEMA)
가전제품 생산
100.0
Samsung Vina Electronics Co., Ltd. (SAVINA)
전자제품 판매
100.0
Samsung Electronics Vietnam Co., Ltd. (SEV)
전자제품 생산
100.0
Samsung Electronics Vietnam THAINGUYEN Co., Ltd. (SEVT)
통신제품 생산
100.0
Samsung Electronics HCMC CE Complex Co., Ltd. (SEHC)
전자제품 생산 및 판매
100.0
Samsung Display Vietnam Co., Ltd. (SDV)
디스플레이 패널 생산
100.0
PT Samsung Electronics Indonesia (SEIN)
전자제품 생산 및 판매
100.0
PT Samsung Telecommunications Indonesia (STIN)
전자제품 판매 및 서비스
100.0
Thai Samsung Electronics Co., Ltd. (TSE)
전자제품 생산 및 판매
91.8
Laos Samsung Electronics Sole Co., Ltd (LSE)
마케팅
100.0
Samsung Electronics Philippines Corporation (SEPCO)
전자제품 판매
100.0
Samsung Electronics Australia Pty. Ltd. (SEAU)
전자제품 판매
100.0
Samsung Electronics New Zealand Limited (SENZ)
전자제품 판매
100.0
Samsung India Electronics Private Ltd. (SIEL)
전자제품 생산 및 판매
100.0
Red Brick Lane Marketing Solutions Pvt. Ltd.
마케팅
100.0
Samsung Display Noida Private Limited (SDN)
디스플레이 패널 생산
100.0
Samsung R&D Institute India-Bangalore Private Limited (SRI-Bangalore)
R&D
100.0
Samsung R&D Institute BanglaDesh Limited (SRBD)
R&D
100.0
Samsung Nepal Services Pvt, Ltd (SNSL)
서비스
100.0
Samsung Japan Corporation (SJC)
반도체ㆍ디스플레이 패널 판매
100.0
Samsung R&D Institute Japan Co. Ltd. (SRJ)
R&D
100.0
Samsung Electronics Japan Co., Ltd. (SEJ)
전자제품 판매
100.0
Harman Connected Services Corp. India Pvt. Ltd.
Connected Service Provider
100.0
Harman International (India) Private Limited
오디오제품 판매, R&D
100.0
Harman International Industries PTY Ltd.
해외자회사 관리
100.0
Harman International (Thailand) Co., Ltd.
오디오제품 생산, 판매
100.0
Harman International Japan Co., Ltd.
오디오제품 판매, R&D
100.0
Harman Singapore Pte. Ltd.
오디오제품 판매
100.0
(*) 종속기업 보유 지분율을 포함한 의결권 있는 주식 기준입니다.
중국
Samsung (CHINA) Investment Co., Ltd. (SCIC)
전자제품 판매
100.0
Samsung Electronics Hong Kong Co., Ltd. (SEHK)
전자제품 판매
100.0
Samsung Electronics Taiwan Co., Ltd. (SET)
전자제품 판매
100.0
Suzhou Samsung Electronics Co., Ltd. (SSEC)
가전제품 생산
88.3
Samsung Suzhou Electronics Export Co., Ltd. (SSEC-E)
가전제품 생산
100.0
Samsung Electronics Suzhou Computer Co., Ltd. (SESC)
R&D
100.0
Tianjin Samsung Telecom Technology Co., Ltd. (TSTC)
통신제품 생산
90.0
Beijing Samsung Telecom R&D Center (SRC-Beijing)
R&D
100.0
Samsung Electronics China R&D Center (SRC-Nanjing)
R&D
100.0
Samsung Mobile R&D Center China-Guangzhou (SRC-Guangzhou)
R&D
100.0
Samsung R&D Institute China-Shenzhen (SRC-Shenzhen)
R&D
100.0
Shanghai Samsung Semiconductor Co., Ltd. (SSS)
반도체ㆍ디스플레이 패널 판매
100.0
Samsung (China) Semiconductor Co., Ltd. (SCS)
반도체 생산
100.0
Samsung SemiConductor Xian Co., Ltd. (SSCX)
반도체ㆍ디스플레이 패널 판매
100.0
Samsung Electronics Suzhou Semiconductor Co., Ltd. (SESS)
반도체 임가공
100.0
Tianjin Samsung LED Co., Ltd. (TSLED)
LED 생산
100.0
Samsung Semiconductor (China) R&D Co., Ltd. (SSCR)
R&D
100.0
Samsung Display Dongguan Co., Ltd. (SDD)
디스플레이 패널 생산
100.0
Samsung Display Tianjin Co., Ltd. (SDT)
디스플레이 패널 생산
95.0
SEMES (XIAN) Co., Ltd.
반도체ㆍFPD 장비 서비스
100.0
Samsung Semiconductor Investment L.P.Ⅰ
신기술사업자, 벤처기업 투자
99.0
Harman (China) Technologies Co., Ltd.
오디오제품 생산
100.0
Harman (Suzhou) Audio and Infotainment Systems Co., Ltd.
오디오제품 판매
100.0
Harman Automotive Electronic Systems (Suzhou) Co., Ltd.
오디오제품 생산, R&D
100.0
Harman Commercial (Shanghai) Co., Ltd.
오디오제품 판매
100.0
Harman Connected Services Solutions (Chengdu) Co., Ltd.
Connected Service Provider
100.0
Harman Holding Limited
오디오제품 판매
100.0
Harman International (China) Holdings Co., Ltd.
오디오제품 판매, R&D
100.0
Harman Technology (Shenzhen) Co., Ltd.
오디오제품 판매, R&D
100.0
(*) 종속기업 보유 지분율을 포함한 의결권 있는 주식 기준입니다.
국내
삼성디스플레이㈜
디스플레이 패널 생산 및 판매
84.8
에스유머티리얼스㈜
디스플레이 패널 부품 생산
50.0
스테코㈜
반도체 부품 생산
70.0
세메스㈜
반도체ㆍFPD 장비 생산, 판매
91.5
삼성전자서비스㈜
전자제품 수리 서비스
99.3
삼성전자서비스씨에스㈜
고객상담서비스
100.0
삼성전자판매㈜
전자제품 판매
100.0
삼성전자로지텍㈜
종합물류대행
100.0
삼성메디슨㈜
의료기기 생산 및 판매
68.5
㈜희망별숲
식품 제조 가공
100.0
㈜미래로시스템
반도체 소프트웨어 개발 및 공급
99.9
㈜하만인터내셔널코리아
소프트웨어 개발 및 공급
100.0
SVIC 21호 신기술투자조합
신기술사업자, 벤처기업 투자
99.0
SVIC 22호 신기술투자조합
신기술사업자, 벤처기업 투자
99.0
SVIC 26호 신기술투자조합
신기술사업자, 벤처기업 투자
99.0
SVIC 28호 신기술투자조합
신기술사업자, 벤처기업 투자
99.0
SVIC 32호 신기술투자조합
신기술사업자, 벤처기업 투자
99.0
SVIC 33호 신기술투자조합
신기술사업자, 벤처기업 투자
99.0
SVIC 37호 신기술투자조합
신기술사업자, 벤처기업 투자
99.0
SVIC 42호 신기술투자조합
신기술사업자, 벤처기업 투자
99.0
SVIC 43호 신기술투자조합
신기술사업자, 벤처기업 투자
99.0
SVIC 45호 신기술투자조합
신기술사업자, 벤처기업 투자
99.0
SVIC 52호 신기술투자조합
신기술사업자, 벤처기업 투자
99.0
SVIC 55호 신기술투자조합
신기술사업자, 벤처기업 투자
99.0
SVIC 56호 신기술투자조합
신기술사업자, 벤처기업 투자
99.0
SVIC 57호 신기술투자조합
신기술사업자, 벤처기업 투자
99.0
SVIC 62호 신기술투자조합
신기술사업자, 벤처기업 투자
99.0
SVIC 67호 신기술투자조합
신기술사업자, 벤처기업 투자
99.0
반도체성장 전문투자형 사모 투자신탁
반도체산업 투자
66.7
시스템반도체 상생 전문투자형 사모 투자신탁
반도체산업 투자
62.5
반도체 생태계 일반 사모 투자신탁
반도체산업 투자
66.7
(*) 종속기업 보유 지분율을 포함한 의결권 있는 주식 기준입니다.
나. 당기 및 전기 중 특수관계자와의 매출ㆍ매입 등 거래 내역은 다음과 같습니다. (1) 당기
(단위 : 백만원)
종속기업
삼성디스플레이㈜
6,081,548
-
1,978,814
-
Samsung Electronics America, Inc. (SEA)
29,191,890
49
239,434
-
Samsung Asia Pte. Ltd. (SAPL)
45
-
19,630
-
Samsung Austin Semiconductor LLC. (SAS)
92
-
4,998,728
-
Samsung Semiconductor, Inc. (SSI)
42,993,409
-
952,847
-
Harman과 그 종속기업(*2)
1,691
-
86,182
-
Samsung (China) Semiconductor Co., Ltd. (SCS)
305,793
13,573
11,179,941
4,579
Samsung (CHINA) Investment Co., Ltd. (SCIC)
2,623,756
-
14,749
-
Samsung Electronics Vietnam THAINGUYEN Co., Ltd. (SEVT)
2,822,390
461
22,021,129
4,070
Samsung India Electronics Private Ltd. (SIEL)
3,382,049
-
6,247,023
-
Samsung Electronics Europe Holding Cooperatief U.A. (SEEH)
-
-
-
-
Samsung Electronics Vietnam Co., Ltd. (SEV)
1,715,000
-
14,392,955
132
Samsung Display Vietnam Co., Ltd. (SDV)
1,567,614
-
-
-
Shanghai Samsung Semiconductor Co., Ltd. (SSS)
28,414,204
-
-
-
Samsung Electronics HCMC CE Complex Co., Ltd. (SEHC)
508,390
272
6,049,850
-
Samsung Eletronica da Amazonia Ltda. (SEDA)
2,470,490
149
6,434
-
Samsung Electronics (UK) Ltd. (SEUK)
1,921,656
-
116,400
-
Thai Samsung Electronics Co., Ltd. (TSE)
2,283,763
20
2,158,606
-
Samsung International, Inc. (SII)
259,766
1,753
7,316,100
-
Samsung Electronics Taiwan Co., Ltd. (SET)
4,652,560
-
1,490
-
세메스㈜
6,286
-
1,973,123
-
Samsung Electronics GmbH (SEG)
3,367,756
-
7,298
-
Samsung Electronics Mexico S.A. De C.V. (SEM)
2,982,398
-
10,331
-
Samsung Electronics Europe Logistics B.V. (SELS)
6,291,992
-
3,153
-
Samsung Electronics Benelux B.V. (SEBN)
931,126
-
937
-
기타
50,898,717
22,109
13,541,160
7,969
계
195,674,381
38,386
93,316,314
16,750
(*1) 회사와 특수관계에 있는 개별회사와의 거래 금액입니다. (*2) Harman International Industries, Inc. 및 그 종속기업이 포함된 중간지배기업과의 거래 금액입니다.
(단위 : 백만원)
관계기업 및 공동기업
삼성에스디에스㈜
103,524
21,504
1,960,668
271,717
삼성전기(주)
37,521
-
793,001
-
삼성SDI(주)
70,196
-
326,467
20,515
(주)제일기획
34,803
-
934,551
7,125
기타
641,033
122
982,206
8,264
계
887,077
21,626
4,996,893
307,621
그 밖의 특수관계자
삼성물산㈜
12,795
-
119,056
5,658,238
기타
629,744
-
642,110
161,448
계
642,539
-
761,166
5,819,686
기타(*2)
삼성이앤에이㈜
2,244
-
57,371
4,209,500
㈜에스원
8,812
-
452,836
38,931
기타
207,490
-
251,877
894,163
계
218,546
-
762,084
5,142,594
(*1) 회사와 특수관계에 있는 개별회사와의 거래 금액입니다. (*2) 기업회계기준서 제1024호 특수관계자 범위에 포함되지 않으나「독점규제 및 공정거래에 관한 법률」에 따른 동일한 대규모기업집단 소속회사입니다.
(2) 전기
(단위 : 백만원)
종속기업
삼성디스플레이㈜
347,653
-
1,842,995
10,406
Samsung Electronics America, Inc. (SEA)
29,881,238
-
222,087
-
Samsung Asia Pte. Ltd. (SAPL)
16,989,574
-
21,813
-
Harman과 그 종속기업(*2)
938
-
56,890
-
Samsung Austin Semiconductor LLC. (SAS)
2,823
4,610
4,109,744
1,657
Samsung (China) Semiconductor Co., Ltd. (SCS)
83,033
38,085
8,691,615
12,435
Samsung Semiconductor, Inc. (SSI)
21,587,458
-
682,687
-
Samsung Electronics Vietnam THAINGUYEN Co., Ltd. (SEVT)
4,338,706
196
20,044,847
591
Samsung (CHINA) Investment Co., Ltd. (SCIC)
4,892,443
-
10,186
-
Samsung Electronics Europe Holding Cooperatief U.A. (SEEH)
671,024
-
-
-
Samsung India Electronics Private Ltd. (SIEL)
3,714,751
210
4,636,864
-
Samsung Display Vietnam Co., Ltd. (SDV)
1,496,684
-
-
-
Samsung Electronics Vietnam Co., Ltd. (SEV)
2,434,796
18
13,251,399
774
Samsung Eletronica da Amazonia Ltda. (SEDA)
1,449,960
-
13,791
-
Shanghai Samsung Semiconductor Co., Ltd. (SSS)
15,336,448
-
-
-
Samsung Electronics HCMC CE Complex Co., Ltd. (SEHC)
542,912
4,101
5,209,254
-
Thai Samsung Electronics Co., Ltd. (TSE)
2,085,433
-
2,062,771
-
Samsung Electronics (UK) Ltd. (SEUK)
1,762,387
-
109,697
-
세메스㈜
7,285
-
2,245,344
-
Samsung Electronics Mexico S.A. De C.V. (SEM)
2,668,921
-
7,501
-
Samsung Electronics GmbH (SEG)
3,620,706
-
7,018
-
Samsung International, Inc. (SII)
264,826
51
6,397,400
-
Samsung Electronics Taiwan Co., Ltd. (SET)
3,500,155
-
1,261
-
Samsung Electronics Benelux B.V. (SEBN)
1,589,366
-
1,175
-
Samsung Electronics Europe Logistics B.V. (SELS)
5,070,057
-
8,132
-
기타
50,707,430
3,780
13,212,836
3,689
계
175,047,007
51,051
82,847,307
29,552
(*1) 회사와 특수관계에 있는 개별회사와의 거래 금액입니다. (*2) Harman International Industries, Inc. 및 그 종속기업이 포함된 중간지배기업과의 거래 금액입니다.
(단위 : 백만원)
관계기업 및 공동기업
삼성에스디에스㈜
201,304
-
1,801,672
283,411
삼성전기㈜
65,765
-
786,087
-
삼성SDI㈜
68,343
-
374,035
31,668
㈜제일기획
36,020
-
907,775
1,163
기타
601,887
-
968,224
9,167
계
973,319
-
4,837,793
325,409
그 밖의 특수관계자
삼성물산㈜
23,156
70
57,652
5,588,270
기타
468,819
-
762,644
190,405
계
491,975
70
820,296
5,778,675
기타(*2)
삼성이앤에이㈜
1,162
-
31,957
2,747,278
㈜에스원
4,532
-
444,657
23,479
기타
200,836
-
281,667
512,899
계
206,530
-
758,281
3,283,656
(*1) 회사와 특수관계에 있는 개별회사와의 거래 금액입니다. (*2) 기업회계기준서 제1024호 특수관계자 범위에 포함되지 않으나「독점규제 및 공정거래에 관한 법률」에 따른 동일한 대규모기업집단 소속회사입니다.
다. 보고기간종료일 현재 특수관계자에 대한 채권ㆍ채무 등 잔액은 다음과 같습니다. (1) 당기말
(단위 : 백만원)
종속기업
삼성디스플레이㈜
64,853
218,158
Samsung Electronics America, Inc. (SEA)
4,440,842
637,861
Samsung Asia Pte. Ltd. (SAPL)
1,817
1,301
Samsung Austin Semiconductor LLC. (SAS)
7,277
584,322
Samsung Semiconductor, Inc. (SSI)
11,910,574
340,273
Harman과 그 종속기업(*2)
8,749
20,906
Samsung (China) Semiconductor Co., Ltd. (SCS)
59,706
970,717
Samsung (CHINA) Investment Co., Ltd. (SCIC)
190,954
363,362
Samsung Electronics Vietnam THAINGUYEN Co., Ltd. (SEVT)
833,617
2,620,106
Samsung India Electronics Private Ltd. (SIEL)
696,280
430,196
Samsung Electronics Europe Holding Cooperatief U.A. (SEEH)
3,256
-
Samsung Electronics Vietnam Co., Ltd. (SEV)
513,163
2,010,992
Samsung Display Vietnam Co., Ltd. (SDV)
97,479
362
Shanghai Samsung Semiconductor Co., Ltd. (SSS)
4,859,048
82
Samsung Electronics HCMC CE Complex Co., Ltd. (SEHC)
137,456
620,008
Samsung Eletronica da Amazonia Ltda. (SEDA)
271,048
9,157
Samsung Electronics (UK) Ltd. (SEUK)
93,808
30,843
Thai Samsung Electronics Co., Ltd. (TSE)
98,027
262,109
Samsung International, Inc. (SII)
167,656
212,535
Samsung Electronics Taiwan Co., Ltd. (SET)
388,807
69,362
세메스㈜
81,448
699,286
Samsung Electronics GmbH (SEG)
16,599
95,727
Samsung Electronics Mexico S.A. De C.V. (SEM)
88,572
2,064
Samsung Electronics Europe Logistics B.V. (SELS)
424,204
244,987
Samsung Electronics Benelux B.V. (SEBN)
23,398
7,495
기타
6,759,498
3,156,728
계
32,238,136
13,608,939
(*1) 회사와 특수관계에 있는 개별회사에 대한 채권ㆍ채무 금액입니다. (*2) 종속기업 채권에 대하여 인식된 손실충당금은 없습니다. (*3) 채무 등은 리스부채가 포함된 금액입니다. (*4) Harman International Industries, Inc. 및 그 종속기업이 포함된 중간지배기업과의 거래 금액입니다.
(단위 : 백만원)
관계기업 및 공동기업
삼성에스디에스㈜
23,133
569,158
삼성전기㈜
4,039
66,901
삼성SDI㈜
114,061
33,653
㈜제일기획
69
425,271
기타
156,624
197,504
계
297,926
1,292,487
그 밖의 특수관계자
삼성물산㈜
181,822
1,781,431
기타
14,747
179,533
계
196,569
1,960,964
기타(*3)
삼성이앤에이㈜
475
1,870,246
㈜에스원
2,330
50,798
기타
3,489
599,373
계
6,294
2,520,417
(*1) 회사와 특수관계에 있는 개별회사에 대한 채권ㆍ채무 금액입니다. (*2) 채무 등은 리스부채가 포함된 금액입니다. (*3) 기업회계기준서 제1024호 특수관계자 범위에 포함되지 않으나 「독점규제 및 공정거래에 관한 법률」 에 따른 동일한 대규모기업집단 소속회사입니다.
(2) 전기말
(단위 : 백만원)
종속기업
삼성디스플레이㈜
74,259
196,686
Samsung Electronics America, Inc. (SEA)
3,841,560
1,119,907
Samsung Asia Pte. Ltd. (SAPL)
2,091
1,147
Harman과 그 종속기업(*4)
5,179
9,659
Samsung Austin Semiconductor LLC. (SAS)
9,575
303,203
Samsung (China) Semiconductor Co., Ltd. (SCS)
68,251
687,410
Samsung Semiconductor, Inc. (SSI)
5,271,414
209,789
Samsung Electronics Vietnam THAINGUYEN Co., Ltd. (SEVT)
925,410
2,324,691
Samsung (CHINA) Investment Co., Ltd. (SCIC)
181,785
201,966
Samsung Electronics Europe Holding Cooperatief U.A. (SEEH)
2,760
-
Samsung India Electronics Private Ltd. (SIEL)
922,630
297,628
Samsung Display Vietnam Co., Ltd. (SDV)
90,305
46
Samsung Electronics Vietnam Co., Ltd. (SEV)
502,410
1,377,493
Samsung Eletronica da Amazonia Ltda. (SEDA)
256,936
1,226
Shanghai Samsung Semiconductor Co., Ltd. (SSS)
3,906,968
281
Samsung Electronics HCMC CE Complex Co., Ltd. (SEHC)
148,857
367,007
Thai Samsung Electronics Co., Ltd. (TSE)
280,682
267,659
Samsung Electronics (UK) Ltd. (SEUK)
64,642
40,118
세메스㈜
68,340
917,707
Samsung Electronics Mexico S.A. De C.V. (SEM)
252,813
2,021
Samsung Electronics GmbH (SEG)
72,258
4,448
Samsung International, Inc. (SII)
129,178
54,694
Samsung Electronics Taiwan Co., Ltd. (SET)
362,737
87,718
Samsung Electronics Benelux B.V. (SEBN)
52,172
6,266
Samsung Electronics Europe Logistics B.V. (SELS)
413,581
415
기타
6,556,255
2,607,878
계
24,463,048
11,087,063
(*1) 회사와 특수관계에 있는 개별회사에 대한 채권ㆍ채무 금액입니다. (*2) 종속기업 채권에 대하여 인식된 손실충당금은 없습니다. (*3) 채무 등은 리스부채가 포함된 금액입니다. (*4) Harman International Industries, Inc. 및 그 종속기업이 포함된 중간지배기업과의 거래 금액입니다.
(단위 : 백만원)
관계기업 및 공동기업
삼성에스디에스㈜
84,541
418,787
삼성전기㈜
1,857
86,166
삼성SDI㈜
114,103
50,149
㈜제일기획
51
429,435
기타
164,058
183,813
계
364,610
1,168,350
그 밖의 특수관계자
삼성물산㈜
190,443
1,876,745
기타
13,835
149,585
계
204,278
2,026,330
기타(*3)
삼성이앤에이㈜
269
766,329
㈜에스원
598
39,223
기타
4,342
265,721
계
5,209
1,071,273
(*1) 회사와 특수관계에 있는 개별회사에 대한 채권ㆍ채무 금액입니다. (*2) 채무 등은 리스부채가 포함된 금액입니다. (*3) 기업회계기준서 제1024호 특수관계자 범위에 포함되지 않으나 「독점규제 및 공정거래에 관한 법률」 에 따른 동일한 대규모기업집단 소속회사입니다.
라. 회사는 당기 및 전기 중 종속기업에 대여한 내역은 없으며, 당기 중 종속기업으로부터 차입한 내역은 없습니다(전기: 21,990,000백만원). 또한, 당기 및 전기 중 관계기업 및 공동기업에게 대여 및 차입한 내역은 없습니다. 당기말과 전기말 현재 종속기업으로부터의 차입금은 21,990,000백만원입니다. 마. 회사는 당기 및 전기 중 종속기업에 336,648백만원 및 49,318백만원을 출자하였으며, 종속기업으로부터 출자원금 319,943백만원 및 143,799백만원을 회수하였습니다. 또한, 당기 중 관계기업 및 공동기업에 출자한 내역은 없으며(전기: 58,982백만원), 당기 중 관계기업 및 공동기업으로부터 회수한 출자원금은 없습니다(전기: 518백만원). 바. 회사가 당기 및 전기 중 특수관계자에게 지급 결의한 배당금은 1,610,832백만원 및 1,650,995백만원입니다. 또한 기업회계기준서 제1024호 특수관계자 범위에 포함되지 않으나「독점규제 및 공정거래에 관한 법률」에 따른 동일한 대규모기업집단 소속회사에게 당기 및 전기 중 지급 결의한 배당금은 128,232백만원 및 128,232백만원입니다. 당기말과 전기말 현재 배당과 관련한 미지급금은 존재하지 않습니다.
사. 회사가 당기 및 전기 중 특수관계자와 체결한 리스 이용 계약은 23,571백만원 및 182,860백만원이며, 당기와 전기 중 특수관계자에게 지급한 리스료는 60,211백만원및 59,287백만원입니다.
아. 회사는 보고기간종료일 현재 특수관계자의 채무에 대하여 채무보증을 제공하고 있습니다(주석 16 참조).
자. 회사가 당기 및 전기 중 주요 경영진(등기임원)에 대한 보상을 위해 비용으로 반영한 금액은 다음과 같습니다.
(단위 : 백만원)
단기급여
9,991
14,073
퇴직급여
600
557
기타 장기급여
8,078
7,834
31. 보고기간 후 사건 회사는 2024년 11월 15일 이사회 결의에 의거하여 자기주식을 매입 중이며, 보고기간일 이후 총 2,330만주(보통주 2,044만주, 우선주 286만주)를 취득하였습니다.
내부회계관리제도 감사 또는 검토의견
내부회계관리제도 감사 또는 검토의견
첨부된 독립된 감사인의 내부회계관리제도 감사보고서는 삼성전자주식회사의 2024년 12월 31일자로 종료되는 보고기간의 재무제표에 대한 감사업무를 수행하고 회사의 내부회계관리제도를 감사한 결과 주식회사 등의 외부감사에 관한 법률 제8조제7항에 따라 첨부하는 것입니다.
독립된 감사인의 내부회계관리제도 감사보고서
삼성전자주식회사
주주 및 이사회 귀중
2025년 2월 18일
내부회계관리제도에 대한 감사의견
우리는 2024년 12월 31일 현재「내부회계관리제도 설계 및 운영 개념체계」에 근거한 삼성전자주식회사(이하 ""회사"")의 내부회계관리제도를 감사하였습니다.
우리의 의견으로는 회사의 내부회계관리제도는 2024년 12월 31일 현재 「내부회계관리제도 설계 및 운영 개념체계」에 따라 중요성의 관점에서 효과적으로 설계 및 운영되고 있습니다.
우리는 또한 대한민국의 회계감사기준에 따라, 회사의 2024년 12월 31일 현재의 재무상태표, 동일로 종료되는 보고기간의 손익계산서, 포괄손익계산서, 자본변동표 및 현금흐름표 그리고 중요한 회계정책
2025년 2월 18일자
감사보고서에서 적정의견을 표명하였습니다.
내부회계관리제도 감사의견근거
우리는 대한민국의 회계감사기준에 따라 감사를 수행하였습니다. 이 기준에 따른 우리의 책임은 이 감사보고서의 내부회계관리제도감사에 대한 감사인의 책임 단락에 기술되어 있습니다. 우리는 내부회계관리제도감사와 관련된 대한민국의 윤리적 요구사항에 따라 회사로부터 독립적이며, 그러한 요구사항에 따른 기타 윤리적 책임들을 이행하였습니다. 우리가 입수한 감사증거가 감사의견을 위한 근거로서 충분하고 적합하다고 우리는 믿습니다.
내부회계관리제도에 대한 경영진과 지배기구의 책임
경영진은 효과적인 내부회계관리제도를 설계, 실행 및 유지할 책임이 있으며, 내부회계관리제도 운영실태보고서에 포함된, 내부회계관리제도의 효과성에 대한 평가에 책임이 있습니다.
지배기구는 회사의 내부회계관리제도의 감시에 대한 책임이 있습니다.
내부회계관리제도감사에 대한 감사인의 책임
우리의 책임은 우리의 감사에 근거하여 회사의 내부회계관리제도에 대한 의견을 표명하는데 있습니다. 우리는 대한민국의 회계감사기준에 따라 감사를 수행하였습니다. 이 기준은 우리가 중요성의 관점에서 내부회계관리제도가 효과적으로 유지되는지에 대한 합리적 확신을 얻도록 감사를 계획하고 수행할 것을 요구하고 있습니다.
내부회계관리제도 감사는 중요한 취약점이 존재하는지에 대한 감사증거를 입수하기 위한 절차의 수행을 포함합니다. 절차의 선택은 중요한 취약점이 존재하는지에 대한 위험평가를 포함하여 감사인의 판단에 따라 달라집니다. 감사는 내부회계관리제도에대한 이해의 획득과 평가된 위험에 근거한 내부회계관리제도의 설계 및 운영에 대한 테스트 및 평가를 포함합니다.
내부회계관리제도의 정의와 고유한계
회사의 내부회계관리제도는 지배기구와 경영진, 그 밖의 다른 직원에 의해 시행되며,한국채택국제회계기준에 따라 신뢰성 있는 재무제표의 작성에 합리적인 확신을 제공하기 위하여 고안된 프로세스입니다. 회사의 내부회계관리제도는 (1) 회사 자산의 거래와 처분을 합리적인 수준으로 정확하고 공정하게 반영하는 기록을 유지하고 (2) 한국채택국제회계기준에 따라 재무제표가 작성되도록 거래가 기록되고, 회사의 경영진과 이사회의 승인에 의해서만 회사의 수입과 지출이 이루어진다는 합리적인 확신을 제공하며 (3) 재무제표에 중요한 영향을 미칠 수 있는 회사 자산의 부적절한 취득, 사용 및 처분을 적시에 예방하고 발견하는 데 합리적인 확신을 제공하는 정책과 절차를포함합니다.
내부회계관리제도는 내부회계관리제도의 본질적인 한계로 인하여 재무제표에 대한 중요한 왜곡표시를 발견하거나 예방하지 못할 수 있습니다. 또한, 효과성 평가에 대한 미래기간의 내용을 추정시에는 상황의 변화 혹은 절차나 정책이 준수되지 않음으로써 내부회계관리제도가 부적절하게 되어 미래기간에 대한 평가 및 추정내용이 달라질 위험에 처할 수 있습니다.
이 독립된 감사인의 내부회계관리제도 감사보고서의 근거가 된 감사를 실시한 업무수행이사는 한상현입니다.
서울특별시 강남구 테헤란로 152 (역삼동, 강남파이낸스센터 27층)
삼정회계법인 대표이사 김 교 태
이 감사보고서는 감사보고서일(
2025년 2월 18일
) 현재로 유효한 것입니다. 따라서 감사보고서일 이후 이 보고서를 열람하는 시점 사이에 회사의 내부회계관리제도에 중요한 영향을 미칠 수 있는 사건이나 상황이 발생할 수도 있으며, 이로 인하여 이 감사보고서가 수정될 수도 있습니다.
2024년 내부회계관리제도 운영실태 보고_서명본.jpg
2024년 내부회계관리제도 운영실태 보고_서명본
2024년 내부회계관리제도 운영실태 보고_서명본
외부감사 실시내용
외부감사 실시내용
「주식회사 등의 외부감사에 관한 법률」제18조제3항의 규정에 의하여 외부감사 실시내용을 첨부합니다.
1. 감사대상업무
회 사 명
삼성전자주식회사
감사대상 사업연도
2024년 01월 01일
부터
2024년 12월 31일
까지
2. 감사참여자 구분별 인원수 및 감사시간
(단위 : 명, 시간)
감사참여자 ＼ 인원수 및 시간
품질관리 검토자 (심리실 등)
감사업무 담당 회계사
전산감사ㆍ 세무ㆍ가치평가 등 전문가
건설계약 등 수주산업 전문가
합계
담당이사 (업무수행이사)
등록 공인회계사
수습 공인회계사
당기
전기
당기
전기
당기
전기
당기
전기
당기
전기
당기
전기
당기
전기
투입 인원수
10
10
1
1
46
45
12
23
47
45
-
-
116
124
투입시간
분ㆍ반기검토
68
59
264
222
23,006
22,096
4,660
7,149
3,274
4,801
-
-
31,272
34,327
감사
278
412
574
777
21,062
22,142
5,355
7,145
18,289
20,233
-
-
45,558
50,709
합계
346
471
838
999
44,068
44,238
10,015
14,294
21,563
25,034
-
-
76,830
85,036
3. 주요 감사실시내용
구 분
내 역
전반감사계획 (감사착수단계)
수행시기
2024.03.06 ~ 2024.09.30
90
일
주요내용
회사 및 산업에 대한 전반적 이해를 바탕으로 감사위험평가 및 감사절차의 성격, 시기 및 범위 등을 결정
현장감사 주요내용
수행시기
투입인원
주요 감사업무 수행내용
상주
비상주
2024.04.03 ~ 2025.01.31
150
일
13
명
7
명
시스템 및 자동 내부통제 감사
2024.03.06 ~ 2024.12.29
160
일
62
명
15
명
조기입증감사(연중감사)
2025.01.02 ~ 2025.01.31
18
일
53
명
5
명
조회확인 등 조기입증감사 절차 업데이트
2025.02.01 ~ 2025.02.18
12
일
47
명
40
명
재무제표 검증 및 감사종결 절차 수행
재고자산실사(입회)
실사(입회)시기
2024.11.29 / 2024.12.02
2
일
실사(입회)장소
수원, 광주, 구미, 온양, 화성, 기흥, 평택사업장 등
실사(입회)대상
원재료, 재공품, 제품 등
금융자산실사(입회)
실사(입회)시기
2024.12.23
1
일
실사(입회)장소
삼성본관빌딩 등
실사(입회)대상
유가증권 등
외부조회
금융거래조회
O
채권채무조회
O
변호사조회
O
기타조회
타처보관재고자산
지배기구와의 커뮤니케이션
커뮤니케이션 횟수
6
회
수행시기
2024.01,29 / 2024.04.26 / 2024.07.29 / 2024.10.25 / 2024.11.27 / 2025.01.24
외부전문가 활용
감사 활용 내용
해당사항없음
수행시기
-
-
일
4. 감사(감사위원회)와의 커뮤니케이션
1
2024년 01월 29일
감사위원회: 위원 3명 회사: 감사팀장 감사인: 업무수행이사 외 5명
대면회의
연간 회계감사 진행 상황 핵심 감사사항 등 중점 감사사항 내부회계관리제도 감사 진행 상황 기타 감사종료단계 필수 커뮤니케이션 사항
2
2024년 04월 26일
감사위원회: 위원 3명 회사: 감사팀장 감사인: 업무수행이사 외 5명
대면회의
분기 검토 경과 보고 연간 회계감사 계획 기타 감사계획단계 필수 커뮤니케이션 사항
3
2024년 07월 29일
감사위원회: 위원 3명 회사: 감사팀장 감사인: 업무수행이사 외 5명
대면회의
연간 회계감사 진행 상황 핵심 감사사항 선정 계획 내부회계관리제도 감사 진행 상황 분기 중점 검토사항 및 기타 필수 커뮤니케이션 사항
4
2024년 10월 25일
감사위원회: 위원 3명 회사: 감사팀장 감사인: 업무수행이사 외 5명
대면회의
연간 회계감사 진행 상황 핵심 감사사항 선정 계획 내부회계관리제도 감사 진행 상황 분기 중점 검토사항 및 기타 필수 커뮤니케이션 사항
5
2024년 11월 27일
감사위원회: 위원 3명 회사: 감사팀장 감사인: 업무수행이사 외 4명
대면회의
연간 회계감사 진행 상황 핵심 감사사항 선정 계획
6
2025년 01월 24일
감사위원회: 위원 3명 회사: 감사팀장 감사인: 업무수행이사 외 5명
대면회의
연간 회계감사 진행 상황 핵심 감사사항 등 중점 감사사항 내부회계관리제도 감사 진행 상황 기타 감사종료단계 필수 커뮤니케이션 사항",70503,/Users/june_kim/samsung_audit_nlp/data/raw/감사보고서_2024.htm,2026-03-31T07:17:33.988424+00:00
